-- phpMyAdmin SQL Dump
-- version 4.2.11
-- http://www.phpmyadmin.net
--
-- Host: 127.0.0.1
-- Generation Time: Jun 14, 2019 at 08:28 AM
-- Server version: 5.6.21
-- PHP Version: 5.6.3

SET SQL_MODE = "NO_AUTO_VALUE_ON_ZERO";
SET time_zone = "+00:00";


/*!40101 SET @OLD_CHARACTER_SET_CLIENT=@@CHARACTER_SET_CLIENT */;
/*!40101 SET @OLD_CHARACTER_SET_RESULTS=@@CHARACTER_SET_RESULTS */;
/*!40101 SET @OLD_COLLATION_CONNECTION=@@COLLATION_CONNECTION */;
/*!40101 SET NAMES utf8 */;

--
-- Database: `db_progen`
--

-- --------------------------------------------------------

--
-- Table structure for table `access_rights`
--

CREATE TABLE IF NOT EXISTS `access_rights` (
`access_id` int(11) NOT NULL,
  `user_id` int(11) NOT NULL,
  `request_add` int(11) DEFAULT '0',
  `request_edit` int(11) DEFAULT '0',
  `request_delete` int(11) DEFAULT '0',
  `receive_add` int(11) DEFAULT '0',
  `receive_edit` int(11) DEFAULT '0',
  `receive_delete` int(11) DEFAULT '0',
  `issue_add` int(11) DEFAULT '0',
  `issue_edit` int(11) DEFAULT '0',
  `issue_delete` int(11) DEFAULT '0',
  `item_add` int(11) DEFAULT '0',
  `item_edit` int(11) DEFAULT '0',
  `item_delete` int(11) DEFAULT '0',
  `signatories_add` int(11) DEFAULT '0',
  `signatories_edit` int(11) DEFAULT '0',
  `signatories_delete` int(11) DEFAULT '0',
  `masterfile_add` int(11) DEFAULT '0',
  `masterfile_edit` int(11) DEFAULT '0',
  `masterfile_delete` int(11) DEFAULT '0',
  `restock_add` int(11) DEFAULT '0',
  `restock_edit` int(11) DEFAULT '0',
  `restock_delete` int(11) DEFAULT '0',
  `user_add` int(11) DEFAULT '0',
  `user_edit` int(11) DEFAULT '0',
  `user_delete` int(11) DEFAULT '0'
) ENGINE=InnoDB AUTO_INCREMENT=9 DEFAULT CHARSET=latin1;

--
-- Dumping data for table `access_rights`
--

INSERT INTO `access_rights` (`access_id`, `user_id`, `request_add`, `request_edit`, `request_delete`, `receive_add`, `receive_edit`, `receive_delete`, `issue_add`, `issue_edit`, `issue_delete`, `item_add`, `item_edit`, `item_delete`, `signatories_add`, `signatories_edit`, `signatories_delete`, `masterfile_add`, `masterfile_edit`, `masterfile_delete`, `restock_add`, `restock_edit`, `restock_delete`, `user_add`, `user_edit`, `user_delete`) VALUES
(1, 1, 1, 1, 1, 1, 1, 1, 1, 1, 1, 1, 1, 1, 1, 1, 1, 1, 1, 1, 1, 1, 1, 1, 1, 1),
(2, 2, 1, 1, 1, 1, 1, 1, 1, 1, 1, 1, 1, 1, 1, 1, 1, 1, 1, 1, 1, 1, 1, 1, 1, 1),
(3, 3, 1, 0, 0, 1, 0, 0, 1, 0, 0, 0, 0, 0, 0, 0, 0, 0, 0, 0, 1, 0, 0, 0, 0, 0),
(4, 4, 1, 0, 0, 1, 0, 0, 1, 0, 0, 0, 0, 0, 0, 0, 0, 0, 0, 0, 1, 0, 0, 0, 0, 0),
(5, 5, 1, 1, 1, 1, 1, 1, 1, 1, 1, 1, 1, 1, 1, 1, 1, 1, 1, 1, 1, 1, 1, 1, 1, 1),
(6, 6, 1, 1, 1, 1, 1, 1, 1, 1, 1, 1, 1, 1, 1, 1, 1, 1, 1, 1, 1, 1, 1, 1, 1, 1),
(7, 8, 1, 1, 1, 1, 1, 1, 1, 1, 1, 1, 1, 1, 1, 1, 1, 1, 1, 1, 1, 1, 1, 1, 1, 1),
(8, 7, 1, 1, 1, 1, 1, 1, 1, 1, 1, 1, 1, 1, 1, 1, 1, 1, 1, 1, 1, 1, 1, 1, 1, 1);

-- --------------------------------------------------------

--
-- Table structure for table `assembly_bank`
--

CREATE TABLE IF NOT EXISTS `assembly_bank` (
`bank_id` int(11) NOT NULL,
  `bank_location` varchar(50) DEFAULT NULL,
  `bank_name` varchar(100) DEFAULT NULL,
  `bank_plate` varchar(100) DEFAULT NULL
) ENGINE=InnoDB AUTO_INCREMENT=20 DEFAULT CHARSET=latin1;

--
-- Dumping data for table `assembly_bank`
--

INSERT INTO `assembly_bank` (`bank_id`, `bank_location`, `bank_name`, `bank_plate`) VALUES
(2, 'A', 'LB1', NULL),
(3, 'A', 'LB2', NULL),
(4, 'A', 'LB3', NULL),
(5, 'A', 'LB4', NULL),
(6, 'A', 'LB5', NULL),
(7, 'A', 'LB6', NULL),
(8, 'A', 'LB7', NULL),
(9, 'A', 'LB8', NULL),
(10, 'A', 'LB9', NULL),
(11, 'B', 'RB10', NULL),
(12, 'B', 'RB11', NULL),
(13, 'B', 'RB12', NULL),
(14, 'B', 'RB13', NULL),
(15, 'B', 'RB14', NULL),
(16, 'B', 'RB15', NULL),
(17, 'B', 'RB16', NULL),
(18, 'B', 'RB17', NULL),
(19, 'B', 'RB18', NULL);

-- --------------------------------------------------------

--
-- Table structure for table `assembly_condition`
--

CREATE TABLE IF NOT EXISTS `assembly_condition` (
`condition_id` int(11) NOT NULL,
  `condition_desc` varchar(150) DEFAULT NULL
) ENGINE=InnoDB DEFAULT CHARSET=latin1;

-- --------------------------------------------------------

--
-- Table structure for table `assembly_details`
--

CREATE TABLE IF NOT EXISTS `assembly_details` (
`ad_id` int(11) NOT NULL,
  `engine_id` int(11) NOT NULL DEFAULT '0',
  `assembly_id` int(11) NOT NULL,
  `item_id` int(11) NOT NULL,
  `pn_no` varchar(50) DEFAULT NULL,
  `qty` decimal(10,2) NOT NULL DEFAULT '0.00',
  `uom` varchar(20) DEFAULT NULL
) ENGINE=InnoDB AUTO_INCREMENT=2369 DEFAULT CHARSET=latin1;

--
-- Dumping data for table `assembly_details`
--

INSERT INTO `assembly_details` (`ad_id`, `engine_id`, `assembly_id`, `item_id`, `pn_no`, `qty`, `uom`) VALUES
(1, 1, 1, 657, 'PRO-PF 20-1', '2.00', '21'),
(2, 1, 1, 659, 'PRO-PF 20-19', '2.00', '21'),
(3, 1, 1, 660, 'PRO-PF 20-45', '2.00', '21'),
(4, 1, 1, 661, 'PRO-PF 20-46', '2.00', '21'),
(5, 1, 1, 373, 'PRO-PF 20-47', '2.00', '21'),
(6, 1, 1, 662, 'PRO-PF 20-52', '2.00', '21'),
(7, 1, 1, 663, 'PRO-PF 20-56', '1.00', '21'),
(8, 1, 1, 664, 'PRO-PF 20-69', '1.00', '21'),
(9, 1, 1, 193, 'PRO-PF 20-71', '2.00', '21'),
(10, 1, 1, 665, 'PRO-PF 20-74', '4.00', '21'),
(11, 1, 1, 3454, 'PRO-PF 20-136', '2.00', '25'),
(12, 1, 1, 168, 'PRO-PF 20-137', '2.00', '21'),
(13, 1, 1, 669, 'PRO-PF 20-149', '1.00', '21'),
(14, 1, 1, 670, 'PRO-PF 20-151', '1.00', '21'),
(15, 1, 1, 671, 'PRO-PF 20-153', '1.00', '21'),
(16, 1, 1, 409, 'PRO-PF 20-164', '1.00', '21'),
(17, 1, 1, 673, 'PRO-PF 20-166', '2.00', '21'),
(18, 1, 1, 674, 'PRO-PF 20-167', '2.00', '21'),
(19, 1, 1, 374, 'PRO-PF 20-174', '4.00', '21'),
(20, 1, 1, 375, 'PRO-PF 20-175', '4.00', '21'),
(21, 1, 1, 4457, 'PRO-PF 20-934/234', '2.00', '21'),
(22, 1, 1, 676, 'PRO-PF 20-238', '2.00', '21'),
(23, 1, 1, 677, 'PRO-PF 20-239', '2.00', '21'),
(24, 1, 1, 171, 'PRO-PF 20-373', '4.00', '21'),
(25, 1, 1, 411, 'PRO-PF 20-445', '1.00', '21'),
(26, 1, 1, 172, 'PRO-PF 20-942', '1.00', '21'),
(27, 1, 1, 63, 'PRO-PF 20-958', '1.00', '21'),
(28, 1, 1, 64, 'PRO-PF 20-961', '1.00', '21'),
(29, 1, 1, 372, 'PRO-PF 20-13', '6.00', '21'),
(30, 1, 2, 528, 'PRO-PF 10-1', '1.00', '21'),
(32, 1, 2, 529, 'PRO-PF 10-3', '4.00', '21'),
(33, 1, 2, 397, 'PRO-PF 10-13', '4.00', '21'),
(34, 1, 2, 530, 'PRO-PF 10-20', '1.00', '21'),
(35, 1, 2, 531, 'PRO-PF 10-22', '5.00', '21'),
(36, 1, 2, 532, 'PRO-PF 10-24', '2.00', '21'),
(37, 1, 2, 226, 'PRO-PF 10-25A', '6.00', '21'),
(38, 1, 2, 228, 'PRO-PF 10-26A', '4.00', '21'),
(39, 1, 2, 231, 'PRO-PF 10-27A', '5.00', '21'),
(40, 1, 2, 234, 'PRO-PF 10-30A', '2.00', '21'),
(41, 1, 2, 237, 'PRO-PF 10-31A', '2.00', '21'),
(42, 1, 2, 533, 'PRO-PF 10-32', '2.00', '21'),
(43, 1, 2, 534, 'PRO-PF 10-33', '4.00', '21'),
(44, 1, 2, 254, 'PRO-PF 10-35', '12.00', '21'),
(45, 1, 2, 289, 'PRO-PF 10-47', '1.00', '21'),
(46, 1, 2, 536, 'PRO-PF 10-51', '2.00', '21'),
(47, 1, 2, 537, 'PRO-PF 10-102', '4.00', '21'),
(48, 1, 2, 538, 'PRO-PF 10-109', '38.00', '21'),
(49, 1, 2, 540, 'PRO-PF 10-112', '3.00', '21'),
(50, 1, 2, 541, 'PRO-PF 10-118', '3.00', '21'),
(51, 1, 2, 542, 'PRO-PF 10-120', '1.00', '21'),
(52, 1, 2, 543, 'PRO-PF 10-122', '2.00', '21'),
(53, 1, 2, 544, 'PRO-PF 10-124', '2.00', '21'),
(54, 1, 2, 545, 'PRO-PF 10-146', '1.00', '21'),
(55, 1, 2, 489, 'PRO-PF 10-229', '6.00', '21'),
(57, 1, 3, 554, 'PRO-PF 15-11', '2.00', '21'),
(58, 1, 3, 555, 'PRO-PF 15-12', '2.00', '21'),
(59, 1, 3, 556, 'PRO-PF 15-13', '2.00', '21'),
(60, 1, 3, 557, 'PRO-PF 15-20', '4.00', '21'),
(61, 1, 3, 96, 'PRO-PF 15-22', '2.00', '21'),
(62, 1, 3, 97, 'PRO-PF 15-23', '2.00', '21'),
(63, 1, 3, 558, 'PRO-PF 15-28', '2.00', '21'),
(64, 1, 3, 562, 'PRO-PF 15-37', '2.00', '21'),
(65, 1, 3, 392, 'PRO-PF 15-39A', '2.00', '21'),
(66, 1, 3, 200, 'PRO-PF 15-41', '2.00', '21'),
(67, 1, 3, 389, 'PRO-PF 15-43', '2.00', '21'),
(68, 1, 3, 6, 'PRO-PF 15-102', '2.00', '21'),
(69, 1, 3, 571, 'PRO-PF 15-741', '2.00', '21'),
(70, 1, 3, 572, 'PRO-PF 15-742', '2.00', '21'),
(71, 1, 3, 573, 'PRO-PF 15-743', '2.00', '21'),
(72, 1, 3, 574, 'PRO-PF 15-744', '2.00', '21'),
(73, 1, 3, 575, 'PRO-PF 15-745', '2.00', '21'),
(74, 1, 3, 577, 'PRO-PF 15-910', '2.00', '21'),
(75, 1, 4, 96, 'PRO-PF 15-22', '2.00', '21'),
(76, 1, 4, 97, 'PRO-PF 15-23', '2.00', '21'),
(77, 1, 4, 441, 'PRO-PF 15-29', '2.00', '21'),
(78, 1, 4, 559, 'PRO-PF 15-31', '2.00', '21'),
(79, 1, 4, 199, 'PRO-PF 15-35', '2.00', '21'),
(80, 1, 4, 392, 'PRO-PF 15-39A', '2.00', '21'),
(81, 1, 4, 565, 'PRO-PF 15-104', '2.00', '21'),
(82, 1, 4, 7, 'PRO-PF 15-901', '2.00', '21'),
(83, 1, 4, 183, 'PRO-PF 15-930', '2.00', '21'),
(84, 1, 5, 241, 'PRO-PF 16-3 A', '1.00', '21'),
(85, 1, 5, 358, 'PRO-PF 16-4', '1.00', '21'),
(87, 1, 5, 360, 'PRO-PF 16-6', '1.00', '21'),
(88, 1, 5, 184, 'PRO-PF 16-7', '1.00', '21'),
(89, 1, 5, 185, 'PRO-PF 16-8', '1.00', '21'),
(90, 1, 5, 580, 'PRO-PF 16-9', '1.00', '21'),
(91, 1, 5, 186, 'PRO-PF 16-10', '1.00', '21'),
(92, 1, 5, 187, 'PRO-PF 16-11', '2.00', '21'),
(93, 1, 5, 478, 'PRO-PF 16-12', '2.00', '21'),
(94, 1, 5, 442, 'PRO-PF 16-13', '6.00', '21'),
(95, 1, 5, 361, 'PRO-PF 16-15', '1.00', '21'),
(97, 1, 5, 583, 'PRO-PF 16-16', '1.00', '21'),
(98, 1, 5, 363, 'PRO-PF 16-113', '1.00', '21'),
(99, 1, 5, 364, 'PRO-PF 16-120', '1.00', '21'),
(100, 1, 5, 584, 'PRO-PF 16-160', '1.00', '21'),
(101, 1, 5, 188, 'PRO-PF 16-210', '1.00', '21'),
(102, 1, 6, 137, 'PRO-PF 17-109', '1.00', '21'),
(103, 1, 6, 365, 'PRO-PF 17-110', '2.00', '21'),
(104, 1, 6, 468, 'PRO-PF 17-111', '1.00', '21'),
(105, 1, 6, 469, 'PRO-PF 17-112', '1.00', '21'),
(106, 1, 6, 589, 'PRO-PF 17-113', '1.00', '21'),
(107, 1, 6, 590, 'PRO-PF 17-114', '2.00', '21'),
(108, 1, 6, 98, 'PRO-PF 17-115', '1.00', '21'),
(109, 1, 6, 209, 'PRO-PF 17-117', '1.00', '21'),
(110, 1, 6, 366, 'PRO-PF 17-118', '1.00', '21'),
(111, 1, 6, 591, 'PRO-PF 17-121', '1.00', '21'),
(112, 1, 6, 189, 'PRO-PF 17-122', '1.00', '21'),
(113, 1, 6, 592, 'PRO-PF 17-126', '1.00', '21'),
(114, 1, 6, 367, 'PRO-PF 17-216', '1.00', '21'),
(115, 1, 6, 593, 'PRO-PF 17-219', '1.00', '21'),
(116, 1, 7, 445, 'PRO-PF 18-11', '1.00', '21'),
(117, 1, 7, 611, 'PRO-PF 18-21', '1.00', '21'),
(118, 1, 7, 139, 'PRO-PF 18-51', '1.00', '21'),
(119, 1, 7, 206, 'PRO-PF 18-52', '1.00', '21'),
(120, 1, 7, 207, 'PRO-PF 18-53', '1.00', '21'),
(121, 1, 7, 167, 'PRO-PF 18-54', '1.00', '21'),
(122, 1, 7, 190, 'PRO-PF 18-55', '1.00', '21'),
(123, 1, 7, 612, 'PRO-PF 18-56', '2.00', '21'),
(124, 1, 7, 470, 'PRO-PF 18-57', '1.00', '21'),
(125, 1, 7, 471, 'PRO-PF 18-58', '2.00', '21'),
(126, 1, 7, 472, 'PRO-PF 18-59', '1.00', '21'),
(127, 1, 7, 613, 'PRO-PF 18-60', '1.00', '21'),
(128, 1, 7, 369, 'PRO-PF 18-61A', '1.00', '21'),
(129, 1, 7, 370, 'PRO-PF 18-62', '2.00', '21'),
(130, 1, 8, 619, 'PRO-PF 19-5', '1.00', '21'),
(131, 1, 8, 394, 'PRO-PF 19-6A', '1.00', '21'),
(132, 1, 8, 396, 'PRO-PF 19-7', '1.00', '21'),
(133, 1, 8, 621, 'PRO-PF 19-9', '1.00', '21'),
(134, 1, 8, 622, 'PRO-PF 19-10', '1.00', '21'),
(135, 1, 8, 623, 'PRO-PF 19-11', '1.00', '21'),
(136, 1, 8, 624, 'PRO-PF 19-12', '1.00', '21'),
(137, 1, 8, 625, 'PRO-PF 19-13', '1.00', '21'),
(138, 1, 8, 626, 'PRO-PF 19-14', '1.00', '21'),
(139, 1, 8, 627, 'PRO-PF 19-15', '1.00', '21'),
(140, 1, 8, 634, 'PRO-PF 19-22', '2.00', '21'),
(141, 1, 8, 635, 'PRO-PF 19-23', '2.00', '21'),
(142, 1, 8, 641, 'PRO-PF 19-29', '4.00', '21'),
(143, 1, 8, 642, 'PRO-PF 19-30', '1.00', '21'),
(144, 1, 8, 643, 'PRO-PF 19-101', '1.00', '21'),
(145, 1, 9, 492, 'PRO-PF 1-1', '1.00', '21'),
(146, 1, 9, 493, 'PRO-PF 1-2', '1.00', '21'),
(147, 1, 9, 136, 'PRO-PF 1-3', '2.00', '21'),
(148, 1, 9, 4437, 'PRO-PF 1-4', '1.00', '21'),
(149, 1, 9, 4438, 'PRO-PF 1-6', '1.00', '21'),
(150, 1, 9, 256, 'PRO-PF 1-7', '2.00', '21'),
(151, 1, 9, 243, 'PRO-PF 1-8', '1.00', '21'),
(152, 1, 9, 244, 'PRO-PF 1-9', '1.00', '21'),
(153, 1, 9, 245, 'PRO-PF 1-10', '1.00', '21'),
(154, 1, 9, 246, 'PRO-PF 1-11', '1.00', '21'),
(155, 1, 9, 247, 'PRO-PF 1-12', '1.00', '21'),
(156, 1, 9, 248, 'PRO-PF 1-13', '1.00', '21'),
(157, 1, 9, 465, 'PRO-PF 1-14', '2.00', '21'),
(159, 1, 9, 466, 'PRO-PF 1-15', '2.00', '21'),
(160, 1, 9, 351, 'PRO-PF 1-16', '1.00', '21'),
(161, 1, 9, 494, 'PRO-PF 1-17', '1.00', '21'),
(162, 1, 9, 352, 'PRO-PF 1-18', '1.00', '21'),
(163, 1, 9, 495, 'PRO-PF 1-19', '2.00', '21'),
(164, 1, 9, 496, 'PRO-PF 1-20', '1.00', '21'),
(165, 1, 9, 497, 'PRO-PF 1-21', '1.00', '21'),
(166, 1, 9, 249, 'PRO-PF 1-23', '1.00', '21'),
(167, 1, 9, 353, 'PRO-PF 1-24A', '1.00', '21'),
(168, 1, 9, 499, 'PRO-PF 1-25', '1.00', '21'),
(169, 1, 9, 500, 'PRO-PF 1-26', '2.00', '21'),
(170, 1, 10, 504, 'PRO-PF 3-1', '1.00', '21'),
(171, 1, 10, 505, 'PRO-PF 3-2', '1.00', '21'),
(172, 1, 10, 4439, 'PRO-PF 3-3', '1.00', '21'),
(173, 1, 10, 4440, 'PRO-PF 3-4', '1.00', '21'),
(174, 1, 10, 222, 'PRO-PF 3-5', '4.00', '21'),
(175, 1, 10, 250, 'PRO-PF 3-7', '1.00', '21'),
(176, 1, 10, 257, 'PRO-PF 3-216', '1.00', '21'),
(177, 1, 11, 506, 'PRO-PF 5-1', '1.00', '21'),
(178, 1, 11, 507, 'PRO-PF 5-2', '1.00', '21'),
(179, 1, 11, 265, 'PRO-PF 5-3A', '8.00', '21'),
(180, 1, 11, 225, 'PRO-PF 5-4', '8.00', '21'),
(181, 1, 11, 251, 'PRO-PF 5-5A', '8.00', '21'),
(182, 1, 11, 508, 'PRO-PF 5-6', '1.00', '21'),
(183, 1, 11, 484, 'PRO-PF 5-7', '2.00', '21'),
(184, 1, 11, 408, 'PRO-PF 5-11', '1.00', '21'),
(185, 1, 11, 509, 'PRO-PF 5-12', '1.00', '21'),
(186, 1, 11, 253, 'PRO-PF 5-13', '2.00', '21'),
(187, 1, 11, 510, 'PRO-PF 5-14', '2.00', '21'),
(188, 1, 11, 511, 'PRO-PF 5-15', '2.00', '21'),
(189, 1, 11, 402, 'PRO-PF 5-20', '1.00', '21'),
(190, 1, 11, 9, 'PRO-PF 5-22', '3.00', '21'),
(191, 1, 11, 10, 'PRO-PF 5-23', '2.00', '21'),
(192, 1, 12, 518, 'PRO-PF 8-1', '1.00', '21'),
(193, 1, 12, 519, 'PRO-PF 8-2', '1.00', '21'),
(194, 1, 12, 520, 'PRO-PF 8-3', '8.00', '21'),
(195, 1, 12, 223, 'PRO-PF 8-4', '8.00', '21'),
(196, 1, 12, 485, 'PRO-PF 8-5', '2.00', '21'),
(197, 1, 12, 521, 'PRO-PF 8-6', '6.00', '21'),
(198, 1, 12, 356, 'PRO-PF 8-9A', '1.00', '21'),
(199, 1, 12, 523, 'PRO-PF 8-11', '1.00', '21'),
(200, 1, 13, 191, 'PRO-PF 20-5', '2.00', '21'),
(202, 1, 13, 192, 'PRO-PF 20-6', '2.00', '21'),
(203, 1, 13, 658, 'PRO-PF 20-7', '2.00', '21'),
(204, 1, 13, 290, 'PRO-PF 20-9', '1.00', '21'),
(205, 1, 13, 372, 'PRO-PF 20-13', '2.00', '21'),
(206, 1, 13, 410, 'PRO-PF 20-301', '1.00', '21'),
(207, 1, 13, 169, 'PRO-PF 20-304', '2.00', '21'),
(208, 1, 13, 170, 'PRO-PF 20-310', '2.00', '21'),
(209, 1, 13, 194, 'PRO-PF 20-311', '2.00', '21'),
(210, 1, 13, 678, 'PRO-PF 20-312', '4.00', '21'),
(211, 1, 13, 140, 'PRO-PF 20-331', '2.00', '21'),
(212, 1, 13, 681, 'PRO-PF 20-335A', '2.00', '21'),
(213, 1, 13, 682, 'PRO-PF 20-340', '1.00', '21'),
(214, 1, 13, 683, 'PRO-PF 20-341', '1.00', '21'),
(215, 1, 13, 685, 'PRO-PF 20-343', '1.00', '21'),
(216, 1, 13, 686, 'PRO-PF 20-344', '1.00', '21'),
(217, 1, 13, 689, 'PRO-PF 20-356', '2.00', '21'),
(218, 1, 14, 694, 'PRO-PF 22-1', '1.00', '21'),
(219, 1, 14, 695, 'PRO-PF 22-2', '1.00', '21'),
(220, 1, 14, 483, 'PRO-PF 22-3', '1.00', '21'),
(221, 1, 14, 173, 'PRO-PF 22-4', '1.00', '21'),
(222, 1, 14, 174, 'PRO-PF 22-5', '2.00', '21'),
(223, 1, 14, 141, 'PRO-PF 22-6', '3.00', '21'),
(224, 1, 14, 377, 'PRO-PF 22-7', '3.00', '21'),
(225, 1, 14, 477, 'PRO-PF 22-15', '1.00', '21'),
(226, 1, 14, 696, 'PRO-PF 22-16', '2.00', '21'),
(227, 1, 14, 698, 'PRO-PF 22-105-1', '1.00', '21'),
(228, 1, 14, 699, 'PRO-PF 22-105-2', '2.00', '21'),
(229, 1, 14, 142, 'PRO-PF 22-105-3', '2.00', '21'),
(230, 1, 14, 703, 'PRO-PF 22-105-7', '2.00', '21'),
(231, 1, 14, 476, 'PRO-PF 22-105-8', '1.00', '21'),
(232, 1, 14, 708, 'PRO-PF 22-322', '2.00', '21'),
(233, 1, 14, 709, 'PRO-PF 22-324', '2.00', '21'),
(234, 1, 14, 450, 'PRO-PF 22-328', '2.00', '21'),
(235, 1, 14, 710, 'PRO-PF 22-330', '2.00', '21'),
(236, 1, 14, 446, 'PRO-PF 22-332', '4.00', '21'),
(237, 1, 17, 413, 'PRO-PF 30-1', '1.00', '21'),
(238, 1, 17, 379, 'PRO-PF 30-2', '1.00', '21'),
(239, 1, 17, 214, 'PRO-PF 30-3', '1.00', '21'),
(240, 1, 17, 176, 'PRO-PF 30-4', '1.00', '21'),
(241, 1, 17, 69, 'PRO-PF 30-5', '1.00', '21'),
(242, 1, 17, 444, 'PRO-PF 30-6', '1.00', '21'),
(243, 1, 17, 255, 'PRO-PF 30-7', '6.00', '21'),
(244, 1, 17, 380, 'PRO-PF 30-8', '1.00', '21'),
(245, 1, 17, 371, 'PRO-PF 30-9', '1.00', '21'),
(246, 1, 17, 381, 'PRO-PF 30-10', '1.00', '21'),
(247, 1, 17, 765, 'PRO-PF 30-12', '1.00', '21'),
(248, 1, 17, 766, 'PRO-PF 30-13', '1.00', '21'),
(249, 1, 17, 4451, 'PRO-PF 30-14', '1.00', '21'),
(250, 1, 17, 767, 'PRO-PF 30-16', '1.00', '21'),
(251, 1, 17, 768, 'PRO-PF 30-16-2', '1.00', '21'),
(252, 1, 17, 769, 'PRO-PF 30-16-3', '1.00', '21'),
(253, 1, 17, 770, 'PRO-PF 30-16-34', '4.00', '21'),
(254, 1, 17, 382, 'PRO-PF 30-18', '1.00', '21'),
(255, 1, 17, 144, 'PRO-PF 30-19', '1.00', '21'),
(256, 1, 17, 771, 'PRO-PF 30-20', '1.00', '21'),
(257, 1, 17, 772, 'PRO-PF 30-21', '1.00', '21'),
(258, 1, 17, 177, 'PRO-PF 30-22', '1.00', '21'),
(259, 1, 17, 773, 'PRO-PF 30-23', '1.00', '21'),
(260, 1, 17, 774, 'PRO-PF 30-24', '1.00', '21'),
(261, 1, 17, 383, 'PRO-PF 30-25', '1.00', '21'),
(262, 1, 17, 178, 'PRO-PF 30-26', '1.00', '21'),
(263, 1, 17, 216, 'PRO-PF 30-27', '1.00', '21'),
(264, 1, 17, 777, 'PRO-PF 30-30', '1.00', '21'),
(265, 1, 17, 384, 'PRO-PF 30-31', '1.00', '21'),
(266, 1, 17, 778, 'PRO-PF 30-33', '1.00', '21'),
(267, 1, 17, 779, 'PRO-PF 30-34', '2.00', '21'),
(268, 1, 17, 780, 'PRO-PF 30-35', '1.00', '21'),
(269, 1, 17, 291, 'PRO-PF 30-36', '1.00', '21'),
(270, 1, 18, 812, 'PRO-PF 32-101', '2.00', '21'),
(271, 1, 18, 792, 'PRO-PF 32-2', '2.00', '21'),
(272, 1, 18, 793, 'PRO-PF 32-4', '2.00', '21'),
(273, 1, 18, 794, 'PRO-PF 32-6', '4.00', '21'),
(274, 1, 18, 795, 'PRO-PF 32-7', '2.00', '21'),
(275, 1, 18, 796, 'PRO-PF 32-10', '2.00', '21'),
(276, 1, 18, 797, 'PRO-PF 32-13', '1.00', '21'),
(277, 1, 18, 305, 'PRO-PF 32-51', '2.00', '21'),
(278, 1, 18, 805, 'PRO-PF 32-52', '2.00', '21'),
(279, 1, 18, 804, 'PRO-PF 32-40', '1.00', '21'),
(280, 1, 18, 242, 'PRO-PF 32-59', '1.00', '21'),
(281, 1, 18, 4441, 'PRO-PF 32-117', '1.00', '21'),
(282, 1, 18, 474, 'PRO-PF 32-60', '1.00', '21'),
(283, 1, 18, 809, 'PRO-PF 32-61', '1.00', '21'),
(284, 1, 18, 195, 'PRO-PF 32-119A', '4.00', '21'),
(285, 1, 18, 819, 'PRO-PF 32-120', '4.00', '21'),
(286, 1, 18, 818, 'PRO-PF 32-116', '4.00', '21'),
(288, 1, 18, 14, 'PRO-PF 32-915', '1.00', '21'),
(289, 1, 18, 799, 'PRO-PF 32-24', '8.00', '21'),
(290, 1, 18, 801, 'PRO-PF 32-27', '1.00', '21'),
(291, 1, 18, 180, 'PRO-PF 32-290', '1.00', '21'),
(292, 1, 18, 386, 'PRO-PF 32-30', '1.00', '21'),
(293, 1, 18, 70, 'PRO-PF 32-31', '1.00', '21'),
(294, 1, 18, 217, 'PRO-PF 32-35', '2.00', '21'),
(295, 1, 18, 803, 'PRO-PF 32-32', '1.00', '21'),
(296, 1, 18, 218, 'PRO-PF 32-43', '1.00', '21'),
(297, 1, 18, 219, 'PRO-PF 32-53', '1.00', '21'),
(298, 1, 18, 54, 'PRO-PF 32-122', '1.00', '21'),
(299, 1, 18, 820, 'PRO-PF 32-126', '1.00', '21'),
(300, 1, 18, 71, 'PRO-PF 32-146A', '1.00', '21'),
(301, 1, 18, 4442, 'PRO-PF 32-244', '1.00', '21'),
(302, 1, 18, 4443, 'PRO-PF 32-249', '1.00', '21'),
(303, 1, 18, 4444, 'PRO-PF 32-254', '1.00', '21'),
(304, 1, 18, 80, 'PRO-PF 32-940', '1.00', '21'),
(305, 1, 18, 306, 'PRO-PF 32-942', '1.00', '21'),
(306, 1, 18, 385, 'PRO-PF 32-18', '4.00', '21'),
(307, 1, 18, 4445, 'PRO-PF 32-943', '1.00', '21'),
(308, 1, 19, 832, 'PRO-PF 35-101', '1.00', '21'),
(309, 1, 19, 260, 'PRO-PF 35-5', '1.00', '21'),
(310, 1, 19, 825, 'PRO-PF 35-6', '6.00', '21'),
(311, 1, 19, 827, 'PRO-PF 35-14', '6.00', '21'),
(312, 1, 19, 828, 'PRO-PF 35-15', '6.00', '21'),
(313, 1, 20, 260, 'PRO-PF 35-5', '1.00', '21'),
(314, 1, 20, 825, 'PRO-PF 35-6', '6.00', '21'),
(315, 1, 20, 827, 'PRO-PF 35-14', '6.00', '21'),
(316, 1, 20, 828, 'PRO-PF 35-15', '6.00', '21'),
(317, 1, 20, 833, 'PRO-PF 35-116', '1.00', '21'),
(318, 1, 20, 834, 'PRO-PF 35-117', '8.00', '21'),
(319, 1, 20, 836, 'PRO-PF 35-118', '8.00', '21'),
(320, 1, 20, 407, 'PRO-PF 35-201', '1.00', '21'),
(321, 1, 20, 292, 'PRO-PF35-208', '1.00', '21'),
(322, 1, 21, 149, 'PRO-PF 40-6', '1.00', '21'),
(323, 1, 21, 448, 'PRO-PF 40-7', '1.00', '21'),
(324, 1, 21, 841, 'PRO-PF 40-9', '2.00', '21'),
(325, 1, 21, 842, 'PRO-PF 40-10', '3.00', '21'),
(326, 1, 21, 843, 'PRO-PF 40-11', '4.00', '21'),
(327, 1, 21, 400, 'PRO-PF 40-14', '2.00', '21'),
(328, 1, 21, 151, 'PRO-PF 40-15', '1.00', '21'),
(329, 1, 21, 4446, 'PRO-PF 40-16', '1.00', '21'),
(330, 1, 22, 102, 'PRO-PF 42-1', '1.00', '21'),
(332, 1, 22, 855, 'PRO-PF 42-2', '1.00', '21'),
(334, 1, 22, 857, 'PRO-PF 42-4', '2.00', '21'),
(335, 1, 22, 451, 'PRO-PF 42-5', '1.00', '21'),
(336, 1, 22, 440, 'PRO-PF 42-6', '2.00', '21'),
(337, 1, 22, 858, 'PRO-PF 42-7', '1.00', '21'),
(338, 1, 22, 452, 'PRO-PF 42-8', '1.00', '21'),
(339, 1, 22, 856, 'PRO-PF 42-3', '2.00', '21'),
(340, 1, 22, 103, 'PRO-PF 42-9', '1.00', '21'),
(341, 1, 22, 859, 'PRO-PF 42-10', '1.00', '21'),
(342, 2, 34, 657, 'PRO-PF 20-1', '2.00', '21'),
(343, 2, 34, 659, 'PRO-PF 20-19', '2.00', '21'),
(344, 2, 34, 660, 'PRO-PF 20-45', '2.00', '21'),
(345, 2, 34, 661, 'PRO-PF 20-46', '2.00', '21'),
(346, 2, 34, 373, 'PRO-PF 20-47', '2.00', '21'),
(347, 2, 34, 662, 'PRO-PF 20-52', '2.00', '21'),
(348, 2, 34, 663, 'PRO-PF 20-56', '1.00', '21'),
(349, 2, 34, 664, 'PRO-PF 20-69', '1.00', '21'),
(350, 2, 34, 193, 'PRO-PF 20-71', '2.00', '21'),
(351, 2, 34, 665, 'PRO-PF 20-74', '4.00', '21'),
(352, 2, 34, 3454, 'PRO-PF 20-136', '2.00', '25'),
(353, 2, 34, 168, 'PRO-PF 20-137', '2.00', '21'),
(354, 2, 34, 669, 'PRO-PF 20-149', '1.00', '21'),
(355, 2, 34, 670, 'PRO-PF 20-151', '1.00', '21'),
(356, 2, 34, 671, 'PRO-PF 20-153', '1.00', '21'),
(357, 2, 34, 409, 'PRO-PF 20-164', '1.00', '21'),
(358, 2, 34, 673, 'PRO-PF 20-166', '2.00', '21'),
(359, 2, 34, 674, 'PRO-PF 20-167', '2.00', '21'),
(360, 2, 34, 374, 'PRO-PF 20-174', '4.00', '21'),
(361, 2, 34, 375, 'PRO-PF 20-175', '4.00', '21'),
(362, 2, 34, 4457, 'PRO-PF 20-934/234', '2.00', '21'),
(363, 2, 34, 676, 'PRO-PF 20-238', '2.00', '21'),
(364, 2, 34, 677, 'PRO-PF 20-239', '2.00', '21'),
(365, 2, 34, 171, 'PRO-PF 20-373', '4.00', '21'),
(366, 2, 34, 411, 'PRO-PF 20-445', '1.00', '21'),
(367, 2, 34, 172, 'PRO-PF 20-942', '1.00', '21'),
(368, 2, 34, 63, 'PRO-PF 20-958', '1.00', '21'),
(369, 2, 34, 64, 'PRO-PF 20-961', '1.00', '21'),
(370, 2, 34, 372, 'PRO-PF 20-13', '6.00', '21'),
(371, 2, 35, 528, 'PRO-PF 10-1', '1.00', '21'),
(372, 2, 35, 529, 'PRO-PF 10-3', '4.00', '21'),
(373, 2, 35, 397, 'PRO-PF 10-13', '4.00', '21'),
(374, 2, 35, 530, 'PRO-PF 10-20', '1.00', '21'),
(375, 2, 35, 531, 'PRO-PF 10-22', '5.00', '21'),
(376, 2, 35, 532, 'PRO-PF 10-24', '2.00', '21'),
(377, 2, 35, 4447, 'PRO-PF 10-25', '6.00', '21'),
(378, 2, 35, 4448, 'PRO-PF 10-26', '4.00', '21'),
(379, 2, 35, 4449, 'PRO-PF 10-27', '5.00', '21'),
(380, 2, 35, 4450, 'PRO-PF 10-30', '2.00', '21'),
(381, 2, 35, 237, 'PRO-PF 10-31A', '2.00', '21'),
(382, 2, 35, 533, 'PRO-PF 10-32', '2.00', '21'),
(383, 2, 35, 534, 'PRO-PF 10-33', '4.00', '21'),
(384, 2, 35, 254, 'PRO-PF 10-35', '12.00', '21'),
(385, 2, 35, 289, 'PRO-PF 10-47', '1.00', '21'),
(386, 2, 35, 536, 'PRO-PF 10-51', '2.00', '21'),
(387, 2, 35, 537, 'PRO-PF 10-102', '4.00', '21'),
(388, 2, 35, 538, 'PRO-PF 10-109', '40.00', '21'),
(389, 2, 35, 540, 'PRO-PF 10-112', '3.00', '21'),
(390, 2, 35, 541, 'PRO-PF 10-118', '3.00', '21'),
(391, 2, 35, 542, 'PRO-PF 10-120', '1.00', '21'),
(392, 2, 35, 543, 'PRO-PF 10-122', '2.00', '21'),
(393, 2, 35, 544, 'PRO-PF 10-124', '2.00', '21'),
(394, 2, 35, 545, 'PRO-PF 10-146', '1.00', '21'),
(395, 2, 35, 489, 'PRO-PF 10-229', '6.00', '21'),
(396, 2, 35, 3485, 'PRO-PF 10-925', '6.00', '21'),
(397, 2, 36, 554, 'PRO-PF 15-11', '2.00', '21'),
(398, 2, 36, 555, 'PRO-PF 15-12', '2.00', '21'),
(399, 2, 36, 557, 'PRO-PF 15-20', '4.00', '21'),
(400, 2, 36, 96, 'PRO-PF 15-22', '2.00', '21'),
(401, 2, 36, 556, 'PRO-PF 15-13', '2.00', '21'),
(402, 2, 36, 97, 'PRO-PF 15-23', '2.00', '21'),
(403, 2, 36, 558, 'PRO-PF 15-28', '2.00', '21'),
(404, 2, 36, 562, 'PRO-PF 15-37', '2.00', '21'),
(405, 2, 36, 392, 'PRO-PF 15-39A', '2.00', '21'),
(406, 2, 36, 200, 'PRO-PF 15-41', '2.00', '21'),
(407, 2, 36, 389, 'PRO-PF 15-43', '2.00', '21'),
(408, 2, 36, 6, 'PRO-PF 15-102', '2.00', '21'),
(409, 2, 36, 571, 'PRO-PF 15-741', '2.00', '21'),
(410, 2, 36, 572, 'PRO-PF 15-742', '2.00', '21'),
(411, 2, 36, 573, 'PRO-PF 15-743', '2.00', '21'),
(412, 2, 36, 574, 'PRO-PF 15-744', '2.00', '21'),
(413, 2, 36, 575, 'PRO-PF 15-745', '2.00', '21'),
(414, 2, 36, 577, 'PRO-PF 15-910', '2.00', '21'),
(415, 2, 37, 96, 'PRO-PF 15-22', '2.00', '21'),
(416, 2, 37, 97, 'PRO-PF 15-23', '2.00', '21'),
(417, 2, 37, 441, 'PRO-PF 15-29', '2.00', '21'),
(418, 2, 37, 559, 'PRO-PF 15-31', '2.00', '21'),
(419, 2, 37, 199, 'PRO-PF 15-35', '2.00', '21'),
(420, 2, 37, 392, 'PRO-PF 15-39A', '2.00', '21'),
(421, 2, 37, 565, 'PRO-PF 15-104', '2.00', '21'),
(422, 2, 37, 7, 'PRO-PF 15-901', '2.00', '21'),
(423, 2, 37, 183, 'PRO-PF 15-930', '2.00', '21'),
(424, 2, 38, 241, 'PRO-PF 16-3 A', '1.00', '21'),
(425, 2, 38, 358, 'PRO-PF 16-4', '1.00', '21'),
(426, 2, 38, 359, 'PRO-PF 16-5', '1.00', '21'),
(427, 2, 38, 360, 'PRO-PF 16-6', '1.00', '21'),
(428, 2, 38, 184, 'PRO-PF 16-7', '1.00', '21'),
(429, 2, 38, 185, 'PRO-PF 16-8', '1.00', '21'),
(430, 2, 38, 580, 'PRO-PF 16-9', '1.00', '21'),
(431, 2, 38, 186, 'PRO-PF 16-10', '1.00', '21'),
(432, 2, 38, 187, 'PRO-PF 16-11', '2.00', '21'),
(433, 2, 38, 478, 'PRO-PF 16-12', '2.00', '21'),
(434, 2, 38, 442, 'PRO-PF 16-13', '6.00', '21'),
(435, 2, 38, 361, 'PRO-PF 16-15', '1.00', '21'),
(436, 2, 38, 583, 'PRO-PF 16-16', '1.00', '21'),
(437, 2, 38, 363, 'PRO-PF 16-113', '1.00', '21'),
(438, 2, 38, 364, 'PRO-PF 16-120', '1.00', '21'),
(439, 2, 38, 584, 'PRO-PF 16-160', '1.00', '21'),
(440, 2, 38, 188, 'PRO-PF 16-210', '1.00', '21'),
(441, 2, 39, 137, 'PRO-PF 17-109', '1.00', '21'),
(442, 2, 39, 365, 'PRO-PF 17-110', '2.00', '21'),
(443, 2, 39, 468, 'PRO-PF 17-111', '1.00', '21'),
(444, 2, 39, 469, 'PRO-PF 17-112', '1.00', '21'),
(445, 2, 39, 589, 'PRO-PF 17-113', '1.00', '21'),
(446, 2, 39, 590, 'PRO-PF 17-114', '2.00', '21'),
(447, 2, 39, 98, 'PRO-PF 17-115', '1.00', '21'),
(448, 2, 39, 209, 'PRO-PF 17-117', '1.00', '21'),
(449, 2, 39, 366, 'PRO-PF 17-118', '1.00', '21'),
(450, 2, 39, 591, 'PRO-PF 17-121', '1.00', '21'),
(451, 2, 39, 189, 'PRO-PF 17-122', '1.00', '21'),
(452, 2, 39, 592, 'PRO-PF 17-126', '1.00', '21'),
(453, 2, 39, 367, 'PRO-PF 17-216', '1.00', '21'),
(454, 2, 39, 593, 'PRO-PF 17-219', '1.00', '21'),
(455, 2, 40, 445, 'PRO-PF 18-11', '1.00', '21'),
(456, 2, 40, 611, 'PRO-PF 18-21', '1.00', '21'),
(457, 2, 40, 139, 'PRO-PF 18-51', '1.00', '21'),
(458, 2, 40, 206, 'PRO-PF 18-52', '1.00', '21'),
(459, 2, 40, 207, 'PRO-PF 18-53', '1.00', '21'),
(460, 2, 40, 167, 'PRO-PF 18-54', '1.00', '21'),
(461, 2, 40, 190, 'PRO-PF 18-55', '1.00', '21'),
(462, 2, 40, 612, 'PRO-PF 18-56', '2.00', '21'),
(463, 2, 40, 470, 'PRO-PF 18-57', '1.00', '21'),
(464, 2, 40, 471, 'PRO-PF 18-58', '2.00', '21'),
(465, 2, 40, 472, 'PRO-PF 18-59', '1.00', '21'),
(466, 2, 40, 613, 'PRO-PF 18-60', '1.00', '21'),
(467, 2, 40, 369, 'PRO-PF 18-61A', '1.00', '21'),
(468, 2, 40, 370, 'PRO-PF 18-62', '2.00', '21'),
(469, 2, 41, 619, 'PRO-PF 19-5', '1.00', '21'),
(470, 2, 41, 394, 'PRO-PF 19-6A', '1.00', '21'),
(471, 2, 41, 396, 'PRO-PF 19-7', '1.00', '21'),
(472, 2, 41, 621, 'PRO-PF 19-9', '1.00', '21'),
(473, 2, 41, 622, 'PRO-PF 19-10', '1.00', '21'),
(474, 2, 41, 623, 'PRO-PF 19-11', '1.00', '21'),
(475, 2, 41, 624, 'PRO-PF 19-12', '1.00', '21'),
(476, 2, 41, 625, 'PRO-PF 19-13', '1.00', '21'),
(477, 2, 41, 626, 'PRO-PF 19-14', '1.00', '21'),
(478, 2, 41, 627, 'PRO-PF 19-15', '1.00', '21'),
(479, 2, 41, 634, 'PRO-PF 19-22', '2.00', '21'),
(480, 2, 41, 635, 'PRO-PF 19-23', '2.00', '21'),
(481, 2, 41, 641, 'PRO-PF 19-29', '4.00', '21'),
(482, 2, 41, 642, 'PRO-PF 19-30', '1.00', '21'),
(483, 2, 41, 643, 'PRO-PF 19-101', '1.00', '21'),
(484, 2, 42, 492, 'PRO-PF 1-1', '1.00', '21'),
(485, 2, 42, 493, 'PRO-PF 1-2', '1.00', '21'),
(486, 2, 42, 136, 'PRO-PF 1-3', '2.00', '21'),
(487, 2, 42, 4437, 'PRO-PF 1-4', '1.00', '21'),
(488, 2, 42, 4438, 'PRO-PF 1-6', '1.00', '21'),
(489, 2, 42, 256, 'PRO-PF 1-7', '2.00', '21'),
(490, 2, 42, 243, 'PRO-PF 1-8', '1.00', '21'),
(491, 2, 42, 244, 'PRO-PF 1-9', '1.00', '21'),
(492, 2, 42, 245, 'PRO-PF 1-10', '1.00', '21'),
(493, 2, 42, 246, 'PRO-PF 1-11', '1.00', '21'),
(494, 2, 42, 247, 'PRO-PF 1-12', '1.00', '21'),
(495, 2, 42, 248, 'PRO-PF 1-13', '1.00', '21'),
(496, 2, 42, 465, 'PRO-PF 1-14', '2.00', '21'),
(497, 2, 42, 466, 'PRO-PF 1-15', '2.00', '21'),
(498, 2, 42, 351, 'PRO-PF 1-16', '1.00', '21'),
(499, 2, 42, 494, 'PRO-PF 1-17', '1.00', '21'),
(500, 2, 42, 352, 'PRO-PF 1-18', '1.00', '21'),
(501, 2, 42, 495, 'PRO-PF 1-19', '2.00', '21'),
(502, 2, 42, 496, 'PRO-PF 1-20', '1.00', '21'),
(503, 2, 42, 497, 'PRO-PF 1-21', '1.00', '21'),
(504, 2, 42, 498, 'PRO-PF 1-22', '1.00', '21'),
(505, 2, 42, 249, 'PRO-PF 1-23', '1.00', '21'),
(506, 2, 42, 353, 'PRO-PF 1-24A', '1.00', '21'),
(507, 2, 42, 499, 'PRO-PF 1-25', '1.00', '21'),
(508, 2, 42, 500, 'PRO-PF 1-26', '2.00', '21'),
(509, 2, 43, 504, 'PRO-PF 3-1', '1.00', '21'),
(510, 2, 43, 505, 'PRO-PF 3-2', '1.00', '21'),
(511, 2, 43, 4439, 'PRO-PF 3-3', '1.00', '21'),
(512, 2, 43, 4440, 'PRO-PF 3-4', '1.00', '21'),
(513, 2, 43, 222, 'PRO-PF 3-5', '4.00', '21'),
(514, 2, 43, 1, 'PRO-PF 3-6', '4.00', '21'),
(515, 2, 43, 250, 'PRO-PF 3-7', '1.00', '21'),
(516, 2, 43, 257, 'PRO-PF 3-216', '1.00', '21'),
(517, 2, 44, 506, 'PRO-PF 5-1', '1.00', '21'),
(518, 2, 44, 507, 'PRO-PF 5-2', '1.00', '21'),
(519, 2, 44, 265, 'PRO-PF 5-3A', '8.00', '21'),
(520, 2, 44, 225, 'PRO-PF 5-4', '8.00', '21'),
(521, 2, 44, 251, 'PRO-PF 5-5A', '8.00', '21'),
(522, 2, 44, 508, 'PRO-PF 5-6', '1.00', '21'),
(523, 2, 44, 484, 'PRO-PF 5-7', '2.00', '21'),
(524, 2, 44, 408, 'PRO-PF 5-11', '1.00', '21'),
(525, 2, 44, 509, 'PRO-PF 5-12', '1.00', '21'),
(526, 2, 44, 253, 'PRO-PF 5-13', '2.00', '21'),
(527, 2, 44, 510, 'PRO-PF 5-14', '2.00', '21'),
(528, 2, 44, 511, 'PRO-PF 5-15', '2.00', '21'),
(529, 2, 44, 402, 'PRO-PF 5-20', '1.00', '21'),
(530, 2, 44, 9, 'PRO-PF 5-22', '3.00', '21'),
(531, 2, 44, 10, 'PRO-PF 5-23', '2.00', '21'),
(532, 2, 45, 518, 'PRO-PF 8-1', '1.00', '21'),
(533, 2, 45, 519, 'PRO-PF 8-2', '1.00', '21'),
(534, 2, 45, 520, 'PRO-PF 8-3', '8.00', '21'),
(535, 2, 45, 223, 'PRO-PF 8-4', '8.00', '21'),
(536, 2, 45, 485, 'PRO-PF 8-5', '2.00', '21'),
(537, 2, 45, 521, 'PRO-PF 8-6', '6.00', '21'),
(538, 2, 45, 356, 'PRO-PF 8-9A', '1.00', '21'),
(539, 2, 45, 523, 'PRO-PF 8-11', '1.00', '21'),
(540, 2, 46, 191, 'PRO-PF 20-5', '2.00', '21'),
(541, 2, 46, 192, 'PRO-PF 20-6', '2.00', '21'),
(542, 2, 46, 658, 'PRO-PF 20-7', '2.00', '21'),
(543, 2, 46, 290, 'PRO-PF 20-9', '1.00', '21'),
(544, 2, 46, 372, 'PRO-PF 20-13', '2.00', '21'),
(545, 2, 46, 410, 'PRO-PF 20-301', '1.00', '21'),
(546, 2, 46, 169, 'PRO-PF 20-304', '2.00', '21'),
(547, 2, 46, 170, 'PRO-PF 20-310', '2.00', '21'),
(548, 2, 46, 194, 'PRO-PF 20-311', '2.00', '21'),
(549, 2, 46, 678, 'PRO-PF 20-312', '4.00', '21'),
(550, 2, 46, 140, 'PRO-PF 20-331', '2.00', '21'),
(551, 2, 46, 449, 'PRO-PF 20-335', '2.00', '21'),
(552, 2, 46, 685, 'PRO-PF 20-343', '1.00', '21'),
(553, 2, 46, 686, 'PRO-PF 20-344', '1.00', '21'),
(554, 2, 46, 689, 'PRO-PF 20-356', '2.00', '21'),
(555, 2, 47, 694, 'PRO-PF 22-1', '1.00', '21'),
(556, 2, 47, 695, 'PRO-PF 22-2', '1.00', '21'),
(557, 2, 47, 483, 'PRO-PF 22-3', '1.00', '21'),
(558, 2, 47, 173, 'PRO-PF 22-4', '1.00', '21'),
(559, 2, 47, 174, 'PRO-PF 22-5', '2.00', '21'),
(560, 2, 47, 141, 'PRO-PF 22-6', '3.00', '21'),
(561, 2, 47, 377, 'PRO-PF 22-7', '3.00', '21'),
(562, 2, 47, 477, 'PRO-PF 22-15', '1.00', '21'),
(563, 2, 47, 698, 'PRO-PF 22-105-1', '1.00', '21'),
(564, 2, 47, 699, 'PRO-PF 22-105-2', '2.00', '21'),
(565, 2, 47, 142, 'PRO-PF 22-105-3', '2.00', '21'),
(566, 2, 47, 700, 'PRO-PF 22-105-4', '2.00', '21'),
(567, 2, 47, 701, 'PRO-PF 22-105-5', '2.00', '21'),
(568, 2, 47, 702, 'PRO-PF 22-105-6', '2.00', '21'),
(569, 2, 47, 703, 'PRO-PF 22-105-7', '2.00', '21'),
(570, 2, 47, 476, 'PRO-PF 22-105-8', '1.00', '21'),
(571, 2, 47, 708, 'PRO-PF 22-322', '2.00', '21'),
(572, 2, 47, 709, 'PRO-PF 22-324', '2.00', '21'),
(573, 2, 47, 450, 'PRO-PF 22-328', '2.00', '21'),
(574, 2, 47, 710, 'PRO-PF 22-330', '2.00', '21'),
(575, 2, 47, 446, 'PRO-PF 22-332', '4.00', '21'),
(576, 2, 50, 413, 'PRO-PF 30-1', '1.00', '21'),
(577, 2, 50, 379, 'PRO-PF 30-2', '1.00', '21'),
(578, 2, 50, 214, 'PRO-PF 30-3', '1.00', '21'),
(579, 2, 50, 176, 'PRO-PF 30-4', '1.00', '21'),
(580, 2, 50, 69, 'PRO-PF 30-5', '1.00', '21'),
(581, 2, 50, 444, 'PRO-PF 30-6', '1.00', '21'),
(582, 2, 50, 255, 'PRO-PF 30-7', '6.00', '21'),
(583, 2, 50, 380, 'PRO-PF 30-8', '1.00', '21'),
(584, 2, 50, 371, 'PRO-PF 30-9', '1.00', '21'),
(585, 2, 50, 381, 'PRO-PF 30-10', '1.00', '21'),
(586, 2, 50, 765, 'PRO-PF 30-12', '1.00', '21'),
(587, 2, 50, 766, 'PRO-PF 30-13', '1.00', '21'),
(588, 2, 50, 4451, 'PRO-PF 30-14', '1.00', '21'),
(589, 2, 50, 767, 'PRO-PF 30-16', '1.00', '21'),
(590, 2, 50, 768, 'PRO-PF 30-16-2', '1.00', '21'),
(591, 2, 50, 769, 'PRO-PF 30-16-3', '1.00', '21'),
(592, 2, 50, 770, 'PRO-PF 30-16-34', '4.00', '21'),
(593, 2, 50, 382, 'PRO-PF 30-18', '1.00', '21'),
(594, 2, 50, 144, 'PRO-PF 30-19', '1.00', '21'),
(595, 2, 50, 771, 'PRO-PF 30-20', '1.00', '21'),
(596, 2, 50, 772, 'PRO-PF 30-21', '1.00', '21'),
(597, 2, 50, 177, 'PRO-PF 30-22', '1.00', '21'),
(598, 2, 50, 773, 'PRO-PF 30-23', '1.00', '21'),
(599, 2, 50, 774, 'PRO-PF 30-24', '1.00', '21'),
(600, 2, 50, 383, 'PRO-PF 30-25', '1.00', '21'),
(601, 2, 50, 178, 'PRO-PF 30-26', '1.00', '21'),
(602, 2, 50, 216, 'PRO-PF 30-27', '1.00', '21'),
(603, 2, 50, 777, 'PRO-PF 30-30', '1.00', '21'),
(604, 2, 50, 384, 'PRO-PF 30-31', '1.00', '21'),
(605, 2, 50, 778, 'PRO-PF 30-33', '1.00', '21'),
(606, 2, 50, 779, 'PRO-PF 30-34', '2.00', '21'),
(607, 2, 50, 780, 'PRO-PF 30-35', '1.00', '21'),
(608, 2, 50, 291, 'PRO-PF 30-36', '1.00', '21'),
(609, 2, 51, 812, 'PRO-PF 32-101', '2.00', '21'),
(610, 2, 51, 792, 'PRO-PF 32-2', '2.00', '21'),
(611, 2, 51, 793, 'PRO-PF 32-4', '2.00', '21'),
(612, 2, 51, 794, 'PRO-PF 32-6', '4.00', '21'),
(613, 2, 51, 795, 'PRO-PF 32-7', '2.00', '21'),
(614, 2, 51, 796, 'PRO-PF 32-10', '2.00', '21'),
(615, 2, 51, 797, 'PRO-PF 32-13', '1.00', '21'),
(616, 2, 51, 385, 'PRO-PF 32-18', '4.00', '21'),
(617, 2, 51, 799, 'PRO-PF 32-24', '8.00', '21'),
(618, 2, 51, 801, 'PRO-PF 32-27', '1.00', '21'),
(619, 2, 51, 180, 'PRO-PF 32-290', '1.00', '21'),
(620, 2, 51, 386, 'PRO-PF 32-30', '1.00', '21'),
(621, 2, 51, 70, 'PRO-PF 32-31', '1.00', '21'),
(622, 2, 51, 803, 'PRO-PF 32-32', '1.00', '21'),
(623, 2, 51, 217, 'PRO-PF 32-35', '2.00', '21'),
(624, 2, 51, 804, 'PRO-PF 32-40', '1.00', '21'),
(625, 2, 51, 218, 'PRO-PF 32-43', '1.00', '21'),
(626, 2, 51, 305, 'PRO-PF 32-51', '2.00', '21'),
(627, 2, 51, 805, 'PRO-PF 32-52', '2.00', '21'),
(628, 2, 51, 219, 'PRO-PF 32-53', '1.00', '21'),
(629, 2, 51, 242, 'PRO-PF 32-59', '1.00', '21'),
(630, 2, 51, 474, 'PRO-PF 32-60', '1.00', '21'),
(631, 2, 51, 809, 'PRO-PF 32-61', '1.00', '21'),
(632, 2, 51, 818, 'PRO-PF 32-116', '4.00', '21'),
(633, 2, 51, 4441, 'PRO-PF 32-117', '1.00', '21'),
(634, 2, 51, 195, 'PRO-PF 32-119A', '4.00', '21'),
(635, 2, 51, 819, 'PRO-PF 32-120', '4.00', '21'),
(636, 2, 51, 54, 'PRO-PF 32-122', '1.00', '21'),
(637, 2, 51, 820, 'PRO-PF 32-126', '1.00', '21'),
(638, 2, 51, 71, 'PRO-PF 32-146A', '1.00', '21'),
(639, 2, 51, 74, 'PRO-PF 32-244A', '1.00', '21'),
(640, 2, 51, 220, 'PRO-PF 32-249A', '1.00', '21'),
(641, 2, 51, 78, 'PRO-PF 32-254A', '1.00', '21'),
(642, 2, 51, 14, 'PRO-PF 32-915', '1.00', '21'),
(643, 2, 51, 80, 'PRO-PF 32-940', '1.00', '21'),
(644, 2, 51, 306, 'PRO-PF 32-942', '1.00', '21'),
(645, 2, 51, 81, 'PRO-PF 32-943A', '1.00', '21'),
(646, 2, 52, 832, 'PRO-PF 35-101', '1.00', '21'),
(647, 2, 52, 260, 'PRO-PF 35-5', '1.00', '21'),
(648, 2, 52, 825, 'PRO-PF 35-6', '6.00', '21'),
(649, 2, 52, 827, 'PRO-PF 35-14', '6.00', '21'),
(650, 2, 52, 828, 'PRO-PF 35-15', '6.00', '21'),
(651, 2, 53, 260, 'PRO-PF 35-5', '1.00', '21'),
(652, 2, 53, 825, 'PRO-PF 35-6', '6.00', '21'),
(653, 2, 53, 827, 'PRO-PF 35-14', '6.00', '21'),
(654, 2, 53, 828, 'PRO-PF 35-15', '6.00', '21'),
(655, 2, 53, 833, 'PRO-PF 35-116', '1.00', '21'),
(656, 2, 53, 834, 'PRO-PF 35-117', '8.00', '21'),
(657, 2, 53, 836, 'PRO-PF 35-118', '8.00', '21'),
(658, 2, 53, 407, 'PRO-PF 35-201', '1.00', '21'),
(659, 2, 53, 292, 'PRO-PF35-208', '1.00', '21'),
(660, 2, 54, 447, 'PRO-PF 40-4', '2.00', '21'),
(661, 2, 54, 149, 'PRO-PF 40-6', '1.00', '21'),
(662, 2, 54, 448, 'PRO-PF 40-7', '1.00', '21'),
(663, 2, 54, 841, 'PRO-PF 40-9', '2.00', '21'),
(664, 2, 54, 842, 'PRO-PF 40-10', '3.00', '21'),
(665, 2, 54, 843, 'PRO-PF 40-11', '4.00', '21'),
(666, 2, 54, 400, 'PRO-PF 40-14', '2.00', '21'),
(667, 2, 54, 151, 'PRO-PF 40-15', '1.00', '21'),
(668, 2, 54, 4446, 'PRO-PF 40-16', '1.00', '21'),
(669, 2, 54, 849, 'PRO-PF 40-104', '1.00', '21'),
(670, 2, 54, 4452, 'PRO-PF 40-119', '2.00', '21'),
(671, 2, 56, 1206, 'PRO-PF 70-1', '1.00', '21'),
(672, 2, 56, 1207, 'PRO-PF 70-6', '1.00', '21'),
(673, 2, 56, 1208, 'PRO-PF 70-9', '2.00', '21'),
(674, 2, 56, 1209, 'PRO-PF 70-11', '14.00', '21'),
(675, 2, 56, 1210, 'PRO-PF 70-12', '24.00', '21'),
(676, 2, 56, 1211, 'PRO-PF 70-13', '24.00', '21'),
(677, 2, 55, 102, 'PRO-PF 42-1', '1.00', '21'),
(679, 2, 55, 855, 'PRO-PF 42-2', '1.00', '21'),
(680, 2, 55, 856, 'PRO-PF 42-3', '2.00', '21'),
(681, 2, 55, 857, 'PRO-PF 42-4', '2.00', '21'),
(682, 2, 55, 451, 'PRO-PF 42-5', '1.00', '21'),
(683, 2, 55, 440, 'PRO-PF 42-6', '2.00', '21'),
(684, 2, 55, 858, 'PRO-PF 42-7', '1.00', '21'),
(685, 2, 55, 452, 'PRO-PF 42-8', '1.00', '21'),
(686, 2, 55, 103, 'PRO-PF 42-9', '1.00', '21'),
(687, 2, 55, 859, 'PRO-PF 42-10', '1.00', '21'),
(688, 2, 56, 4453, 'PRO-PF 70-14', '15.00', '21'),
(689, 2, 56, 1212, 'PRO-PF 70-15', '2.00', '21'),
(690, 2, 56, 1213, 'PRO-PF 70-16', '2.00', '21'),
(691, 2, 56, 1214, 'PRO-PF 70-17', '2.00', '21'),
(692, 2, 56, 1215, 'PRO-PF 70-18', '16.00', '21'),
(693, 2, 56, 1216, 'PRO-PF 70-20', '2.00', '21'),
(694, 2, 56, 1217, 'PRO-PF 70-21', '2.00', '21'),
(695, 2, 56, 1218, 'PRO-PF 70-23', '2.00', '21'),
(696, 2, 57, 1219, 'PRO-PF 71-1', '1.00', '21'),
(697, 2, 57, 1220, 'PRO-PF 71-2', '1.00', '21'),
(698, 2, 57, 1221, 'PRO-PF 71-3', '1.00', '21'),
(700, 2, 54, 55, 'PRO-PF 40-101', '1.00', '21'),
(702, 2, 57, 1223, 'PRO-PF 71-7', '2.00', '21'),
(703, 2, 57, 1225, 'PRO-PF 71-9', '1.00', '21'),
(704, 2, 57, 1226, 'PRO-PF 71-10', '1.00', '21'),
(705, 2, 57, 1227, 'PRO-PF 71-11', '2.00', '21'),
(706, 2, 57, 1228, 'PRO-PF 71-12', '1.00', '21'),
(707, 2, 57, 1229, 'PRO-PF 71-13', '1.00', '21'),
(708, 2, 57, 326, 'PRO-PF 71-14', '2.00', '21'),
(709, 2, 57, 1230, 'PRO-PF 71-15', '6.00', '21'),
(710, 2, 57, 1231, 'PRO-PF 71-16', '32.00', '21'),
(711, 2, 57, 1232, 'PRO-PF 71-18', '2.00', '21'),
(712, 2, 57, 1233, 'PRO-PF 71-19', '2.00', '21'),
(713, 2, 57, 1234, 'PRO-PF 71-20', '8.00', '21'),
(714, 2, 57, 1235, 'PRO-PF 71-21', '8.00', '21'),
(715, 2, 57, 1236, 'PRO-PF 71-22', '32.00', '21'),
(716, 2, 57, 1237, 'PRO-PF 71-23', '2.00', '21'),
(717, 2, 57, 1239, 'PRO-PF 71-25', '2.00', '21'),
(718, 2, 58, 1262, 'PRO-PF 72-401', '1.00', '21'),
(719, 2, 58, 1249, 'PRO-PF 72-62', '1.00', '21'),
(720, 2, 58, 1250, 'PRO-PF 72-63', '1.00', '21'),
(721, 2, 58, 1253, 'PRO-PF 72-71', '11.00', '21'),
(722, 2, 58, 1254, 'PRO-PF 72-72', '17.00', '21'),
(723, 2, 58, 1255, 'PRO-PF 72-75', '11.00', '21'),
(724, 2, 58, 1256, 'PRO-PF 72-76', '17.00', '21'),
(725, 2, 59, 1263, 'PRO-PF 72-501', '1.00', '21'),
(726, 2, 59, 1244, 'PRO-PF 72-28', '1.00', '21'),
(727, 2, 59, 1245, 'PRO-PF 72-51', '1.00', '21'),
(728, 2, 59, 1246, 'PRO-PF 72-52', '1.00', '21'),
(729, 2, 59, 1247, 'PRO-PF 72-53', '1.00', '21'),
(730, 2, 59, 1251, 'PRO-PF 72-64', '1.00', '21'),
(731, 2, 59, 1252, 'PRO-PF 72-70', '12.00', '21'),
(732, 2, 59, 1253, 'PRO-PF 72-71', '28.00', '21'),
(733, 2, 59, 1254, 'PRO-PF 72-72', '29.00', '21'),
(734, 2, 59, 1255, 'PRO-PF 72-75', '4.00', '21'),
(735, 2, 59, 1256, 'PRO-PF 72-76', '29.00', '21'),
(736, 2, 59, 1258, 'PRO-PF 72-83', '2.00', '21'),
(737, 2, 59, 1259, 'PRO-PF 72-84', '1.00', '21'),
(738, 2, 59, 1260, 'PRO-PF 72-85', '1.00', '21'),
(739, 2, 59, 1261, 'PRO-PF 72-86', '1.00', '21'),
(740, 2, 60, 1264, 'PRO-PF 73-1', '1.00', '21'),
(741, 2, 60, 1265, 'PRO-PF 73-2', '1.00', '21'),
(742, 2, 60, 1266, 'PRO-PF 73-3', '1.00', '21'),
(743, 2, 60, 1267, 'PRO-PF 73-4', '1.00', '21'),
(744, 2, 60, 121, 'PRO-PF 73-5', '1.00', '21'),
(745, 2, 60, 293, 'PRO-PF 73-6', '1.00', '21'),
(746, 2, 60, 1268, 'PRO-PF 73-7', '1.00', '21'),
(747, 2, 60, 1269, 'PRO-PF 73-8', '1.00', '21'),
(748, 2, 60, 1270, 'PRO-PF 73-9', '1.00', '21'),
(749, 2, 61, 4520, 'PRO-PF 80-301', '0.00', '32'),
(750, 2, 62, 1449, 'PRO-PF 82-1', '1.00', '21'),
(751, 2, 62, 122, 'PRO-PF 82-2', '1.00', '21'),
(752, 2, 62, 123, 'PRO-PF 82-3', '1.00', '21'),
(753, 2, 62, 1450, 'PRO-PF 82-4', '2.00', '21'),
(754, 2, 62, 1451, 'PRO-PF 82-5', '2.00', '21'),
(755, 2, 62, 124, 'PRO-PF 82-6', '1.00', '21'),
(756, 2, 62, 332, 'PRO-PF 82-7', '1.00', '21'),
(757, 2, 62, 475, 'PRO-PF 82-8', '1.00', '21'),
(758, 3, 67, 657, 'PRO-PF 20-1', '2.00', '21'),
(759, 3, 67, 659, 'PRO-PF 20-19', '2.00', '21'),
(760, 3, 67, 660, 'PRO-PF 20-45', '2.00', '21'),
(761, 3, 67, 661, 'PRO-PF 20-46', '2.00', '21'),
(762, 3, 67, 373, 'PRO-PF 20-47', '2.00', '21'),
(763, 3, 67, 662, 'PRO-PF 20-52', '2.00', '21'),
(764, 3, 67, 663, 'PRO-PF 20-56', '1.00', '21'),
(765, 3, 67, 664, 'PRO-PF 20-69', '1.00', '21'),
(766, 3, 67, 193, 'PRO-PF 20-71', '2.00', '21'),
(767, 3, 67, 665, 'PRO-PF 20-74', '4.00', '21'),
(768, 3, 67, 3454, 'PRO-PF 20-136', '2.00', '25'),
(769, 3, 67, 168, 'PRO-PF 20-137', '2.00', '21'),
(770, 3, 67, 669, 'PRO-PF 20-149', '1.00', '21'),
(771, 3, 67, 670, 'PRO-PF 20-151', '1.00', '21'),
(772, 3, 67, 671, 'PRO-PF 20-153', '1.00', '21'),
(773, 3, 67, 409, 'PRO-PF 20-164', '1.00', '21'),
(774, 3, 67, 673, 'PRO-PF 20-166', '2.00', '21'),
(775, 3, 67, 674, 'PRO-PF 20-167', '2.00', '21'),
(776, 3, 67, 374, 'PRO-PF 20-174', '4.00', '21'),
(777, 3, 67, 375, 'PRO-PF 20-175', '4.00', '21'),
(778, 3, 67, 4457, 'PRO-PF 20-934/234', '2.00', '21'),
(779, 3, 67, 676, 'PRO-PF 20-238', '2.00', '21'),
(780, 3, 67, 677, 'PRO-PF 20-239', '2.00', '21'),
(781, 3, 67, 171, 'PRO-PF 20-373', '4.00', '21'),
(782, 3, 67, 411, 'PRO-PF 20-445', '1.00', '21'),
(783, 3, 67, 172, 'PRO-PF 20-942', '1.00', '21'),
(784, 3, 67, 63, 'PRO-PF 20-958', '1.00', '21'),
(785, 3, 67, 64, 'PRO-PF 20-961', '1.00', '21'),
(786, 3, 67, 372, 'PRO-PF 20-13', '6.00', '21'),
(787, 3, 69, 554, 'PRO-PF 15-11', '2.00', '21'),
(788, 3, 69, 555, 'PRO-PF 15-12', '2.00', '21'),
(789, 3, 69, 556, 'PRO-PF 15-13', '2.00', '21'),
(790, 3, 69, 557, 'PRO-PF 15-20', '4.00', '21'),
(791, 3, 69, 96, 'PRO-PF 15-22', '2.00', '21'),
(792, 3, 69, 97, 'PRO-PF 15-23', '2.00', '21'),
(793, 3, 69, 558, 'PRO-PF 15-28', '2.00', '21'),
(794, 3, 69, 562, 'PRO-PF 15-37', '2.00', '21'),
(795, 3, 69, 392, 'PRO-PF 15-39A', '2.00', '21'),
(796, 3, 69, 200, 'PRO-PF 15-41', '2.00', '21'),
(797, 3, 69, 389, 'PRO-PF 15-43', '2.00', '21'),
(798, 3, 69, 6, 'PRO-PF 15-102', '2.00', '21'),
(799, 3, 69, 571, 'PRO-PF 15-741', '2.00', '21'),
(800, 3, 69, 572, 'PRO-PF 15-742', '2.00', '21'),
(801, 3, 69, 573, 'PRO-PF 15-743', '2.00', '21'),
(802, 3, 69, 574, 'PRO-PF 15-744', '2.00', '21'),
(803, 3, 69, 575, 'PRO-PF 15-745', '2.00', '21'),
(804, 3, 69, 577, 'PRO-PF 15-910', '2.00', '21'),
(805, 3, 68, 528, 'PRO-PF 10-1', '1.00', '21'),
(806, 3, 68, 529, 'PRO-PF 10-3', '4.00', '21'),
(807, 3, 68, 397, 'PRO-PF 10-13', '4.00', '21'),
(808, 3, 68, 530, 'PRO-PF 10-20', '1.00', '21'),
(809, 3, 68, 531, 'PRO-PF 10-22', '5.00', '21'),
(810, 3, 68, 532, 'PRO-PF 10-24', '2.00', '21'),
(811, 3, 68, 4454, 'PRO-PF 10-25', '6.00', '21'),
(812, 3, 68, 4448, 'PRO-PF 10-26', '4.00', '21'),
(813, 3, 68, 4449, 'PRO-PF 10-27', '5.00', '21'),
(814, 3, 68, 4450, 'PRO-PF 10-30', '2.00', '21'),
(815, 3, 68, 4455, 'PRO-PF 10-31', '2.00', '21'),
(816, 3, 68, 533, 'PRO-PF 10-32', '2.00', '21'),
(817, 3, 68, 534, 'PRO-PF 10-33', '4.00', '21'),
(818, 3, 68, 254, 'PRO-PF 10-35', '12.00', '21'),
(819, 3, 68, 289, 'PRO-PF 10-47', '1.00', '21'),
(820, 3, 68, 536, 'PRO-PF 10-51', '2.00', '21'),
(821, 3, 68, 537, 'PRO-PF 10-102', '4.00', '21'),
(822, 3, 68, 538, 'PRO-PF 10-109', '38.00', '21'),
(823, 3, 68, 540, 'PRO-PF 10-112', '3.00', '21'),
(824, 3, 68, 541, 'PRO-PF 10-118', '3.00', '21'),
(825, 3, 68, 542, 'PRO-PF 10-120', '1.00', '21'),
(826, 3, 68, 543, 'PRO-PF 10-122', '2.00', '21'),
(827, 3, 68, 544, 'PRO-PF 10-124', '2.00', '21'),
(828, 3, 68, 545, 'PRO-PF 10-146', '1.00', '21'),
(829, 3, 68, 489, 'PRO-PF 10-229', '6.00', '21'),
(830, 3, 68, 3485, 'PRO-PF 10-925', '6.00', '21'),
(831, 3, 70, 96, 'PRO-PF 15-22', '2.00', '21'),
(832, 3, 70, 97, 'PRO-PF 15-23', '2.00', '21'),
(833, 3, 70, 441, 'PRO-PF 15-29', '2.00', '21'),
(834, 3, 70, 559, 'PRO-PF 15-31', '2.00', '21'),
(835, 3, 70, 199, 'PRO-PF 15-35', '2.00', '21'),
(836, 3, 70, 392, 'PRO-PF 15-39A', '2.00', '21'),
(837, 3, 70, 565, 'PRO-PF 15-104', '2.00', '21'),
(838, 3, 70, 7, 'PRO-PF 15-901', '2.00', '21'),
(839, 3, 70, 183, 'PRO-PF 15-930', '2.00', '21'),
(840, 3, 71, 241, 'PRO-PF 16-3 A', '1.00', '21'),
(841, 3, 71, 358, 'PRO-PF 16-4', '1.00', '21'),
(842, 3, 71, 359, 'PRO-PF 16-5', '1.00', '21'),
(843, 3, 71, 360, 'PRO-PF 16-6', '1.00', '21'),
(844, 3, 71, 184, 'PRO-PF 16-7', '1.00', '21'),
(845, 3, 71, 185, 'PRO-PF 16-8', '1.00', '21'),
(846, 3, 71, 580, 'PRO-PF 16-9', '1.00', '21'),
(847, 3, 71, 186, 'PRO-PF 16-10', '1.00', '21'),
(848, 3, 71, 187, 'PRO-PF 16-11', '2.00', '21'),
(849, 3, 71, 478, 'PRO-PF 16-12', '2.00', '21'),
(850, 3, 71, 442, 'PRO-PF 16-13', '6.00', '21'),
(851, 3, 71, 361, 'PRO-PF 16-15', '1.00', '21'),
(852, 3, 71, 583, 'PRO-PF 16-16', '1.00', '21'),
(853, 3, 71, 363, 'PRO-PF 16-113', '1.00', '21'),
(854, 3, 71, 364, 'PRO-PF 16-120', '1.00', '21'),
(855, 3, 71, 584, 'PRO-PF 16-160', '1.00', '21'),
(856, 3, 71, 188, 'PRO-PF 16-210', '1.00', '21'),
(857, 3, 72, 137, 'PRO-PF 17-109', '1.00', '21'),
(858, 3, 72, 365, 'PRO-PF 17-110', '2.00', '21'),
(859, 3, 72, 468, 'PRO-PF 17-111', '1.00', '21'),
(860, 3, 72, 469, 'PRO-PF 17-112', '1.00', '21'),
(861, 3, 72, 589, 'PRO-PF 17-113', '1.00', '21'),
(862, 3, 72, 590, 'PRO-PF 17-114', '2.00', '21'),
(863, 3, 72, 98, 'PRO-PF 17-115', '1.00', '21'),
(864, 3, 72, 209, 'PRO-PF 17-117', '1.00', '21'),
(865, 3, 72, 366, 'PRO-PF 17-118', '1.00', '21'),
(866, 3, 72, 591, 'PRO-PF 17-121', '1.00', '21'),
(867, 3, 72, 189, 'PRO-PF 17-122', '1.00', '21'),
(868, 3, 72, 592, 'PRO-PF 17-126', '1.00', '21'),
(869, 3, 72, 367, 'PRO-PF 17-216', '1.00', '21'),
(870, 3, 72, 593, 'PRO-PF 17-219', '1.00', '21'),
(871, 3, 73, 445, 'PRO-PF 18-11', '1.00', '21'),
(872, 3, 73, 611, 'PRO-PF 18-21', '1.00', '21'),
(873, 3, 73, 139, 'PRO-PF 18-51', '1.00', '21'),
(874, 3, 73, 206, 'PRO-PF 18-52', '1.00', '21'),
(875, 3, 73, 207, 'PRO-PF 18-53', '1.00', '21'),
(876, 3, 73, 167, 'PRO-PF 18-54', '1.00', '21'),
(877, 3, 73, 190, 'PRO-PF 18-55', '1.00', '21'),
(878, 3, 73, 612, 'PRO-PF 18-56', '2.00', '21'),
(879, 3, 73, 470, 'PRO-PF 18-57', '1.00', '21'),
(880, 3, 73, 471, 'PRO-PF 18-58', '2.00', '21'),
(881, 3, 73, 472, 'PRO-PF 18-59', '1.00', '21'),
(882, 3, 73, 613, 'PRO-PF 18-60', '1.00', '21'),
(883, 2, 57, 1241, 'PRO-PF 71-104', '1.00', '21'),
(884, 2, 57, 1242, 'PRO-PF 71-105', '1.00', '21'),
(885, 3, 74, 619, 'PRO-PF 19-5', '1.00', '21'),
(886, 3, 74, 394, 'PRO-PF 19-6A', '1.00', '21'),
(887, 3, 74, 396, 'PRO-PF 19-7', '1.00', '21'),
(888, 3, 74, 621, 'PRO-PF 19-9', '1.00', '21'),
(889, 3, 74, 622, 'PRO-PF 19-10', '1.00', '21'),
(890, 3, 74, 623, 'PRO-PF 19-11', '1.00', '21'),
(891, 3, 74, 624, 'PRO-PF 19-12', '1.00', '21'),
(892, 3, 74, 625, 'PRO-PF 19-13', '1.00', '21'),
(893, 3, 74, 626, 'PRO-PF 19-14', '1.00', '21'),
(894, 3, 74, 627, 'PRO-PF 19-15', '1.00', '21'),
(895, 3, 74, 634, 'PRO-PF 19-22', '2.00', '21'),
(896, 3, 74, 635, 'PRO-PF 19-23', '2.00', '21'),
(897, 3, 74, 641, 'PRO-PF 19-29', '4.00', '21'),
(898, 3, 74, 643, 'PRO-PF 19-101', '1.00', '21'),
(899, 3, 75, 492, 'PRO-PF 1-1', '1.00', '21'),
(900, 3, 75, 493, 'PRO-PF 1-2', '1.00', '21'),
(901, 3, 75, 136, 'PRO-PF 1-3', '2.00', '21'),
(902, 3, 75, 4437, 'PRO-PF 1-4', '1.00', '21'),
(903, 3, 75, 4438, 'PRO-PF 1-6', '1.00', '21'),
(904, 3, 75, 256, 'PRO-PF 1-7', '2.00', '21'),
(905, 3, 75, 243, 'PRO-PF 1-8', '1.00', '21'),
(906, 3, 75, 244, 'PRO-PF 1-9', '1.00', '21'),
(907, 3, 75, 245, 'PRO-PF 1-10', '1.00', '21'),
(908, 3, 75, 246, 'PRO-PF 1-11', '1.00', '21'),
(909, 3, 75, 247, 'PRO-PF 1-12', '1.00', '21'),
(910, 3, 75, 248, 'PRO-PF 1-13', '1.00', '21'),
(911, 3, 75, 4456, 'PRO-PF 1-14', '2.00', '21'),
(912, 3, 75, 466, 'PRO-PF 1-15', '2.00', '21'),
(913, 3, 75, 351, 'PRO-PF 1-16', '1.00', '21'),
(914, 3, 75, 494, 'PRO-PF 1-17', '1.00', '21'),
(915, 3, 75, 352, 'PRO-PF 1-18', '1.00', '21'),
(916, 3, 75, 495, 'PRO-PF 1-19', '2.00', '21'),
(917, 3, 75, 496, 'PRO-PF 1-20', '1.00', '21'),
(918, 3, 75, 497, 'PRO-PF 1-21', '1.00', '21'),
(919, 3, 75, 498, 'PRO-PF 1-22', '1.00', '21'),
(920, 3, 75, 249, 'PRO-PF 1-23', '1.00', '21'),
(921, 3, 75, 353, 'PRO-PF 1-24A', '1.00', '21'),
(922, 3, 75, 499, 'PRO-PF 1-25', '1.00', '21'),
(923, 3, 75, 500, 'PRO-PF 1-26', '2.00', '21'),
(924, 3, 76, 504, 'PRO-PF 3-1', '1.00', '21'),
(925, 3, 76, 505, 'PRO-PF 3-2', '1.00', '21'),
(926, 3, 76, 4439, 'PRO-PF 3-3', '1.00', '21'),
(927, 3, 76, 4440, 'PRO-PF 3-4', '1.00', '21'),
(928, 3, 76, 222, 'PRO-PF 3-5', '4.00', '21'),
(929, 3, 76, 1, 'PRO-PF 3-6', '4.00', '21'),
(930, 3, 76, 250, 'PRO-PF 3-7', '1.00', '21'),
(931, 3, 76, 257, 'PRO-PF 3-216', '1.00', '21'),
(932, 3, 77, 506, 'PRO-PF 5-1', '1.00', '21'),
(933, 3, 77, 507, 'PRO-PF 5-2', '1.00', '21'),
(934, 3, 77, 265, 'PRO-PF 5-3A', '8.00', '21'),
(935, 3, 77, 225, 'PRO-PF 5-4', '8.00', '21'),
(936, 3, 77, 251, 'PRO-PF 5-5A', '8.00', '21'),
(937, 3, 77, 508, 'PRO-PF 5-6', '1.00', '21'),
(938, 3, 77, 484, 'PRO-PF 5-7', '2.00', '21'),
(939, 3, 77, 408, 'PRO-PF 5-11', '1.00', '21'),
(940, 3, 77, 509, 'PRO-PF 5-12', '1.00', '21'),
(941, 3, 77, 253, 'PRO-PF 5-13', '2.00', '21'),
(942, 3, 77, 510, 'PRO-PF 5-14', '2.00', '21'),
(943, 3, 77, 511, 'PRO-PF 5-15', '2.00', '21'),
(944, 3, 77, 402, 'PRO-PF 5-20', '1.00', '21'),
(945, 3, 77, 9, 'PRO-PF 5-22', '3.00', '21'),
(946, 3, 77, 8, '005Q023', '2.00', '21'),
(947, 3, 78, 518, 'PRO-PF 8-1', '1.00', '21'),
(948, 3, 78, 519, 'PRO-PF 8-2', '1.00', '21'),
(949, 3, 78, 520, 'PRO-PF 8-3', '8.00', '21'),
(950, 3, 78, 223, 'PRO-PF 8-4', '8.00', '21'),
(951, 3, 78, 485, 'PRO-PF 8-5', '2.00', '21'),
(952, 3, 78, 521, 'PRO-PF 8-6', '6.00', '21'),
(953, 3, 78, 356, 'PRO-PF 8-9A', '1.00', '21'),
(954, 3, 78, 523, 'PRO-PF 8-11', '1.00', '21'),
(955, 3, 79, 191, 'PRO-PF 20-5', '2.00', '21'),
(956, 3, 79, 192, 'PRO-PF 20-6', '2.00', '21'),
(957, 3, 79, 658, 'PRO-PF 20-7', '2.00', '21'),
(958, 3, 79, 290, 'PRO-PF 20-9', '1.00', '21'),
(959, 3, 79, 372, 'PRO-PF 20-13', '2.00', '21'),
(960, 3, 79, 410, 'PRO-PF 20-301', '1.00', '21'),
(961, 3, 79, 169, 'PRO-PF 20-304', '2.00', '21'),
(962, 3, 79, 170, 'PRO-PF 20-310', '2.00', '21'),
(963, 3, 79, 194, 'PRO-PF 20-311', '2.00', '21'),
(964, 3, 79, 678, 'PRO-PF 20-312', '4.00', '21'),
(965, 3, 79, 449, 'PRO-PF 20-335', '2.00', '21'),
(966, 3, 79, 685, 'PRO-PF 20-343', '1.00', '21'),
(967, 3, 79, 686, 'PRO-PF 20-344', '1.00', '21'),
(968, 3, 79, 140, 'PRO-PF 20-331', '2.00', '21'),
(969, 3, 79, 689, 'PRO-PF 20-356', '2.00', '21'),
(970, 4, 100, 657, 'PRO-PF 20-1', '2.00', '21'),
(971, 4, 100, 659, 'PRO-PF 20-19', '2.00', '21'),
(972, 4, 100, 660, 'PRO-PF 20-45', '2.00', '21'),
(973, 4, 100, 661, 'PRO-PF 20-46', '2.00', '21'),
(974, 4, 100, 373, 'PRO-PF 20-47', '2.00', '21'),
(975, 4, 100, 662, 'PRO-PF 20-52', '2.00', '21'),
(976, 4, 100, 663, 'PRO-PF 20-56', '1.00', '21'),
(977, 4, 100, 664, 'PRO-PF 20-69', '1.00', '21'),
(978, 4, 100, 193, 'PRO-PF 20-71', '2.00', '21'),
(979, 4, 100, 665, 'PRO-PF 20-74', '4.00', '21'),
(980, 4, 100, 3454, 'PRO-PF 20-136', '2.00', '25'),
(981, 4, 100, 168, 'PRO-PF 20-137', '2.00', '21'),
(982, 4, 100, 669, 'PRO-PF 20-149', '1.00', '21'),
(983, 4, 100, 670, 'PRO-PF 20-151', '1.00', '21'),
(984, 4, 100, 671, 'PRO-PF 20-153', '1.00', '21'),
(985, 4, 100, 409, 'PRO-PF 20-164', '1.00', '21'),
(986, 4, 100, 673, 'PRO-PF 20-166', '2.00', '21'),
(987, 4, 100, 674, 'PRO-PF 20-167', '2.00', '21'),
(988, 4, 100, 374, 'PRO-PF 20-174', '4.00', '21'),
(989, 4, 100, 375, 'PRO-PF 20-175', '4.00', '21'),
(990, 4, 100, 4457, 'PRO-PF 20-934/234', '2.00', '21'),
(991, 4, 100, 676, 'PRO-PF 20-238', '2.00', '21'),
(992, 4, 100, 677, 'PRO-PF 20-239', '2.00', '21'),
(993, 4, 100, 171, 'PRO-PF 20-373', '4.00', '21'),
(994, 4, 100, 411, 'PRO-PF 20-445', '1.00', '21'),
(995, 4, 100, 172, 'PRO-PF 20-942', '1.00', '21'),
(996, 4, 100, 63, 'PRO-PF 20-958', '1.00', '21'),
(997, 4, 100, 64, 'PRO-PF 20-961', '1.00', '21'),
(998, 4, 100, 372, 'PRO-PF 20-13', '6.00', '21'),
(999, 4, 101, 528, 'PRO-PF 10-1', '1.00', '21'),
(1000, 4, 101, 529, 'PRO-PF 10-3', '4.00', '21'),
(1001, 4, 101, 397, 'PRO-PF 10-13', '4.00', '21'),
(1002, 4, 101, 530, 'PRO-PF 10-20', '1.00', '21'),
(1003, 4, 101, 531, 'PRO-PF 10-22', '5.00', '21'),
(1004, 4, 101, 532, 'PRO-PF 10-24', '2.00', '21'),
(1005, 4, 101, 4454, 'PRO-PF 10-25', '6.00', '21'),
(1006, 4, 101, 4448, 'PRO-PF 10-26', '4.00', '21'),
(1007, 4, 101, 4449, 'PRO-PF 10-27', '5.00', '21'),
(1008, 4, 101, 4450, 'PRO-PF 10-30', '2.00', '21'),
(1009, 4, 101, 4455, 'PRO-PF 10-31', '2.00', '21'),
(1010, 4, 101, 533, 'PRO-PF 10-32', '2.00', '21'),
(1011, 4, 101, 534, 'PRO-PF 10-33', '4.00', '21'),
(1012, 4, 101, 254, 'PRO-PF 10-35', '13.00', '21'),
(1013, 4, 101, 289, 'PRO-PF 10-47', '1.00', '21'),
(1014, 4, 101, 536, 'PRO-PF 10-51', '2.00', '21'),
(1015, 4, 101, 537, 'PRO-PF 10-102', '4.00', '21'),
(1016, 4, 101, 538, 'PRO-PF 10-109', '38.00', '21'),
(1017, 4, 101, 540, 'PRO-PF 10-112', '3.00', '21'),
(1018, 4, 101, 541, 'PRO-PF 10-118', '3.00', '21'),
(1019, 4, 101, 542, 'PRO-PF 10-120', '1.00', '21'),
(1020, 4, 101, 543, 'PRO-PF 10-122', '2.00', '21'),
(1021, 4, 101, 544, 'PRO-PF 10-124', '2.00', '21'),
(1022, 4, 101, 545, 'PRO-PF 10-146', '1.00', '21'),
(1023, 4, 101, 489, 'PRO-PF 10-229', '6.00', '21'),
(1024, 4, 101, 3485, 'PRO-PF 10-925', '6.00', '21'),
(1025, 4, 102, 554, 'PRO-PF 15-11', '2.00', '21'),
(1026, 4, 102, 555, 'PRO-PF 15-12', '2.00', '21'),
(1027, 4, 102, 556, 'PRO-PF 15-13', '2.00', '21'),
(1028, 4, 102, 557, 'PRO-PF 15-20', '4.00', '21'),
(1029, 4, 102, 96, 'PRO-PF 15-22', '2.00', '21'),
(1030, 4, 102, 97, 'PRO-PF 15-23', '2.00', '21'),
(1031, 4, 102, 558, 'PRO-PF 15-28', '2.00', '21'),
(1032, 4, 102, 562, 'PRO-PF 15-37', '2.00', '21'),
(1033, 4, 102, 392, 'PRO-PF 15-39A', '2.00', '21'),
(1034, 4, 102, 200, 'PRO-PF 15-41', '2.00', '21'),
(1035, 4, 102, 389, 'PRO-PF 15-43', '2.00', '21'),
(1036, 4, 102, 6, 'PRO-PF 15-102', '2.00', '21'),
(1037, 4, 102, 571, 'PRO-PF 15-741', '2.00', '21'),
(1038, 4, 102, 572, 'PRO-PF 15-742', '2.00', '21'),
(1039, 4, 102, 573, 'PRO-PF 15-743', '2.00', '21'),
(1040, 4, 102, 574, 'PRO-PF 15-744', '2.00', '21'),
(1041, 4, 102, 575, 'PRO-PF 15-745', '2.00', '21'),
(1042, 4, 102, 577, 'PRO-PF 15-910', '2.00', '21'),
(1043, 4, 103, 96, 'PRO-PF 15-22', '2.00', '21'),
(1044, 4, 103, 97, 'PRO-PF 15-23', '2.00', '21'),
(1045, 4, 103, 441, 'PRO-PF 15-29', '2.00', '21'),
(1046, 4, 103, 559, 'PRO-PF 15-31', '2.00', '21'),
(1047, 4, 103, 199, 'PRO-PF 15-35', '2.00', '21'),
(1048, 4, 103, 392, 'PRO-PF 15-39A', '2.00', '21'),
(1049, 4, 103, 565, 'PRO-PF 15-104', '2.00', '21'),
(1050, 4, 103, 7, 'PRO-PF 15-901', '2.00', '21'),
(1051, 4, 103, 183, 'PRO-PF 15-930', '2.00', '21'),
(1052, 4, 104, 241, 'PRO-PF 16-3 A', '1.00', '21'),
(1053, 4, 104, 358, 'PRO-PF 16-4', '1.00', '21'),
(1054, 4, 104, 359, 'PF 16-5', '1.00', '21'),
(1055, 4, 104, 360, 'PRO-PF 16-6', '1.00', '21'),
(1056, 4, 104, 184, 'PRO-PF 16-7', '1.00', '21'),
(1057, 4, 104, 185, 'PRO-PF 16-8', '1.00', '21'),
(1058, 4, 104, 580, 'PRO-PF 16-9', '1.00', '21'),
(1059, 4, 104, 186, 'PRO-PF 16-10', '1.00', '21'),
(1060, 4, 104, 187, 'PRO-PF 16-11', '2.00', '21'),
(1061, 4, 104, 478, 'PRO-PF 16-12', '2.00', '21'),
(1062, 4, 104, 442, 'PRO-PF 16-13', '6.00', '21'),
(1063, 4, 104, 361, 'PRO-PF 16-15', '1.00', '21'),
(1064, 4, 104, 583, 'PRO-PF 16-16', '1.00', '21'),
(1065, 4, 104, 363, 'PRO-PF 16-113', '1.00', '21'),
(1066, 4, 104, 364, 'PRO-PF 16-120', '1.00', '21'),
(1067, 4, 104, 584, 'PRO-PF 16-160', '1.00', '21'),
(1068, 4, 104, 188, 'PRO-PF 16-210', '1.00', '21'),
(1069, 4, 105, 137, 'PRO-PF 17-109', '1.00', '21'),
(1070, 4, 105, 365, 'PRO-PF 17-110', '2.00', '21'),
(1071, 4, 105, 468, 'PRO-PF 17-111', '1.00', '21'),
(1072, 4, 105, 469, 'PRO-PF 17-112', '1.00', '21'),
(1073, 4, 105, 589, 'PRO-PF 17-113', '1.00', '21');
INSERT INTO `assembly_details` (`ad_id`, `engine_id`, `assembly_id`, `item_id`, `pn_no`, `qty`, `uom`) VALUES
(1074, 4, 105, 590, 'PRO-PF 17-114', '2.00', '21'),
(1075, 4, 105, 98, 'PRO-PF 17-115', '1.00', '21'),
(1076, 4, 105, 209, 'PRO-PF 17-117', '1.00', '21'),
(1077, 4, 105, 366, 'PRO-PF 17-118', '1.00', '21'),
(1078, 4, 105, 591, 'PRO-PF 17-121', '1.00', '21'),
(1079, 4, 105, 189, 'PRO-PF 17-122', '1.00', '21'),
(1080, 4, 105, 592, 'PRO-PF 17-126', '1.00', '21'),
(1081, 4, 105, 367, 'PRO-PF 17-216', '1.00', '21'),
(1082, 4, 105, 593, 'PRO-PF 17-219', '1.00', '21'),
(1083, 4, 106, 445, 'PRO-PF 18-11', '1.00', '21'),
(1084, 4, 106, 611, 'PRO-PF 18-21', '1.00', '21'),
(1085, 4, 106, 139, 'PRO-PF 18-51', '1.00', '21'),
(1086, 4, 106, 206, 'PRO-PF 18-52', '1.00', '21'),
(1087, 4, 106, 207, 'PRO-PF 18-53', '1.00', '21'),
(1088, 4, 106, 167, 'PRO-PF 18-54', '1.00', '21'),
(1089, 4, 106, 190, 'PRO-PF 18-55', '1.00', '21'),
(1090, 4, 106, 612, 'PRO-PF 18-56', '2.00', '21'),
(1091, 4, 106, 470, 'PRO-PF 18-57', '1.00', '21'),
(1092, 4, 106, 471, 'PRO-PF 18-58', '2.00', '21'),
(1093, 4, 106, 472, 'PRO-PF 18-59', '1.00', '21'),
(1094, 4, 106, 613, 'PRO-PF 18-60', '1.00', '21'),
(1095, 4, 106, 369, 'PRO-PF 18-61A', '1.00', '21'),
(1096, 4, 106, 370, 'PRO-PF 18-62', '2.00', '21'),
(1097, 4, 107, 619, 'PRO-PF 19-5', '1.00', '21'),
(1098, 4, 107, 394, 'PRO-PF 19-6A', '1.00', '21'),
(1099, 4, 107, 396, 'PRO-PF 19-7', '1.00', '21'),
(1100, 4, 107, 621, 'PRO-PF 19-9', '1.00', '21'),
(1101, 4, 107, 622, 'PRO-PF 19-10', '1.00', '21'),
(1102, 4, 107, 623, 'PRO-PF 19-11', '1.00', '21'),
(1103, 4, 107, 624, 'PRO-PF 19-12', '1.00', '21'),
(1104, 4, 107, 625, 'PRO-PF 19-13', '1.00', '21'),
(1105, 4, 107, 626, 'PRO-PF 19-14', '1.00', '21'),
(1106, 4, 107, 627, 'PRO-PF 19-15', '1.00', '21'),
(1107, 4, 107, 634, 'PRO-PF 19-22', '2.00', '21'),
(1108, 4, 107, 635, 'PRO-PF 19-23', '2.00', '21'),
(1109, 4, 107, 641, 'PRO-PF 19-29', '4.00', '21'),
(1110, 4, 107, 642, 'PRO-PF 19-30', '1.00', '21'),
(1111, 4, 107, 643, 'PRO-PF 19-101', '1.00', '21'),
(1112, 4, 108, 492, 'PRO-PF 1-1', '1.00', '21'),
(1113, 4, 108, 493, 'PRO-PF 1-2', '1.00', '21'),
(1114, 4, 108, 136, 'PRO-PF 1-3', '2.00', '21'),
(1115, 4, 108, 4437, 'PRO-PF 1-4', '1.00', '21'),
(1116, 4, 108, 4438, 'PRO-PF 1-6', '1.00', '21'),
(1117, 4, 108, 256, 'PRO-PF 1-7', '2.00', '21'),
(1118, 4, 108, 243, 'PRO-PF 1-8', '1.00', '21'),
(1119, 4, 108, 244, 'PRO-PF 1-9', '1.00', '21'),
(1120, 4, 108, 245, 'PRO-PF 1-10', '1.00', '21'),
(1121, 4, 108, 246, 'PRO-PF 1-11', '1.00', '21'),
(1122, 4, 108, 247, 'PRO-PF 1-12', '1.00', '21'),
(1123, 4, 108, 248, 'PRO-PF 1-13', '1.00', '21'),
(1124, 4, 108, 4456, 'PRO-PF 1-14', '2.00', '21'),
(1125, 4, 108, 466, 'PRO-PF 1-15', '2.00', '21'),
(1126, 4, 108, 351, 'PRO-PF 1-16', '1.00', '21'),
(1127, 4, 108, 494, 'PRO-PF 1-17', '1.00', '21'),
(1128, 4, 108, 352, 'PRO-PF 1-18', '1.00', '21'),
(1129, 4, 108, 495, 'PRO-PF 1-19', '2.00', '21'),
(1130, 4, 108, 496, 'PRO-PF 1-20', '1.00', '21'),
(1131, 4, 108, 497, 'PRO-PF 1-21', '1.00', '21'),
(1132, 4, 108, 498, 'PRO-PF 1-22', '1.00', '21'),
(1133, 4, 108, 249, 'PRO-PF 1-23', '1.00', '21'),
(1134, 4, 108, 353, 'PRO-PF 1-24A', '1.00', '21'),
(1135, 4, 108, 499, 'PRO-PF 1-25', '1.00', '21'),
(1136, 4, 108, 500, 'PRO-PF 1-26', '2.00', '21'),
(1137, 4, 109, 504, 'PRO-PF 3-1', '1.00', '21'),
(1138, 4, 109, 505, 'PRO-PF 3-2', '1.00', '21'),
(1139, 4, 109, 4439, 'PRO-PF 3-3', '1.00', '21'),
(1140, 4, 109, 4440, 'PRO-PF 3-4', '1.00', '21'),
(1141, 4, 109, 222, 'PRO-PF 3-5', '4.00', '21'),
(1142, 4, 109, 1, 'PRO-PF 3-6', '4.00', '21'),
(1143, 4, 109, 250, 'PRO-PF 3-7', '1.00', '21'),
(1144, 4, 109, 257, 'PRO-PF 3-216', '1.00', '21'),
(1145, 4, 110, 506, 'PRO-PF 5-1', '1.00', '21'),
(1146, 4, 110, 507, 'PRO-PF 5-2', '1.00', '21'),
(1147, 4, 110, 265, 'PRO-PF 5-3A', '8.00', '21'),
(1148, 4, 110, 225, 'PRO-PF 5-4', '8.00', '21'),
(1149, 4, 110, 251, 'PRO-PF 5-5A', '8.00', '21'),
(1150, 4, 110, 508, 'PRO-PF 5-6', '1.00', '21'),
(1151, 4, 110, 484, 'PRO-PF 5-7', '2.00', '21'),
(1152, 4, 110, 408, 'PRO-PF 5-11', '1.00', '21'),
(1153, 4, 110, 509, 'PRO-PF 5-12', '1.00', '21'),
(1154, 4, 110, 253, 'PRO-PF 5-13', '2.00', '21'),
(1155, 4, 110, 510, 'PRO-PF 5-14', '2.00', '21'),
(1156, 4, 110, 511, 'PRO-PF 5-15', '2.00', '21'),
(1157, 4, 110, 402, 'PRO-PF 5-20', '1.00', '21'),
(1158, 4, 110, 9, 'PRO-PF 5-22', '3.00', '21'),
(1159, 4, 110, 10, 'PRO-PF 5-23', '2.00', '21'),
(1160, 4, 111, 518, 'PRO-PF 8-1', '1.00', '21'),
(1161, 4, 111, 519, 'PRO-PF 8-2', '1.00', '21'),
(1162, 4, 111, 520, 'PRO-PF 8-3', '8.00', '21'),
(1163, 4, 111, 223, 'PRO-PF 8-4', '8.00', '21'),
(1164, 4, 111, 485, 'PRO-PF 8-5', '2.00', '21'),
(1165, 4, 111, 521, 'PRO-PF 8-6', '6.00', '21'),
(1167, 4, 111, 356, 'PRO-PF 8-9A', '1.00', '21'),
(1168, 4, 111, 523, 'PRO-PF 8-11', '1.00', '21'),
(1169, 4, 112, 191, 'PRO-PF 20-5', '2.00', '21'),
(1170, 4, 112, 192, 'PRO-PF 20-6', '2.00', '21'),
(1171, 4, 112, 658, 'PRO-PF 20-7', '2.00', '21'),
(1172, 4, 112, 290, 'PRO-PF 20-9', '1.00', '21'),
(1173, 4, 112, 372, 'PRO-PF 20-13', '2.00', '21'),
(1174, 4, 112, 410, 'PRO-PF 20-301', '1.00', '21'),
(1175, 4, 112, 169, 'PRO-PF 20-304', '2.00', '21'),
(1176, 4, 112, 170, 'PRO-PF 20-310', '2.00', '21'),
(1177, 4, 112, 194, 'PRO-PF 20-311', '2.00', '21'),
(1178, 4, 112, 678, 'PRO-PF 20-312', '4.00', '21'),
(1179, 4, 112, 449, 'PRO-PF 20-335', '2.00', '21'),
(1180, 4, 112, 685, 'PRO-PF 20-343', '1.00', '21'),
(1181, 4, 112, 686, 'PRO-PF 20-344', '1.00', '21'),
(1182, 4, 112, 140, 'PRO-PF 20-331', '2.00', '21'),
(1183, 4, 112, 689, 'PRO-PF 20-356', '2.00', '21'),
(1184, 4, 113, 694, 'PRO-PF 22-1', '1.00', '21'),
(1185, 4, 113, 695, 'PRO-PF 22-2', '1.00', '21'),
(1186, 4, 113, 483, 'PRO-PF 22-3', '1.00', '21'),
(1187, 4, 113, 173, 'PRO-PF 22-4', '1.00', '21'),
(1188, 4, 113, 174, 'PRO-PF 22-5', '2.00', '21'),
(1189, 4, 113, 141, 'PRO-PF 22-6', '3.00', '21'),
(1190, 4, 113, 377, 'PRO-PF 22-7', '3.00', '21'),
(1191, 4, 113, 477, 'PRO-PF 22-15', '1.00', '21'),
(1192, 4, 113, 696, 'PRO-PF 22-16', '2.00', '21'),
(1193, 4, 113, 698, 'PRO-PF 22-105-1', '1.00', '21'),
(1194, 4, 113, 699, 'PRO-PF 22-105-2', '2.00', '21'),
(1195, 4, 113, 142, 'PRO-PF 22-105-3', '2.00', '21'),
(1196, 4, 113, 700, 'PRO-PF 22-105-4', '2.00', '21'),
(1197, 4, 113, 701, 'PRO-PF 22-105-5', '2.00', '21'),
(1198, 4, 113, 702, 'PRO-PF 22-105-6', '2.00', '21'),
(1199, 4, 113, 703, 'PRO-PF 22-105-7', '2.00', '21'),
(1200, 4, 113, 476, 'PRO-PF 22-105-8', '1.00', '21'),
(1201, 4, 113, 708, 'PRO-PF 22-322', '2.00', '21'),
(1202, 4, 113, 709, 'PRO-PF 22-324', '2.00', '21'),
(1203, 4, 113, 450, 'PRO-PF 22-328', '2.00', '21'),
(1204, 4, 113, 710, 'PRO-PF 22-330', '2.00', '21'),
(1205, 4, 113, 446, 'PRO-PF 22-332', '4.00', '21'),
(1206, 4, 116, 413, 'PRO-PF 30-1', '1.00', '21'),
(1207, 4, 116, 379, 'PRO-PF 30-2', '1.00', '21'),
(1208, 4, 116, 214, 'PRO-PF 30-3', '1.00', '21'),
(1209, 4, 116, 176, 'PRO-PF 30-4', '1.00', '21'),
(1210, 4, 116, 69, 'PRO-PF 30-5', '1.00', '21'),
(1211, 4, 116, 444, 'PRO-PF 30-6', '1.00', '21'),
(1212, 4, 116, 255, 'PRO-PF 30-7', '6.00', '21'),
(1213, 4, 116, 380, 'PRO-PF 30-8', '1.00', '21'),
(1214, 4, 116, 371, 'PRO-PF 30-9', '1.00', '21'),
(1215, 4, 116, 381, 'PRO-PF 30-10', '1.00', '21'),
(1216, 4, 116, 765, 'PRO-PF 30-12', '1.00', '21'),
(1217, 4, 116, 766, 'PRO-PF 30-13', '1.00', '21'),
(1218, 4, 116, 4451, 'PRO-PF 30-14', '1.00', '21'),
(1219, 4, 116, 767, 'PRO-PF 30-16', '1.00', '21'),
(1220, 4, 116, 768, 'PRO-PF 30-16-2', '1.00', '21'),
(1221, 4, 116, 769, 'PRO-PF 30-16-3', '1.00', '21'),
(1222, 4, 116, 770, 'PRO-PF 30-16-34', '4.00', '21'),
(1223, 4, 116, 382, 'PRO-PF 30-18', '1.00', '21'),
(1224, 4, 116, 144, 'PRO-PF 30-19', '1.00', '21'),
(1225, 4, 116, 771, 'PRO-PF 30-20', '1.00', '21'),
(1226, 4, 116, 772, 'PRO-PF 30-21', '1.00', '21'),
(1227, 4, 116, 177, 'PRO-PF 30-22', '1.00', '21'),
(1228, 4, 116, 773, 'PRO-PF 30-23', '1.00', '21'),
(1229, 4, 116, 774, 'PRO-PF 30-24', '1.00', '21'),
(1230, 4, 116, 383, 'PRO-PF 30-25', '1.00', '21'),
(1231, 4, 116, 178, 'PRO-PF 30-26', '1.00', '21'),
(1232, 4, 116, 216, 'PRO-PF 30-27', '1.00', '21'),
(1233, 4, 116, 777, 'PRO-PF 30-30', '1.00', '21'),
(1234, 4, 116, 384, 'PRO-PF 30-31', '1.00', '21'),
(1235, 4, 116, 778, 'PRO-PF 30-33', '1.00', '21'),
(1236, 4, 116, 779, 'PRO-PF 30-34', '2.00', '21'),
(1237, 4, 116, 780, 'PRO-PF 30-35', '1.00', '21'),
(1238, 4, 116, 291, 'PRO-PF 30-36', '1.00', '21'),
(1239, 4, 117, 812, 'PRO-PF 32-101', '2.00', '21'),
(1240, 4, 117, 792, 'PRO-PF 32-2', '2.00', '21'),
(1241, 4, 117, 793, 'PRO-PF 32-4', '2.00', '21'),
(1242, 4, 117, 794, 'PRO-PF 32-6', '4.00', '21'),
(1243, 4, 117, 795, 'PRO-PF 32-7', '2.00', '21'),
(1244, 4, 117, 796, 'PRO-PF 32-10', '2.00', '21'),
(1245, 4, 117, 797, 'PRO-PF 32-13', '1.00', '21'),
(1246, 4, 117, 385, 'PRO-PF 32-18', '4.00', '21'),
(1247, 4, 117, 799, 'PRO-PF 32-24', '8.00', '21'),
(1248, 4, 117, 801, 'PRO-PF 32-27', '1.00', '21'),
(1249, 4, 117, 180, 'PRO-PF 32-290', '1.00', '21'),
(1250, 4, 117, 386, 'PRO-PF 32-30', '1.00', '21'),
(1251, 4, 117, 70, 'PRO-PF 32-31', '1.00', '21'),
(1252, 4, 117, 803, 'PRO-PF 32-32', '1.00', '21'),
(1253, 4, 117, 217, 'PRO-PF 32-35', '2.00', '21'),
(1254, 4, 117, 804, 'PRO-PF 32-40', '1.00', '21'),
(1255, 4, 117, 218, 'PRO-PF 32-43', '1.00', '21'),
(1256, 4, 117, 305, 'PRO-PF 32-51', '2.00', '21'),
(1257, 4, 117, 805, 'PRO-PF 32-52', '2.00', '21'),
(1258, 4, 117, 219, 'PRO-PF 32-53', '1.00', '21'),
(1259, 4, 117, 242, 'PRO-PF 32-59', '1.00', '21'),
(1260, 4, 117, 474, 'PRO-PF 32-60', '1.00', '21'),
(1261, 4, 117, 809, 'PRO-PF 32-61', '1.00', '21'),
(1262, 4, 117, 818, 'PRO-PF 32-116', '4.00', '21'),
(1263, 4, 117, 4441, 'PRO-PF 32-117', '1.00', '21'),
(1264, 4, 117, 195, 'PRO-PF 32-119A', '4.00', '21'),
(1265, 4, 117, 819, 'PRO-PF 32-120', '4.00', '21'),
(1266, 4, 117, 54, 'PRO-PF 32-122', '1.00', '21'),
(1267, 4, 117, 820, 'PRO-PF 32-126', '1.00', '21'),
(1268, 4, 117, 71, 'PRO-PF 32-146A', '1.00', '21'),
(1269, 4, 117, 4442, 'PRO-PF 32-244', '1.00', '21'),
(1270, 4, 117, 4443, 'PRO-PF 32-249', '1.00', '21'),
(1271, 4, 117, 4444, 'PRO-PF 32-254', '1.00', '21'),
(1272, 4, 117, 14, 'PRO-PF 32-915', '1.00', '21'),
(1273, 4, 117, 80, 'PRO-PF 32-940', '1.00', '21'),
(1274, 4, 117, 306, 'PRO-PF 32-942', '1.00', '21'),
(1275, 4, 117, 4445, 'PRO-PF 32-943', '1.00', '21'),
(1276, 4, 118, 832, 'PRO-PF 35-101', '1.00', '21'),
(1277, 4, 118, 260, 'PRO-PF 35-5', '1.00', '21'),
(1278, 4, 118, 825, 'PRO-PF 35-6', '6.00', '21'),
(1279, 4, 118, 827, 'PRO-PF 35-14', '6.00', '21'),
(1280, 4, 118, 828, 'PRO-PF 35-15', '6.00', '21'),
(1281, 4, 119, 260, 'PRO-PF 35-5', '1.00', '21'),
(1282, 4, 119, 825, 'PRO-PF 35-6', '6.00', '21'),
(1283, 4, 119, 827, 'PRO-PF 35-14', '6.00', '21'),
(1284, 4, 119, 828, 'PRO-PF 35-15', '6.00', '21'),
(1285, 4, 119, 833, 'PRO-PF 35-116', '1.00', '21'),
(1286, 4, 119, 834, 'PRO-PF 35-117', '8.00', '21'),
(1287, 4, 119, 836, 'PRO-PF 35-118', '8.00', '21'),
(1288, 4, 119, 407, 'PRO-PF 35-201', '1.00', '21'),
(1289, 4, 119, 292, 'PRO-PF35-208', '1.00', '21'),
(1290, 4, 120, 447, 'PRO-PF 40-4', '2.00', '21'),
(1291, 4, 120, 149, 'PRO-PF 40-6', '1.00', '21'),
(1292, 4, 120, 448, 'PRO-PF 40-7', '1.00', '21'),
(1293, 4, 120, 841, 'PRO-PF 40-9', '2.00', '21'),
(1294, 4, 120, 842, 'PRO-PF 40-10', '3.00', '21'),
(1295, 4, 120, 843, 'PRO-PF 40-11', '4.00', '21'),
(1296, 4, 120, 400, 'PRO-PF 40-14', '2.00', '21'),
(1297, 4, 120, 151, 'PRO-PF 40-15', '1.00', '21'),
(1298, 4, 120, 4446, 'PRO-PF 40-16', '1.00', '21'),
(1299, 4, 120, 55, 'PRO-PF 40-101', '1.00', '21'),
(1300, 4, 120, 849, 'PRO-PF 40-104', '1.00', '21'),
(1301, 4, 120, 4452, 'PRO-PF 40-119', '2.00', '21'),
(1302, 4, 121, 102, 'PRO-PF 42-1', '1.00', '21'),
(1303, 4, 121, 855, 'PRO-PF 42-2', '1.00', '21'),
(1304, 4, 121, 856, 'PRO-PF 42-3', '2.00', '21'),
(1305, 4, 121, 857, 'PRO-PF 42-4', '2.00', '21'),
(1306, 4, 121, 451, 'PRO-PF 42-5', '1.00', '21'),
(1307, 4, 121, 440, 'PRO-PF 42-6', '2.00', '21'),
(1308, 4, 121, 858, 'PRO-PF 42-7', '1.00', '21'),
(1309, 4, 121, 452, 'PRO-PF 42-8', '1.00', '21'),
(1310, 4, 121, 103, 'PRO-PF 42-9', '1.00', '21'),
(1311, 4, 121, 859, 'PRO-PF 42-10', '1.00', '21'),
(1312, 4, 128, 1449, 'PRO-PF 82-1', '1.00', '21'),
(1313, 4, 128, 122, 'PRO-PF 82-2', '1.00', '21'),
(1314, 4, 128, 123, 'PRO-PF 82-3', '3.00', '21'),
(1315, 4, 128, 1450, 'PRO-PF 82-4', '2.00', '21'),
(1316, 4, 128, 1451, 'PRO-PF 82-5', '2.00', '21'),
(1317, 4, 128, 124, 'PRO-PF 82-6', '1.00', '21'),
(1318, 4, 128, 332, 'PRO-PF 82-7', '1.00', '21'),
(1319, 4, 128, 475, 'PRO-PF 82-8', '1.00', '21'),
(1320, 3, 80, 694, 'PRO-PF 22-1', '1.00', '21'),
(1321, 3, 80, 695, 'PRO-PF 22-2', '1.00', '21'),
(1322, 3, 80, 483, 'PRO-PF 22-3', '1.00', '21'),
(1323, 3, 80, 173, 'PRO-PF 22-4', '1.00', '21'),
(1324, 3, 80, 174, 'PRO-PF 22-5', '2.00', '21'),
(1325, 3, 80, 141, 'PRO-PF 22-6', '3.00', '21'),
(1326, 3, 80, 377, 'PRO-PF 22-7', '3.00', '21'),
(1327, 3, 80, 477, 'PRO-PF 22-15', '1.00', '21'),
(1328, 3, 80, 696, 'PRO-PF 22-16', '2.00', '21'),
(1329, 3, 80, 698, 'PRO-PF 22-105-1', '1.00', '21'),
(1330, 3, 80, 699, 'PRO-PF 22-105-2', '2.00', '21'),
(1331, 3, 80, 142, 'PRO-PF 22-105-3', '2.00', '21'),
(1332, 3, 80, 700, 'PRO-PF 22-105-4', '2.00', '21'),
(1333, 3, 80, 701, 'PRO-PF 22-105-5', '2.00', '21'),
(1334, 3, 80, 702, 'PRO-PF 22-105-6', '2.00', '21'),
(1335, 3, 80, 703, 'PRO-PF 22-105-7', '2.00', '21'),
(1336, 3, 80, 476, 'PRO-PF 22-105-8', '1.00', '21'),
(1337, 3, 80, 708, 'PRO-PF 22-322', '2.00', '21'),
(1338, 3, 80, 709, 'PRO-PF 22-324', '2.00', '21'),
(1339, 3, 80, 450, 'PRO-PF 22-328', '2.00', '21'),
(1340, 3, 80, 710, 'PRO-PF 22-330', '2.00', '21'),
(1341, 3, 80, 680, 'PRO-PF 20-332', '4.00', '21'),
(1343, 3, 80, 712, 'PRO-PF 22-903', '1.00', '21'),
(1344, 3, 83, 413, 'PRO-PF 30-1', '1.00', '21'),
(1345, 3, 83, 379, 'PRO-PF 30-2', '1.00', '21'),
(1346, 3, 83, 214, 'PRO-PF 30-3', '1.00', '21'),
(1347, 3, 83, 176, 'PRO-PF 30-4', '1.00', '21'),
(1348, 3, 83, 69, 'PRO-PF 30-5', '1.00', '21'),
(1349, 3, 83, 444, 'PRO-PF 30-6', '1.00', '21'),
(1350, 3, 83, 255, 'PRO-PF 30-7', '6.00', '21'),
(1351, 3, 83, 380, 'PRO-PF 30-8', '1.00', '21'),
(1352, 3, 83, 371, 'PRO-PF 30-9', '1.00', '21'),
(1353, 3, 83, 381, 'PRO-PF 30-10', '1.00', '21'),
(1354, 3, 83, 765, 'PRO-PF 30-12', '1.00', '21'),
(1355, 3, 83, 766, 'PRO-PF 30-13', '1.00', '21'),
(1356, 3, 83, 4451, 'PRO-PF 30-14', '1.00', '21'),
(1357, 3, 83, 767, 'PRO-PF 30-16', '1.00', '21'),
(1358, 3, 83, 768, 'PRO-PF 30-16-2', '1.00', '21'),
(1359, 3, 83, 769, 'PRO-PF 30-16-3', '1.00', '21'),
(1360, 3, 83, 770, 'PRO-PF 30-16-34', '4.00', '21'),
(1361, 3, 83, 382, 'PRO-PF 30-18', '1.00', '21'),
(1362, 3, 83, 144, 'PRO-PF 30-19', '1.00', '21'),
(1363, 3, 83, 771, 'PRO-PF 30-20', '1.00', '21'),
(1364, 3, 83, 772, 'PRO-PF 30-21', '1.00', '21'),
(1365, 3, 83, 177, 'PRO-PF 30-22', '1.00', '21'),
(1366, 3, 83, 773, 'PRO-PF 30-23', '1.00', '21'),
(1367, 3, 83, 774, 'PRO-PF 30-24', '1.00', '21'),
(1368, 3, 83, 383, 'PRO-PF 30-25', '1.00', '21'),
(1369, 3, 83, 178, 'PRO-PF 30-26', '1.00', '21'),
(1370, 3, 83, 216, 'PRO-PF 30-27', '1.00', '21'),
(1371, 3, 83, 777, 'PRO-PF 30-30', '1.00', '21'),
(1372, 3, 83, 384, 'PRO-PF 30-31', '1.00', '21'),
(1373, 3, 83, 778, 'PRO-PF 30-33', '1.00', '21'),
(1374, 3, 83, 779, 'PRO-PF 30-34', '2.00', '21'),
(1375, 3, 83, 780, 'PRO-PF 30-35', '1.00', '21'),
(1376, 3, 83, 291, 'PRO-PF 30-36', '1.00', '21'),
(1377, 3, 73, 369, 'PRO-PF 18-61A', '1.00', '21'),
(1378, 3, 73, 370, 'PRO-PF 18-62', '2.00', '21'),
(1379, 3, 84, 812, 'PRO-PF 32-101', '2.00', '21'),
(1380, 3, 84, 792, 'PRO-PF 32-2', '2.00', '21'),
(1381, 3, 84, 793, 'PRO-PF 32-4', '2.00', '21'),
(1382, 3, 84, 794, 'PRO-PF 32-6', '4.00', '21'),
(1383, 3, 84, 795, 'PRO-PF 32-7', '2.00', '21'),
(1384, 3, 84, 796, 'PRO-PF 32-10', '2.00', '21'),
(1385, 3, 84, 797, 'PRO-PF 32-13', '1.00', '21'),
(1386, 3, 84, 385, 'PRO-PF 32-18', '4.00', '21'),
(1387, 3, 84, 799, 'PRO-PF 32-24', '8.00', '21'),
(1388, 3, 84, 801, 'PRO-PF 32-27', '1.00', '21'),
(1389, 3, 84, 180, 'PRO-PF 32-290', '1.00', '21'),
(1390, 3, 84, 386, 'PRO-PF 32-30', '1.00', '21'),
(1391, 3, 84, 70, 'PRO-PF 32-31', '1.00', '21'),
(1392, 3, 84, 803, 'PRO-PF 32-32', '1.00', '21'),
(1395, 3, 84, 217, 'PRO-PF 32-35', '2.00', '21'),
(1396, 3, 84, 804, 'PRO-PF 32-40', '1.00', '21'),
(1397, 3, 84, 218, 'PRO-PF 32-43', '1.00', '21'),
(1398, 3, 84, 305, 'PRO-PF 32-51', '2.00', '21'),
(1399, 3, 84, 805, 'PRO-PF 32-52', '2.00', '21'),
(1400, 3, 84, 219, 'PRO-PF 32-53', '1.00', '21'),
(1401, 3, 84, 242, 'PRO-PF 32-59', '1.00', '21'),
(1402, 3, 84, 474, 'PRO-PF 32-60', '1.00', '21'),
(1403, 3, 84, 809, 'PRO-PF 32-61', '1.00', '21'),
(1404, 3, 84, 818, 'PRO-PF 32-116', '4.00', '21'),
(1405, 3, 84, 4441, 'PRO-PF 32-117', '1.00', '21'),
(1406, 3, 84, 195, 'PRO-PF 32-119A', '4.00', '21'),
(1407, 3, 84, 819, 'PRO-PF 32-120', '4.00', '21'),
(1408, 3, 84, 54, 'PRO-PF 32-122', '1.00', '21'),
(1409, 3, 84, 820, 'PRO-PF 32-126', '1.00', '21'),
(1410, 3, 84, 71, 'PRO-PF 32-146A', '1.00', '21'),
(1411, 3, 84, 4442, 'PRO-PF 32-244', '1.00', '21'),
(1412, 3, 84, 4443, 'PRO-PF 32-249', '1.00', '21'),
(1413, 3, 84, 4444, 'PRO-PF 32-254', '1.00', '21'),
(1414, 3, 84, 14, 'PRO-PF 32-915', '1.00', '21'),
(1415, 3, 84, 80, 'PRO-PF 32-940', '1.00', '21'),
(1416, 3, 84, 306, 'PRO-PF 32-942', '1.00', '21'),
(1417, 3, 84, 4445, 'PRO-PF 32-943', '1.00', '21'),
(1418, 3, 85, 832, 'PRO-PF 35-101', '1.00', '21'),
(1419, 3, 85, 260, 'PRO-PF 35-5', '1.00', '21'),
(1420, 3, 85, 825, 'PRO-PF 35-6', '6.00', '21'),
(1421, 3, 85, 827, 'PRO-PF 35-14', '6.00', '21'),
(1422, 3, 85, 828, 'PRO-PF 35-15', '6.00', '21'),
(1423, 3, 86, 260, 'PRO-PF 35-5', '1.00', '21'),
(1424, 3, 86, 825, 'PRO-PF 35-6', '6.00', '21'),
(1425, 3, 86, 827, 'PRO-PF 35-14', '6.00', '21'),
(1426, 3, 86, 828, 'PRO-PF 35-15', '6.00', '21'),
(1427, 3, 86, 833, 'PRO-PF 35-116', '1.00', '21'),
(1428, 3, 86, 834, 'PRO-PF 35-117', '8.00', '21'),
(1429, 3, 86, 836, 'PRO-PF 35-118', '8.00', '21'),
(1430, 3, 86, 407, 'PRO-PF 35-201', '1.00', '21'),
(1431, 3, 86, 292, 'PRO-PF35-208', '1.00', '21'),
(1432, 3, 87, 447, 'PRO-PF 40-4', '2.00', '21'),
(1433, 3, 87, 149, 'PRO-PF 40-6', '1.00', '21'),
(1434, 3, 87, 448, 'PRO-PF 40-7', '1.00', '21'),
(1435, 3, 87, 4446, 'PRO-PF 40-16', '1.00', '21'),
(1436, 3, 87, 151, 'PRO-PF 40-15', '1.00', '21'),
(1437, 3, 87, 841, 'PRO-PF 40-9', '2.00', '21'),
(1438, 3, 87, 842, 'PRO-PF 40-10', '3.00', '21'),
(1439, 3, 87, 843, 'PRO-PF 40-11', '4.00', '21'),
(1440, 3, 87, 400, 'PRO-PF 40-14', '2.00', '21'),
(1441, 3, 87, 55, 'PRO-PF 40-101', '1.00', '21'),
(1442, 3, 87, 849, 'PRO-PF 40-104', '1.00', '21'),
(1443, 3, 87, 4452, 'PRO-PF 40-119', '2.00', '21'),
(1444, 3, 88, 102, 'PRO-PF 42-1', '1.00', '21'),
(1445, 3, 88, 855, 'PRO-PF 42-2', '1.00', '21'),
(1447, 3, 88, 856, 'PRO-PF 42-3', '2.00', '21'),
(1448, 3, 88, 857, 'PRO-PF 42-4', '2.00', '21'),
(1449, 3, 88, 451, 'PRO-PF 42-5', '1.00', '21'),
(1450, 3, 88, 440, 'PRO-PF 42-6', '2.00', '21'),
(1451, 3, 88, 858, 'PRO-PF 42-7', '1.00', '21'),
(1452, 3, 88, 452, 'PRO-PF 42-8', '1.00', '21'),
(1453, 3, 88, 103, 'PRO-PF 42-9', '1.00', '21'),
(1454, 3, 88, 859, 'PRO-PF 42-10', '1.00', '21'),
(1455, 3, 88, 860, 'PRO-PF 42-11', '1.00', '21'),
(1456, 3, 89, 1206, 'PRO-PF 70-1', '1.00', '21'),
(1457, 3, 89, 1207, 'PRO-PF 70-6', '1.00', '21'),
(1458, 3, 89, 1208, 'PRO-PF 70-9', '2.00', '21'),
(1459, 3, 89, 1209, 'PRO-PF 70-11', '14.00', '21'),
(1460, 3, 89, 1210, 'PRO-PF 70-12', '24.00', '21'),
(1461, 3, 89, 1211, 'PRO-PF 70-13', '24.00', '21'),
(1462, 3, 89, 4453, 'PRO-PF 70-14', '15.00', '21'),
(1463, 3, 89, 1212, 'PRO-PF 70-15', '2.00', '21'),
(1464, 3, 89, 1213, 'PRO-PF 70-16', '2.00', '21'),
(1465, 3, 89, 1214, 'PRO-PF 70-17', '2.00', '21'),
(1466, 3, 89, 1215, 'PRO-PF 70-18', '16.00', '21'),
(1467, 3, 89, 1216, 'PRO-PF 70-20', '2.00', '21'),
(1468, 3, 89, 1217, 'PRO-PF 70-21', '2.00', '21'),
(1469, 3, 89, 1218, 'PRO-PF 70-23', '2.00', '21'),
(1470, 3, 95, 1449, 'PRO-PF 82-1', '1.00', '21'),
(1471, 3, 95, 122, 'PRO-PF 82-2', '1.00', '21'),
(1472, 3, 95, 123, 'PRO-PF 82-3', '1.00', '21'),
(1473, 3, 95, 1450, 'PRO-PF 82-4', '2.00', '21'),
(1474, 3, 95, 1451, 'PRO-PF 82-5', '2.00', '21'),
(1475, 3, 95, 124, 'PRO-PF 82-6', '1.00', '21'),
(1476, 3, 95, 332, 'PRO-PF 82-7', '1.00', '21'),
(1477, 3, 95, 475, 'PRO-PF 82-8', '1.00', '21'),
(1478, 1, 5, 359, 'PRO-PF 16-5', '1.00', '21'),
(1479, 1, 21, 55, 'PRO-PF 40-101', '1.00', '21'),
(1480, 1, 21, 849, 'PRO-PF 40-104', '1.00', '21'),
(1481, 1, 21, 4452, 'PRO-PF 40-119', '2.00', '21'),
(1482, 1, 29, 1449, 'PRO-PF 82-1', '1.00', '21'),
(1483, 1, 29, 122, 'PRO-PF 82-2', '1.00', '21'),
(1484, 1, 29, 123, 'PRO-PF 82-3', '1.00', '21'),
(1485, 1, 29, 1450, 'PRO-PF 82-4', '2.00', '21'),
(1486, 1, 29, 1451, 'PRO-PF 82-5', '2.00', '21'),
(1487, 1, 29, 124, 'PRO-PF 82-6', '1.00', '21'),
(1488, 1, 29, 332, 'PRO-PF 82-7', '1.00', '21'),
(1489, 1, 29, 475, 'PRO-PF 82-8', '1.00', '21'),
(1490, 1, 2, 3485, 'PRO-PF 10-925', '6.00', '21'),
(1491, 3, 81, 99, 'PRO-PF 24-1', '0.00', '21'),
(1492, 3, 81, 11, 'PRO-PF 24-2', '0.00', '21'),
(1493, 3, 81, 713, 'PRO-PF 24-3', '0.00', '21'),
(1494, 3, 81, 714, 'PRO-PF 24-5', '0.00', '21'),
(1495, 3, 81, 715, 'PRO-PF 24-6', '0.00', '21'),
(1496, 3, 81, 716, 'PRO-PF 24-7', '0.00', '21'),
(1497, 3, 81, 722, 'PRO-PF 24-208', '0.00', '21'),
(1498, 3, 81, 12, 'PRO-PF 24-209', '0.00', '21'),
(1499, 3, 81, 723, 'PRO-PF 24-210', '0.00', '21'),
(1500, 3, 81, 725, 'PRO-PF 24-503', '0.00', '21'),
(1501, 2, 48, 99, 'PRO-PF 24-1', '0.00', '21'),
(1502, 2, 48, 11, 'PRO-PF 24-2', '0.00', '21'),
(1503, 2, 48, 713, 'PRO-PF 24-3', '0.00', '21'),
(1504, 2, 48, 714, 'PRO-PF 24-5', '0.00', '21'),
(1505, 2, 48, 715, 'PRO-PF 24-6', '0.00', '21'),
(1506, 2, 48, 716, 'PRO-PF 24-7', '0.00', '21'),
(1507, 2, 48, 722, 'PRO-PF 24-208', '0.00', '21'),
(1508, 2, 48, 12, 'PRO-PF 24-209', '0.00', '21'),
(1509, 2, 48, 723, 'PRO-PF 24-210', '0.00', '21'),
(1510, 2, 48, 725, 'PRO-PF 24-503', '0.00', '21'),
(1511, 1, 15, 99, 'PRO-PF 24-1', '0.00', '21'),
(1512, 1, 15, 11, 'PRO-PF 24-2', '0.00', '21'),
(1513, 1, 15, 713, 'PRO-PF 24-3', '0.00', '21'),
(1514, 1, 15, 714, 'PRO-PF 24-5', '0.00', '21'),
(1515, 1, 15, 715, 'PRO-PF 24-6', '0.00', '21'),
(1516, 1, 15, 716, 'PRO-PF 24-7', '0.00', '21'),
(1517, 1, 15, 722, 'PRO-PF 24-208', '0.00', '21'),
(1518, 1, 15, 12, 'PRO-PF 24-209', '0.00', '21'),
(1519, 1, 15, 723, 'PRO-PF 24-210', '0.00', '21'),
(1520, 1, 15, 725, 'PRO-PF 24-503', '0.00', '21'),
(1521, 1, 16, 727, 'PRO-PF 25-002', '0.00', '21'),
(1522, 1, 16, 728, 'PRO-PF 25-003', '0.00', '21'),
(1523, 1, 16, 729, 'PRO-PF 25-004', '0.00', '21'),
(1524, 1, 16, 730, 'PRO-PF 25-005', '0.00', '21'),
(1525, 1, 16, 731, 'PRO-PF 25-006', '0.00', '21'),
(1526, 1, 16, 732, 'PRO-PF 25-010', '0.00', '21'),
(1527, 1, 16, 733, 'PRO-PF 25-013', '0.00', '21'),
(1528, 1, 16, 750, 'PRO-PF 25-101', '0.00', '21'),
(1529, 1, 16, 751, 'PRO-PF 25-107', '0.00', '21'),
(1530, 1, 16, 752, 'PRO-PF 25-108', '0.00', '21'),
(1531, 1, 16, 753, 'PRO-PF 25-109', '0.00', '21'),
(1532, 1, 16, 754, 'PRO-PF 25-114', '0.00', '21'),
(1533, 1, 16, 755, 'PRO-PF 25-115', '0.00', '21'),
(1534, 1, 16, 756, 'PRO-PF 25-116', '0.00', '21'),
(1535, 1, 16, 757, 'PRO-PF 25-121', '0.00', '21'),
(1537, 1, 16, 758, 'PRO-PF 25-122', '0.00', '21'),
(1538, 1, 16, 759, 'PRO-PF 25-123', '0.00', '21'),
(1539, 1, 16, 760, 'PRO-PF 25-124', '0.00', '21'),
(1540, 1, 23, 1206, 'PRO-PF 70-1', '0.00', '21'),
(1541, 1, 23, 1207, 'PRO-PF 70-6', '0.00', '21'),
(1542, 1, 23, 1208, 'PRO-PF 70-9', '0.00', '21'),
(1543, 1, 23, 1209, 'PRO-PF 70-11', '0.00', '21'),
(1544, 1, 23, 1210, 'PRO-PF 70-12', '0.00', '21'),
(1545, 1, 23, 1211, 'PRO-PF 70-13', '0.00', '21'),
(1546, 1, 23, 4453, 'PRO-PF 70-14', '0.00', '21'),
(1547, 1, 23, 1212, 'PRO-PF 70-15', '0.00', '21'),
(1548, 1, 23, 1213, 'PRO-PF 70-16', '0.00', '21'),
(1549, 1, 23, 1214, 'PRO-PF 70-17', '0.00', '21'),
(1550, 1, 23, 1215, 'PRO-PF 70-18', '0.00', '21'),
(1551, 1, 23, 1216, 'PRO-PF 70-20', '0.00', '21'),
(1552, 1, 23, 1217, 'PRO-PF 70-21', '0.00', '21'),
(1553, 1, 23, 1218, 'PRO-PF 70-23', '0.00', '21'),
(1554, 1, 24, 1219, 'PRO-PF 71-1', '0.00', '21'),
(1555, 1, 24, 1220, 'PRO-PF 71-2', '0.00', '21'),
(1556, 1, 24, 1221, 'PRO-PF 71-3', '0.00', '21'),
(1557, 1, 24, 1241, 'PRO-PF 71-104', '0.00', '21'),
(1558, 1, 24, 1242, 'PRO-PF 71-105', '0.00', '21'),
(1559, 1, 24, 1223, 'PRO-PF 71-7', '0.00', '21'),
(1560, 1, 24, 1225, 'PRO-PF 71-9', '0.00', '21'),
(1561, 1, 24, 1226, 'PRO-PF 71-10', '0.00', '21'),
(1562, 1, 24, 1227, 'PRO-PF 71-11', '0.00', '21'),
(1563, 1, 24, 1228, 'PRO-PF 71-12', '0.00', '21'),
(1564, 1, 24, 1229, 'PRO-PF 71-13', '0.00', '21'),
(1565, 1, 24, 326, 'PRO-PF 71-14', '0.00', '21'),
(1566, 1, 24, 1230, 'PRO-PF 71-15', '0.00', '21'),
(1567, 1, 24, 1231, 'PRO-PF 71-16', '0.00', '21'),
(1568, 1, 24, 1232, 'PRO-PF 71-18', '0.00', '21'),
(1569, 1, 24, 1233, 'PRO-PF 71-19', '0.00', '21'),
(1570, 1, 24, 1234, 'PRO-PF 71-20', '0.00', '21'),
(1571, 1, 24, 1235, 'PRO-PF 71-21', '0.00', '21'),
(1572, 1, 24, 1236, 'PRO-PF 71-22', '0.00', '21'),
(1573, 1, 24, 1237, 'PRO-PF 71-23', '0.00', '21'),
(1574, 1, 24, 1238, 'PRO-PF 71-24', '0.00', '21'),
(1576, 1, 24, 1239, 'PRO-PF 71-25', '0.00', '21'),
(1577, 1, 25, 1262, 'PRO-PF 72-401', '0.00', '21'),
(1578, 1, 25, 1249, 'PRO-PF 72-62', '0.00', '21'),
(1579, 1, 25, 1250, 'PRO-PF 72-63', '0.00', '21'),
(1580, 1, 25, 1253, 'PRO-PF 72-71', '0.00', '21'),
(1581, 1, 25, 1254, 'PRO-PF 72-72', '0.00', '21'),
(1582, 1, 25, 1255, 'PRO-PF 72-75', '0.00', '21'),
(1583, 1, 25, 1256, 'PRO-PF 72-76', '0.00', '21'),
(1584, 1, 26, 1263, 'PRO-PF 72-501', '0.00', '21'),
(1585, 1, 26, 1244, 'PRO-PF 72-28', '0.00', '21'),
(1586, 1, 26, 1245, 'PRO-PF 72-51', '0.00', '21'),
(1587, 1, 26, 1246, 'PRO-PF 72-52', '0.00', '21'),
(1588, 1, 26, 1247, 'PRO-PF 72-53', '0.00', '21'),
(1589, 1, 26, 1251, 'PRO-PF 72-64', '0.00', '21'),
(1591, 1, 26, 1252, 'PRO-PF 72-70', '0.00', '21'),
(1592, 1, 26, 1253, 'PRO-PF 72-71', '0.00', '21'),
(1593, 1, 26, 1254, 'PRO-PF 72-72', '0.00', '21'),
(1594, 1, 26, 1255, 'PRO-PF 72-75', '0.00', '21'),
(1595, 1, 26, 1256, 'PRO-PF 72-76', '0.00', '21'),
(1596, 1, 26, 1258, 'PRO-PF 72-83', '0.00', '21'),
(1597, 1, 26, 1259, 'PRO-PF 72-84', '0.00', '21'),
(1598, 1, 26, 1260, 'PRO-PF 72-85', '0.00', '21'),
(1599, 1, 26, 1261, 'PRO-PF 72-86', '0.00', '21'),
(1600, 1, 27, 1264, 'PRO-PF 73-1', '0.00', '21'),
(1601, 1, 27, 1265, 'PRO-PF 73-2', '0.00', '21'),
(1602, 1, 27, 1266, 'PRO-PF 73-3', '0.00', '21'),
(1603, 1, 27, 1267, 'PRO-PF 73-4', '0.00', '21'),
(1604, 1, 27, 121, 'PRO-PF 73-5', '0.00', '21'),
(1605, 1, 27, 293, 'PRO-PF 73-6', '0.00', '21'),
(1606, 1, 27, 1268, 'PRO-PF 73-7', '0.00', '21'),
(1607, 1, 27, 1269, 'PRO-PF 73-8', '0.00', '21'),
(1608, 1, 27, 1270, 'PRO-PF 73-9', '0.00', '21'),
(1609, 1, 27, 1271, 'PRO-PF 73-10', '0.00', '21'),
(1610, 1, 27, 1272, 'PRO-PF 73-11', '0.00', '21'),
(1611, 1, 27, 1273, 'PRO-PF 73-12', '0.00', '21'),
(1612, 3, 82, 727, 'PRO-PF 25-002', '0.00', '21'),
(1613, 3, 82, 728, 'PRO-PF 25-003', '0.00', '21'),
(1614, 3, 82, 729, 'PRO-PF 25-004', '0.00', '21'),
(1615, 3, 82, 730, 'PRO-PF 25-005', '0.00', '21'),
(1616, 3, 82, 731, 'PRO-PF 25-006', '0.00', '21'),
(1617, 3, 82, 732, 'PRO-PF 25-010', '0.00', '21'),
(1618, 3, 82, 733, 'PRO-PF 25-013', '0.00', '21'),
(1619, 3, 82, 750, 'PRO-PF 25-101', '0.00', '21'),
(1620, 3, 82, 751, 'PRO-PF 25-107', '0.00', '21'),
(1621, 3, 82, 752, 'PRO-PF 25-108', '0.00', '21'),
(1622, 3, 82, 753, 'PRO-PF 25-109', '0.00', '21'),
(1623, 3, 82, 754, 'PRO-PF 25-114', '0.00', '21'),
(1624, 3, 82, 755, 'PRO-PF 25-115', '0.00', '21'),
(1625, 3, 82, 756, 'PRO-PF 25-116', '0.00', '21'),
(1626, 3, 82, 757, 'PRO-PF 25-121', '0.00', '21'),
(1627, 3, 82, 758, 'PRO-PF 25-122', '0.00', '21'),
(1628, 3, 82, 759, 'PRO-PF 25-123', '0.00', '21'),
(1629, 3, 82, 760, 'PRO-PF 25-124', '0.00', '21'),
(1631, 3, 90, 1219, 'PRO-PF 71-1', '0.00', '21'),
(1632, 3, 90, 1220, 'PRO-PF 71-2', '0.00', '21'),
(1633, 3, 90, 1221, 'PRO-PF 71-3', '0.00', '21'),
(1634, 3, 90, 1241, 'PRO-PF 71-104', '0.00', '21'),
(1635, 3, 90, 1242, 'PRO-PF 71-105', '0.00', '21'),
(1636, 3, 90, 1223, 'PRO-PF 71-7', '0.00', '21'),
(1637, 3, 90, 1225, 'PRO-PF 71-9', '0.00', '21'),
(1638, 3, 90, 1226, 'PRO-PF 71-10', '0.00', '21'),
(1639, 3, 90, 1227, 'PRO-PF 71-11', '0.00', '21'),
(1640, 3, 90, 1228, 'PRO-PF 71-12', '0.00', '21'),
(1641, 3, 90, 1229, 'PRO-PF 71-13', '0.00', '21'),
(1642, 3, 90, 326, 'PRO-PF 71-14', '0.00', '21'),
(1643, 3, 90, 1230, 'PRO-PF 71-15', '0.00', '21'),
(1644, 3, 90, 1231, 'PRO-PF 71-16', '0.00', '21'),
(1645, 3, 90, 1232, 'PRO-PF 71-18', '0.00', '21'),
(1646, 3, 90, 1233, 'PRO-PF 71-19', '0.00', '21'),
(1647, 3, 90, 1234, 'PRO-PF 71-20', '0.00', '21'),
(1648, 3, 90, 1235, 'PRO-PF 71-21', '0.00', '21'),
(1649, 3, 90, 1236, 'PRO-PF 71-22', '0.00', '21'),
(1650, 3, 90, 1237, 'PRO-PF 71-23', '0.00', '21'),
(1651, 3, 90, 1238, 'PRO-PF 71-24', '0.00', '21'),
(1652, 3, 90, 1239, 'PRO-PF 71-25', '0.00', '21'),
(1653, 3, 91, 1262, 'PRO-PF 72-401', '0.00', '21'),
(1654, 3, 91, 1249, 'PRO-PF 72-62', '0.00', '21'),
(1655, 3, 91, 1250, 'PRO-PF 72-63', '0.00', '21'),
(1656, 3, 91, 1253, 'PRO-PF 72-71', '0.00', '21'),
(1657, 3, 91, 1254, 'PRO-PF 72-72', '0.00', '21'),
(1658, 3, 91, 1255, 'PRO-PF 72-75', '0.00', '21'),
(1659, 3, 91, 1256, 'PRO-PF 72-76', '0.00', '21'),
(1660, 3, 92, 1263, 'PRO-PF 72-501', '0.00', '21'),
(1661, 3, 92, 1244, 'PRO-PF 72-28', '0.00', '21'),
(1662, 3, 92, 1245, 'PRO-PF 72-51', '0.00', '21'),
(1663, 3, 92, 1246, 'PRO-PF 72-52', '0.00', '21'),
(1664, 3, 92, 1247, 'PRO-PF 72-53', '0.00', '21'),
(1665, 3, 92, 1251, 'PRO-PF 72-64', '0.00', '21'),
(1666, 3, 92, 1252, 'PRO-PF 72-70', '0.00', '21'),
(1667, 3, 92, 1253, 'PRO-PF 72-71', '0.00', '21'),
(1668, 3, 92, 1254, 'PRO-PF 72-72', '0.00', '21'),
(1669, 3, 92, 1255, 'PRO-PF 72-75', '0.00', '21'),
(1670, 3, 92, 1256, 'PRO-PF 72-76', '0.00', '21'),
(1671, 3, 92, 1258, 'PRO-PF 72-83', '0.00', '21'),
(1672, 3, 92, 1259, 'PRO-PF 72-84', '0.00', '21'),
(1673, 3, 92, 1260, 'PRO-PF 72-85', '0.00', '21'),
(1674, 3, 92, 1261, 'PRO-PF 72-86', '0.00', '21'),
(1675, 3, 93, 1264, 'PRO-PF 73-1', '0.00', '21'),
(1676, 3, 93, 1265, 'PRO-PF 73-2', '0.00', '21'),
(1677, 3, 93, 1266, 'PRO-PF 73-3', '0.00', '21'),
(1678, 3, 93, 1267, 'PRO-PF 73-4', '0.00', '21'),
(1679, 3, 93, 121, 'PRO-PF 73-5', '0.00', '21'),
(1680, 3, 93, 293, 'PRO-PF 73-6', '0.00', '21'),
(1681, 3, 93, 1268, 'PRO-PF 73-7', '0.00', '21'),
(1682, 3, 93, 1269, 'PRO-PF 73-8', '0.00', '21'),
(1683, 3, 93, 1270, 'PRO-PF 73-9', '0.00', '21'),
(1684, 3, 93, 4458, 'PRO-PF 73-10', '0.00', '21'),
(1685, 3, 93, 1272, 'PRO-PF 73-11', '0.00', '21'),
(1686, 3, 93, 1273, 'PRO-PF 73-12', '0.00', '21'),
(1687, 3, 93, 1275, 'PRO-PF 73-13B', '0.00', '21'),
(1688, 3, 93, 1276, 'PRO-PF 73-14', '0.00', '21'),
(1689, 3, 93, 1278, 'PRO-PF 73-15 (B)', '0.00', '21'),
(1691, 3, 93, 1279, 'PRO-PF 73-16', '0.00', '21'),
(1692, 3, 93, 328, 'PRO-PF 73-17', '0.00', '21'),
(1693, 3, 93, 1280, 'PRO-PF 73-18', '0.00', '21'),
(1694, 3, 96, 62, 'PRO-PF 136-210', '0.00', '21'),
(1695, 3, 96, 131, 'PRO-PF 136-310', '0.00', '21'),
(1696, 3, 96, 2672, 'PRO-PF 136-260', '0.00', '21'),
(1697, 3, 96, 2686, 'PRO-PF 136-420', '0.00', '21'),
(1698, 3, 96, 2669, 'PRO-PF 136-189', '0.00', '21'),
(1699, 3, 96, 2663, 'PRO-PF 136-147', '0.00', '21'),
(1700, 3, 96, 2687, 'PRO-PF 136-423', '0.00', '21'),
(1701, 3, 96, 2678, 'PRO-PF 136-320', '0.00', '21'),
(1702, 3, 96, 2685, 'PRO-PF 136-410', '0.00', '21'),
(1703, 3, 96, 4459, 'PRO-PF 136-691/693', '0.00', '21'),
(1704, 3, 96, 4460, 'PRO-PF 136-690/692', '0.00', '21'),
(1705, 3, 96, 4461, 'PRO-PF 136-930', '0.00', '21'),
(1706, 3, 96, 4463, 'PRO-PF 136-940', '0.00', '21'),
(1707, 3, 96, 2692, 'PRO-PF 136-470', '0.00', '21'),
(1708, 3, 96, 2671, 'PRO-PF 136-229', '0.00', '21'),
(1709, 3, 97, 1665, 'PRO-PF 102-8A', '0.00', '21'),
(1710, 3, 97, 1669, 'PRO-PF 102-10', '0.00', '21'),
(1711, 3, 97, 1672, 'PRO-PF 102-12', '0.00', '21'),
(1712, 3, 97, 1673, 'PRO-PF 102-13A', '0.00', '21'),
(1713, 3, 97, 1679, 'PRO-PF 102-22', '0.00', '21'),
(1714, 3, 97, 1680, 'PRO-PF 102-23', '0.00', '21'),
(1715, 3, 97, 1691, 'PRO-PF 102-48', '0.00', '21'),
(1716, 3, 97, 1660, 'PRO-PF 102-1', '0.00', '21'),
(1717, 3, 97, 1661, 'PRO-PF 102-4', '0.00', '21'),
(1718, 3, 97, 1667, 'PRO-PF 102-9', '0.00', '21'),
(1719, 3, 97, 1670, 'PRO-PF 102-11A', '0.00', '21'),
(1720, 3, 97, 1677, 'PRO-PF 102-21', '0.00', '21'),
(1721, 3, 97, 336, 'PRO-PF 102-53', '0.00', '21'),
(1722, 3, 97, 337, 'PRO-PF 102-56', '0.00', '21'),
(1723, 3, 97, 1707, 'PRO-PF 102-200', '0.00', '21'),
(1724, 3, 97, 1708, 'PRO-PF 102-201', '0.00', '21'),
(1725, 3, 97, 1709, 'PRO-PF 102-202', '0.00', '21'),
(1726, 3, 97, 1711, 'PRO-PF 102-204', '0.00', '21'),
(1727, 3, 97, 1713, 'PRO-PF 102-207', '0.00', '21'),
(1728, 3, 97, 1718, 'PRO-PF 102-212', '0.00', '21'),
(1729, 3, 97, 343, 'PRO-PF 102-205', '0.00', '21'),
(1730, 3, 97, 1714, 'PRO-PF 102-208', '0.00', '21'),
(1731, 3, 97, 1715, 'PRO-PF 102-209', '0.00', '21'),
(1732, 3, 97, 1716, 'PRO-PF 102-210', '0.00', '21'),
(1733, 3, 97, 344, 'PRO-PF 102-214', '0.00', '21'),
(1734, 3, 97, 1723, 'PRO-PF 102-218', '0.00', '21'),
(1735, 3, 97, 1724, 'PRO-PF 102-219', '0.00', '21'),
(1736, 3, 97, 1745, 'PRO-PF 102-942', '0.00', '21'),
(1737, 3, 97, 1746, 'PRO-PF 102-943', '0.00', '21'),
(1738, 3, 97, 113, 'PRO-PF 102-944', '0.00', '21'),
(1739, 3, 97, 114, 'PRO-PF 102-945', '0.00', '21'),
(1740, 3, 97, 1678, 'PRO-PF 102-20', '0.00', '21'),
(1741, 3, 97, 1684, 'PRO-PF 102-31', '0.00', '21'),
(1742, 3, 97, 1685, 'PRO-PF 102-34', '0.00', '21'),
(1743, 3, 97, 1686, 'PRO-PF 102-35', '0.00', '21'),
(1744, 3, 97, 1687, 'PRO-PF 102-38', '0.00', '21'),
(1745, 3, 97, 1688, 'PRO-PF 102-39', '0.00', '21'),
(1746, 3, 97, 268, 'PRO-PF 102-42', '0.00', '21'),
(1747, 3, 97, 1690, 'PRO-PF 102-43', '0.00', '21'),
(1748, 3, 97, 1694, 'PRO-PF 102-55', '0.00', '21'),
(1749, 3, 97, 1725, 'PRO-PF 102-220', '0.00', '21'),
(1750, 3, 97, 1726, 'PRO-PF 102-225', '0.00', '21'),
(1751, 3, 97, 1130, 'PRO-PF 62-1A', '0.00', '21'),
(1752, 3, 97, 1133, 'PRO-PF 62-3A', '0.00', '21'),
(1753, 3, 97, 1135, 'PRO-PF 62-4A', '0.00', '21'),
(1754, 3, 97, 1137, 'PRO-PF 62-5A', '0.00', '21'),
(1755, 3, 98, 2538, 'PRO-PF 135-985A', '0.00', '21'),
(1756, 3, 98, 2540, 'PRO-PF 135-988A', '0.00', '21'),
(1757, 3, 98, 2460, 'PRO-PF 135-470', '0.00', '21'),
(1758, 3, 98, 2484, 'PRO-PF 135-624', '0.00', '21'),
(1759, 3, 98, 127, 'PRO-PF 135-270A', '0.00', '21'),
(1760, 3, 98, 2461, 'PRO-PF 135-475', '0.00', '21'),
(1761, 3, 98, 2452, 'PRO-PF 135-213', '0.00', '21'),
(1762, 3, 98, 303, 'PRO-PF 135-113', '0.00', '21'),
(1763, 3, 99, 2734, 'PRO-PF 140-12', '0.00', '21'),
(1764, 3, 99, 2824, 'PRO-PF 140-241', '0.00', '21'),
(1765, 3, 99, 2831, 'PRO-PF 140-305', '0.00', '21'),
(1766, 3, 99, 2828, 'PRO-PF 140-321', '0.00', '21'),
(1767, 3, 99, 2744, 'PRO-PF 140-39', '0.00', '21'),
(1768, 3, 99, 2753, 'PRO-PF 140-52', '0.00', '21'),
(1769, 1, 27, 1275, 'PRO-PF 73-13B', '0.00', '21'),
(1770, 1, 27, 1276, 'PRO-PF 73-14', '0.00', '21'),
(1771, 1, 27, 1278, 'PRO-PF 73-15 (B)', '0.00', '21'),
(1772, 1, 27, 1279, 'PRO-PF 73-16', '0.00', '21'),
(1773, 1, 27, 328, 'PRO-PF 73-17', '0.00', '21'),
(1774, 1, 27, 1280, 'PRO-PF 73-18', '0.00', '21'),
(1775, 1, 30, 62, 'PRO-PF 136-210', '0.00', '21'),
(1776, 1, 30, 131, 'PRO-PF 136-310', '0.00', '21'),
(1777, 1, 30, 2672, 'PRO-PF 136-260', '0.00', '21'),
(1778, 1, 30, 2686, 'PRO-PF 136-420', '0.00', '21'),
(1779, 1, 30, 2669, 'PRO-PF 136-189', '0.00', '21'),
(1780, 1, 30, 2663, 'PRO-PF 136-147', '0.00', '21'),
(1781, 1, 30, 2687, 'PRO-PF 136-423', '0.00', '21'),
(1782, 1, 30, 2678, 'PRO-PF 136-320', '0.00', '21'),
(1783, 1, 30, 2685, 'PRO-PF 136-410', '0.00', '21'),
(1784, 1, 30, 4459, 'PRO-PF 136-691/693', '0.00', '21'),
(1785, 1, 30, 4460, 'PRO-PF 136-690/692', '0.00', '21'),
(1786, 1, 30, 4461, 'PRO-PF 136-930', '0.00', '21'),
(1787, 1, 30, 4463, 'PRO-PF 136-940', '0.00', '21'),
(1788, 1, 30, 2692, 'PRO-PF 136-470', '0.00', '21'),
(1789, 1, 30, 2671, 'PRO-PF 136-229', '0.00', '21'),
(1790, 1, 31, 1665, 'PRO-PF 102-8A', '0.00', '21'),
(1791, 1, 31, 1669, 'PRO-PF 102-10', '0.00', '21'),
(1792, 1, 31, 1672, 'PRO-PF 102-12', '0.00', '21'),
(1793, 1, 31, 1673, 'PRO-PF 102-13A', '0.00', '21'),
(1794, 1, 31, 1679, 'PRO-PF 102-22', '0.00', '21'),
(1795, 1, 31, 1680, 'PRO-PF 102-23', '0.00', '21'),
(1796, 1, 31, 1691, 'PRO-PF 102-48', '0.00', '21'),
(1797, 1, 31, 1660, 'PRO-PF 102-1', '0.00', '21'),
(1798, 1, 31, 1661, 'PRO-PF 102-4', '0.00', '21'),
(1799, 1, 31, 1667, 'PRO-PF 102-9', '0.00', '21'),
(1800, 1, 31, 1670, 'PRO-PF 102-11A', '0.00', '21'),
(1801, 1, 31, 1677, 'PRO-PF 102-21', '0.00', '21'),
(1802, 1, 31, 336, 'PRO-PF 102-53', '0.00', '21'),
(1803, 1, 31, 337, 'PRO-PF 102-56', '0.00', '21'),
(1804, 1, 31, 1707, 'PRO-PF 102-200', '0.00', '21'),
(1805, 1, 31, 1707, 'PRO-PF 102-200', '0.00', '21'),
(1806, 1, 31, 1708, 'PRO-PF 102-201', '0.00', '21'),
(1807, 1, 31, 1709, 'PRO-PF 102-202', '0.00', '21'),
(1808, 1, 31, 1711, 'PRO-PF 102-204', '0.00', '21'),
(1809, 1, 31, 1713, 'PRO-PF 102-207', '0.00', '21'),
(1810, 1, 31, 1718, 'PRO-PF 102-212', '0.00', '21'),
(1811, 1, 31, 343, 'PRO-PF 102-205', '0.00', '21'),
(1812, 1, 31, 1714, 'PRO-PF 102-208', '0.00', '21'),
(1813, 1, 31, 1715, 'PRO-PF 102-209', '0.00', '21'),
(1814, 1, 31, 1716, 'PRO-PF 102-210', '0.00', '21'),
(1815, 1, 31, 344, 'PRO-PF 102-214', '0.00', '21'),
(1816, 1, 31, 1723, 'PRO-PF 102-218', '0.00', '21'),
(1817, 1, 31, 1724, 'PRO-PF 102-219', '0.00', '21'),
(1818, 1, 31, 1745, 'PRO-PF 102-942', '0.00', '21'),
(1819, 1, 31, 1746, 'PRO-PF 102-943', '0.00', '21'),
(1820, 1, 31, 113, 'PRO-PF 102-944', '0.00', '21'),
(1821, 1, 31, 114, 'PRO-PF 102-945', '0.00', '21'),
(1822, 1, 31, 1678, 'PRO-PF 102-20', '0.00', '21'),
(1823, 1, 31, 1684, 'PRO-PF 102-31', '0.00', '21'),
(1824, 1, 31, 1685, 'PRO-PF 102-34', '0.00', '21'),
(1825, 1, 31, 1686, 'PRO-PF 102-35', '0.00', '21'),
(1826, 1, 31, 1687, 'PRO-PF 102-38', '0.00', '21'),
(1827, 1, 31, 1688, 'PRO-PF 102-39', '0.00', '21'),
(1828, 1, 31, 268, 'PRO-PF 102-42', '0.00', '21'),
(1829, 1, 31, 1690, 'PRO-PF 102-43', '0.00', '21'),
(1830, 1, 31, 1694, 'PRO-PF 102-55', '0.00', '21'),
(1831, 1, 31, 1725, 'PRO-PF 102-220', '0.00', '21'),
(1832, 1, 31, 1726, 'PRO-PF 102-225', '0.00', '21'),
(1833, 1, 31, 1130, 'PRO-PF 62-1A', '0.00', '21'),
(1834, 1, 31, 1133, 'PRO-PF 62-3A', '0.00', '21'),
(1835, 1, 31, 1135, 'PRO-PF 62-4A', '0.00', '21'),
(1836, 1, 31, 1137, 'PRO-PF 62-5A', '0.00', '21'),
(1837, 1, 32, 2538, 'PRO-PF 135-985A', '0.00', '21'),
(1838, 1, 32, 2540, 'PRO-PF 135-988A', '0.00', '21'),
(1839, 1, 32, 2460, 'PRO-PF 135-470', '0.00', '21'),
(1840, 1, 32, 2484, 'PRO-PF 135-624', '0.00', '21'),
(1841, 1, 32, 127, 'PRO-PF 135-270A', '0.00', '21'),
(1842, 1, 32, 2461, 'PRO-PF 135-475', '0.00', '21'),
(1843, 1, 32, 2452, 'PRO-PF 135-213', '0.00', '21'),
(1844, 1, 32, 303, 'PRO-PF 135-113', '0.00', '21'),
(1845, 1, 33, 2831, 'PRO-PF 140-305', '0.00', '21'),
(1846, 1, 33, 2828, 'PRO-PF 140-321', '0.00', '21'),
(1847, 1, 33, 2744, 'PRO-PF 140-39', '0.00', '21'),
(1848, 1, 33, 2753, 'PRO-PF 140-52', '0.00', '21'),
(1849, 2, 49, 727, 'PRO-PF 25-002', '0.00', '21'),
(1850, 2, 49, 728, 'PRO-PF 25-003', '0.00', '21'),
(1851, 2, 49, 729, 'PRO-PF 25-004', '0.00', '21'),
(1852, 2, 49, 730, 'PRO-PF 25-005', '0.00', '21'),
(1853, 2, 49, 731, 'PRO-PF 25-006', '0.00', '21'),
(1854, 2, 49, 732, 'PRO-PF 25-010', '0.00', '21'),
(1855, 2, 49, 733, 'PRO-PF 25-013', '0.00', '21'),
(1856, 2, 49, 750, 'PRO-PF 25-101', '0.00', '21'),
(1857, 2, 49, 751, 'PRO-PF 25-107', '0.00', '21'),
(1858, 2, 49, 752, 'PRO-PF 25-108', '0.00', '21'),
(1859, 2, 49, 753, 'PRO-PF 25-109', '0.00', '21'),
(1860, 2, 49, 754, 'PRO-PF 25-114', '0.00', '21'),
(1861, 2, 49, 755, 'PRO-PF 25-115', '0.00', '21'),
(1862, 2, 49, 756, 'PRO-PF 25-116', '0.00', '21'),
(1863, 2, 49, 757, 'PRO-PF 25-121', '0.00', '21'),
(1864, 2, 49, 758, 'PRO-PF 25-122', '0.00', '21'),
(1865, 2, 49, 759, 'PRO-PF 25-123', '0.00', '21'),
(1866, 2, 49, 760, 'PRO-PF 25-124', '0.00', '21'),
(1867, 2, 66, 2734, 'PRO-PF 140-12', '0.00', '21'),
(1868, 2, 66, 2824, 'PRO-PF 140-241', '0.00', '21'),
(1869, 2, 66, 2831, 'PRO-PF 140-305', '0.00', '21'),
(1870, 2, 66, 2828, 'PRO-PF 140-321', '0.00', '21'),
(1871, 2, 66, 2744, 'PRO-PF 140-39', '0.00', '21'),
(1872, 2, 66, 2753, 'PRO-PF 140-52', '0.00', '21'),
(1873, 2, 65, 2538, 'PRO-PF 135-985A', '0.00', '21'),
(1874, 2, 65, 2540, 'PRO-PF 135-988A', '0.00', '21'),
(1875, 2, 65, 2460, 'PRO-PF 135-470', '0.00', '21'),
(1876, 2, 65, 2484, 'PRO-PF 135-624', '0.00', '21'),
(1877, 2, 65, 127, 'PRO-PF 135-270A', '0.00', '21'),
(1878, 2, 65, 2461, 'PRO-PF 135-475', '0.00', '21'),
(1879, 2, 65, 2452, 'PRO-PF 135-213', '0.00', '21'),
(1880, 2, 65, 303, 'PRO-PF 135-113', '0.00', '21'),
(1881, 2, 64, 1665, 'PRO-PF 102-8A', '0.00', '21'),
(1882, 2, 64, 1669, 'PRO-PF 102-10', '0.00', '21'),
(1883, 2, 64, 1672, 'PRO-PF 102-12', '0.00', '21'),
(1884, 2, 64, 1673, 'PRO-PF 102-13A', '0.00', '21'),
(1885, 2, 64, 1679, 'PRO-PF 102-22', '0.00', '21'),
(1886, 2, 64, 1680, 'PRO-PF 102-23', '0.00', '21'),
(1887, 2, 64, 1691, 'PRO-PF 102-48', '0.00', '21'),
(1888, 2, 64, 1660, 'PRO-PF 102-1', '0.00', '21'),
(1889, 2, 64, 1661, 'PRO-PF 102-4', '0.00', '21'),
(1890, 2, 64, 1667, 'PRO-PF 102-9', '0.00', '21'),
(1891, 2, 64, 1670, 'PRO-PF 102-11A', '0.00', '21'),
(1892, 2, 64, 1677, 'PRO-PF 102-21', '0.00', '21'),
(1893, 2, 64, 336, 'PRO-PF 102-53', '0.00', '21'),
(1894, 2, 64, 337, 'PRO-PF 102-56', '0.00', '21'),
(1895, 2, 64, 1707, 'PRO-PF 102-200', '0.00', '21'),
(1896, 2, 64, 1708, 'PRO-PF 102-201', '0.00', '21'),
(1897, 2, 64, 1709, 'PRO-PF 102-202', '0.00', '21'),
(1898, 2, 64, 1711, 'PRO-PF 102-204', '0.00', '21'),
(1899, 2, 64, 1713, 'PRO-PF 102-207', '0.00', '21'),
(1900, 2, 64, 1718, 'PRO-PF 102-212', '0.00', '21'),
(1901, 2, 64, 343, 'PRO-PF 102-205', '0.00', '21'),
(1902, 2, 64, 1714, 'PRO-PF 102-208', '0.00', '21'),
(1903, 2, 64, 1715, 'PRO-PF 102-209', '0.00', '21'),
(1904, 2, 64, 1716, 'PRO-PF 102-210', '0.00', '21'),
(1905, 2, 64, 344, 'PRO-PF 102-214', '0.00', '21'),
(1906, 2, 64, 1723, 'PRO-PF 102-218', '0.00', '21'),
(1907, 2, 64, 1724, 'PRO-PF 102-219', '0.00', '21'),
(1908, 2, 64, 1745, 'PRO-PF 102-942', '0.00', '21'),
(1909, 2, 64, 1746, 'PRO-PF 102-943', '0.00', '21'),
(1910, 2, 64, 113, 'PRO-PF 102-944', '0.00', '21'),
(1911, 2, 64, 114, 'PRO-PF 102-945', '0.00', '21'),
(1912, 2, 64, 1678, 'PRO-PF 102-20', '0.00', '21'),
(1913, 2, 64, 1684, 'PRO-PF 102-31', '0.00', '21'),
(1914, 2, 64, 1685, 'PRO-PF 102-34', '0.00', '21'),
(1915, 2, 64, 1686, 'PRO-PF 102-35', '0.00', '21'),
(1916, 2, 64, 1687, 'PRO-PF 102-38', '0.00', '21'),
(1917, 2, 64, 1688, 'PRO-PF 102-39', '0.00', '21'),
(1918, 2, 64, 268, 'PRO-PF 102-42', '0.00', '21'),
(1919, 2, 64, 1690, 'PRO-PF 102-43', '0.00', '21'),
(1920, 2, 64, 1694, 'PRO-PF 102-55', '0.00', '21'),
(1921, 2, 64, 1725, 'PRO-PF 102-220', '0.00', '21'),
(1922, 2, 64, 1726, 'PRO-PF 102-225', '0.00', '21'),
(1923, 2, 64, 1130, 'PRO-PF 62-1A', '0.00', '21'),
(1924, 2, 64, 1133, 'PRO-PF 62-3A', '0.00', '21'),
(1925, 2, 64, 1135, 'PRO-PF 62-4A', '0.00', '21'),
(1926, 2, 64, 1137, 'PRO-PF 62-5A', '0.00', '21'),
(1927, 2, 63, 62, 'PRO-PF 136-210', '0.00', '21'),
(1928, 2, 63, 131, 'PRO-PF 136-310', '0.00', '21'),
(1929, 2, 63, 2672, 'PRO-PF 136-260', '0.00', '21'),
(1930, 2, 63, 2686, 'PRO-PF 136-420', '0.00', '21'),
(1931, 2, 63, 2669, 'PRO-PF 136-189', '0.00', '21'),
(1932, 2, 63, 2663, 'PRO-PF 136-147', '0.00', '21'),
(1933, 2, 63, 2687, 'PRO-PF 136-423', '0.00', '21'),
(1934, 2, 63, 2678, 'PRO-PF 136-320', '0.00', '21'),
(1936, 2, 63, 2685, 'PRO-PF 136-410', '0.00', '21'),
(1937, 2, 63, 4459, 'PRO-PF 136-691/693', '0.00', '21'),
(1938, 2, 63, 4460, 'PRO-PF 136-690/692', '0.00', '21'),
(1939, 2, 63, 4463, 'PRO-PF 136-940', '0.00', '21'),
(1942, 2, 63, 2671, 'PRO-PF 136-229', '0.00', '21'),
(1943, 2, 63, 4461, 'PRO-PF 136-930', '0.00', '21'),
(1944, 2, 63, 2692, 'PRO-PF 136-470', '0.00', '21'),
(1945, 4, 114, 99, 'PRO-PF 24-1', '0.00', '21'),
(1946, 4, 114, 11, 'PRO-PF 24-2', '0.00', '21'),
(1947, 4, 114, 713, 'PRO-PF 24-3', '0.00', '21'),
(1948, 4, 114, 714, 'PRO-PF 24-5', '0.00', '21'),
(1949, 4, 114, 715, 'PRO-PF 24-6', '0.00', '21'),
(1950, 4, 114, 716, 'PRO-PF 24-7', '0.00', '21'),
(1951, 4, 114, 722, 'PRO-PF 24-208', '0.00', '21'),
(1952, 4, 114, 12, 'PRO-PF 24-209', '0.00', '21'),
(1953, 4, 114, 723, 'PRO-PF 24-210', '0.00', '21'),
(1954, 4, 114, 725, 'PRO-PF 24-503', '0.00', '21'),
(1955, 4, 115, 727, 'PRO-PF 25-002', '0.00', '21'),
(1956, 4, 115, 728, 'PRO-PF 25-003', '0.00', '21'),
(1957, 4, 115, 729, 'PRO-PF 25-004', '0.00', '21'),
(1958, 4, 115, 730, 'PRO-PF 25-005', '0.00', '21'),
(1959, 4, 115, 731, 'PRO-PF 25-006', '0.00', '21'),
(1960, 4, 115, 732, 'PRO-PF 25-010', '0.00', '21'),
(1961, 4, 115, 733, 'PRO-PF 25-013', '0.00', '21'),
(1962, 4, 115, 750, 'PRO-PF 25-101', '0.00', '21'),
(1963, 4, 115, 751, 'PRO-PF 25-107', '0.00', '21'),
(1964, 4, 115, 752, 'PRO-PF 25-108', '0.00', '21'),
(1965, 4, 115, 753, 'PRO-PF 25-109', '0.00', '21'),
(1966, 4, 115, 754, 'PRO-PF 25-114', '0.00', '21'),
(1967, 4, 115, 755, 'PRO-PF 25-115', '0.00', '21'),
(1968, 4, 115, 756, 'PRO-PF 25-116', '0.00', '21'),
(1969, 4, 115, 757, 'PRO-PF 25-121', '0.00', '21'),
(1970, 4, 115, 758, 'PRO-PF 25-122', '0.00', '21'),
(1971, 4, 115, 759, 'PRO-PF 25-123', '0.00', '21'),
(1972, 4, 115, 760, 'PRO-PF 25-124', '0.00', '21'),
(1973, 4, 122, 1206, 'PRO-PF 70-1', '0.00', '21'),
(1974, 4, 122, 1207, 'PRO-PF 70-6', '0.00', '21'),
(1975, 4, 122, 1208, 'PRO-PF 70-9', '0.00', '21'),
(1976, 4, 122, 1209, 'PRO-PF 70-11', '0.00', '21'),
(1977, 4, 122, 1210, 'PRO-PF 70-12', '0.00', '21'),
(1978, 4, 122, 1211, 'PRO-PF 70-13', '0.00', '21'),
(1979, 4, 122, 4453, 'PRO-PF 70-14', '0.00', '21'),
(1980, 4, 122, 1212, 'PRO-PF 70-15', '0.00', '21'),
(1981, 4, 122, 1213, 'PRO-PF 70-16', '0.00', '21'),
(1982, 4, 122, 1214, 'PRO-PF 70-17', '0.00', '21'),
(1983, 4, 122, 1215, 'PRO-PF 70-18', '0.00', '21'),
(1984, 4, 122, 1216, 'PRO-PF 70-20', '0.00', '21'),
(1985, 4, 122, 1217, 'PRO-PF 70-21', '0.00', '21'),
(1986, 4, 122, 1218, 'PRO-PF 70-23', '0.00', '21'),
(1987, 4, 123, 1219, 'PRO-PF 71-1', '0.00', '21'),
(1988, 4, 123, 1220, 'PRO-PF 71-2', '0.00', '21'),
(1989, 4, 123, 1221, 'PRO-PF 71-3', '0.00', '21'),
(1990, 4, 123, 1241, 'PRO-PF 71-104', '0.00', '21'),
(1991, 4, 123, 1242, 'PRO-PF 71-105', '0.00', '21'),
(1992, 4, 123, 1223, 'PRO-PF 71-7', '0.00', '21'),
(1993, 4, 123, 1225, 'PRO-PF 71-9', '0.00', '21'),
(1994, 4, 123, 1226, 'PRO-PF 71-10', '0.00', '21'),
(1995, 4, 123, 1227, 'PRO-PF 71-11', '0.00', '21'),
(1996, 4, 123, 1228, 'PRO-PF 71-12', '0.00', '21'),
(1997, 4, 123, 1229, 'PRO-PF 71-13', '0.00', '21'),
(1998, 4, 123, 326, 'PRO-PF 71-14', '0.00', '21'),
(1999, 4, 123, 1230, 'PRO-PF 71-15', '0.00', '21'),
(2000, 4, 123, 1231, 'PRO-PF 71-16', '0.00', '21'),
(2001, 4, 123, 1232, 'PRO-PF 71-18', '0.00', '21'),
(2002, 4, 123, 1233, 'PRO-PF 71-19', '0.00', '21'),
(2003, 4, 123, 1234, 'PRO-PF 71-20', '0.00', '21'),
(2005, 4, 123, 1235, 'PRO-PF 71-21', '0.00', '21'),
(2006, 4, 123, 1236, 'PRO-PF 71-22', '0.00', '21'),
(2007, 4, 123, 1237, 'PRO-PF 71-23', '0.00', '21'),
(2008, 4, 123, 1238, 'PRO-PF 71-24', '0.00', '21'),
(2009, 4, 123, 1239, 'PRO-PF 71-25', '0.00', '21'),
(2010, 4, 124, 1262, 'PRO-PF 72-401', '0.00', '21'),
(2011, 4, 124, 1249, 'PRO-PF 72-62', '0.00', '21'),
(2012, 4, 124, 1250, 'PRO-PF 72-63', '0.00', '21'),
(2013, 4, 124, 1253, 'PRO-PF 72-71', '0.00', '21'),
(2014, 4, 124, 1254, 'PRO-PF 72-72', '0.00', '21'),
(2015, 4, 124, 1255, 'PRO-PF 72-75', '0.00', '21'),
(2016, 4, 124, 1256, 'PRO-PF 72-76', '0.00', '21'),
(2017, 4, 125, 1263, 'PRO-PF 72-501', '0.00', '21'),
(2018, 4, 125, 1244, 'PRO-PF 72-28', '0.00', '21'),
(2019, 4, 125, 1245, 'PRO-PF 72-51', '0.00', '21'),
(2020, 4, 125, 1246, 'PRO-PF 72-52', '0.00', '21'),
(2021, 4, 125, 1247, 'PRO-PF 72-53', '0.00', '21'),
(2022, 4, 125, 1251, 'PRO-PF 72-64', '0.00', '21'),
(2023, 4, 125, 1252, 'PRO-PF 72-70', '0.00', '21'),
(2024, 4, 125, 1253, 'PRO-PF 72-71', '0.00', '21'),
(2025, 4, 125, 1254, 'PRO-PF 72-72', '0.00', '21'),
(2026, 4, 125, 1255, 'PRO-PF 72-75', '0.00', '21'),
(2027, 4, 125, 1256, 'PRO-PF 72-76', '0.00', '21'),
(2028, 4, 125, 1258, 'PRO-PF 72-83', '0.00', '21'),
(2029, 4, 125, 1259, 'PRO-PF 72-84', '0.00', '21'),
(2030, 4, 125, 1260, 'PRO-PF 72-85', '0.00', '21'),
(2031, 4, 125, 1261, 'PRO-PF 72-86', '0.00', '21'),
(2032, 4, 126, 1264, 'PRO-PF 73-1', '0.00', '21'),
(2033, 4, 126, 1265, 'PRO-PF 73-2', '0.00', '21'),
(2034, 4, 126, 1266, 'PRO-PF 73-3', '0.00', '21'),
(2035, 4, 126, 1267, 'PRO-PF 73-4', '0.00', '21'),
(2036, 4, 126, 121, 'PRO-PF 73-5', '0.00', '21'),
(2037, 4, 126, 293, 'PRO-PF 73-6', '0.00', '21'),
(2038, 4, 126, 1268, 'PRO-PF 73-7', '0.00', '21'),
(2039, 4, 126, 1269, 'PRO-PF 73-8', '0.00', '21'),
(2040, 4, 126, 1270, 'PRO-PF 73-9', '0.00', '21'),
(2041, 4, 126, 4458, 'PRO-PF 73-10B', '0.00', '21'),
(2042, 4, 126, 1272, 'PRO-PF 73-11', '0.00', '21'),
(2043, 4, 126, 1273, 'PRO-PF 73-12', '0.00', '21'),
(2044, 4, 126, 1275, 'PRO-PF 73-13B', '0.00', '21'),
(2045, 4, 126, 1276, 'PRO-PF 73-14', '0.00', '21'),
(2046, 4, 126, 1278, 'PRO-PF 73-15 (B)', '0.00', '21'),
(2047, 4, 126, 1279, 'PRO-PF 73-16', '0.00', '21'),
(2048, 4, 126, 328, 'PRO-PF 73-17', '0.00', '21'),
(2049, 4, 126, 1280, 'PRO-PF 73-18', '0.00', '21'),
(2050, 4, 129, 62, 'PRO-PF 136-210', '0.00', '21'),
(2051, 4, 129, 131, 'PRO-PF 136-310', '0.00', '21'),
(2052, 4, 129, 2672, 'PRO-PF 136-260', '0.00', '21'),
(2053, 4, 129, 2686, 'PRO-PF 136-420', '0.00', '21'),
(2054, 4, 129, 2669, 'PRO-PF 136-189', '0.00', '21'),
(2055, 4, 129, 2663, 'PRO-PF 136-147', '0.00', '21'),
(2056, 4, 129, 2687, 'PRO-PF 136-423', '0.00', '21'),
(2057, 4, 129, 2678, 'PRO-PF 136-320', '0.00', '21'),
(2058, 4, 129, 2685, 'PRO-PF 136-410', '0.00', '21'),
(2059, 4, 129, 4459, 'PRO-PF 136-691/693', '0.00', '21'),
(2060, 4, 129, 4460, 'PRO-PF 136-690/692', '0.00', '21'),
(2061, 4, 129, 4461, 'PRO-PF 136-930', '0.00', '21'),
(2062, 4, 129, 4463, 'PRO-PF 136-940', '0.00', '21'),
(2063, 4, 129, 4470, 'PF-136 Fuel Hose (inlet)', '0.00', '25'),
(2064, 4, 129, 4471, 'PF 136-Fuel Hose (outlet)', '0.00', '25'),
(2065, 4, 129, 130, 'PRO-PF 136-240', '0.00', '21'),
(2066, 4, 129, 2692, 'PRO-PF 136-470', '0.00', '21'),
(2067, 4, 129, 2671, 'PRO-PF 136-229', '0.00', '21'),
(2068, 4, 130, 1665, 'PRO-PF 102-8A', '0.00', '21'),
(2069, 4, 130, 1669, 'PRO-PF 102-10', '0.00', '21'),
(2070, 4, 130, 1672, 'PRO-PF 102-12', '0.00', '21'),
(2071, 4, 130, 1673, 'PRO-PF 102-13A', '0.00', '21'),
(2072, 4, 130, 1679, 'PRO-PF 102-22', '0.00', '21'),
(2073, 4, 130, 1680, 'PRO-PF 102-23', '0.00', '21'),
(2074, 4, 130, 1691, 'PRO-PF 102-48', '0.00', '21'),
(2075, 4, 130, 1660, 'PRO-PF 102-1', '0.00', '21'),
(2076, 4, 130, 1661, 'PRO-PF 102-4', '0.00', '21'),
(2077, 4, 130, 1667, 'PRO-PF 102-9', '0.00', '21'),
(2078, 4, 130, 1670, 'PRO-PF 102-11A', '0.00', '21'),
(2079, 4, 130, 1677, 'PRO-PF 102-21', '0.00', '21'),
(2080, 4, 130, 336, 'PRO-PF 102-53', '0.00', '21'),
(2081, 4, 130, 337, 'PRO-PF 102-56', '0.00', '21'),
(2082, 4, 130, 1707, 'PRO-PF 102-200', '0.00', '21'),
(2083, 4, 130, 1708, 'PRO-PF 102-201', '0.00', '21'),
(2084, 4, 130, 1709, 'PRO-PF 102-202', '0.00', '21'),
(2085, 4, 130, 1711, 'PRO-PF 102-204', '0.00', '21'),
(2086, 4, 130, 1713, 'PRO-PF 102-207', '0.00', '21'),
(2087, 4, 130, 1718, 'PRO-PF 102-212', '0.00', '21'),
(2088, 4, 130, 343, 'PRO-PF 102-205', '0.00', '21'),
(2089, 4, 130, 1714, 'PRO-PF 102-208', '0.00', '21'),
(2090, 4, 130, 1715, 'PRO-PF 102-209', '0.00', '21'),
(2091, 4, 130, 1716, 'PRO-PF 102-210', '0.00', '21'),
(2092, 4, 130, 344, 'PRO-PF 102-214', '0.00', '21'),
(2093, 4, 130, 1723, 'PRO-PF 102-218', '0.00', '21'),
(2094, 4, 130, 1724, 'PRO-PF 102-219', '0.00', '21'),
(2095, 4, 130, 1745, 'PRO-PF 102-942', '0.00', '21'),
(2096, 4, 130, 1746, 'PRO-PF 102-943', '0.00', '21'),
(2097, 4, 130, 113, 'PRO-PF 102-944', '0.00', '21'),
(2098, 4, 130, 114, 'PRO-PF 102-945', '0.00', '21');
INSERT INTO `assembly_details` (`ad_id`, `engine_id`, `assembly_id`, `item_id`, `pn_no`, `qty`, `uom`) VALUES
(2099, 4, 130, 1678, 'PRO-PF 102-20', '0.00', '21'),
(2100, 4, 130, 1684, 'PRO-PF 102-31', '0.00', '21'),
(2101, 4, 130, 1685, 'PRO-PF 102-34', '0.00', '21'),
(2102, 4, 130, 1686, 'PRO-PF 102-35', '0.00', '21'),
(2103, 4, 130, 1687, 'PRO-PF 102-38', '0.00', '21'),
(2104, 4, 130, 1688, 'PRO-PF 102-39', '0.00', '21'),
(2105, 4, 130, 268, 'PRO-PF 102-42', '0.00', '21'),
(2106, 4, 130, 1690, 'PRO-PF 102-43', '0.00', '21'),
(2107, 4, 130, 1694, 'PRO-PF 102-55', '0.00', '21'),
(2108, 4, 130, 1725, 'PRO-PF 102-220', '0.00', '21'),
(2109, 4, 130, 1726, 'PRO-PF 102-225', '0.00', '21'),
(2110, 4, 130, 1130, 'PRO-PF 62-1A', '0.00', '21'),
(2111, 4, 130, 1133, 'PRO-PF 62-3A', '0.00', '21'),
(2112, 4, 130, 1135, 'PRO-PF 62-4A', '0.00', '21'),
(2113, 4, 130, 1137, 'PRO-PF 62-5A', '0.00', '21'),
(2114, 4, 131, 2538, 'PRO-PF 135-985A', '0.00', '21'),
(2115, 4, 131, 2540, 'PRO-PF 135-988A', '0.00', '21'),
(2116, 4, 131, 2460, 'PRO-PF 135-470', '0.00', '21'),
(2117, 4, 131, 2484, 'PRO-PF 135-624', '0.00', '21'),
(2118, 4, 131, 127, 'PRO-PF 135-270A', '0.00', '21'),
(2119, 4, 131, 2461, 'PRO-PF 135-475', '0.00', '21'),
(2120, 4, 131, 2452, 'PRO-PF 135-213', '0.00', '21'),
(2121, 4, 131, 303, 'PRO-PF 135-113', '0.00', '21'),
(2122, 4, 132, 2734, 'PRO-PF 140-12', '0.00', '21'),
(2123, 4, 132, 2824, 'PRO-PF 140-241', '0.00', '21'),
(2124, 4, 132, 2831, 'PRO-PF 140-305', '0.00', '21'),
(2125, 4, 132, 2828, 'PRO-PF 140-321', '0.00', '21'),
(2126, 4, 132, 2744, 'PRO-PF 140-39', '0.00', '21'),
(2127, 4, 132, 2753, 'PRO-PF 140-52', '0.00', '21'),
(2128, 1, 141, 4473, 'ENG-COM_1001', '0.00', '21'),
(2129, 1, 141, 4474, 'ENG-COM_1002', '0.00', '21'),
(2130, 1, 141, 4475, 'ENG-COM_1003', '0.00', '21'),
(2131, 1, 141, 4476, 'ENG-COM_1004', '0.00', '21'),
(2132, 2, 143, 4473, 'ENG-PIE_1064', '0.00', '21'),
(2133, 2, 143, 4474, 'ENG-PIE_1064', '0.00', '21'),
(2134, 2, 143, 4475, 'ENG-PIE_1064', '0.00', '21'),
(2135, 2, 143, 4476, 'ENG-PIE_1064', '0.00', '21'),
(2136, 3, 159, 4473, 'ENG-COM_1001', '0.00', '21'),
(2137, 3, 159, 4474, 'ENG-COM_1002', '0.00', '21'),
(2138, 3, 159, 4475, 'ENG-COM_1003', '0.00', '21'),
(2139, 3, 159, 4476, 'ENG-COM_1004', '0.00', '21'),
(2140, 4, 133, 4473, 'ENG-COM_1001', '0.00', '21'),
(2141, 4, 133, 4474, 'ENG-COM_1002', '0.00', '21'),
(2142, 4, 133, 4475, 'ENG-COM_1003', '0.00', '21'),
(2143, 4, 133, 4476, 'ENG-COM_1004', '0.00', '21'),
(2144, 1, 142, 4477, 'ENG-COM_1005', '0.00', '21'),
(2145, 1, 142, 4478, 'ENG-COM_1006', '0.00', '21'),
(2146, 1, 142, 4479, 'ENG-COM_1007', '0.00', '21'),
(2147, 2, 144, 4477, 'ENG-PIE_1064', '0.00', '21'),
(2148, 2, 144, 4478, 'ENG-PIE_1064', '0.00', '21'),
(2149, 2, 144, 4479, 'ENG-COM_1007', '0.00', '21'),
(2150, 1, 152, 4480, 'ENG-COM_1008', '0.00', '21'),
(2151, 1, 152, 4481, 'ENG-COM_1009', '0.00', '21'),
(2152, 1, 152, 4482, 'ENG-COM_1010', '0.00', '21'),
(2153, 1, 152, 4483, 'ENG-COM_1011', '0.00', '31'),
(2154, 1, 152, 4484, 'ENG-COM_1012', '0.00', '31'),
(2155, 1, 152, 4485, 'ENG-COM_1013', '0.00', '31'),
(2156, 1, 152, 4486, 'ENG-COM_1014', '0.00', '21'),
(2157, 1, 152, 4487, 'ENG-COM_1015', '0.00', '21'),
(2158, 1, 153, 4488, 'ENG-COM_1016', '0.00', '32'),
(2159, 1, 153, 4489, 'ENG-COM_1017', '0.00', '32'),
(2160, 1, 153, 4490, 'ENG-COM_1018', '0.00', '32'),
(2161, 1, 153, 4491, 'ENG-COM_1019', '0.00', '32'),
(2162, 1, 153, 4492, 'ENG-COM_1020', '0.00', '31'),
(2163, 1, 153, 4493, 'ENG-COM_1021', '0.00', '21'),
(2164, 1, 153, 4494, 'ENG-COM_1022', '0.00', '21'),
(2165, 1, 153, 4495, 'ENG-COM_1023', '0.00', '21'),
(2166, 1, 153, 4496, 'ENG-COM_1024', '0.00', '21'),
(2167, 1, 153, 4497, 'ENG-COM_1025', '0.00', '31'),
(2168, 1, 154, 4498, 'ENG-COM_1026', '0.00', '31'),
(2169, 1, 154, 4499, 'ENG-COM_1027', '0.00', '31'),
(2170, 1, 155, 4500, 'ENG-COM_1028', '0.00', '31'),
(2171, 1, 155, 4501, 'ENG-COM_1029', '0.00', '32'),
(2172, 1, 155, 4502, 'ENG-COM_1030', '0.00', '21'),
(2173, 1, 156, 4503, 'ENG-COM_1031', '0.00', '32'),
(2174, 1, 156, 4504, 'ENG-COM_1032', '0.00', '29'),
(2175, 1, 156, 4505, 'ENG-COM_1033', '0.00', '21'),
(2176, 1, 156, 4506, 'ENG-COM_1034', '0.00', '21'),
(2177, 1, 157, 4507, 'ENG-COM_1035', '0.00', '29'),
(2178, 1, 157, 4508, 'ENG-COM_1036', '0.00', '0'),
(2179, 1, 157, 4509, 'ENG-COM_1037', '0.00', '0'),
(2180, 1, 157, 4510, 'ENG-COM_1038', '0.00', '0'),
(2181, 1, 157, 4511, 'ENG-COM_1039', '0.00', '0'),
(2182, 1, 157, 4512, 'ENG-COM_1040', '0.00', '0'),
(2183, 1, 157, 4513, 'ENG-COM_1041', '0.00', '0'),
(2184, 1, 157, 4514, 'ENG-COM_1042', '0.00', '0'),
(2185, 1, 158, 4515, 'ENG-COM_1043', '0.00', '0'),
(2186, 1, 158, 4516, 'ENG-COM_1044', '0.00', '0'),
(2187, 1, 158, 4517, 'ENG-COM_1045', '0.00', '0'),
(2188, 2, 145, 4480, 'ENG-COM_1008', '0.00', '21'),
(2189, 2, 145, 4518, 'ENG-COM_1046', '0.00', '21'),
(2190, 2, 145, 4481, 'ENG-COM_1009', '0.00', '21'),
(2191, 2, 145, 4483, 'ENG-COM_1011', '0.00', '31'),
(2192, 2, 145, 4484, 'ENG-COM_1012', '0.00', '31'),
(2193, 2, 145, 4485, 'ENG-COM_1013', '0.00', '31'),
(2194, 2, 145, 4482, 'ENG-COM_1010', '0.00', '21'),
(2195, 2, 145, 4486, 'ENG-COM_1014', '0.00', '21'),
(2196, 2, 145, 4487, 'ENG-COM_1015', '0.00', '21'),
(2197, 2, 146, 4488, 'ENG-COM_1016', '0.00', '32'),
(2198, 2, 146, 4489, 'ENG-COM_1017', '0.00', '32'),
(2199, 2, 146, 4490, 'ENG-COM_1018', '0.00', '32'),
(2200, 2, 146, 4491, 'ENG-COM_1019', '0.00', '32'),
(2201, 2, 146, 4492, 'ENG-COM_1020', '0.00', '31'),
(2202, 2, 146, 4493, 'ENG-COM_1021', '0.00', '21'),
(2203, 2, 146, 4494, 'ENG-COM_1022', '0.00', '21'),
(2204, 2, 146, 4495, 'ENG-COM_1023', '0.00', '21'),
(2205, 2, 146, 4496, 'ENG-COM_1024', '0.00', '21'),
(2206, 2, 146, 4497, 'ENG-COM_1025', '0.00', '31'),
(2207, 2, 148, 4500, 'ENG-COM_1028', '0.00', '31'),
(2208, 2, 147, 4498, 'ENG-COM_1026', '0.00', '31'),
(2209, 2, 147, 4499, 'ENG-COM_1027', '0.00', '31'),
(2210, 2, 148, 4501, 'ENG-COM_1029', '0.00', '32'),
(2211, 2, 148, 4502, 'ENG-COM_1030', '0.00', '21'),
(2212, 2, 149, 4503, 'ENG-COM_1031', '0.00', '32'),
(2213, 2, 149, 4504, 'ENG-COM_1032', '0.00', '29'),
(2214, 2, 149, 4505, 'ENG-COM_1033', '0.00', '21'),
(2215, 2, 149, 4506, 'ENG-COM_1034', '0.00', '21'),
(2216, 2, 150, 4507, 'ENG-COM_1035', '0.00', '29'),
(2217, 2, 150, 4508, 'ENG-COM_1036', '0.00', '0'),
(2218, 2, 150, 4509, 'ENG-COM_1037', '0.00', '0'),
(2219, 2, 150, 4510, 'ENG-COM_1038', '0.00', '0'),
(2220, 2, 150, 4511, 'ENG-COM_1039', '0.00', '0'),
(2221, 2, 150, 4512, 'ENG-COM_1040', '0.00', '0'),
(2222, 2, 150, 4513, 'ENG-COM_1041', '0.00', '0'),
(2223, 2, 150, 4514, 'ENG-COM_1042', '0.00', '0'),
(2224, 2, 151, 4515, 'ENG-COM_1043', '0.00', '0'),
(2225, 2, 151, 4516, 'ENG-COM_1044', '0.00', '0'),
(2226, 2, 151, 4517, 'ENG-COM_1045', '0.00', '0'),
(2227, 3, 160, 4477, 'ENG-COM_1005', '0.00', '21'),
(2228, 3, 160, 4478, 'ENG-COM_1006', '0.00', '21'),
(2229, 3, 160, 4479, 'ENG-COM_1007', '0.00', '21'),
(2230, 3, 161, 4480, 'ENG-COM_1008', '0.00', '21'),
(2231, 3, 161, 4518, 'ENG-COM_1046', '0.00', '21'),
(2232, 3, 161, 4481, 'ENG-COM_1009', '0.00', '21'),
(2233, 3, 161, 4483, 'ENG-COM_1011', '0.00', '31'),
(2234, 3, 161, 4484, 'ENG-COM_1012', '0.00', '31'),
(2235, 3, 161, 4485, 'ENG-COM_1013', '0.00', '31'),
(2236, 3, 161, 4482, 'ENG-COM_1010', '0.00', '21'),
(2237, 3, 161, 4486, 'ENG-COM_1014', '0.00', '21'),
(2238, 3, 161, 4487, 'ENG-COM_1015', '0.00', '21'),
(2239, 3, 162, 4488, 'ENG-COM_1016', '0.00', '32'),
(2240, 3, 162, 4489, 'ENG-COM_1017', '0.00', '32'),
(2241, 3, 162, 4490, 'ENG-COM_1018', '0.00', '32'),
(2242, 3, 162, 4491, 'ENG-COM_1019', '0.00', '32'),
(2243, 3, 162, 4492, 'ENG-COM_1020', '0.00', '31'),
(2244, 3, 162, 4493, 'ENG-COM_1021', '0.00', '21'),
(2245, 3, 162, 4494, 'ENG-COM_1022', '0.00', '21'),
(2246, 3, 162, 4495, 'ENG-COM_1023', '0.00', '21'),
(2247, 3, 162, 4496, 'ENG-COM_1024', '0.00', '21'),
(2248, 3, 162, 4497, 'ENG-COM_1025', '0.00', '31'),
(2249, 3, 163, 4498, 'ENG-COM_1026', '0.00', '31'),
(2250, 3, 163, 4499, 'ENG-COM_1027', '0.00', '31'),
(2251, 3, 164, 4500, 'ENG-COM_1028', '0.00', '31'),
(2252, 3, 164, 4501, 'ENG-COM_1029', '0.00', '32'),
(2253, 3, 164, 4502, 'ENG-COM_1030', '0.00', '21'),
(2254, 3, 165, 4503, 'ENG-COM_1031', '0.00', '32'),
(2255, 3, 165, 4504, 'ENG-COM_1032', '0.00', '29'),
(2256, 3, 165, 4505, 'ENG-COM_1033', '0.00', '21'),
(2257, 3, 165, 4506, 'ENG-COM_1034', '0.00', '21'),
(2258, 3, 166, 4507, 'ENG-COM_1035', '0.00', '29'),
(2259, 3, 166, 4508, 'ENG-COM_1036', '0.00', '0'),
(2260, 3, 166, 4509, 'ENG-COM_1037', '0.00', '0'),
(2261, 3, 166, 4510, 'ENG-COM_1038', '0.00', '0'),
(2262, 3, 166, 4511, 'ENG-COM_1039', '0.00', '0'),
(2263, 3, 166, 4512, 'ENG-COM_1040', '0.00', '0'),
(2264, 3, 166, 4513, 'ENG-COM_1041', '0.00', '0'),
(2265, 3, 166, 4514, 'ENG-COM_1042', '0.00', '0'),
(2266, 3, 167, 4515, 'ENG-COM_1043', '0.00', '0'),
(2267, 3, 167, 4516, 'ENG-COM_1044', '0.00', '0'),
(2268, 3, 167, 4517, 'ENG-COM_1045', '0.00', '0'),
(2269, 4, 134, 4477, 'ENG-COM_1005', '0.00', '21'),
(2270, 4, 134, 4478, 'ENG-COM_1006', '0.00', '21'),
(2271, 4, 134, 4479, 'ENG-COM_1007', '0.00', '21'),
(2272, 4, 135, 4480, 'ENG-COM_1008', '0.00', '21'),
(2273, 4, 135, 4518, 'ENG-COM_1046', '0.00', '21'),
(2274, 4, 135, 4481, 'ENG-COM_1009', '0.00', '21'),
(2275, 4, 135, 4483, 'ENG-COM_1011', '0.00', '31'),
(2276, 4, 135, 4484, 'ENG-COM_1012', '0.00', '31'),
(2277, 4, 135, 4485, 'ENG-COM_1013', '0.00', '31'),
(2278, 4, 135, 4482, 'ENG-COM_1010', '0.00', '21'),
(2279, 4, 135, 4486, 'ENG-COM_1014', '0.00', '21'),
(2280, 4, 135, 4487, 'ENG-COM_1015', '0.00', '21'),
(2281, 4, 136, 4488, 'ENG-COM_1016', '0.00', '32'),
(2282, 4, 136, 4489, 'ENG-COM_1017', '0.00', '32'),
(2283, 4, 136, 4490, 'ENG-COM_1018', '0.00', '32'),
(2284, 4, 136, 4491, 'ENG-COM_1019', '0.00', '32'),
(2285, 4, 136, 4492, 'ENG-COM_1020', '0.00', '31'),
(2286, 4, 136, 4493, 'ENG-COM_1021', '0.00', '21'),
(2287, 4, 136, 4494, 'ENG-COM_1022', '0.00', '21'),
(2288, 4, 136, 4495, 'ENG-COM_1023', '0.00', '21'),
(2290, 4, 136, 4496, 'ENG-COM_1024', '0.00', '21'),
(2291, 4, 136, 4497, 'ENG-COM_1025', '0.00', '31'),
(2292, 4, 137, 4498, 'ENG-COM_1026', '0.00', '31'),
(2293, 4, 137, 4499, 'ENG-COM_1027', '0.00', '31'),
(2294, 4, 138, 4500, 'ENG-COM_1028', '0.00', '31'),
(2295, 4, 138, 4501, 'ENG-COM_1029', '0.00', '32'),
(2296, 3, 164, 4502, 'ENG-COM_1030', '0.00', '21'),
(2297, 4, 138, 4502, 'ENG-COM_1030', '0.00', '21'),
(2298, 4, 139, 4519, 'ENG-COM_1047', '0.00', '31'),
(2299, 4, 139, 4504, 'ENG-COM_1032', '0.00', '29'),
(2300, 4, 139, 4505, 'ENG-COM_1033', '0.00', '21'),
(2301, 4, 139, 4506, 'ENG-COM_1034', '0.00', '21'),
(2302, 4, 140, 4515, 'ENG-COM_1043', '0.00', '0'),
(2303, 4, 140, 4516, 'ENG-COM_1044', '0.00', '0'),
(2304, 4, 140, 4517, 'ENG-COM_1045', '0.00', '0'),
(2305, 1, 28, 4520, 'PRO-PF 80-301', '0.00', '32'),
(2306, 1, 28, 4521, 'PRO-PF 80-301', '0.00', '32'),
(2307, 1, 28, 1442, 'PRO-PF 80-2', '0.00', '21'),
(2308, 1, 28, 1443, 'PRO-PF 80-3', '0.00', '21'),
(2309, 1, 28, 1444, 'PRO-PF 80-4', '0.00', '21'),
(2310, 1, 28, 1445, 'PRO-PF 80-6', '0.00', '21'),
(2311, 1, 28, 1446, 'PRO-PF 80-7', '0.00', '21'),
(2312, 1, 28, 4522, 'ENG-PIE_1058', '0.00', '32'),
(2313, 1, 28, 4523, 'ENG-PIE_1059', '0.00', '32'),
(2314, 1, 28, 4524, 'ENG-PIE_1060', '0.00', '32'),
(2315, 1, 28, 4525, 'ENG-PIE_1061', '0.00', '31'),
(2316, 1, 28, 4526, 'ENG-PIE_1062', '0.00', '21'),
(2317, 1, 28, 4527, 'ENG-PIE_1063', '0.00', '21'),
(2318, 2, 61, 4521, 'PRO-PF 80-301', '0.00', '32'),
(2319, 2, 61, 1442, 'PRO-PF 80-2', '0.00', '21'),
(2320, 2, 61, 1443, 'PRO-PF 80-3', '0.00', '21'),
(2321, 2, 61, 1444, 'PRO-PF 80-4', '0.00', '21'),
(2322, 2, 61, 1445, 'PRO-PF 80-6', '0.00', '21'),
(2323, 2, 61, 1446, 'PRO-PF 80-7', '0.00', '21'),
(2324, 2, 61, 4522, 'ENG-PIE_1058', '0.00', '32'),
(2325, 2, 61, 4523, 'ENG-PIE_1059', '0.00', '32'),
(2326, 2, 61, 4524, 'ENG-PIE_1060', '0.00', '32'),
(2327, 2, 61, 4525, 'ENG-PIE_1061', '0.00', '31'),
(2328, 2, 61, 4526, 'ENG-PIE_1062', '0.00', '21'),
(2329, 2, 61, 4527, 'ENG-PIE_1063', '0.00', '21'),
(2330, 3, 94, 4520, 'PRO-PF 80-301', '0.00', '32'),
(2331, 3, 94, 4521, 'PRO-PF 80-301', '0.00', '32'),
(2332, 3, 94, 1442, 'PRO-PF 80-2', '0.00', '21'),
(2333, 3, 94, 1443, 'PRO-PF 80-3', '0.00', '21'),
(2334, 3, 94, 1444, 'PRO-PF 80-4', '0.00', '21'),
(2335, 3, 94, 1445, 'PRO-PF 80-6', '0.00', '21'),
(2336, 3, 94, 1446, 'PRO-PF 80-7', '0.00', '21'),
(2337, 3, 94, 4522, 'ENG-PIE_1058', '0.00', '32'),
(2338, 3, 94, 4523, 'ENG-PIE_1059', '0.00', '32'),
(2339, 3, 94, 4524, 'ENG-PIE_1060', '0.00', '32'),
(2340, 3, 94, 4525, 'ENG-PIE_1061', '0.00', '31'),
(2341, 3, 94, 4526, 'ENG-PIE_1062', '0.00', '21'),
(2342, 3, 94, 4527, 'ENG-PIE_1063', '0.00', '21'),
(2343, 4, 127, 4520, 'PRO-PF 80-301', '0.00', '32'),
(2344, 4, 127, 4521, 'PRO-PF 80-301', '0.00', '32'),
(2345, 4, 127, 1442, 'PRO-PF 80-2', '0.00', '21'),
(2346, 4, 127, 1443, 'PRO-PF 80-3', '0.00', '21'),
(2347, 4, 127, 1444, 'PRO-PF 80-4', '0.00', '21'),
(2348, 4, 127, 1445, 'PRO-PF 80-6', '0.00', '21'),
(2349, 4, 127, 1446, 'PRO-PF 80-7', '0.00', '21'),
(2350, 4, 127, 4522, 'ENG-PIE_1058', '0.00', '32'),
(2351, 4, 127, 4523, 'ENG-PIE_1059', '0.00', '32'),
(2352, 4, 127, 4524, 'ENG-PIE_1060', '0.00', '32'),
(2353, 4, 127, 4525, 'ENG-PIE_1061', '0.00', '31'),
(2354, 4, 127, 4526, 'ENG-PIE_1062', '0.00', '21'),
(2355, 4, 127, 4527, 'ENG-PIE_1063', '0.00', '21'),
(2356, 2, 57, 1238, 'PRO-PF 71-24', '0.00', '21'),
(2357, 2, 60, 4458, 'PRO-PF 73-10B', '0.00', '21'),
(2358, 2, 60, 1272, 'PRO-PF 73-11', '0.00', '21'),
(2359, 2, 60, 1273, 'PRO-PF 73-12', '0.00', '21'),
(2360, 2, 60, 1275, 'PRO-PF 73-13B', '0.00', '21'),
(2361, 2, 60, 1276, 'PRO-PF 73-14', '0.00', '21'),
(2362, 2, 60, 1278, 'PRO-PF 73-15 (B)', '0.00', '21'),
(2363, 2, 60, 1279, 'PRO-PF 73-16', '0.00', '21'),
(2364, 2, 60, 328, 'PRO-PF 73-17', '0.00', '21'),
(2365, 2, 60, 1280, 'PRO-PF 73-18', '0.00', '21'),
(2366, 2, 63, 4470, 'PF-136 Fuel Hose ', '0.00', '25'),
(2367, 2, 63, 4471, 'PF 136-Fuel Hose (outlet)', '0.00', '25'),
(2368, 2, 63, 130, 'PRO-PF 136-240', '0.00', '21');

-- --------------------------------------------------------

--
-- Table structure for table `assembly_engine`
--

CREATE TABLE IF NOT EXISTS `assembly_engine` (
`engine_id` int(11) NOT NULL,
  `engine_name` varchar(100) DEFAULT NULL
) ENGINE=InnoDB AUTO_INCREMENT=6 DEFAULT CHARSET=latin1;

--
-- Dumping data for table `assembly_engine`
--

INSERT INTO `assembly_engine` (`engine_id`, `engine_name`) VALUES
(1, 'DG1'),
(2, 'DG2'),
(3, 'DG3'),
(4, 'DG4'),
(5, 'DG5');

-- --------------------------------------------------------

--
-- Table structure for table `assembly_head`
--

CREATE TABLE IF NOT EXISTS `assembly_head` (
`assembly_id` int(11) NOT NULL,
  `engine_id` int(11) NOT NULL DEFAULT '0',
  `assembly_name` varchar(150) DEFAULT NULL,
  `locked` int(11) NOT NULL DEFAULT '0',
  `bh_id` int(11) DEFAULT NULL
) ENGINE=InnoDB AUTO_INCREMENT=168 DEFAULT CHARSET=latin1;

--
-- Dumping data for table `assembly_head`
--

INSERT INTO `assembly_head` (`assembly_id`, `engine_id`, `assembly_name`, `locked`, `bh_id`) VALUES
(1, 1, 'Rocker Arm ', 0, 8),
(2, 1, 'Cylinder Head', 0, 3),
(3, 1, 'Exhaust Valve', 0, 0),
(4, 1, 'Intake Valve', 0, NULL),
(5, 1, 'Fuel Injector', 0, NULL),
(6, 1, 'Safety Valve for Cylinder', 0, NULL),
(7, 1, 'Air Starting Valve', 0, NULL),
(8, 1, 'Indicator Valve', 0, NULL),
(9, 1, 'Main Bearing', 0, NULL),
(10, 1, 'Connecting Rod', 0, NULL),
(11, 1, 'Piston', 0, NULL),
(12, 1, 'Cylinder ', 0, NULL),
(13, 1, 'Valve Gear', 0, NULL),
(14, 1, 'Valve Gear Casing/Bonnet Casing', 0, NULL),
(15, 1, 'Cams', 0, NULL),
(16, 1, 'Starting Air Distributor', 0, NULL),
(17, 1, 'Fuel Injector Pump', 0, NULL),
(18, 1, 'Fuel Pump Drive', 0, NULL),
(19, 1, 'Inspection Door w/o relief for Crank Case', 0, NULL),
(20, 1, 'Inspection Door w/ relief valve for Crank Case', 0, NULL),
(21, 1, 'Water Inlet & Outlet Connection', 0, NULL),
(22, 1, 'Fuel Injection High Pressure Pipe', 0, NULL),
(23, 1, 'Coupling Side Cover (no outbound main bearing)', 0, NULL),
(24, 1, 'Outboard Main Bearing', 0, NULL),
(25, 1, 'End Cover (A)', 0, NULL),
(26, 1, 'End Cover (B)', 0, NULL),
(27, 1, 'Coupling Oil Seal', 0, NULL),
(28, 1, 'Crankshaft', 0, NULL),
(29, 1, 'Counter Weight', 0, NULL),
(30, 1, 'Fuel Oil Pipings', 0, NULL),
(31, 1, 'Fuel Regulating Device', 0, NULL),
(32, 1, 'Valve Gear Lubricating Oil Piping', 0, NULL),
(33, 1, 'Starting Air Pipings', 0, NULL),
(34, 2, 'Rocker Arm ', 0, NULL),
(35, 2, 'Cylinder Head', 0, NULL),
(36, 2, 'Exhaust Valve', 0, NULL),
(37, 2, 'Intake Valve', 0, NULL),
(38, 2, 'Fuel Injector', 0, NULL),
(39, 2, 'Safety Valve for Cylinder', 0, NULL),
(40, 2, 'Air Starting Valve', 0, NULL),
(41, 2, 'Indicator Valve', 0, NULL),
(42, 2, 'Main Bearing', 0, NULL),
(43, 2, 'Connecting Rod', 0, NULL),
(44, 2, 'Piston', 0, NULL),
(45, 2, 'Cylinder', 0, NULL),
(46, 2, 'Valve Gear', 0, NULL),
(47, 2, 'Valve Gear Casing', 0, NULL),
(48, 2, 'Cams', 0, NULL),
(49, 2, 'Starting Air Distributor', 0, NULL),
(50, 2, 'Fuel Injection Pump', 0, NULL),
(51, 2, 'Fuel Pump Drive', 0, NULL),
(52, 2, 'Inspection Door for Crank Case', 0, NULL),
(53, 2, 'Inspection Door w/ Relief Valve for Crank Case', 0, NULL),
(54, 2, 'Water Inlet & Outlet Connection', 0, NULL),
(55, 2, 'Fuel Injection High Pressure Pipe', 0, NULL),
(56, 2, 'Coupling Side Cover (No Outboard Main Bearing)', 0, NULL),
(57, 2, 'Outboard Main Bearing ', 0, NULL),
(58, 2, 'End Cover (A)', 0, NULL),
(59, 2, 'End Cover (B)', 0, NULL),
(60, 2, 'Coupling Oil Seal', 0, NULL),
(61, 2, 'Crankshaft', 0, NULL),
(62, 2, 'Counter Weight', 0, NULL),
(63, 2, 'Fuel Oil Pipings', 0, NULL),
(64, 2, 'Fuel Regulating Device', 0, NULL),
(65, 2, 'Valve Gear Lubricating Oil Piping', 0, NULL),
(66, 2, 'Starting Air Pipings', 0, NULL),
(67, 3, 'Rocker Arm', 0, NULL),
(68, 3, 'Cylinder Head', 0, NULL),
(69, 3, 'Exhaust Valve', 0, NULL),
(70, 3, 'Intake Valve', 0, NULL),
(71, 3, 'Fuel Injector', 0, NULL),
(72, 3, 'Safety Valve for Cylinder', 0, NULL),
(73, 3, 'Air Starting Valve', 0, NULL),
(74, 3, 'Indicator Valve', 0, NULL),
(75, 3, 'Main Bearing', 0, NULL),
(76, 3, 'Connecting Rod', 0, NULL),
(77, 3, 'Piston', 0, NULL),
(78, 3, 'Cylinder ', 0, NULL),
(79, 3, 'Valve Gear', 0, NULL),
(80, 3, 'Valve Gear Casing', 0, NULL),
(81, 3, 'Cams ', 0, NULL),
(82, 3, 'Starting Air Distributor', 0, NULL),
(83, 3, 'Fuel Injection Pump', 0, NULL),
(84, 3, 'Fuel Pump Drive', 0, NULL),
(85, 3, 'Inspection Door for Crank Case', 0, NULL),
(86, 3, 'Inspection Door w/ Relief Valve for Crank Case', 0, NULL),
(87, 3, 'Water Inlet & Outlet Connection', 0, NULL),
(88, 3, 'Fuel Injection High Pressure Pipe', 0, NULL),
(89, 3, 'Coupling Side Cover (No Outboard Main Bearing)', 0, NULL),
(90, 3, 'Outboard Main Bearing', 0, NULL),
(91, 3, 'End Cover (A)', 0, NULL),
(92, 3, 'End Cover (B)', 0, NULL),
(93, 3, 'Coupling Oil Seal ', 0, NULL),
(94, 3, 'Crankshaft ', 0, NULL),
(95, 3, 'Counter Weight', 0, NULL),
(96, 3, 'Fuel Oil Pipings', 0, NULL),
(97, 3, 'Fuel Regulating Device', 0, NULL),
(98, 3, 'Valve Gear Lubricating Oil Piping', 0, NULL),
(99, 3, 'Starting Air Pipings', 0, NULL),
(100, 4, 'Rocker Arm', 0, NULL),
(101, 4, 'Cylinder Head', 0, NULL),
(102, 4, 'Exhaust Valve', 0, NULL),
(103, 4, 'Intake Valve', 0, NULL),
(104, 4, 'Fuel Injector', 0, NULL),
(105, 4, 'Safety Valve for Cylinder', 0, NULL),
(106, 4, 'Air Starting Valve', 0, NULL),
(107, 4, 'Indicator Valve', 0, NULL),
(108, 4, 'Main Bearing', 0, NULL),
(109, 4, 'Connecting Rod', 0, NULL),
(110, 4, 'Piston', 0, NULL),
(111, 4, 'Cylinder', 0, NULL),
(112, 4, 'Valve gear', 0, NULL),
(113, 4, 'Valve Gear Casing', 0, NULL),
(114, 4, 'Cams', 0, NULL),
(115, 4, 'Starting Air Distributor', 0, NULL),
(116, 4, 'Fuel Injection Pump', 0, NULL),
(117, 4, 'Fuel Pump Drive', 0, NULL),
(118, 4, 'Inspection Door for Crank Case', 0, NULL),
(119, 4, 'Inspection Door w/ Relief Valve for Crank Case', 0, NULL),
(120, 4, 'Water Inlet & Outlet Connection', 0, NULL),
(121, 4, 'Fuel Injection High Pressure Pipe', 0, NULL),
(122, 4, 'Coupling Side Cover (no outboard main bearing)', 0, NULL),
(123, 4, 'Outboard Main Bearing', 0, NULL),
(124, 4, 'End Cover (A)', 0, NULL),
(125, 4, 'End Cover (B)', 0, NULL),
(126, 4, 'Coupling Oil Seal', 0, NULL),
(127, 4, 'Crankshaft', 0, NULL),
(128, 4, 'Counter Weight', 0, NULL),
(129, 4, 'Fuel Oil Pipings', 0, NULL),
(130, 4, 'Fuel Regulating Device', 0, NULL),
(131, 4, 'Valve Gear Lubricating Oil Piping', 0, NULL),
(132, 4, 'Starting Air Pipings', 0, NULL),
(133, 4, 'Foundation', 0, NULL),
(134, 4, 'Engine Leveling', 0, NULL),
(135, 4, 'Main Engine ( 1 unit Diesel Engine 6 )', 0, NULL),
(136, 4, 'Electric Generator', 0, NULL),
(137, 4, 'Exhaust', 0, NULL),
(138, 4, 'Turbo Charger', 0, NULL),
(139, 4, 'Air Cooler', 0, NULL),
(140, 4, 'Cooler', 0, NULL),
(141, 1, 'Foundation', 0, NULL),
(142, 1, 'Engine Leveling', 0, NULL),
(143, 2, 'Foundation', 0, NULL),
(144, 2, 'Engine Leveling', 0, NULL),
(145, 2, 'Main Engine ( 1 unit Diesel Engine 2 )', 0, NULL),
(146, 2, 'Electric Generator', 0, NULL),
(147, 2, 'Exhaust', 0, NULL),
(148, 2, 'Turbo Charger', 0, NULL),
(149, 2, 'Air Cooler', 0, NULL),
(150, 2, 'Piping System', 0, NULL),
(151, 2, 'Cooler', 0, NULL),
(152, 1, 'Main Engine ( 1 unit Diesel Engine 1)', 0, NULL),
(153, 1, 'Electric Generator', 0, NULL),
(154, 1, 'Exhaust', 0, NULL),
(155, 1, 'Turbo Charger', 0, NULL),
(156, 1, 'Air Cooler', 0, NULL),
(157, 1, 'Piping System', 0, NULL),
(158, 1, 'Cooler', 0, NULL),
(159, 3, 'Foundation', 0, NULL),
(160, 3, 'Engine Leveling', 0, NULL),
(161, 3, 'Main Engine ( 1 unit Diesel Engine 4 )', 0, NULL),
(162, 3, 'Electric Generator', 0, NULL),
(163, 3, 'Exhaust', 0, NULL),
(164, 3, 'Turbo Charger', 0, NULL),
(165, 3, 'Air Cooler', 0, NULL),
(166, 3, 'Piping System', 0, NULL),
(167, 3, 'Cooler', 0, NULL);

-- --------------------------------------------------------

--
-- Table structure for table `assembly_inventory`
--

CREATE TABLE IF NOT EXISTS `assembly_inventory` (
`ass_inv_id` int(11) NOT NULL,
  `engine_id` int(11) NOT NULL DEFAULT '0',
  `assembly_id` int(11) NOT NULL DEFAULT '0',
  `item_id` int(11) NOT NULL DEFAULT '0',
  `bank_id` int(11) NOT NULL DEFAULT '0',
  `bd_id` int(11) NOT NULL DEFAULT '0',
  `plate_no` varchar(50) NOT NULL DEFAULT '0',
  `qty` int(11) NOT NULL DEFAULT '0',
  `remarks` varchar(200) DEFAULT NULL,
  `inspected` varchar(50) DEFAULT NULL,
  `cleaned` varchar(50) DEFAULT NULL,
  `status` varchar(50) DEFAULT NULL,
  `location` varchar(50) DEFAULT NULL,
  `create_date` varchar(50) DEFAULT NULL,
  `user_id` int(11) NOT NULL DEFAULT '0'
) ENGINE=InnoDB AUTO_INCREMENT=1972 DEFAULT CHARSET=latin1;

--
-- Dumping data for table `assembly_inventory`
--

INSERT INTO `assembly_inventory` (`ass_inv_id`, `engine_id`, `assembly_id`, `item_id`, `bank_id`, `bd_id`, `plate_no`, `qty`, `remarks`, `inspected`, `cleaned`, `status`, `location`, `create_date`, `user_id`) VALUES
(1, 1, 2, 528, 2, 0, '123', 1, '', '', '', '', '', '2019-06-13 11:36:47', 1),
(2, 1, 2, 528, 3, 0, '123123', 1, '', '', '', '', '', '2019-06-13 11:36:47', 1),
(3, 1, 2, 528, 4, 0, '123', 1, '', '', '', '', '', '2019-06-13 11:36:47', 1),
(4, 1, 2, 528, 5, 0, '213123', 1, '', '', '', '', '', '2019-06-13 11:36:47', 1),
(5, 1, 2, 528, 6, 0, '213', 0, '', '', '', '', '', '2019-06-13 11:36:47', 1),
(6, 1, 2, 528, 7, 0, '123123', 1, '', '', '', '', '', '2019-06-13 11:36:47', 1),
(7, 1, 2, 528, 8, 0, '', 1, '', '', '', '', '', '2019-06-13 11:36:47', 1),
(8, 1, 2, 528, 9, 0, '', 1, '', '', '', '', '', '2019-06-13 11:36:47', 1),
(9, 1, 2, 528, 10, 0, '', 0, '', '', '', '', '', '2019-06-13 11:36:47', 1),
(10, 1, 2, 528, 11, 0, '', 0, '', '', '', '', '', '2019-06-13 11:36:47', 1),
(11, 1, 2, 528, 12, 0, '', 0, '', '', '', '', '', '2019-06-13 11:36:47', 1),
(12, 1, 2, 528, 13, 0, '', 0, '', '', '', '', '', '2019-06-13 11:36:47', 1),
(13, 1, 2, 528, 14, 0, '', 0, '', '', '', '', '', '2019-06-13 11:36:47', 1),
(14, 1, 2, 528, 15, 0, '', 0, '', '', '', '', '', '2019-06-13 11:36:47', 1),
(15, 1, 2, 528, 16, 0, '', 0, '', '', '', '', '', '2019-06-13 11:36:47', 1),
(16, 1, 2, 528, 17, 0, '', 0, '', '', '', '', '', '2019-06-13 11:36:47', 1),
(17, 1, 2, 528, 18, 0, '', 0, '', '', '', '', '', '2019-06-13 11:36:47', 1),
(18, 1, 2, 528, 19, 0, '', 0, '', '', '', '', '', '2019-06-13 11:36:47', 1),
(19, 1, 2, 529, 2, 0, '123', 2, '', '', '', '', '', '2019-06-13 11:36:47', 1),
(20, 1, 2, 529, 3, 0, '123123', 3, '', '', '', '', '', '2019-06-13 11:36:47', 1),
(21, 1, 2, 529, 4, 0, '123', 1, '', '', '', '', '', '2019-06-13 11:36:47', 1),
(22, 1, 2, 529, 5, 0, '213123', 2, '', '', '', '', '', '2019-06-13 11:36:47', 1),
(23, 1, 2, 529, 6, 0, '213', 3, '', '', '', '', '', '2019-06-13 11:36:47', 1),
(24, 1, 2, 529, 7, 0, '123123', 4, '', '', '', '', '', '2019-06-13 11:36:47', 1),
(25, 1, 2, 529, 8, 0, '', 1, '', '', '', '', '', '2019-06-13 11:36:47', 1),
(26, 1, 2, 529, 9, 0, '', 2, '', '', '', '', '', '2019-06-13 11:36:47', 1),
(27, 1, 2, 529, 10, 0, '', 0, '', '', '', '', '', '2019-06-13 11:36:47', 1),
(28, 1, 2, 529, 11, 0, '', 0, '', '', '', '', '', '2019-06-13 11:36:47', 1),
(29, 1, 2, 529, 12, 0, '', 0, '', '', '', '', '', '2019-06-13 11:36:47', 1),
(30, 1, 2, 529, 13, 0, '', 0, '', '', '', '', '', '2019-06-13 11:36:47', 1),
(31, 1, 2, 529, 14, 0, '', 0, '', '', '', '', '', '2019-06-13 11:36:47', 1),
(32, 1, 2, 529, 15, 0, '', 0, '', '', '', '', '', '2019-06-13 11:36:47', 1),
(33, 1, 2, 529, 16, 0, '', 0, '', '', '', '', '', '2019-06-13 11:36:47', 1),
(34, 1, 2, 529, 17, 0, '', 0, '', '', '', '', '', '2019-06-13 11:36:47', 1),
(35, 1, 2, 529, 18, 0, '', 0, '', '', '', '', '', '2019-06-13 11:36:47', 1),
(36, 1, 2, 529, 19, 0, '', 0, '', '', '', '', '', '2019-06-13 11:36:47', 1),
(37, 1, 2, 397, 2, 0, '123', 0, '', '', '', '', '', '2019-06-13 11:36:47', 1),
(38, 1, 2, 397, 3, 0, '123123', 0, '', '', '', '', '', '2019-06-13 11:36:47', 1),
(39, 1, 2, 397, 4, 0, '123', 0, '', '', '', '', '', '2019-06-13 11:36:47', 1),
(40, 1, 2, 397, 5, 0, '213123', 0, '', '', '', '', '', '2019-06-13 11:36:47', 1),
(41, 1, 2, 397, 6, 0, '213', 0, '', '', '', '', '', '2019-06-13 11:36:47', 1),
(42, 1, 2, 397, 7, 0, '123123', 0, '', '', '', '', '', '2019-06-13 11:36:47', 1),
(43, 1, 2, 397, 8, 0, '', 0, '', '', '', '', '', '2019-06-13 11:36:47', 1),
(44, 1, 2, 397, 9, 0, '', 0, '', '', '', '', '', '2019-06-13 11:36:47', 1),
(45, 1, 2, 397, 10, 0, '', 0, '', '', '', '', '', '2019-06-13 11:36:47', 1),
(46, 1, 2, 397, 11, 0, '', 0, '', '', '', '', '', '2019-06-13 11:36:47', 1),
(47, 1, 2, 397, 12, 0, '', 0, '', '', '', '', '', '2019-06-13 11:36:47', 1),
(48, 1, 2, 397, 13, 0, '', 0, '', '', '', '', '', '2019-06-13 11:36:47', 1),
(49, 1, 2, 397, 14, 0, '', 0, '', '', '', '', '', '2019-06-13 11:36:47', 1),
(50, 1, 2, 397, 15, 0, '', 0, '', '', '', '', '', '2019-06-13 11:36:47', 1),
(51, 1, 2, 397, 16, 0, '', 0, '', '', '', '', '', '2019-06-13 11:36:47', 1),
(52, 1, 2, 397, 17, 0, '', 0, '', '', '', '', '', '2019-06-13 11:36:47', 1),
(53, 1, 2, 397, 18, 0, '', 0, '', '', '', '', '', '2019-06-13 11:36:47', 1),
(54, 1, 2, 397, 19, 0, '', 0, '', '', '', '', '', '2019-06-13 11:36:47', 1),
(55, 1, 2, 530, 2, 0, '123', 0, '', '', '', '', '', '2019-06-13 11:36:47', 1),
(56, 1, 2, 530, 3, 0, '123123', 0, '', '', '', '', '', '2019-06-13 11:36:47', 1),
(57, 1, 2, 530, 4, 0, '123', 0, '', '', '', '', '', '2019-06-13 11:36:47', 1),
(58, 1, 2, 530, 5, 0, '213123', 0, '', '', '', '', '', '2019-06-13 11:36:47', 1),
(59, 1, 2, 530, 6, 0, '213', 0, '', '', '', '', '', '2019-06-13 11:36:47', 1),
(60, 1, 2, 530, 7, 0, '123123', 0, '', '', '', '', '', '2019-06-13 11:36:47', 1),
(61, 1, 2, 530, 8, 0, '', 0, '', '', '', '', '', '2019-06-13 11:36:47', 1),
(62, 1, 2, 530, 9, 0, '', 0, '', '', '', '', '', '2019-06-13 11:36:47', 1),
(63, 1, 2, 530, 10, 0, '', 0, '', '', '', '', '', '2019-06-13 11:36:47', 1),
(64, 1, 2, 530, 11, 0, '', 0, '', '', '', '', '', '2019-06-13 11:36:47', 1),
(65, 1, 2, 530, 12, 0, '', 0, '', '', '', '', '', '2019-06-13 11:36:47', 1),
(66, 1, 2, 530, 13, 0, '', 0, '', '', '', '', '', '2019-06-13 11:36:47', 1),
(67, 1, 2, 530, 14, 0, '', 0, '', '', '', '', '', '2019-06-13 11:36:47', 1),
(68, 1, 2, 530, 15, 0, '', 0, '', '', '', '', '', '2019-06-13 11:36:47', 1),
(69, 1, 2, 530, 16, 0, '', 0, '', '', '', '', '', '2019-06-13 11:36:47', 1),
(70, 1, 2, 530, 17, 0, '', 0, '', '', '', '', '', '2019-06-13 11:36:47', 1),
(71, 1, 2, 530, 18, 0, '', 0, '', '', '', '', '', '2019-06-13 11:36:47', 1),
(72, 1, 2, 530, 19, 0, '', 0, '', '', '', '', '', '2019-06-13 11:36:47', 1),
(73, 1, 2, 531, 2, 0, '123', 0, '', '', '', '', '', '2019-06-13 11:36:47', 1),
(74, 1, 2, 531, 3, 0, '123123', 0, '', '', '', '', '', '2019-06-13 11:36:47', 1),
(75, 1, 2, 531, 4, 0, '123', 0, '', '', '', '', '', '2019-06-13 11:36:47', 1),
(76, 1, 2, 531, 5, 0, '213123', 0, '', '', '', '', '', '2019-06-13 11:36:47', 1),
(77, 1, 2, 531, 6, 0, '213', 0, '', '', '', '', '', '2019-06-13 11:36:47', 1),
(78, 1, 2, 531, 7, 0, '123123', 0, '', '', '', '', '', '2019-06-13 11:36:47', 1),
(79, 1, 2, 531, 8, 0, '', 0, '', '', '', '', '', '2019-06-13 11:36:47', 1),
(80, 1, 2, 531, 9, 0, '', 0, '', '', '', '', '', '2019-06-13 11:36:47', 1),
(81, 1, 2, 531, 10, 0, '', 0, '', '', '', '', '', '2019-06-13 11:36:47', 1),
(82, 1, 2, 531, 11, 0, '', 0, '', '', '', '', '', '2019-06-13 11:36:47', 1),
(83, 1, 2, 531, 12, 0, '', 0, '', '', '', '', '', '2019-06-13 11:36:47', 1),
(84, 1, 2, 531, 13, 0, '', 0, '', '', '', '', '', '2019-06-13 11:36:47', 1),
(85, 1, 2, 531, 14, 0, '', 0, '', '', '', '', '', '2019-06-13 11:36:47', 1),
(86, 1, 2, 531, 15, 0, '', 0, '', '', '', '', '', '2019-06-13 11:36:47', 1),
(87, 1, 2, 531, 16, 0, '', 0, '', '', '', '', '', '2019-06-13 11:36:47', 1),
(88, 1, 2, 531, 17, 0, '', 0, '', '', '', '', '', '2019-06-13 11:36:47', 1),
(89, 1, 2, 531, 18, 0, '', 0, '', '', '', '', '', '2019-06-13 11:36:47', 1),
(90, 1, 2, 531, 19, 0, '', 0, '', '', '', '', '', '2019-06-13 11:36:47', 1),
(91, 1, 2, 532, 2, 0, '123', 0, '', '', '', '', '', '2019-06-13 11:36:47', 1),
(92, 1, 2, 532, 3, 0, '123123', 0, '', '', '', '', '', '2019-06-13 11:36:47', 1),
(93, 1, 2, 532, 4, 0, '123', 0, '', '', '', '', '', '2019-06-13 11:36:47', 1),
(94, 1, 2, 532, 5, 0, '213123', 0, '', '', '', '', '', '2019-06-13 11:36:47', 1),
(95, 1, 2, 532, 6, 0, '213', 0, '', '', '', '', '', '2019-06-13 11:36:47', 1),
(96, 1, 2, 532, 7, 0, '123123', 0, '', '', '', '', '', '2019-06-13 11:36:47', 1),
(97, 1, 2, 532, 8, 0, '', 0, '', '', '', '', '', '2019-06-13 11:36:47', 1),
(98, 1, 2, 532, 9, 0, '', 0, '', '', '', '', '', '2019-06-13 11:36:47', 1),
(99, 1, 2, 532, 10, 0, '', 0, '', '', '', '', '', '2019-06-13 11:36:47', 1),
(100, 1, 2, 532, 11, 0, '', 0, '', '', '', '', '', '2019-06-13 11:36:47', 1),
(101, 1, 2, 532, 12, 0, '', 0, '', '', '', '', '', '2019-06-13 11:36:47', 1),
(102, 1, 2, 532, 13, 0, '', 0, '', '', '', '', '', '2019-06-13 11:36:47', 1),
(103, 1, 2, 532, 14, 0, '', 0, '', '', '', '', '', '2019-06-13 11:36:47', 1),
(104, 1, 2, 532, 15, 0, '', 0, '', '', '', '', '', '2019-06-13 11:36:47', 1),
(105, 1, 2, 532, 16, 0, '', 0, '', '', '', '', '', '2019-06-13 11:36:47', 1),
(106, 1, 2, 532, 17, 0, '', 0, '', '', '', '', '', '2019-06-13 11:36:47', 1),
(107, 1, 2, 532, 18, 0, '', 0, '', '', '', '', '', '2019-06-13 11:36:47', 1),
(108, 1, 2, 532, 19, 0, '', 0, '', '', '', '', '', '2019-06-13 11:36:47', 1),
(109, 1, 2, 226, 2, 0, '123', 0, '', '', '', '', '', '2019-06-13 11:36:47', 1),
(110, 1, 2, 226, 3, 0, '123123', 0, '', '', '', '', '', '2019-06-13 11:36:47', 1),
(111, 1, 2, 226, 4, 0, '123', 0, '', '', '', '', '', '2019-06-13 11:36:47', 1),
(112, 1, 2, 226, 5, 0, '213123', 0, '', '', '', '', '', '2019-06-13 11:36:47', 1),
(113, 1, 2, 226, 6, 0, '213', 0, '', '', '', '', '', '2019-06-13 11:36:47', 1),
(114, 1, 2, 226, 7, 0, '123123', 0, '', '', '', '', '', '2019-06-13 11:36:47', 1),
(115, 1, 2, 226, 8, 0, '', 0, '', '', '', '', '', '2019-06-13 11:36:47', 1),
(116, 1, 2, 226, 9, 0, '', 0, '', '', '', '', '', '2019-06-13 11:36:47', 1),
(117, 1, 2, 226, 10, 0, '', 0, '', '', '', '', '', '2019-06-13 11:36:47', 1),
(118, 1, 2, 226, 11, 0, '', 0, '', '', '', '', '', '2019-06-13 11:36:47', 1),
(119, 1, 2, 226, 12, 0, '', 0, '', '', '', '', '', '2019-06-13 11:36:47', 1),
(120, 1, 2, 226, 13, 0, '', 0, '', '', '', '', '', '2019-06-13 11:36:47', 1),
(121, 1, 2, 226, 14, 0, '', 0, '', '', '', '', '', '2019-06-13 11:36:47', 1),
(122, 1, 2, 226, 15, 0, '', 0, '', '', '', '', '', '2019-06-13 11:36:47', 1),
(123, 1, 2, 226, 16, 0, '', 0, '', '', '', '', '', '2019-06-13 11:36:47', 1),
(124, 1, 2, 226, 17, 0, '', 0, '', '', '', '', '', '2019-06-13 11:36:47', 1),
(125, 1, 2, 226, 18, 0, '', 0, '', '', '', '', '', '2019-06-13 11:36:47', 1),
(126, 1, 2, 226, 19, 0, '', 0, '', '', '', '', '', '2019-06-13 11:36:47', 1),
(127, 1, 2, 228, 2, 0, '123', 0, '', '', '', '', '', '2019-06-13 11:36:47', 1),
(128, 1, 2, 228, 3, 0, '123123', 0, '', '', '', '', '', '2019-06-13 11:36:47', 1),
(129, 1, 2, 228, 4, 0, '123', 0, '', '', '', '', '', '2019-06-13 11:36:47', 1),
(130, 1, 2, 228, 5, 0, '213123', 0, '', '', '', '', '', '2019-06-13 11:36:47', 1),
(131, 1, 2, 228, 6, 0, '213', 0, '', '', '', '', '', '2019-06-13 11:36:47', 1),
(132, 1, 2, 228, 7, 0, '123123', 0, '', '', '', '', '', '2019-06-13 11:36:47', 1),
(133, 1, 2, 228, 8, 0, '', 0, '', '', '', '', '', '2019-06-13 11:36:47', 1),
(134, 1, 2, 228, 9, 0, '', 0, '', '', '', '', '', '2019-06-13 11:36:47', 1),
(135, 1, 2, 228, 10, 0, '', 0, '', '', '', '', '', '2019-06-13 11:36:47', 1),
(136, 1, 2, 228, 11, 0, '', 0, '', '', '', '', '', '2019-06-13 11:36:47', 1),
(137, 1, 2, 228, 12, 0, '', 0, '', '', '', '', '', '2019-06-13 11:36:47', 1),
(138, 1, 2, 228, 13, 0, '', 0, '', '', '', '', '', '2019-06-13 11:36:47', 1),
(139, 1, 2, 228, 14, 0, '', 0, '', '', '', '', '', '2019-06-13 11:36:47', 1),
(140, 1, 2, 228, 15, 0, '', 0, '', '', '', '', '', '2019-06-13 11:36:47', 1),
(141, 1, 2, 228, 16, 0, '', 0, '', '', '', '', '', '2019-06-13 11:36:47', 1),
(142, 1, 2, 228, 17, 0, '', 0, '', '', '', '', '', '2019-06-13 11:36:47', 1),
(143, 1, 2, 228, 18, 0, '', 0, '', '', '', '', '', '2019-06-13 11:36:47', 1),
(144, 1, 2, 228, 19, 0, '', 0, '', '', '', '', '', '2019-06-13 11:36:47', 1),
(145, 1, 2, 231, 2, 0, '123', 0, '', '', '', '', '', '2019-06-13 11:36:47', 1),
(146, 1, 2, 231, 3, 0, '123123', 0, '', '', '', '', '', '2019-06-13 11:36:47', 1),
(147, 1, 2, 231, 4, 0, '123', 0, '', '', '', '', '', '2019-06-13 11:36:47', 1),
(148, 1, 2, 231, 5, 0, '213123', 0, '', '', '', '', '', '2019-06-13 11:36:47', 1),
(149, 1, 2, 231, 6, 0, '213', 0, '', '', '', '', '', '2019-06-13 11:36:47', 1),
(150, 1, 2, 231, 7, 0, '123123', 0, '', '', '', '', '', '2019-06-13 11:36:47', 1),
(151, 1, 2, 231, 8, 0, '', 0, '', '', '', '', '', '2019-06-13 11:36:47', 1),
(152, 1, 2, 231, 9, 0, '', 0, '', '', '', '', '', '2019-06-13 11:36:47', 1),
(153, 1, 2, 231, 10, 0, '', 0, '', '', '', '', '', '2019-06-13 11:36:47', 1),
(154, 1, 2, 231, 11, 0, '', 0, '', '', '', '', '', '2019-06-13 11:36:47', 1),
(155, 1, 2, 231, 12, 0, '', 0, '', '', '', '', '', '2019-06-13 11:36:47', 1),
(156, 1, 2, 231, 13, 0, '', 0, '', '', '', '', '', '2019-06-13 11:36:47', 1),
(157, 1, 2, 231, 14, 0, '', 0, '', '', '', '', '', '2019-06-13 11:36:47', 1),
(158, 1, 2, 231, 15, 0, '', 0, '', '', '', '', '', '2019-06-13 11:36:47', 1),
(159, 1, 2, 231, 16, 0, '', 0, '', '', '', '', '', '2019-06-13 11:36:47', 1),
(160, 1, 2, 231, 17, 0, '', 0, '', '', '', '', '', '2019-06-13 11:36:47', 1),
(161, 1, 2, 231, 18, 0, '', 0, '', '', '', '', '', '2019-06-13 11:36:47', 1),
(162, 1, 2, 231, 19, 0, '', 0, '', '', '', '', '', '2019-06-13 11:36:47', 1),
(163, 1, 2, 234, 2, 0, '123', 0, '', '', '', '', '', '2019-06-13 11:36:47', 1),
(164, 1, 2, 234, 3, 0, '123123', 0, '', '', '', '', '', '2019-06-13 11:36:47', 1),
(165, 1, 2, 234, 4, 0, '123', 0, '', '', '', '', '', '2019-06-13 11:36:47', 1),
(166, 1, 2, 234, 5, 0, '213123', 0, '', '', '', '', '', '2019-06-13 11:36:47', 1),
(167, 1, 2, 234, 6, 0, '213', 0, '', '', '', '', '', '2019-06-13 11:36:47', 1),
(168, 1, 2, 234, 7, 0, '123123', 0, '', '', '', '', '', '2019-06-13 11:36:47', 1),
(169, 1, 2, 234, 8, 0, '', 0, '', '', '', '', '', '2019-06-13 11:36:47', 1),
(170, 1, 2, 234, 9, 0, '', 0, '', '', '', '', '', '2019-06-13 11:36:47', 1),
(171, 1, 2, 234, 10, 0, '', 0, '', '', '', '', '', '2019-06-13 11:36:47', 1),
(172, 1, 2, 234, 11, 0, '', 0, '', '', '', '', '', '2019-06-13 11:36:47', 1),
(173, 1, 2, 234, 12, 0, '', 0, '', '', '', '', '', '2019-06-13 11:36:47', 1),
(174, 1, 2, 234, 13, 0, '', 0, '', '', '', '', '', '2019-06-13 11:36:47', 1),
(175, 1, 2, 234, 14, 0, '', 0, '', '', '', '', '', '2019-06-13 11:36:47', 1),
(176, 1, 2, 234, 15, 0, '', 0, '', '', '', '', '', '2019-06-13 11:36:47', 1),
(177, 1, 2, 234, 16, 0, '', 0, '', '', '', '', '', '2019-06-13 11:36:47', 1),
(178, 1, 2, 234, 17, 0, '', 0, '', '', '', '', '', '2019-06-13 11:36:47', 1),
(179, 1, 2, 234, 18, 0, '', 0, '', '', '', '', '', '2019-06-13 11:36:47', 1),
(180, 1, 2, 234, 19, 0, '', 0, '', '', '', '', '', '2019-06-13 11:36:47', 1),
(181, 1, 2, 237, 2, 0, '123', 0, '', '', '', '', '', '2019-06-13 11:36:47', 1),
(182, 1, 2, 237, 3, 0, '123123', 0, '', '', '', '', '', '2019-06-13 11:36:47', 1),
(183, 1, 2, 237, 4, 0, '123', 0, '', '', '', '', '', '2019-06-13 11:36:47', 1),
(184, 1, 2, 237, 5, 0, '213123', 0, '', '', '', '', '', '2019-06-13 11:36:47', 1),
(185, 1, 2, 237, 6, 0, '213', 0, '', '', '', '', '', '2019-06-13 11:36:47', 1),
(186, 1, 2, 237, 7, 0, '123123', 0, '', '', '', '', '', '2019-06-13 11:36:47', 1),
(187, 1, 2, 237, 8, 0, '', 0, '', '', '', '', '', '2019-06-13 11:36:47', 1),
(188, 1, 2, 237, 9, 0, '', 0, '', '', '', '', '', '2019-06-13 11:36:47', 1),
(189, 1, 2, 237, 10, 0, '', 0, '', '', '', '', '', '2019-06-13 11:36:47', 1),
(190, 1, 2, 237, 11, 0, '', 0, '', '', '', '', '', '2019-06-13 11:36:47', 1),
(191, 1, 2, 237, 12, 0, '', 0, '', '', '', '', '', '2019-06-13 11:36:47', 1),
(192, 1, 2, 237, 13, 0, '', 0, '', '', '', '', '', '2019-06-13 11:36:47', 1),
(193, 1, 2, 237, 14, 0, '', 0, '', '', '', '', '', '2019-06-13 11:36:47', 1),
(194, 1, 2, 237, 15, 0, '', 0, '', '', '', '', '', '2019-06-13 11:36:47', 1),
(195, 1, 2, 237, 16, 0, '', 0, '', '', '', '', '', '2019-06-13 11:36:47', 1),
(196, 1, 2, 237, 17, 0, '', 0, '', '', '', '', '', '2019-06-13 11:36:47', 1),
(197, 1, 2, 237, 18, 0, '', 0, '', '', '', '', '', '2019-06-13 11:36:47', 1),
(198, 1, 2, 237, 19, 0, '', 0, '', '', '', '', '', '2019-06-13 11:36:47', 1),
(199, 1, 2, 533, 2, 0, '123', 0, '', '', '', '', '', '2019-06-13 11:36:47', 1),
(200, 1, 2, 533, 3, 0, '123123', 0, '', '', '', '', '', '2019-06-13 11:36:47', 1),
(201, 1, 2, 533, 4, 0, '123', 0, '', '', '', '', '', '2019-06-13 11:36:47', 1),
(202, 1, 2, 533, 5, 0, '213123', 0, '', '', '', '', '', '2019-06-13 11:36:47', 1),
(203, 1, 2, 533, 6, 0, '213', 0, '', '', '', '', '', '2019-06-13 11:36:47', 1),
(204, 1, 2, 533, 7, 0, '123123', 0, '', '', '', '', '', '2019-06-13 11:36:47', 1),
(205, 1, 2, 533, 8, 0, '', 0, '', '', '', '', '', '2019-06-13 11:36:47', 1),
(206, 1, 2, 533, 9, 0, '', 0, '', '', '', '', '', '2019-06-13 11:36:47', 1),
(207, 1, 2, 533, 10, 0, '', 0, '', '', '', '', '', '2019-06-13 11:36:47', 1),
(208, 1, 2, 533, 11, 0, '', 0, '', '', '', '', '', '2019-06-13 11:36:47', 1),
(209, 1, 2, 533, 12, 0, '', 0, '', '', '', '', '', '2019-06-13 11:36:47', 1),
(210, 1, 2, 533, 13, 0, '', 0, '', '', '', '', '', '2019-06-13 11:36:47', 1),
(211, 1, 2, 533, 14, 0, '', 0, '', '', '', '', '', '2019-06-13 11:36:47', 1),
(212, 1, 2, 533, 15, 0, '', 0, '', '', '', '', '', '2019-06-13 11:36:47', 1),
(213, 1, 2, 533, 16, 0, '', 0, '', '', '', '', '', '2019-06-13 11:36:47', 1),
(214, 1, 2, 533, 17, 0, '', 0, '', '', '', '', '', '2019-06-13 11:36:47', 1),
(215, 1, 2, 533, 18, 0, '', 0, '', '', '', '', '', '2019-06-13 11:36:47', 1),
(216, 1, 2, 533, 19, 0, '', 0, '', '', '', '', '', '2019-06-13 11:36:47', 1),
(217, 1, 2, 534, 2, 0, '123', 0, '', '', '', '', '', '2019-06-13 11:36:47', 1),
(218, 1, 2, 534, 3, 0, '123123', 0, '', '', '', '', '', '2019-06-13 11:36:47', 1),
(219, 1, 2, 534, 4, 0, '123', 0, '', '', '', '', '', '2019-06-13 11:36:47', 1),
(220, 1, 2, 534, 5, 0, '213123', 0, '', '', '', '', '', '2019-06-13 11:36:47', 1),
(221, 1, 2, 534, 6, 0, '213', 0, '', '', '', '', '', '2019-06-13 11:36:47', 1),
(222, 1, 2, 534, 7, 0, '123123', 0, '', '', '', '', '', '2019-06-13 11:36:47', 1),
(223, 1, 2, 534, 8, 0, '', 0, '', '', '', '', '', '2019-06-13 11:36:47', 1),
(224, 1, 2, 534, 9, 0, '', 0, '', '', '', '', '', '2019-06-13 11:36:47', 1),
(225, 1, 2, 534, 10, 0, '', 0, '', '', '', '', '', '2019-06-13 11:36:47', 1),
(226, 1, 2, 534, 11, 0, '', 0, '', '', '', '', '', '2019-06-13 11:36:47', 1),
(227, 1, 2, 534, 12, 0, '', 0, '', '', '', '', '', '2019-06-13 11:36:47', 1),
(228, 1, 2, 534, 13, 0, '', 0, '', '', '', '', '', '2019-06-13 11:36:47', 1),
(229, 1, 2, 534, 14, 0, '', 0, '', '', '', '', '', '2019-06-13 11:36:47', 1),
(230, 1, 2, 534, 15, 0, '', 0, '', '', '', '', '', '2019-06-13 11:36:47', 1),
(231, 1, 2, 534, 16, 0, '', 0, '', '', '', '', '', '2019-06-13 11:36:47', 1),
(232, 1, 2, 534, 17, 0, '', 0, '', '', '', '', '', '2019-06-13 11:36:47', 1),
(233, 1, 2, 534, 18, 0, '', 0, '', '', '', '', '', '2019-06-13 11:36:47', 1),
(234, 1, 2, 534, 19, 0, '', 0, '', '', '', '', '', '2019-06-13 11:36:47', 1),
(235, 1, 2, 254, 2, 0, '123', 0, '', '', '', '', '', '2019-06-13 11:36:47', 1),
(236, 1, 2, 254, 3, 0, '123123', 0, '', '', '', '', '', '2019-06-13 11:36:47', 1),
(237, 1, 2, 254, 4, 0, '123', 0, '', '', '', '', '', '2019-06-13 11:36:47', 1),
(238, 1, 2, 254, 5, 0, '213123', 0, '', '', '', '', '', '2019-06-13 11:36:47', 1),
(239, 1, 2, 254, 6, 0, '213', 0, '', '', '', '', '', '2019-06-13 11:36:47', 1),
(240, 1, 2, 254, 7, 0, '123123', 0, '', '', '', '', '', '2019-06-13 11:36:47', 1),
(241, 1, 2, 254, 8, 0, '', 0, '', '', '', '', '', '2019-06-13 11:36:47', 1),
(242, 1, 2, 254, 9, 0, '', 0, '', '', '', '', '', '2019-06-13 11:36:47', 1),
(243, 1, 2, 254, 10, 0, '', 0, '', '', '', '', '', '2019-06-13 11:36:47', 1),
(244, 1, 2, 254, 11, 0, '', 0, '', '', '', '', '', '2019-06-13 11:36:47', 1),
(245, 1, 2, 254, 12, 0, '', 0, '', '', '', '', '', '2019-06-13 11:36:47', 1),
(246, 1, 2, 254, 13, 0, '', 0, '', '', '', '', '', '2019-06-13 11:36:47', 1),
(247, 1, 2, 254, 14, 0, '', 0, '', '', '', '', '', '2019-06-13 11:36:47', 1),
(248, 1, 2, 254, 15, 0, '', 0, '', '', '', '', '', '2019-06-13 11:36:47', 1),
(249, 1, 2, 254, 16, 0, '', 0, '', '', '', '', '', '2019-06-13 11:36:47', 1),
(250, 1, 2, 254, 17, 0, '', 0, '', '', '', '', '', '2019-06-13 11:36:47', 1),
(251, 1, 2, 254, 18, 0, '', 0, '', '', '', '', '', '2019-06-13 11:36:47', 1),
(252, 1, 2, 254, 19, 0, '', 0, '', '', '', '', '', '2019-06-13 11:36:47', 1),
(253, 1, 2, 289, 2, 0, '123', 0, '', '', '', '', '', '2019-06-13 11:36:47', 1),
(254, 1, 2, 289, 3, 0, '123123', 0, '', '', '', '', '', '2019-06-13 11:36:47', 1),
(255, 1, 2, 289, 4, 0, '123', 0, '', '', '', '', '', '2019-06-13 11:36:47', 1),
(256, 1, 2, 289, 5, 0, '213123', 0, '', '', '', '', '', '2019-06-13 11:36:47', 1),
(257, 1, 2, 289, 6, 0, '213', 0, '', '', '', '', '', '2019-06-13 11:36:47', 1),
(258, 1, 2, 289, 7, 0, '123123', 0, '', '', '', '', '', '2019-06-13 11:36:47', 1),
(259, 1, 2, 289, 8, 0, '', 0, '', '', '', '', '', '2019-06-13 11:36:47', 1),
(260, 1, 2, 289, 9, 0, '', 0, '', '', '', '', '', '2019-06-13 11:36:47', 1),
(261, 1, 2, 289, 10, 0, '', 0, '', '', '', '', '', '2019-06-13 11:36:47', 1),
(262, 1, 2, 289, 11, 0, '', 0, '', '', '', '', '', '2019-06-13 11:36:47', 1),
(263, 1, 2, 289, 12, 0, '', 0, '', '', '', '', '', '2019-06-13 11:36:47', 1),
(264, 1, 2, 289, 13, 0, '', 0, '', '', '', '', '', '2019-06-13 11:36:47', 1),
(265, 1, 2, 289, 14, 0, '', 0, '', '', '', '', '', '2019-06-13 11:36:47', 1),
(266, 1, 2, 289, 15, 0, '', 0, '', '', '', '', '', '2019-06-13 11:36:47', 1),
(267, 1, 2, 289, 16, 0, '', 0, '', '', '', '', '', '2019-06-13 11:36:47', 1),
(268, 1, 2, 289, 17, 0, '', 0, '', '', '', '', '', '2019-06-13 11:36:47', 1),
(269, 1, 2, 289, 18, 0, '', 0, '', '', '', '', '', '2019-06-13 11:36:47', 1),
(270, 1, 2, 289, 19, 0, '', 0, '', '', '', '', '', '2019-06-13 11:36:47', 1),
(271, 1, 2, 536, 2, 0, '123', 0, '', '', '', '', '', '2019-06-13 11:36:47', 1),
(272, 1, 2, 536, 3, 0, '123123', 0, '', '', '', '', '', '2019-06-13 11:36:47', 1),
(273, 1, 2, 536, 4, 0, '123', 0, '', '', '', '', '', '2019-06-13 11:36:47', 1),
(274, 1, 2, 536, 5, 0, '213123', 0, '', '', '', '', '', '2019-06-13 11:36:47', 1),
(275, 1, 2, 536, 6, 0, '213', 0, '', '', '', '', '', '2019-06-13 11:36:47', 1),
(276, 1, 2, 536, 7, 0, '123123', 0, '', '', '', '', '', '2019-06-13 11:36:47', 1),
(277, 1, 2, 536, 8, 0, '', 0, '', '', '', '', '', '2019-06-13 11:36:47', 1),
(278, 1, 2, 536, 9, 0, '', 0, '', '', '', '', '', '2019-06-13 11:36:47', 1),
(279, 1, 2, 536, 10, 0, '', 0, '', '', '', '', '', '2019-06-13 11:36:47', 1),
(280, 1, 2, 536, 11, 0, '', 0, '', '', '', '', '', '2019-06-13 11:36:47', 1),
(281, 1, 2, 536, 12, 0, '', 0, '', '', '', '', '', '2019-06-13 11:36:47', 1),
(282, 1, 2, 536, 13, 0, '', 0, '', '', '', '', '', '2019-06-13 11:36:47', 1),
(283, 1, 2, 536, 14, 0, '', 0, '', '', '', '', '', '2019-06-13 11:36:47', 1),
(284, 1, 2, 536, 15, 0, '', 0, '', '', '', '', '', '2019-06-13 11:36:47', 1),
(285, 1, 2, 536, 16, 0, '', 0, '', '', '', '', '', '2019-06-13 11:36:47', 1),
(286, 1, 2, 536, 17, 0, '', 0, '', '', '', '', '', '2019-06-13 11:36:47', 1),
(287, 1, 2, 536, 18, 0, '', 0, '', '', '', '', '', '2019-06-13 11:36:47', 1),
(288, 1, 2, 536, 19, 0, '', 0, '', '', '', '', '', '2019-06-13 11:36:47', 1),
(289, 1, 2, 537, 2, 0, '123', 0, '', '', '', '', '', '2019-06-13 11:36:47', 1),
(290, 1, 2, 537, 3, 0, '123123', 0, '', '', '', '', '', '2019-06-13 11:36:47', 1),
(291, 1, 2, 537, 4, 0, '123', 0, '', '', '', '', '', '2019-06-13 11:36:47', 1),
(292, 1, 2, 537, 5, 0, '213123', 0, '', '', '', '', '', '2019-06-13 11:36:47', 1),
(293, 1, 2, 537, 6, 0, '213', 0, '', '', '', '', '', '2019-06-13 11:36:47', 1),
(294, 1, 2, 537, 7, 0, '123123', 0, '', '', '', '', '', '2019-06-13 11:36:47', 1),
(295, 1, 2, 537, 8, 0, '', 0, '', '', '', '', '', '2019-06-13 11:36:47', 1),
(296, 1, 2, 537, 9, 0, '', 0, '', '', '', '', '', '2019-06-13 11:36:47', 1),
(297, 1, 2, 537, 10, 0, '', 0, '', '', '', '', '', '2019-06-13 11:36:47', 1),
(298, 1, 2, 537, 11, 0, '', 0, '', '', '', '', '', '2019-06-13 11:36:47', 1),
(299, 1, 2, 537, 12, 0, '', 0, '', '', '', '', '', '2019-06-13 11:36:47', 1),
(300, 1, 2, 537, 13, 0, '', 0, '', '', '', '', '', '2019-06-13 11:36:47', 1),
(301, 1, 2, 537, 14, 0, '', 0, '', '', '', '', '', '2019-06-13 11:36:47', 1),
(302, 1, 2, 537, 15, 0, '', 0, '', '', '', '', '', '2019-06-13 11:36:47', 1),
(303, 1, 2, 537, 16, 0, '', 0, '', '', '', '', '', '2019-06-13 11:36:47', 1),
(304, 1, 2, 537, 17, 0, '', 0, '', '', '', '', '', '2019-06-13 11:36:47', 1),
(305, 1, 2, 537, 18, 0, '', 0, '', '', '', '', '', '2019-06-13 11:36:47', 1),
(306, 1, 2, 537, 19, 0, '', 0, '', '', '', '', '', '2019-06-13 11:36:47', 1),
(307, 1, 2, 538, 2, 0, '123', 0, '', '', '', '', '', '2019-06-13 11:36:47', 1),
(308, 1, 2, 538, 3, 0, '123123', 0, '', '', '', '', '', '2019-06-13 11:36:47', 1),
(309, 1, 2, 538, 4, 0, '123', 0, '', '', '', '', '', '2019-06-13 11:36:47', 1),
(310, 1, 2, 538, 5, 0, '213123', 0, '', '', '', '', '', '2019-06-13 11:36:47', 1),
(311, 1, 2, 538, 6, 0, '213', 0, '', '', '', '', '', '2019-06-13 11:36:47', 1),
(312, 1, 2, 538, 7, 0, '123123', 0, '', '', '', '', '', '2019-06-13 11:36:47', 1),
(313, 1, 2, 538, 8, 0, '', 0, '', '', '', '', '', '2019-06-13 11:36:47', 1),
(314, 1, 2, 538, 9, 0, '', 0, '', '', '', '', '', '2019-06-13 11:36:47', 1),
(315, 1, 2, 538, 10, 0, '', 0, '', '', '', '', '', '2019-06-13 11:36:47', 1),
(316, 1, 2, 538, 11, 0, '', 0, '', '', '', '', '', '2019-06-13 11:36:47', 1),
(317, 1, 2, 538, 12, 0, '', 0, '', '', '', '', '', '2019-06-13 11:36:47', 1),
(318, 1, 2, 538, 13, 0, '', 0, '', '', '', '', '', '2019-06-13 11:36:47', 1),
(319, 1, 2, 538, 14, 0, '', 0, '', '', '', '', '', '2019-06-13 11:36:47', 1),
(320, 1, 2, 538, 15, 0, '', 0, '', '', '', '', '', '2019-06-13 11:36:47', 1),
(321, 1, 2, 538, 16, 0, '', 0, '', '', '', '', '', '2019-06-13 11:36:47', 1),
(322, 1, 2, 538, 17, 0, '', 0, '', '', '', '', '', '2019-06-13 11:36:47', 1),
(323, 1, 2, 538, 18, 0, '', 0, '', '', '', '', '', '2019-06-13 11:36:47', 1),
(324, 1, 2, 538, 19, 0, '', 0, '', '', '', '', '', '2019-06-13 11:36:47', 1),
(325, 1, 2, 540, 2, 0, '123', 0, '', '', '', '', '', '2019-06-13 11:36:47', 1),
(326, 1, 2, 540, 3, 0, '123123', 0, '', '', '', '', '', '2019-06-13 11:36:47', 1),
(327, 1, 2, 540, 4, 0, '123', 0, '', '', '', '', '', '2019-06-13 11:36:47', 1),
(328, 1, 2, 540, 5, 0, '213123', 0, '', '', '', '', '', '2019-06-13 11:36:47', 1),
(329, 1, 2, 540, 6, 0, '213', 0, '', '', '', '', '', '2019-06-13 11:36:47', 1),
(330, 1, 2, 540, 7, 0, '123123', 0, '', '', '', '', '', '2019-06-13 11:36:47', 1),
(331, 1, 2, 540, 8, 0, '', 0, '', '', '', '', '', '2019-06-13 11:36:47', 1),
(332, 1, 2, 540, 9, 0, '', 0, '', '', '', '', '', '2019-06-13 11:36:47', 1),
(333, 1, 2, 540, 10, 0, '', 0, '', '', '', '', '', '2019-06-13 11:36:47', 1),
(334, 1, 2, 540, 11, 0, '', 0, '', '', '', '', '', '2019-06-13 11:36:47', 1),
(335, 1, 2, 540, 12, 0, '', 0, '', '', '', '', '', '2019-06-13 11:36:47', 1),
(336, 1, 2, 540, 13, 0, '', 0, '', '', '', '', '', '2019-06-13 11:36:47', 1),
(337, 1, 2, 540, 14, 0, '', 0, '', '', '', '', '', '2019-06-13 11:36:47', 1),
(338, 1, 2, 540, 15, 0, '', 0, '', '', '', '', '', '2019-06-13 11:36:47', 1),
(339, 1, 2, 540, 16, 0, '', 0, '', '', '', '', '', '2019-06-13 11:36:47', 1),
(340, 1, 2, 540, 17, 0, '', 0, '', '', '', '', '', '2019-06-13 11:36:47', 1),
(341, 1, 2, 540, 18, 0, '', 0, '', '', '', '', '', '2019-06-13 11:36:47', 1),
(342, 1, 2, 540, 19, 0, '', 0, '', '', '', '', '', '2019-06-13 11:36:47', 1),
(343, 1, 2, 541, 2, 0, '123', 0, '', '', '', '', '', '2019-06-13 11:36:47', 1),
(344, 1, 2, 541, 3, 0, '123123', 0, '', '', '', '', '', '2019-06-13 11:36:47', 1),
(345, 1, 2, 541, 4, 0, '123', 0, '', '', '', '', '', '2019-06-13 11:36:47', 1),
(346, 1, 2, 541, 5, 0, '213123', 0, '', '', '', '', '', '2019-06-13 11:36:47', 1),
(347, 1, 2, 541, 6, 0, '213', 0, '', '', '', '', '', '2019-06-13 11:36:47', 1),
(348, 1, 2, 541, 7, 0, '123123', 0, '', '', '', '', '', '2019-06-13 11:36:47', 1),
(349, 1, 2, 541, 8, 0, '', 0, '', '', '', '', '', '2019-06-13 11:36:47', 1),
(350, 1, 2, 541, 9, 0, '', 0, '', '', '', '', '', '2019-06-13 11:36:47', 1),
(351, 1, 2, 541, 10, 0, '', 0, '', '', '', '', '', '2019-06-13 11:36:47', 1),
(352, 1, 2, 541, 11, 0, '', 0, '', '', '', '', '', '2019-06-13 11:36:47', 1),
(353, 1, 2, 541, 12, 0, '', 0, '', '', '', '', '', '2019-06-13 11:36:47', 1),
(354, 1, 2, 541, 13, 0, '', 0, '', '', '', '', '', '2019-06-13 11:36:47', 1),
(355, 1, 2, 541, 14, 0, '', 0, '', '', '', '', '', '2019-06-13 11:36:47', 1),
(356, 1, 2, 541, 15, 0, '', 0, '', '', '', '', '', '2019-06-13 11:36:47', 1),
(357, 1, 2, 541, 16, 0, '', 0, '', '', '', '', '', '2019-06-13 11:36:47', 1),
(358, 1, 2, 541, 17, 0, '', 0, '', '', '', '', '', '2019-06-13 11:36:47', 1),
(359, 1, 2, 541, 18, 0, '', 0, '', '', '', '', '', '2019-06-13 11:36:47', 1),
(360, 1, 2, 541, 19, 0, '', 0, '', '', '', '', '', '2019-06-13 11:36:47', 1),
(361, 1, 2, 542, 2, 0, '123', 0, '', '', '', '', '', '2019-06-13 11:36:47', 1),
(362, 1, 2, 542, 3, 0, '123123', 0, '', '', '', '', '', '2019-06-13 11:36:47', 1),
(363, 1, 2, 542, 4, 0, '123', 0, '', '', '', '', '', '2019-06-13 11:36:47', 1),
(364, 1, 2, 542, 5, 0, '213123', 0, '', '', '', '', '', '2019-06-13 11:36:47', 1),
(365, 1, 2, 542, 6, 0, '213', 0, '', '', '', '', '', '2019-06-13 11:36:47', 1),
(366, 1, 2, 542, 7, 0, '123123', 0, '', '', '', '', '', '2019-06-13 11:36:47', 1),
(367, 1, 2, 542, 8, 0, '', 0, '', '', '', '', '', '2019-06-13 11:36:47', 1),
(368, 1, 2, 542, 9, 0, '', 0, '', '', '', '', '', '2019-06-13 11:36:47', 1),
(369, 1, 2, 542, 10, 0, '', 0, '', '', '', '', '', '2019-06-13 11:36:47', 1),
(370, 1, 2, 542, 11, 0, '', 0, '', '', '', '', '', '2019-06-13 11:36:47', 1),
(371, 1, 2, 542, 12, 0, '', 0, '', '', '', '', '', '2019-06-13 11:36:47', 1),
(372, 1, 2, 542, 13, 0, '', 0, '', '', '', '', '', '2019-06-13 11:36:47', 1),
(373, 1, 2, 542, 14, 0, '', 0, '', '', '', '', '', '2019-06-13 11:36:47', 1),
(374, 1, 2, 542, 15, 0, '', 0, '', '', '', '', '', '2019-06-13 11:36:47', 1),
(375, 1, 2, 542, 16, 0, '', 0, '', '', '', '', '', '2019-06-13 11:36:47', 1),
(376, 1, 2, 542, 17, 0, '', 0, '', '', '', '', '', '2019-06-13 11:36:47', 1),
(377, 1, 2, 542, 18, 0, '', 0, '', '', '', '', '', '2019-06-13 11:36:47', 1),
(378, 1, 2, 542, 19, 0, '', 0, '', '', '', '', '', '2019-06-13 11:36:47', 1),
(379, 1, 2, 543, 2, 0, '123', 0, '', '', '', '', '', '2019-06-13 11:36:47', 1),
(380, 1, 2, 543, 3, 0, '123123', 0, '', '', '', '', '', '2019-06-13 11:36:47', 1),
(381, 1, 2, 543, 4, 0, '123', 0, '', '', '', '', '', '2019-06-13 11:36:47', 1),
(382, 1, 2, 543, 5, 0, '213123', 0, '', '', '', '', '', '2019-06-13 11:36:47', 1),
(383, 1, 2, 543, 6, 0, '213', 0, '', '', '', '', '', '2019-06-13 11:36:47', 1),
(384, 1, 2, 543, 7, 0, '123123', 0, '', '', '', '', '', '2019-06-13 11:36:47', 1),
(385, 1, 2, 543, 8, 0, '', 0, '', '', '', '', '', '2019-06-13 11:36:47', 1),
(386, 1, 2, 543, 9, 0, '', 0, '', '', '', '', '', '2019-06-13 11:36:47', 1),
(387, 1, 2, 543, 10, 0, '', 0, '', '', '', '', '', '2019-06-13 11:36:47', 1),
(388, 1, 2, 543, 11, 0, '', 0, '', '', '', '', '', '2019-06-13 11:36:47', 1),
(389, 1, 2, 543, 12, 0, '', 0, '', '', '', '', '', '2019-06-13 11:36:47', 1),
(390, 1, 2, 543, 13, 0, '', 0, '', '', '', '', '', '2019-06-13 11:36:47', 1),
(391, 1, 2, 543, 14, 0, '', 0, '', '', '', '', '', '2019-06-13 11:36:47', 1),
(392, 1, 2, 543, 15, 0, '', 0, '', '', '', '', '', '2019-06-13 11:36:47', 1),
(393, 1, 2, 543, 16, 0, '', 0, '', '', '', '', '', '2019-06-13 11:36:47', 1),
(394, 1, 2, 543, 17, 0, '', 0, '', '', '', '', '', '2019-06-13 11:36:47', 1),
(395, 1, 2, 543, 18, 0, '', 0, '', '', '', '', '', '2019-06-13 11:36:47', 1),
(396, 1, 2, 543, 19, 0, '', 0, '', '', '', '', '', '2019-06-13 11:36:47', 1),
(397, 1, 2, 544, 2, 0, '123', 0, '', '', '', '', '', '2019-06-13 11:36:47', 1),
(398, 1, 2, 544, 3, 0, '123123', 0, '', '', '', '', '', '2019-06-13 11:36:47', 1),
(399, 1, 2, 544, 4, 0, '123', 0, '', '', '', '', '', '2019-06-13 11:36:47', 1),
(400, 1, 2, 544, 5, 0, '213123', 0, '', '', '', '', '', '2019-06-13 11:36:47', 1),
(401, 1, 2, 544, 6, 0, '213', 0, '', '', '', '', '', '2019-06-13 11:36:47', 1),
(402, 1, 2, 544, 7, 0, '123123', 0, '', '', '', '', '', '2019-06-13 11:36:47', 1),
(403, 1, 2, 544, 8, 0, '', 0, '', '', '', '', '', '2019-06-13 11:36:47', 1),
(404, 1, 2, 544, 9, 0, '', 0, '', '', '', '', '', '2019-06-13 11:36:47', 1),
(405, 1, 2, 544, 10, 0, '', 0, '', '', '', '', '', '2019-06-13 11:36:47', 1),
(406, 1, 2, 544, 11, 0, '', 0, '', '', '', '', '', '2019-06-13 11:36:47', 1),
(407, 1, 2, 544, 12, 0, '', 0, '', '', '', '', '', '2019-06-13 11:36:47', 1),
(408, 1, 2, 544, 13, 0, '', 0, '', '', '', '', '', '2019-06-13 11:36:47', 1),
(409, 1, 2, 544, 14, 0, '', 0, '', '', '', '', '', '2019-06-13 11:36:47', 1),
(410, 1, 2, 544, 15, 0, '', 0, '', '', '', '', '', '2019-06-13 11:36:47', 1),
(411, 1, 2, 544, 16, 0, '', 0, '', '', '', '', '', '2019-06-13 11:36:47', 1),
(412, 1, 2, 544, 17, 0, '', 0, '', '', '', '', '', '2019-06-13 11:36:47', 1),
(413, 1, 2, 544, 18, 0, '', 0, '', '', '', '', '', '2019-06-13 11:36:47', 1),
(414, 1, 2, 544, 19, 0, '', 0, '', '', '', '', '', '2019-06-13 11:36:47', 1),
(415, 1, 2, 545, 2, 0, '123', 0, '', '', '', '', '', '2019-06-13 11:36:47', 1),
(416, 1, 2, 545, 3, 0, '123123', 0, '', '', '', '', '', '2019-06-13 11:36:47', 1),
(417, 1, 2, 545, 4, 0, '123', 0, '', '', '', '', '', '2019-06-13 11:36:47', 1),
(418, 1, 2, 545, 5, 0, '213123', 0, '', '', '', '', '', '2019-06-13 11:36:47', 1),
(419, 1, 2, 545, 6, 0, '213', 0, '', '', '', '', '', '2019-06-13 11:36:47', 1),
(420, 1, 2, 545, 7, 0, '123123', 0, '', '', '', '', '', '2019-06-13 11:36:47', 1),
(421, 1, 2, 545, 8, 0, '', 0, '', '', '', '', '', '2019-06-13 11:36:47', 1),
(422, 1, 2, 545, 9, 0, '', 0, '', '', '', '', '', '2019-06-13 11:36:47', 1),
(423, 1, 2, 545, 10, 0, '', 0, '', '', '', '', '', '2019-06-13 11:36:47', 1),
(424, 1, 2, 545, 11, 0, '', 0, '', '', '', '', '', '2019-06-13 11:36:47', 1),
(425, 1, 2, 545, 12, 0, '', 0, '', '', '', '', '', '2019-06-13 11:36:47', 1),
(426, 1, 2, 545, 13, 0, '', 0, '', '', '', '', '', '2019-06-13 11:36:47', 1),
(427, 1, 2, 545, 14, 0, '', 0, '', '', '', '', '', '2019-06-13 11:36:47', 1),
(428, 1, 2, 545, 15, 0, '', 0, '', '', '', '', '', '2019-06-13 11:36:47', 1),
(429, 1, 2, 545, 16, 0, '', 0, '', '', '', '', '', '2019-06-13 11:36:47', 1),
(430, 1, 2, 545, 17, 0, '', 0, '', '', '', '', '', '2019-06-13 11:36:47', 1),
(431, 1, 2, 545, 18, 0, '', 0, '', '', '', '', '', '2019-06-13 11:36:47', 1),
(432, 1, 2, 545, 19, 0, '', 0, '', '', '', '', '', '2019-06-13 11:36:47', 1),
(433, 1, 2, 489, 2, 0, '123', 0, '', '', '', '', '', '2019-06-13 11:36:47', 1),
(434, 1, 2, 489, 3, 0, '123123', 0, '', '', '', '', '', '2019-06-13 11:36:47', 1),
(435, 1, 2, 489, 4, 0, '123', 0, '', '', '', '', '', '2019-06-13 11:36:47', 1),
(436, 1, 2, 489, 5, 0, '213123', 0, '', '', '', '', '', '2019-06-13 11:36:47', 1),
(437, 1, 2, 489, 6, 0, '213', 0, '', '', '', '', '', '2019-06-13 11:36:47', 1),
(438, 1, 2, 489, 7, 0, '123123', 0, '', '', '', '', '', '2019-06-13 11:36:47', 1),
(439, 1, 2, 489, 8, 0, '', 0, '', '', '', '', '', '2019-06-13 11:36:47', 1),
(440, 1, 2, 489, 9, 0, '', 0, '', '', '', '', '', '2019-06-13 11:36:47', 1),
(441, 1, 2, 489, 10, 0, '', 0, '', '', '', '', '', '2019-06-13 11:36:47', 1),
(442, 1, 2, 489, 11, 0, '', 0, '', '', '', '', '', '2019-06-13 11:36:47', 1),
(443, 1, 2, 489, 12, 0, '', 0, '', '', '', '', '', '2019-06-13 11:36:47', 1),
(444, 1, 2, 489, 13, 0, '', 0, '', '', '', '', '', '2019-06-13 11:36:47', 1),
(445, 1, 2, 489, 14, 0, '', 0, '', '', '', '', '', '2019-06-13 11:36:47', 1),
(446, 1, 2, 489, 15, 0, '', 0, '', '', '', '', '', '2019-06-13 11:36:47', 1),
(447, 1, 2, 489, 16, 0, '', 0, '', '', '', '', '', '2019-06-13 11:36:47', 1),
(448, 1, 2, 489, 17, 0, '', 0, '', '', '', '', '', '2019-06-13 11:36:47', 1),
(449, 1, 2, 489, 18, 0, '', 0, '', '', '', '', '', '2019-06-13 11:36:47', 1),
(450, 1, 2, 489, 19, 0, '', 0, '', '', '', '', '', '2019-06-13 11:36:47', 1),
(451, 1, 2, 3485, 2, 0, '123', 0, '', '', '', '', '', '2019-06-13 11:36:47', 1),
(452, 1, 2, 3485, 3, 0, '123123', 0, '', '', '', '', '', '2019-06-13 11:36:47', 1),
(453, 1, 2, 3485, 4, 0, '123', 0, '', '', '', '', '', '2019-06-13 11:36:47', 1),
(454, 1, 2, 3485, 5, 0, '213123', 0, '', '', '', '', '', '2019-06-13 11:36:47', 1),
(455, 1, 2, 3485, 6, 0, '213', 0, '', '', '', '', '', '2019-06-13 11:36:47', 1),
(456, 1, 2, 3485, 7, 0, '123123', 0, '', '', '', '', '', '2019-06-13 11:36:47', 1),
(457, 1, 2, 3485, 8, 0, '', 0, '', '', '', '', '', '2019-06-13 11:36:47', 1),
(458, 1, 2, 3485, 9, 0, '', 0, '', '', '', '', '', '2019-06-13 11:36:47', 1),
(459, 1, 2, 3485, 10, 0, '', 0, '', '', '', '', '', '2019-06-13 11:36:47', 1),
(460, 1, 2, 3485, 11, 0, '', 0, '', '', '', '', '', '2019-06-13 11:36:47', 1),
(461, 1, 2, 3485, 12, 0, '', 0, '', '', '', '', '', '2019-06-13 11:36:47', 1),
(462, 1, 2, 3485, 13, 0, '', 0, '', '', '', '', '', '2019-06-13 11:36:47', 1),
(463, 1, 2, 3485, 14, 0, '', 0, '', '', '', '', '', '2019-06-13 11:36:47', 1),
(464, 1, 2, 3485, 15, 0, '', 0, '', '', '', '', '', '2019-06-13 11:36:47', 1),
(465, 1, 2, 3485, 16, 0, '', 0, '', '', '', '', '', '2019-06-13 11:36:47', 1),
(466, 1, 2, 3485, 17, 0, '', 0, '', '', '', '', '', '2019-06-13 11:36:47', 1),
(467, 1, 2, 3485, 18, 0, '', 0, '', '', '', '', '', '2019-06-13 11:36:47', 1),
(468, 1, 2, 3485, 19, 0, '', 0, '', '', '', '', '', '2019-06-13 11:36:47', 1),
(469, 1, 2, 528, 0, 1, '123', 1, '', NULL, '', '', '', '2019-06-13 11:43:42', 1),
(470, 1, 2, 528, 0, 2, '213', 1, '', NULL, '', '', '', '2019-06-13 11:43:42', 1),
(471, 1, 2, 528, 0, 3, '1243', 1, '', NULL, '', '', '', '2019-06-13 11:43:42', 1),
(472, 1, 2, 529, 0, 1, '123', 2, '', NULL, '', '', '', '2019-06-13 11:43:42', 1),
(473, 1, 2, 529, 0, 2, '213', 4, '', NULL, '', '', '', '2019-06-13 11:43:42', 1),
(474, 1, 2, 529, 0, 3, '1243', 1, '', NULL, '', '', '', '2019-06-13 11:43:42', 1),
(475, 1, 2, 397, 0, 1, '123', 1, '', NULL, '', '', '', '2019-06-13 11:43:42', 1),
(476, 1, 2, 397, 0, 2, '213', 0, '', NULL, '', '', '', '2019-06-13 11:43:42', 1),
(477, 1, 2, 397, 0, 3, '1243', 0, '', NULL, '', '', '', '2019-06-13 11:43:42', 1),
(478, 1, 2, 530, 0, 1, '123', 0, '', NULL, '', '', '', '2019-06-13 11:43:42', 1),
(479, 1, 2, 530, 0, 2, '213', 0, '', NULL, '', '', '', '2019-06-13 11:43:42', 1),
(480, 1, 2, 530, 0, 3, '1243', 0, '', NULL, '', '', '', '2019-06-13 11:43:42', 1),
(481, 1, 2, 531, 0, 1, '123', 0, '', NULL, '', '', '', '2019-06-13 11:43:42', 1),
(482, 1, 2, 531, 0, 2, '213', 0, '', NULL, '', '', '', '2019-06-13 11:43:42', 1),
(483, 1, 2, 531, 0, 3, '1243', 0, '', NULL, '', '', '', '2019-06-13 11:43:42', 1),
(484, 1, 2, 532, 0, 1, '123', 0, '', NULL, '', '', '', '2019-06-13 11:43:42', 1),
(485, 1, 2, 532, 0, 2, '213', 0, '', NULL, '', '', '', '2019-06-13 11:43:42', 1),
(486, 1, 2, 532, 0, 3, '1243', 0, '', NULL, '', '', '', '2019-06-13 11:43:42', 1),
(487, 1, 2, 226, 0, 1, '123', 0, '', NULL, '', '', '', '2019-06-13 11:43:42', 1),
(488, 1, 2, 226, 0, 2, '213', 0, '', NULL, '', '', '', '2019-06-13 11:43:42', 1),
(489, 1, 2, 226, 0, 3, '1243', 0, '', NULL, '', '', '', '2019-06-13 11:43:42', 1),
(490, 1, 2, 228, 0, 1, '123', 0, '', NULL, '', '', '', '2019-06-13 11:43:42', 1),
(491, 1, 2, 228, 0, 2, '213', 0, '', NULL, '', '', '', '2019-06-13 11:43:42', 1),
(492, 1, 2, 228, 0, 3, '1243', 0, '', NULL, '', '', '', '2019-06-13 11:43:42', 1),
(493, 1, 2, 231, 0, 1, '123', 0, '', NULL, '', '', '', '2019-06-13 11:43:42', 1),
(494, 1, 2, 231, 0, 2, '213', 0, '', NULL, '', '', '', '2019-06-13 11:43:42', 1),
(495, 1, 2, 231, 0, 3, '1243', 0, '', NULL, '', '', '', '2019-06-13 11:43:42', 1),
(496, 1, 2, 234, 0, 1, '123', 0, '', NULL, '', '', '', '2019-06-13 11:43:42', 1),
(497, 1, 2, 234, 0, 2, '213', 0, '', NULL, '', '', '', '2019-06-13 11:43:42', 1),
(498, 1, 2, 234, 0, 3, '1243', 0, '', NULL, '', '', '', '2019-06-13 11:43:42', 1),
(499, 1, 2, 237, 0, 1, '123', 0, '', NULL, '', '', '', '2019-06-13 11:43:42', 1),
(500, 1, 2, 237, 0, 2, '213', 0, '', NULL, '', '', '', '2019-06-13 11:43:42', 1),
(501, 1, 2, 237, 0, 3, '1243', 0, '', NULL, '', '', '', '2019-06-13 11:43:42', 1),
(502, 1, 2, 533, 0, 1, '123', 0, '', NULL, '', '', '', '2019-06-13 11:43:42', 1),
(503, 1, 2, 533, 0, 2, '213', 0, '', NULL, '', '', '', '2019-06-13 11:43:42', 1),
(504, 1, 2, 533, 0, 3, '1243', 0, '', NULL, '', '', '', '2019-06-13 11:43:42', 1),
(505, 1, 2, 534, 0, 1, '123', 0, '', NULL, '', '', '', '2019-06-13 11:43:42', 1),
(506, 1, 2, 534, 0, 2, '213', 0, '', NULL, '', '', '', '2019-06-13 11:43:42', 1),
(507, 1, 2, 534, 0, 3, '1243', 0, '', NULL, '', '', '', '2019-06-13 11:43:42', 1),
(508, 1, 2, 254, 0, 1, '123', 0, '', NULL, '', '', '', '2019-06-13 11:43:42', 1),
(509, 1, 2, 254, 0, 2, '213', 0, '', NULL, '', '', '', '2019-06-13 11:43:42', 1),
(510, 1, 2, 254, 0, 3, '1243', 0, '', NULL, '', '', '', '2019-06-13 11:43:42', 1),
(511, 1, 2, 289, 0, 1, '123', 0, '', NULL, '', '', '', '2019-06-13 11:43:42', 1),
(512, 1, 2, 289, 0, 2, '213', 0, '', NULL, '', '', '', '2019-06-13 11:43:42', 1),
(513, 1, 2, 289, 0, 3, '1243', 0, '', NULL, '', '', '', '2019-06-13 11:43:42', 1),
(514, 1, 2, 536, 0, 1, '123', 0, '', NULL, '', '', '', '2019-06-13 11:43:42', 1),
(515, 1, 2, 536, 0, 2, '213', 0, '', NULL, '', '', '', '2019-06-13 11:43:42', 1),
(516, 1, 2, 536, 0, 3, '1243', 0, '', NULL, '', '', '', '2019-06-13 11:43:42', 1),
(517, 1, 2, 537, 0, 1, '123', 0, '', NULL, '', '', '', '2019-06-13 11:43:42', 1),
(518, 1, 2, 537, 0, 2, '213', 0, '', NULL, '', '', '', '2019-06-13 11:43:42', 1),
(519, 1, 2, 537, 0, 3, '1243', 0, '', NULL, '', '', '', '2019-06-13 11:43:42', 1),
(520, 1, 2, 538, 0, 1, '123', 0, '', NULL, '', '', '', '2019-06-13 11:43:42', 1),
(521, 1, 2, 538, 0, 2, '213', 0, '', NULL, '', '', '', '2019-06-13 11:43:42', 1),
(522, 1, 2, 538, 0, 3, '1243', 0, '', NULL, '', '', '', '2019-06-13 11:43:42', 1),
(523, 1, 2, 540, 0, 1, '123', 0, '', NULL, '', '', '', '2019-06-13 11:43:42', 1),
(524, 1, 2, 540, 0, 2, '213', 0, '', NULL, '', '', '', '2019-06-13 11:43:42', 1),
(525, 1, 2, 540, 0, 3, '1243', 0, '', NULL, '', '', '', '2019-06-13 11:43:42', 1),
(526, 1, 2, 541, 0, 1, '123', 0, '', NULL, '', '', '', '2019-06-13 11:43:42', 1),
(527, 1, 2, 541, 0, 2, '213', 0, '', NULL, '', '', '', '2019-06-13 11:43:42', 1),
(528, 1, 2, 541, 0, 3, '1243', 0, '', NULL, '', '', '', '2019-06-13 11:43:42', 1),
(529, 1, 2, 542, 0, 1, '123', 0, '', NULL, '', '', '', '2019-06-13 11:43:42', 1),
(530, 1, 2, 542, 0, 2, '213', 0, '', NULL, '', '', '', '2019-06-13 11:43:42', 1),
(531, 1, 2, 542, 0, 3, '1243', 0, '', NULL, '', '', '', '2019-06-13 11:43:42', 1),
(532, 1, 2, 543, 0, 1, '123', 0, '', NULL, '', '', '', '2019-06-13 11:43:42', 1),
(533, 1, 2, 543, 0, 2, '213', 0, '', NULL, '', '', '', '2019-06-13 11:43:42', 1),
(534, 1, 2, 543, 0, 3, '1243', 0, '', NULL, '', '', '', '2019-06-13 11:43:42', 1),
(535, 1, 2, 544, 0, 1, '123', 0, '', NULL, '', '', '', '2019-06-13 11:43:42', 1),
(536, 1, 2, 544, 0, 2, '213', 0, '', NULL, '', '', '', '2019-06-13 11:43:42', 1),
(537, 1, 2, 544, 0, 3, '1243', 0, '', NULL, '', '', '', '2019-06-13 11:43:42', 1),
(538, 1, 2, 545, 0, 1, '123', 0, '', NULL, '', '', '', '2019-06-13 11:43:42', 1),
(539, 1, 2, 545, 0, 2, '213', 0, '', NULL, '', '', '', '2019-06-13 11:43:42', 1),
(540, 1, 2, 545, 0, 3, '1243', 0, '', NULL, '', '', '', '2019-06-13 11:43:42', 1),
(541, 1, 2, 489, 0, 1, '123', 0, '', NULL, '', '', '', '2019-06-13 11:43:42', 1),
(542, 1, 2, 489, 0, 2, '213', 0, '', NULL, '', '', '', '2019-06-13 11:43:42', 1),
(543, 1, 2, 489, 0, 3, '1243', 0, '', NULL, '', '', '', '2019-06-13 11:43:42', 1),
(544, 1, 2, 3485, 0, 1, '123', 0, '', NULL, '', '', '', '2019-06-13 11:43:42', 1),
(545, 1, 2, 3485, 0, 2, '213', 0, '', NULL, '', '', '', '2019-06-13 11:43:42', 1),
(546, 1, 2, 3485, 0, 3, '1243', 0, '', NULL, '', '', '', '2019-06-13 11:43:42', 1),
(547, 1, 2, 528, 0, 37, '21', 1, '', NULL, '', '', '', '2019-06-13 09:28:52', 1),
(548, 1, 2, 528, 0, 38, '123', 1, '', NULL, '', '', '', '2019-06-13 09:28:52', 1),
(549, 1, 2, 528, 0, 39, '1423', 1, '', NULL, '', '', '', '2019-06-13 09:28:52', 1),
(550, 1, 2, 528, 0, 40, '356', 1, '', NULL, '', '', '', '2019-06-13 09:28:52', 1),
(551, 1, 2, 528, 0, 41, '4362', 1, '', NULL, '', '', '', '2019-06-13 09:28:52', 1),
(552, 1, 2, 528, 0, 42, '213445', 1, '', NULL, '', '', '', '2019-06-13 09:28:52', 1),
(553, 1, 2, 528, 0, 43, '2413345', 1, '', NULL, '', '', '', '2019-06-13 09:28:52', 1),
(554, 1, 2, 529, 0, 37, '21', 2, '', NULL, '', '', '', '2019-06-13 09:28:52', 1),
(555, 1, 2, 529, 0, 38, '123', 4, '', NULL, '', '', '', '2019-06-13 09:28:52', 1),
(556, 1, 2, 529, 0, 39, '1423', 1, '', NULL, '', '', '', '2019-06-13 09:28:52', 1),
(557, 1, 2, 529, 0, 40, '356', 2, '', NULL, '', '', '', '2019-06-13 09:28:52', 1),
(558, 1, 2, 529, 0, 41, '4362', 4, '', NULL, '', '', '', '2019-06-13 09:28:52', 1),
(559, 1, 2, 529, 0, 42, '213445', 3, '', NULL, '', '', '', '2019-06-13 09:28:52', 1),
(560, 1, 2, 529, 0, 43, '2413345', 1, '', NULL, '', '', '', '2019-06-13 09:28:52', 1),
(561, 1, 2, 397, 0, 37, '21', 0, '', NULL, '', '', '', '2019-06-13 09:28:52', 1),
(562, 1, 2, 397, 0, 38, '123', 0, '', NULL, '', '', '', '2019-06-13 09:28:52', 1),
(563, 1, 2, 397, 0, 39, '1423', 0, '', NULL, '', '', '', '2019-06-13 09:28:52', 1),
(564, 1, 2, 397, 0, 40, '356', 0, '', NULL, '', '', '', '2019-06-13 09:28:52', 1),
(565, 1, 2, 397, 0, 41, '4362', 0, '', NULL, '', '', '', '2019-06-13 09:28:52', 1),
(566, 1, 2, 397, 0, 42, '213445', 0, '', NULL, '', '', '', '2019-06-13 09:28:52', 1),
(567, 1, 2, 397, 0, 43, '2413345', 0, '', NULL, '', '', '', '2019-06-13 09:28:52', 1),
(568, 1, 2, 530, 0, 37, '21', 0, '', NULL, '', '', '', '2019-06-13 09:28:52', 1),
(569, 1, 2, 530, 0, 38, '123', 0, '', NULL, '', '', '', '2019-06-13 09:28:52', 1),
(570, 1, 2, 530, 0, 39, '1423', 0, '', NULL, '', '', '', '2019-06-13 09:28:52', 1),
(571, 1, 2, 530, 0, 40, '356', 0, '', NULL, '', '', '', '2019-06-13 09:28:52', 1),
(572, 1, 2, 530, 0, 41, '4362', 0, '', NULL, '', '', '', '2019-06-13 09:28:52', 1),
(573, 1, 2, 530, 0, 42, '213445', 0, '', NULL, '', '', '', '2019-06-13 09:28:52', 1),
(574, 1, 2, 530, 0, 43, '2413345', 0, '', NULL, '', '', '', '2019-06-13 09:28:52', 1),
(575, 1, 2, 531, 0, 37, '21', 0, '', NULL, '', '', '', '2019-06-13 09:28:52', 1),
(576, 1, 2, 531, 0, 38, '123', 0, '', NULL, '', '', '', '2019-06-13 09:28:52', 1),
(577, 1, 2, 531, 0, 39, '1423', 0, '', NULL, '', '', '', '2019-06-13 09:28:52', 1),
(578, 1, 2, 531, 0, 40, '356', 0, '', NULL, '', '', '', '2019-06-13 09:28:52', 1),
(579, 1, 2, 531, 0, 41, '4362', 0, '', NULL, '', '', '', '2019-06-13 09:28:52', 1),
(580, 1, 2, 531, 0, 42, '213445', 0, '', NULL, '', '', '', '2019-06-13 09:28:52', 1),
(581, 1, 2, 531, 0, 43, '2413345', 0, '', NULL, '', '', '', '2019-06-13 09:28:52', 1),
(582, 1, 2, 532, 0, 37, '21', 0, '', NULL, '', '', '', '2019-06-13 09:28:52', 1),
(583, 1, 2, 532, 0, 38, '123', 0, '', NULL, '', '', '', '2019-06-13 09:28:52', 1),
(584, 1, 2, 532, 0, 39, '1423', 0, '', NULL, '', '', '', '2019-06-13 09:28:52', 1),
(585, 1, 2, 532, 0, 40, '356', 0, '', NULL, '', '', '', '2019-06-13 09:28:52', 1),
(586, 1, 2, 532, 0, 41, '4362', 0, '', NULL, '', '', '', '2019-06-13 09:28:52', 1),
(587, 1, 2, 532, 0, 42, '213445', 0, '', NULL, '', '', '', '2019-06-13 09:28:52', 1),
(588, 1, 2, 532, 0, 43, '2413345', 0, '', NULL, '', '', '', '2019-06-13 09:28:52', 1),
(589, 1, 2, 226, 0, 37, '21', 0, '', NULL, '', '', '', '2019-06-13 09:28:52', 1),
(590, 1, 2, 226, 0, 38, '123', 0, '', NULL, '', '', '', '2019-06-13 09:28:52', 1),
(591, 1, 2, 226, 0, 39, '1423', 0, '', NULL, '', '', '', '2019-06-13 09:28:52', 1),
(592, 1, 2, 226, 0, 40, '356', 0, '', NULL, '', '', '', '2019-06-13 09:28:52', 1),
(593, 1, 2, 226, 0, 41, '4362', 0, '', NULL, '', '', '', '2019-06-13 09:28:52', 1),
(594, 1, 2, 226, 0, 42, '213445', 0, '', NULL, '', '', '', '2019-06-13 09:28:52', 1),
(595, 1, 2, 226, 0, 43, '2413345', 0, '', NULL, '', '', '', '2019-06-13 09:28:52', 1),
(596, 1, 2, 228, 0, 37, '21', 0, '', NULL, '', '', '', '2019-06-13 09:28:52', 1),
(597, 1, 2, 228, 0, 38, '123', 0, '', NULL, '', '', '', '2019-06-13 09:28:52', 1),
(598, 1, 2, 228, 0, 39, '1423', 0, '', NULL, '', '', '', '2019-06-13 09:28:52', 1),
(599, 1, 2, 228, 0, 40, '356', 0, '', NULL, '', '', '', '2019-06-13 09:28:52', 1),
(600, 1, 2, 228, 0, 41, '4362', 0, '', NULL, '', '', '', '2019-06-13 09:28:52', 1),
(601, 1, 2, 228, 0, 42, '213445', 0, '', NULL, '', '', '', '2019-06-13 09:28:52', 1),
(602, 1, 2, 228, 0, 43, '2413345', 0, '', NULL, '', '', '', '2019-06-13 09:28:52', 1),
(603, 1, 2, 231, 0, 37, '21', 0, '', NULL, '', '', '', '2019-06-13 09:28:52', 1),
(604, 1, 2, 231, 0, 38, '123', 0, '', NULL, '', '', '', '2019-06-13 09:28:52', 1),
(605, 1, 2, 231, 0, 39, '1423', 0, '', NULL, '', '', '', '2019-06-13 09:28:52', 1),
(606, 1, 2, 231, 0, 40, '356', 0, '', NULL, '', '', '', '2019-06-13 09:28:52', 1),
(607, 1, 2, 231, 0, 41, '4362', 0, '', NULL, '', '', '', '2019-06-13 09:28:52', 1),
(608, 1, 2, 231, 0, 42, '213445', 0, '', NULL, '', '', '', '2019-06-13 09:28:52', 1),
(609, 1, 2, 231, 0, 43, '2413345', 0, '', NULL, '', '', '', '2019-06-13 09:28:52', 1),
(610, 1, 2, 234, 0, 37, '21', 0, '', NULL, '', '', '', '2019-06-13 09:28:52', 1),
(611, 1, 2, 234, 0, 38, '123', 0, '', NULL, '', '', '', '2019-06-13 09:28:52', 1),
(612, 1, 2, 234, 0, 39, '1423', 0, '', NULL, '', '', '', '2019-06-13 09:28:52', 1),
(613, 1, 2, 234, 0, 40, '356', 0, '', NULL, '', '', '', '2019-06-13 09:28:52', 1),
(614, 1, 2, 234, 0, 41, '4362', 0, '', NULL, '', '', '', '2019-06-13 09:28:52', 1),
(615, 1, 2, 234, 0, 42, '213445', 0, '', NULL, '', '', '', '2019-06-13 09:28:52', 1),
(616, 1, 2, 234, 0, 43, '2413345', 0, '', NULL, '', '', '', '2019-06-13 09:28:52', 1),
(617, 1, 2, 237, 0, 37, '21', 0, '', NULL, '', '', '', '2019-06-13 09:28:52', 1),
(618, 1, 2, 237, 0, 38, '123', 0, '', NULL, '', '', '', '2019-06-13 09:28:52', 1),
(619, 1, 2, 237, 0, 39, '1423', 0, '', NULL, '', '', '', '2019-06-13 09:28:52', 1),
(620, 1, 2, 237, 0, 40, '356', 0, '', NULL, '', '', '', '2019-06-13 09:28:52', 1),
(621, 1, 2, 237, 0, 41, '4362', 0, '', NULL, '', '', '', '2019-06-13 09:28:52', 1),
(622, 1, 2, 237, 0, 42, '213445', 0, '', NULL, '', '', '', '2019-06-13 09:28:52', 1),
(623, 1, 2, 237, 0, 43, '2413345', 0, '', NULL, '', '', '', '2019-06-13 09:28:52', 1),
(624, 1, 2, 533, 0, 37, '21', 0, '', NULL, '', '', '', '2019-06-13 09:28:52', 1),
(625, 1, 2, 533, 0, 38, '123', 0, '', NULL, '', '', '', '2019-06-13 09:28:52', 1),
(626, 1, 2, 533, 0, 39, '1423', 0, '', NULL, '', '', '', '2019-06-13 09:28:52', 1),
(627, 1, 2, 533, 0, 40, '356', 0, '', NULL, '', '', '', '2019-06-13 09:28:52', 1),
(628, 1, 2, 533, 0, 41, '4362', 0, '', NULL, '', '', '', '2019-06-13 09:28:52', 1),
(629, 1, 2, 533, 0, 42, '213445', 0, '', NULL, '', '', '', '2019-06-13 09:28:52', 1),
(630, 1, 2, 533, 0, 43, '2413345', 0, '', NULL, '', '', '', '2019-06-13 09:28:52', 1),
(631, 1, 2, 534, 0, 37, '21', 0, '', NULL, '', '', '', '2019-06-13 09:28:52', 1),
(632, 1, 2, 534, 0, 38, '123', 0, '', NULL, '', '', '', '2019-06-13 09:28:52', 1),
(633, 1, 2, 534, 0, 39, '1423', 0, '', NULL, '', '', '', '2019-06-13 09:28:52', 1),
(634, 1, 2, 534, 0, 40, '356', 0, '', NULL, '', '', '', '2019-06-13 09:28:52', 1),
(635, 1, 2, 534, 0, 41, '4362', 0, '', NULL, '', '', '', '2019-06-13 09:28:52', 1),
(636, 1, 2, 534, 0, 42, '213445', 0, '', NULL, '', '', '', '2019-06-13 09:28:52', 1),
(637, 1, 2, 534, 0, 43, '2413345', 0, '', NULL, '', '', '', '2019-06-13 09:28:52', 1);
INSERT INTO `assembly_inventory` (`ass_inv_id`, `engine_id`, `assembly_id`, `item_id`, `bank_id`, `bd_id`, `plate_no`, `qty`, `remarks`, `inspected`, `cleaned`, `status`, `location`, `create_date`, `user_id`) VALUES
(638, 1, 2, 254, 0, 37, '21', 0, '', NULL, '', '', '', '2019-06-13 09:28:52', 1),
(639, 1, 2, 254, 0, 38, '123', 0, '', NULL, '', '', '', '2019-06-13 09:28:52', 1),
(640, 1, 2, 254, 0, 39, '1423', 0, '', NULL, '', '', '', '2019-06-13 09:28:52', 1),
(641, 1, 2, 254, 0, 40, '356', 0, '', NULL, '', '', '', '2019-06-13 09:28:52', 1),
(642, 1, 2, 254, 0, 41, '4362', 0, '', NULL, '', '', '', '2019-06-13 09:28:52', 1),
(643, 1, 2, 254, 0, 42, '213445', 0, '', NULL, '', '', '', '2019-06-13 09:28:52', 1),
(644, 1, 2, 254, 0, 43, '2413345', 0, '', NULL, '', '', '', '2019-06-13 09:28:52', 1),
(645, 1, 2, 289, 0, 37, '21', 0, '', NULL, '', '', '', '2019-06-13 09:28:52', 1),
(646, 1, 2, 289, 0, 38, '123', 0, '', NULL, '', '', '', '2019-06-13 09:28:52', 1),
(647, 1, 2, 289, 0, 39, '1423', 0, '', NULL, '', '', '', '2019-06-13 09:28:52', 1),
(648, 1, 2, 289, 0, 40, '356', 0, '', NULL, '', '', '', '2019-06-13 09:28:52', 1),
(649, 1, 2, 289, 0, 41, '4362', 0, '', NULL, '', '', '', '2019-06-13 09:28:52', 1),
(650, 1, 2, 289, 0, 42, '213445', 0, '', NULL, '', '', '', '2019-06-13 09:28:52', 1),
(651, 1, 2, 289, 0, 43, '2413345', 0, '', NULL, '', '', '', '2019-06-13 09:28:52', 1),
(652, 1, 2, 536, 0, 37, '21', 0, '', NULL, '', '', '', '2019-06-13 09:28:52', 1),
(653, 1, 2, 536, 0, 38, '123', 0, '', NULL, '', '', '', '2019-06-13 09:28:52', 1),
(654, 1, 2, 536, 0, 39, '1423', 0, '', NULL, '', '', '', '2019-06-13 09:28:52', 1),
(655, 1, 2, 536, 0, 40, '356', 0, '', NULL, '', '', '', '2019-06-13 09:28:52', 1),
(656, 1, 2, 536, 0, 41, '4362', 0, '', NULL, '', '', '', '2019-06-13 09:28:52', 1),
(657, 1, 2, 536, 0, 42, '213445', 0, '', NULL, '', '', '', '2019-06-13 09:28:52', 1),
(658, 1, 2, 536, 0, 43, '2413345', 0, '', NULL, '', '', '', '2019-06-13 09:28:52', 1),
(659, 1, 2, 537, 0, 37, '21', 0, '', NULL, '', '', '', '2019-06-13 09:28:52', 1),
(660, 1, 2, 537, 0, 38, '123', 0, '', NULL, '', '', '', '2019-06-13 09:28:52', 1),
(661, 1, 2, 537, 0, 39, '1423', 0, '', NULL, '', '', '', '2019-06-13 09:28:52', 1),
(662, 1, 2, 537, 0, 40, '356', 0, '', NULL, '', '', '', '2019-06-13 09:28:52', 1),
(663, 1, 2, 537, 0, 41, '4362', 0, '', NULL, '', '', '', '2019-06-13 09:28:52', 1),
(664, 1, 2, 537, 0, 42, '213445', 0, '', NULL, '', '', '', '2019-06-13 09:28:52', 1),
(665, 1, 2, 537, 0, 43, '2413345', 0, '', NULL, '', '', '', '2019-06-13 09:28:52', 1),
(666, 1, 2, 538, 0, 37, '21', 0, '', NULL, '', '', '', '2019-06-13 09:28:52', 1),
(667, 1, 2, 538, 0, 38, '123', 0, '', NULL, '', '', '', '2019-06-13 09:28:52', 1),
(668, 1, 2, 538, 0, 39, '1423', 0, '', NULL, '', '', '', '2019-06-13 09:28:52', 1),
(669, 1, 2, 538, 0, 40, '356', 0, '', NULL, '', '', '', '2019-06-13 09:28:52', 1),
(670, 1, 2, 538, 0, 41, '4362', 0, '', NULL, '', '', '', '2019-06-13 09:28:52', 1),
(671, 1, 2, 538, 0, 42, '213445', 0, '', NULL, '', '', '', '2019-06-13 09:28:52', 1),
(672, 1, 2, 538, 0, 43, '2413345', 0, '', NULL, '', '', '', '2019-06-13 09:28:52', 1),
(673, 1, 2, 540, 0, 37, '21', 0, '', NULL, '', '', '', '2019-06-13 09:28:52', 1),
(674, 1, 2, 540, 0, 38, '123', 0, '', NULL, '', '', '', '2019-06-13 09:28:52', 1),
(675, 1, 2, 540, 0, 39, '1423', 0, '', NULL, '', '', '', '2019-06-13 09:28:52', 1),
(676, 1, 2, 540, 0, 40, '356', 0, '', NULL, '', '', '', '2019-06-13 09:28:52', 1),
(677, 1, 2, 540, 0, 41, '4362', 0, '', NULL, '', '', '', '2019-06-13 09:28:52', 1),
(678, 1, 2, 540, 0, 42, '213445', 0, '', NULL, '', '', '', '2019-06-13 09:28:52', 1),
(679, 1, 2, 540, 0, 43, '2413345', 0, '', NULL, '', '', '', '2019-06-13 09:28:52', 1),
(680, 1, 2, 541, 0, 37, '21', 0, '', NULL, '', '', '', '2019-06-13 09:28:52', 1),
(681, 1, 2, 541, 0, 38, '123', 0, '', NULL, '', '', '', '2019-06-13 09:28:52', 1),
(682, 1, 2, 541, 0, 39, '1423', 0, '', NULL, '', '', '', '2019-06-13 09:28:52', 1),
(683, 1, 2, 541, 0, 40, '356', 0, '', NULL, '', '', '', '2019-06-13 09:28:52', 1),
(684, 1, 2, 541, 0, 41, '4362', 0, '', NULL, '', '', '', '2019-06-13 09:28:52', 1),
(685, 1, 2, 541, 0, 42, '213445', 0, '', NULL, '', '', '', '2019-06-13 09:28:52', 1),
(686, 1, 2, 541, 0, 43, '2413345', 0, '', NULL, '', '', '', '2019-06-13 09:28:52', 1),
(687, 1, 2, 542, 0, 37, '21', 0, '', NULL, '', '', '', '2019-06-13 09:28:52', 1),
(688, 1, 2, 542, 0, 38, '123', 0, '', NULL, '', '', '', '2019-06-13 09:28:52', 1),
(689, 1, 2, 542, 0, 39, '1423', 0, '', NULL, '', '', '', '2019-06-13 09:28:52', 1),
(690, 1, 2, 542, 0, 40, '356', 0, '', NULL, '', '', '', '2019-06-13 09:28:52', 1),
(691, 1, 2, 542, 0, 41, '4362', 0, '', NULL, '', '', '', '2019-06-13 09:28:52', 1),
(692, 1, 2, 542, 0, 42, '213445', 0, '', NULL, '', '', '', '2019-06-13 09:28:52', 1),
(693, 1, 2, 542, 0, 43, '2413345', 0, '', NULL, '', '', '', '2019-06-13 09:28:52', 1),
(694, 1, 2, 543, 0, 37, '21', 0, '', NULL, '', '', '', '2019-06-13 09:28:52', 1),
(695, 1, 2, 543, 0, 38, '123', 0, '', NULL, '', '', '', '2019-06-13 09:28:52', 1),
(696, 1, 2, 543, 0, 39, '1423', 0, '', NULL, '', '', '', '2019-06-13 09:28:52', 1),
(697, 1, 2, 543, 0, 40, '356', 0, '', NULL, '', '', '', '2019-06-13 09:28:52', 1),
(698, 1, 2, 543, 0, 41, '4362', 0, '', NULL, '', '', '', '2019-06-13 09:28:52', 1),
(699, 1, 2, 543, 0, 42, '213445', 0, '', NULL, '', '', '', '2019-06-13 09:28:52', 1),
(700, 1, 2, 543, 0, 43, '2413345', 0, '', NULL, '', '', '', '2019-06-13 09:28:52', 1),
(701, 1, 2, 544, 0, 37, '21', 0, '', NULL, '', '', '', '2019-06-13 09:28:52', 1),
(702, 1, 2, 544, 0, 38, '123', 0, '', NULL, '', '', '', '2019-06-13 09:28:52', 1),
(703, 1, 2, 544, 0, 39, '1423', 0, '', NULL, '', '', '', '2019-06-13 09:28:52', 1),
(704, 1, 2, 544, 0, 40, '356', 0, '', NULL, '', '', '', '2019-06-13 09:28:52', 1),
(705, 1, 2, 544, 0, 41, '4362', 0, '', NULL, '', '', '', '2019-06-13 09:28:52', 1),
(706, 1, 2, 544, 0, 42, '213445', 0, '', NULL, '', '', '', '2019-06-13 09:28:52', 1),
(707, 1, 2, 544, 0, 43, '2413345', 0, '', NULL, '', '', '', '2019-06-13 09:28:52', 1),
(708, 1, 2, 545, 0, 37, '21', 0, '', NULL, '', '', '', '2019-06-13 09:28:52', 1),
(709, 1, 2, 545, 0, 38, '123', 0, '', NULL, '', '', '', '2019-06-13 09:28:52', 1),
(710, 1, 2, 545, 0, 39, '1423', 0, '', NULL, '', '', '', '2019-06-13 09:28:52', 1),
(711, 1, 2, 545, 0, 40, '356', 0, '', NULL, '', '', '', '2019-06-13 09:28:52', 1),
(712, 1, 2, 545, 0, 41, '4362', 0, '', NULL, '', '', '', '2019-06-13 09:28:52', 1),
(713, 1, 2, 545, 0, 42, '213445', 0, '', NULL, '', '', '', '2019-06-13 09:28:52', 1),
(714, 1, 2, 545, 0, 43, '2413345', 0, '', NULL, '', '', '', '2019-06-13 09:28:52', 1),
(715, 1, 2, 489, 0, 37, '21', 0, '', NULL, '', '', '', '2019-06-13 09:28:52', 1),
(716, 1, 2, 489, 0, 38, '123', 0, '', NULL, '', '', '', '2019-06-13 09:28:52', 1),
(717, 1, 2, 489, 0, 39, '1423', 0, '', NULL, '', '', '', '2019-06-13 09:28:52', 1),
(718, 1, 2, 489, 0, 40, '356', 0, '', NULL, '', '', '', '2019-06-13 09:28:52', 1),
(719, 1, 2, 489, 0, 41, '4362', 0, '', NULL, '', '', '', '2019-06-13 09:28:52', 1),
(720, 1, 2, 489, 0, 42, '213445', 0, '', NULL, '', '', '', '2019-06-13 09:28:52', 1),
(721, 1, 2, 489, 0, 43, '2413345', 0, '', NULL, '', '', '', '2019-06-13 09:28:52', 1),
(722, 1, 2, 3485, 0, 37, '21', 0, '', NULL, '', '', '', '2019-06-13 09:28:52', 1),
(723, 1, 2, 3485, 0, 38, '123', 0, '', NULL, '', '', '', '2019-06-13 09:28:52', 1),
(724, 1, 2, 3485, 0, 39, '1423', 0, '', NULL, '', '', '', '2019-06-13 09:28:52', 1),
(725, 1, 2, 3485, 0, 40, '356', 0, '', NULL, '', '', '', '2019-06-13 09:28:52', 1),
(726, 1, 2, 3485, 0, 41, '4362', 0, '', NULL, '', '', '', '2019-06-13 09:28:52', 1),
(727, 1, 2, 3485, 0, 42, '213445', 0, '', NULL, '', '', '', '2019-06-13 09:28:52', 1),
(728, 1, 2, 3485, 0, 43, '2413345', 0, '', NULL, '', '', '', '2019-06-13 09:28:52', 1),
(729, 1, 1, 657, 0, 32, '123', 1, '', NULL, '', '', '', '2019-06-13 10:37:19', 1),
(730, 1, 1, 657, 0, 33, '1234', 2, '', NULL, '', '', '', '2019-06-13 10:37:19', 1),
(731, 1, 1, 657, 0, 34, '12345', 1, '', NULL, '', '', '', '2019-06-13 10:37:19', 1),
(732, 1, 1, 657, 0, 35, '123456', 2, '', NULL, '', '', '', '2019-06-13 10:37:19', 1),
(733, 1, 1, 657, 0, 36, '1234567', 2, '', NULL, '', '', '', '2019-06-13 10:37:19', 1),
(734, 1, 1, 659, 0, 32, '123', 2, '', NULL, '', '', '', '2019-06-13 10:37:19', 1),
(735, 1, 1, 659, 0, 33, '1234', 1, '', NULL, '', '', '', '2019-06-13 10:37:19', 1),
(736, 1, 1, 659, 0, 34, '12345', 2, '', NULL, '', '', '', '2019-06-13 10:37:19', 1),
(737, 1, 1, 659, 0, 35, '123456', 0, '', NULL, '', '', '', '2019-06-13 10:37:19', 1),
(738, 1, 1, 659, 0, 36, '1234567', 2, '', NULL, '', '', '', '2019-06-13 10:37:19', 1),
(739, 1, 1, 660, 0, 32, '123', 0, '', NULL, '', '', '', '2019-06-13 10:37:19', 1),
(740, 1, 1, 660, 0, 33, '1234', 0, '', NULL, '', '', '', '2019-06-13 10:37:19', 1),
(741, 1, 1, 660, 0, 34, '12345', 0, '', NULL, '', '', '', '2019-06-13 10:37:19', 1),
(742, 1, 1, 660, 0, 35, '123456', 0, '', NULL, '', '', '', '2019-06-13 10:37:19', 1),
(743, 1, 1, 660, 0, 36, '1234567', 0, '', NULL, '', '', '', '2019-06-13 10:37:19', 1),
(744, 1, 1, 661, 0, 32, '123', 0, '', NULL, '', '', '', '2019-06-13 10:37:19', 1),
(745, 1, 1, 661, 0, 33, '1234', 0, '', NULL, '', '', '', '2019-06-13 10:37:19', 1),
(746, 1, 1, 661, 0, 34, '12345', 0, '', NULL, '', '', '', '2019-06-13 10:37:19', 1),
(747, 1, 1, 661, 0, 35, '123456', 0, '', NULL, '', '', '', '2019-06-13 10:37:19', 1),
(748, 1, 1, 661, 0, 36, '1234567', 0, '', NULL, '', '', '', '2019-06-13 10:37:19', 1),
(749, 1, 1, 373, 0, 32, '123', 0, '', NULL, '', '', '', '2019-06-13 10:37:19', 1),
(750, 1, 1, 373, 0, 33, '1234', 0, '', NULL, '', '', '', '2019-06-13 10:37:19', 1),
(751, 1, 1, 373, 0, 34, '12345', 0, '', NULL, '', '', '', '2019-06-13 10:37:19', 1),
(752, 1, 1, 373, 0, 35, '123456', 0, '', NULL, '', '', '', '2019-06-13 10:37:19', 1),
(753, 1, 1, 373, 0, 36, '1234567', 0, '', NULL, '', '', '', '2019-06-13 10:37:19', 1),
(754, 1, 1, 662, 0, 32, '123', 0, '', NULL, '', '', '', '2019-06-13 10:37:19', 1),
(755, 1, 1, 662, 0, 33, '1234', 0, '', NULL, '', '', '', '2019-06-13 10:37:19', 1),
(756, 1, 1, 662, 0, 34, '12345', 0, '', NULL, '', '', '', '2019-06-13 10:37:19', 1),
(757, 1, 1, 662, 0, 35, '123456', 0, '', NULL, '', '', '', '2019-06-13 10:37:19', 1),
(758, 1, 1, 662, 0, 36, '1234567', 0, '', NULL, '', '', '', '2019-06-13 10:37:19', 1),
(759, 1, 1, 663, 0, 32, '123', 0, '', NULL, '', '', '', '2019-06-13 10:37:19', 1),
(760, 1, 1, 663, 0, 33, '1234', 0, '', NULL, '', '', '', '2019-06-13 10:37:19', 1),
(761, 1, 1, 663, 0, 34, '12345', 0, '', NULL, '', '', '', '2019-06-13 10:37:19', 1),
(762, 1, 1, 663, 0, 35, '123456', 0, '', NULL, '', '', '', '2019-06-13 10:37:19', 1),
(763, 1, 1, 663, 0, 36, '1234567', 0, '', NULL, '', '', '', '2019-06-13 10:37:19', 1),
(764, 1, 1, 664, 0, 32, '123', 0, '', NULL, '', '', '', '2019-06-13 10:37:19', 1),
(765, 1, 1, 664, 0, 33, '1234', 0, '', NULL, '', '', '', '2019-06-13 10:37:19', 1),
(766, 1, 1, 664, 0, 34, '12345', 0, '', NULL, '', '', '', '2019-06-13 10:37:19', 1),
(767, 1, 1, 664, 0, 35, '123456', 0, '', NULL, '', '', '', '2019-06-13 10:37:19', 1),
(768, 1, 1, 664, 0, 36, '1234567', 0, '', NULL, '', '', '', '2019-06-13 10:37:19', 1),
(769, 1, 1, 193, 0, 32, '123', 0, '', NULL, '', '', '', '2019-06-13 10:37:19', 1),
(770, 1, 1, 193, 0, 33, '1234', 0, '', NULL, '', '', '', '2019-06-13 10:37:19', 1),
(771, 1, 1, 193, 0, 34, '12345', 0, '', NULL, '', '', '', '2019-06-13 10:37:19', 1),
(772, 1, 1, 193, 0, 35, '123456', 0, '', NULL, '', '', '', '2019-06-13 10:37:19', 1),
(773, 1, 1, 193, 0, 36, '1234567', 0, '', NULL, '', '', '', '2019-06-13 10:37:19', 1),
(774, 1, 1, 665, 0, 32, '123', 0, '', NULL, '', '', '', '2019-06-13 10:37:19', 1),
(775, 1, 1, 665, 0, 33, '1234', 0, '', NULL, '', '', '', '2019-06-13 10:37:19', 1),
(776, 1, 1, 665, 0, 34, '12345', 0, '', NULL, '', '', '', '2019-06-13 10:37:19', 1),
(777, 1, 1, 665, 0, 35, '123456', 0, '', NULL, '', '', '', '2019-06-13 10:37:19', 1),
(778, 1, 1, 665, 0, 36, '1234567', 0, '', NULL, '', '', '', '2019-06-13 10:37:19', 1),
(779, 1, 1, 3454, 0, 32, '123', 0, '', NULL, '', '', '', '2019-06-13 10:37:19', 1),
(780, 1, 1, 3454, 0, 33, '1234', 0, '', NULL, '', '', '', '2019-06-13 10:37:19', 1),
(781, 1, 1, 3454, 0, 34, '12345', 0, '', NULL, '', '', '', '2019-06-13 10:37:19', 1),
(782, 1, 1, 3454, 0, 35, '123456', 0, '', NULL, '', '', '', '2019-06-13 10:37:19', 1),
(783, 1, 1, 3454, 0, 36, '1234567', 0, '', NULL, '', '', '', '2019-06-13 10:37:19', 1),
(784, 1, 1, 168, 0, 32, '123', 0, '', NULL, '', '', '', '2019-06-13 10:37:19', 1),
(785, 1, 1, 168, 0, 33, '1234', 0, '', NULL, '', '', '', '2019-06-13 10:37:19', 1),
(786, 1, 1, 168, 0, 34, '12345', 0, '', NULL, '', '', '', '2019-06-13 10:37:19', 1),
(787, 1, 1, 168, 0, 35, '123456', 0, '', NULL, '', '', '', '2019-06-13 10:37:19', 1),
(788, 1, 1, 168, 0, 36, '1234567', 0, '', NULL, '', '', '', '2019-06-13 10:37:19', 1),
(789, 1, 1, 669, 0, 32, '123', 0, '', NULL, '', '', '', '2019-06-13 10:37:19', 1),
(790, 1, 1, 669, 0, 33, '1234', 0, '', NULL, '', '', '', '2019-06-13 10:37:19', 1),
(791, 1, 1, 669, 0, 34, '12345', 0, '', NULL, '', '', '', '2019-06-13 10:37:19', 1),
(792, 1, 1, 669, 0, 35, '123456', 0, '', NULL, '', '', '', '2019-06-13 10:37:19', 1),
(793, 1, 1, 669, 0, 36, '1234567', 0, '', NULL, '', '', '', '2019-06-13 10:37:19', 1),
(794, 1, 1, 670, 0, 32, '123', 0, '', NULL, '', '', '', '2019-06-13 10:37:19', 1),
(795, 1, 1, 670, 0, 33, '1234', 0, '', NULL, '', '', '', '2019-06-13 10:37:19', 1),
(796, 1, 1, 670, 0, 34, '12345', 0, '', NULL, '', '', '', '2019-06-13 10:37:19', 1),
(797, 1, 1, 670, 0, 35, '123456', 0, '', NULL, '', '', '', '2019-06-13 10:37:19', 1),
(798, 1, 1, 670, 0, 36, '1234567', 0, '', NULL, '', '', '', '2019-06-13 10:37:19', 1),
(799, 1, 1, 671, 0, 32, '123', 0, '', NULL, '', '', '', '2019-06-13 10:37:19', 1),
(800, 1, 1, 671, 0, 33, '1234', 0, '', NULL, '', '', '', '2019-06-13 10:37:19', 1),
(801, 1, 1, 671, 0, 34, '12345', 0, '', NULL, '', '', '', '2019-06-13 10:37:19', 1),
(802, 1, 1, 671, 0, 35, '123456', 0, '', NULL, '', '', '', '2019-06-13 10:37:19', 1),
(803, 1, 1, 671, 0, 36, '1234567', 0, '', NULL, '', '', '', '2019-06-13 10:37:19', 1),
(804, 1, 1, 409, 0, 32, '123', 0, '', NULL, '', '', '', '2019-06-13 10:37:19', 1),
(805, 1, 1, 409, 0, 33, '1234', 0, '', NULL, '', '', '', '2019-06-13 10:37:19', 1),
(806, 1, 1, 409, 0, 34, '12345', 0, '', NULL, '', '', '', '2019-06-13 10:37:19', 1),
(807, 1, 1, 409, 0, 35, '123456', 0, '', NULL, '', '', '', '2019-06-13 10:37:19', 1),
(808, 1, 1, 409, 0, 36, '1234567', 0, '', NULL, '', '', '', '2019-06-13 10:37:19', 1),
(809, 1, 1, 673, 0, 32, '123', 0, '', NULL, '', '', '', '2019-06-13 10:37:19', 1),
(810, 1, 1, 673, 0, 33, '1234', 0, '', NULL, '', '', '', '2019-06-13 10:37:19', 1),
(811, 1, 1, 673, 0, 34, '12345', 0, '', NULL, '', '', '', '2019-06-13 10:37:19', 1),
(812, 1, 1, 673, 0, 35, '123456', 0, '', NULL, '', '', '', '2019-06-13 10:37:19', 1),
(813, 1, 1, 673, 0, 36, '1234567', 0, '', NULL, '', '', '', '2019-06-13 10:37:19', 1),
(814, 1, 1, 674, 0, 32, '123', 0, '', NULL, '', '', '', '2019-06-13 10:37:19', 1),
(815, 1, 1, 674, 0, 33, '1234', 0, '', NULL, '', '', '', '2019-06-13 10:37:19', 1),
(816, 1, 1, 674, 0, 34, '12345', 0, '', NULL, '', '', '', '2019-06-13 10:37:19', 1),
(817, 1, 1, 674, 0, 35, '123456', 0, '', NULL, '', '', '', '2019-06-13 10:37:19', 1),
(818, 1, 1, 674, 0, 36, '1234567', 0, '', NULL, '', '', '', '2019-06-13 10:37:19', 1),
(819, 1, 1, 374, 0, 32, '123', 0, '', NULL, '', '', '', '2019-06-13 10:37:19', 1),
(820, 1, 1, 374, 0, 33, '1234', 0, '', NULL, '', '', '', '2019-06-13 10:37:19', 1),
(821, 1, 1, 374, 0, 34, '12345', 0, '', NULL, '', '', '', '2019-06-13 10:37:19', 1),
(822, 1, 1, 374, 0, 35, '123456', 0, '', NULL, '', '', '', '2019-06-13 10:37:19', 1),
(823, 1, 1, 374, 0, 36, '1234567', 0, '', NULL, '', '', '', '2019-06-13 10:37:19', 1),
(824, 1, 1, 375, 0, 32, '123', 0, '', NULL, '', '', '', '2019-06-13 10:37:19', 1),
(825, 1, 1, 375, 0, 33, '1234', 0, '', NULL, '', '', '', '2019-06-13 10:37:19', 1),
(826, 1, 1, 375, 0, 34, '12345', 0, '', NULL, '', '', '', '2019-06-13 10:37:19', 1),
(827, 1, 1, 375, 0, 35, '123456', 0, '', NULL, '', '', '', '2019-06-13 10:37:19', 1),
(828, 1, 1, 375, 0, 36, '1234567', 0, '', NULL, '', '', '', '2019-06-13 10:37:19', 1),
(829, 1, 1, 4457, 0, 32, '123', 0, '', NULL, '', '', '', '2019-06-13 10:37:19', 1),
(830, 1, 1, 4457, 0, 33, '1234', 0, '', NULL, '', '', '', '2019-06-13 10:37:19', 1),
(831, 1, 1, 4457, 0, 34, '12345', 0, '', NULL, '', '', '', '2019-06-13 10:37:19', 1),
(832, 1, 1, 4457, 0, 35, '123456', 0, '', NULL, '', '', '', '2019-06-13 10:37:19', 1),
(833, 1, 1, 4457, 0, 36, '1234567', 0, '', NULL, '', '', '', '2019-06-13 10:37:19', 1),
(834, 1, 1, 676, 0, 32, '123', 0, '', NULL, '', '', '', '2019-06-13 10:37:19', 1),
(835, 1, 1, 676, 0, 33, '1234', 0, '', NULL, '', '', '', '2019-06-13 10:37:19', 1),
(836, 1, 1, 676, 0, 34, '12345', 0, '', NULL, '', '', '', '2019-06-13 10:37:19', 1),
(837, 1, 1, 676, 0, 35, '123456', 0, '', NULL, '', '', '', '2019-06-13 10:37:19', 1),
(838, 1, 1, 676, 0, 36, '1234567', 0, '', NULL, '', '', '', '2019-06-13 10:37:19', 1),
(839, 1, 1, 677, 0, 32, '123', 0, '', NULL, '', '', '', '2019-06-13 10:37:19', 1),
(840, 1, 1, 677, 0, 33, '1234', 0, '', NULL, '', '', '', '2019-06-13 10:37:19', 1),
(841, 1, 1, 677, 0, 34, '12345', 0, '', NULL, '', '', '', '2019-06-13 10:37:19', 1),
(842, 1, 1, 677, 0, 35, '123456', 0, '', NULL, '', '', '', '2019-06-13 10:37:19', 1),
(843, 1, 1, 677, 0, 36, '1234567', 0, '', NULL, '', '', '', '2019-06-13 10:37:19', 1),
(844, 1, 1, 171, 0, 32, '123', 0, '', NULL, '', '', '', '2019-06-13 10:37:19', 1),
(845, 1, 1, 171, 0, 33, '1234', 0, '', NULL, '', '', '', '2019-06-13 10:37:19', 1),
(846, 1, 1, 171, 0, 34, '12345', 0, '', NULL, '', '', '', '2019-06-13 10:37:19', 1),
(847, 1, 1, 171, 0, 35, '123456', 0, '', NULL, '', '', '', '2019-06-13 10:37:19', 1),
(848, 1, 1, 171, 0, 36, '1234567', 0, '', NULL, '', '', '', '2019-06-13 10:37:19', 1),
(849, 1, 1, 411, 0, 32, '123', 0, '', NULL, '', '', '', '2019-06-13 10:37:19', 1),
(850, 1, 1, 411, 0, 33, '1234', 0, '', NULL, '', '', '', '2019-06-13 10:37:19', 1),
(851, 1, 1, 411, 0, 34, '12345', 0, '', NULL, '', '', '', '2019-06-13 10:37:19', 1),
(852, 1, 1, 411, 0, 35, '123456', 0, '', NULL, '', '', '', '2019-06-13 10:37:19', 1),
(853, 1, 1, 411, 0, 36, '1234567', 0, '', NULL, '', '', '', '2019-06-13 10:37:19', 1),
(854, 1, 1, 172, 0, 32, '123', 0, '', NULL, '', '', '', '2019-06-13 10:37:19', 1),
(855, 1, 1, 172, 0, 33, '1234', 0, '', NULL, '', '', '', '2019-06-13 10:37:19', 1),
(856, 1, 1, 172, 0, 34, '12345', 0, '', NULL, '', '', '', '2019-06-13 10:37:19', 1),
(857, 1, 1, 172, 0, 35, '123456', 0, '', NULL, '', '', '', '2019-06-13 10:37:19', 1),
(858, 1, 1, 172, 0, 36, '1234567', 0, '', NULL, '', '', '', '2019-06-13 10:37:19', 1),
(859, 1, 1, 63, 0, 32, '123', 0, '', NULL, '', '', '', '2019-06-13 10:37:19', 1),
(860, 1, 1, 63, 0, 33, '1234', 0, '', NULL, '', '', '', '2019-06-13 10:37:19', 1),
(861, 1, 1, 63, 0, 34, '12345', 0, '', NULL, '', '', '', '2019-06-13 10:37:19', 1),
(862, 1, 1, 63, 0, 35, '123456', 0, '', NULL, '', '', '', '2019-06-13 10:37:19', 1),
(863, 1, 1, 63, 0, 36, '1234567', 0, '', NULL, '', '', '', '2019-06-13 10:37:19', 1),
(864, 1, 1, 64, 0, 32, '123', 0, '', NULL, '', '', '', '2019-06-13 10:37:19', 1),
(865, 1, 1, 64, 0, 33, '1234', 0, '', NULL, '', '', '', '2019-06-13 10:37:19', 1),
(866, 1, 1, 64, 0, 34, '12345', 0, '', NULL, '', '', '', '2019-06-13 10:37:19', 1),
(867, 1, 1, 64, 0, 35, '123456', 0, '', NULL, '', '', '', '2019-06-13 10:37:19', 1),
(868, 1, 1, 64, 0, 36, '1234567', 0, '', NULL, '', '', '', '2019-06-13 10:37:19', 1),
(869, 1, 1, 372, 0, 32, '123', 0, '', NULL, '', '', '', '2019-06-13 10:37:19', 1),
(870, 1, 1, 372, 0, 33, '1234', 0, '', NULL, '', '', '', '2019-06-13 10:37:19', 1),
(871, 1, 1, 372, 0, 34, '12345', 0, '', NULL, '', '', '', '2019-06-13 10:37:19', 1),
(872, 1, 1, 372, 0, 35, '123456', 0, '', NULL, '', '', '', '2019-06-13 10:37:19', 1),
(873, 1, 1, 372, 0, 36, '1234567', 0, '', NULL, '', '', '', '2019-06-13 10:37:19', 1),
(874, 1, 10, 504, 0, 37, '123', 1, '', NULL, '', '', '', '2019-06-13 09:59:01', 1),
(875, 1, 10, 504, 0, 38, '1234', 1, '', NULL, '', '', '', '2019-06-13 09:59:01', 1),
(876, 1, 10, 504, 0, 39, '1242314', 0, '', NULL, '', '', '', '2019-06-13 09:59:01', 1),
(877, 1, 10, 504, 0, 40, '453425', 1, '', NULL, '', '', '', '2019-06-13 09:59:01', 1),
(878, 1, 10, 504, 0, 41, '34', 0, '', NULL, '', '', '', '2019-06-13 09:59:01', 1),
(879, 1, 10, 504, 0, 42, '324', 0, '', NULL, '', '', '', '2019-06-13 09:59:01', 1),
(880, 1, 10, 504, 0, 43, '3425', 1, '', NULL, '', '', '', '2019-06-13 09:59:01', 1),
(881, 1, 10, 505, 0, 37, '123', 0, '', NULL, '', '', '', '2019-06-13 09:59:01', 1),
(882, 1, 10, 505, 0, 38, '1234', 0, '', NULL, '', '', '', '2019-06-13 09:59:01', 1),
(883, 1, 10, 505, 0, 39, '1242314', 0, '', NULL, '', '', '', '2019-06-13 09:59:01', 1),
(884, 1, 10, 505, 0, 40, '453425', 0, '', NULL, '', '', '', '2019-06-13 09:59:01', 1),
(885, 1, 10, 505, 0, 41, '34', 0, '', NULL, '', '', '', '2019-06-13 09:59:01', 1),
(886, 1, 10, 505, 0, 42, '324', 0, '', NULL, '', '', '', '2019-06-13 09:59:01', 1),
(887, 1, 10, 505, 0, 43, '3425', 0, '', NULL, '', '', '', '2019-06-13 09:59:01', 1),
(888, 1, 10, 4439, 0, 37, '123', 0, '', NULL, '', '', '', '2019-06-13 09:59:01', 1),
(889, 1, 10, 4439, 0, 38, '1234', 0, '', NULL, '', '', '', '2019-06-13 09:59:01', 1),
(890, 1, 10, 4439, 0, 39, '1242314', 0, '', NULL, '', '', '', '2019-06-13 09:59:01', 1),
(891, 1, 10, 4439, 0, 40, '453425', 0, '', NULL, '', '', '', '2019-06-13 09:59:01', 1),
(892, 1, 10, 4439, 0, 41, '34', 0, '', NULL, '', '', '', '2019-06-13 09:59:01', 1),
(893, 1, 10, 4439, 0, 42, '324', 0, '', NULL, '', '', '', '2019-06-13 09:59:01', 1),
(894, 1, 10, 4439, 0, 43, '3425', 0, '', NULL, '', '', '', '2019-06-13 09:59:01', 1),
(895, 1, 10, 4440, 0, 37, '123', 1, '', NULL, '', '', '', '2019-06-13 09:59:01', 1),
(896, 1, 10, 4440, 0, 38, '1234', 0, '', NULL, '', '', '', '2019-06-13 09:59:01', 1),
(897, 1, 10, 4440, 0, 39, '1242314', 0, '', NULL, '', '', '', '2019-06-13 09:59:01', 1),
(898, 1, 10, 4440, 0, 40, '453425', 1, '', NULL, '', '', '', '2019-06-13 09:59:01', 1),
(899, 1, 10, 4440, 0, 41, '34', 0, '', NULL, '', '', '', '2019-06-13 09:59:01', 1),
(900, 1, 10, 4440, 0, 42, '324', 1, '', NULL, '', '', '', '2019-06-13 09:59:01', 1),
(901, 1, 10, 4440, 0, 43, '3425', 0, '', NULL, '', '', '', '2019-06-13 09:59:01', 1),
(902, 1, 10, 222, 0, 37, '123', 0, '', NULL, '', '', '', '2019-06-13 09:59:01', 1),
(903, 1, 10, 222, 0, 38, '1234', 0, '', NULL, '', '', '', '2019-06-13 09:59:01', 1),
(904, 1, 10, 222, 0, 39, '1242314', 0, '', NULL, '', '', '', '2019-06-13 09:59:01', 1),
(905, 1, 10, 222, 0, 40, '453425', 0, '', NULL, '', '', '', '2019-06-13 09:59:01', 1),
(906, 1, 10, 222, 0, 41, '34', 0, '', NULL, '', '', '', '2019-06-13 09:59:01', 1),
(907, 1, 10, 222, 0, 42, '324', 0, '', NULL, '', '', '', '2019-06-13 09:59:01', 1),
(908, 1, 10, 222, 0, 43, '3425', 0, '', NULL, '', '', '', '2019-06-13 09:59:01', 1),
(909, 1, 10, 250, 0, 37, '123', 0, '', NULL, '', '', '', '2019-06-13 09:59:01', 1),
(910, 1, 10, 250, 0, 38, '1234', 0, '', NULL, '', '', '', '2019-06-13 09:59:01', 1),
(911, 1, 10, 250, 0, 39, '1242314', 0, '', NULL, '', '', '', '2019-06-13 09:59:01', 1),
(912, 1, 10, 250, 0, 40, '453425', 0, '', NULL, '', '', '', '2019-06-13 09:59:01', 1),
(913, 1, 10, 250, 0, 41, '34', 0, '', NULL, '', '', '', '2019-06-13 09:59:01', 1),
(914, 1, 10, 250, 0, 42, '324', 0, '', NULL, '', '', '', '2019-06-13 09:59:01', 1),
(915, 1, 10, 250, 0, 43, '3425', 0, '', NULL, '', '', '', '2019-06-13 09:59:01', 1),
(916, 1, 10, 257, 0, 37, '123', 1, '', NULL, '', '', '', '2019-06-13 09:59:01', 1),
(917, 1, 10, 257, 0, 38, '1234', 1, '', NULL, '', '', '', '2019-06-13 09:59:01', 1),
(918, 1, 10, 257, 0, 39, '1242314', 1, '', NULL, '', '', '', '2019-06-13 09:59:01', 1),
(919, 1, 10, 257, 0, 40, '453425', 1, '', NULL, '', '', '', '2019-06-13 09:59:01', 1),
(920, 1, 10, 257, 0, 41, '34', 1, '', NULL, '', '', '', '2019-06-13 09:59:01', 1),
(921, 1, 10, 257, 0, 42, '324', 1, '', NULL, '', '', '', '2019-06-13 09:59:01', 1),
(922, 1, 10, 257, 0, 43, '3425', 1, '', NULL, '', '', '', '2019-06-13 09:59:01', 1),
(923, 1, 1, 657, 2, 0, '123', 1, '', '', '', '', '', '2019-06-13 10:59:25', 1),
(924, 1, 1, 657, 3, 0, '2134', 1, '', '', '', '', '', '2019-06-13 10:59:25', 1),
(925, 1, 1, 657, 4, 0, '2134', 1, '', '', '', '', '', '2019-06-13 10:59:25', 1),
(926, 1, 1, 657, 5, 0, '2341', 1, '', '', '', '', '', '2019-06-13 10:59:25', 1),
(927, 1, 1, 657, 6, 0, '2314', 1, '', '', '', '', '', '2019-06-13 10:59:25', 1),
(928, 1, 1, 657, 7, 0, '', 0, '', '', '', '', '', '2019-06-13 10:59:25', 1),
(929, 1, 1, 657, 8, 0, '', 0, '', '', '', '', '', '2019-06-13 10:59:25', 1),
(930, 1, 1, 657, 9, 0, '', 0, '', '', '', '', '', '2019-06-13 10:59:25', 1),
(931, 1, 1, 657, 10, 0, '', 0, '', '', '', '', '', '2019-06-13 10:59:25', 1),
(932, 1, 1, 657, 11, 0, '', 0, '', '', '', '', '', '2019-06-13 10:59:25', 1),
(933, 1, 1, 657, 12, 0, '', 0, '', '', '', '', '', '2019-06-13 10:59:25', 1),
(934, 1, 1, 657, 13, 0, '', 0, '', '', '', '', '', '2019-06-13 10:59:25', 1),
(935, 1, 1, 657, 14, 0, '', 0, '', '', '', '', '', '2019-06-13 10:59:25', 1),
(936, 1, 1, 657, 15, 0, '', 0, '', '', '', '', '', '2019-06-13 10:59:25', 1),
(937, 1, 1, 657, 16, 0, '', 0, '', '', '', '', '', '2019-06-13 10:59:25', 1),
(938, 1, 1, 657, 17, 0, '', 0, '', '', '', '', '', '2019-06-13 10:59:25', 1),
(939, 1, 1, 657, 18, 0, '', 0, '', '', '', '', '', '2019-06-13 10:59:25', 1),
(940, 1, 1, 657, 19, 0, '', 0, '', '', '', '', '', '2019-06-13 10:59:25', 1),
(941, 1, 1, 659, 2, 0, '123', 0, '', '', '', '', '', '2019-06-13 10:59:25', 1),
(942, 1, 1, 659, 3, 0, '2134', 0, '', '', '', '', '', '2019-06-13 10:59:25', 1),
(943, 1, 1, 659, 4, 0, '2134', 0, '', '', '', '', '', '2019-06-13 10:59:25', 1),
(944, 1, 1, 659, 5, 0, '2341', 0, '', '', '', '', '', '2019-06-13 10:59:25', 1),
(945, 1, 1, 659, 6, 0, '2314', 0, '', '', '', '', '', '2019-06-13 10:59:25', 1),
(946, 1, 1, 659, 7, 0, '', 0, '', '', '', '', '', '2019-06-13 10:59:25', 1),
(947, 1, 1, 659, 8, 0, '', 0, '', '', '', '', '', '2019-06-13 10:59:25', 1),
(948, 1, 1, 659, 9, 0, '', 0, '', '', '', '', '', '2019-06-13 10:59:25', 1),
(949, 1, 1, 659, 10, 0, '', 0, '', '', '', '', '', '2019-06-13 10:59:25', 1),
(950, 1, 1, 659, 11, 0, '', 0, '', '', '', '', '', '2019-06-13 10:59:25', 1),
(951, 1, 1, 659, 12, 0, '', 0, '', '', '', '', '', '2019-06-13 10:59:25', 1),
(952, 1, 1, 659, 13, 0, '', 0, '', '', '', '', '', '2019-06-13 10:59:25', 1),
(953, 1, 1, 659, 14, 0, '', 0, '', '', '', '', '', '2019-06-13 10:59:25', 1),
(954, 1, 1, 659, 15, 0, '', 0, '', '', '', '', '', '2019-06-13 10:59:25', 1),
(955, 1, 1, 659, 16, 0, '', 0, '', '', '', '', '', '2019-06-13 10:59:25', 1),
(956, 1, 1, 659, 17, 0, '', 0, '', '', '', '', '', '2019-06-13 10:59:25', 1),
(957, 1, 1, 659, 18, 0, '', 0, '', '', '', '', '', '2019-06-13 10:59:25', 1),
(958, 1, 1, 659, 19, 0, '', 0, '', '', '', '', '', '2019-06-13 10:59:25', 1),
(959, 1, 1, 660, 2, 0, '123', 0, '', '', '', '', '', '2019-06-13 10:59:25', 1),
(960, 1, 1, 660, 3, 0, '2134', 0, '', '', '', '', '', '2019-06-13 10:59:25', 1),
(961, 1, 1, 660, 4, 0, '2134', 0, '', '', '', '', '', '2019-06-13 10:59:25', 1),
(962, 1, 1, 660, 5, 0, '2341', 0, '', '', '', '', '', '2019-06-13 10:59:25', 1),
(963, 1, 1, 660, 6, 0, '2314', 0, '', '', '', '', '', '2019-06-13 10:59:25', 1),
(964, 1, 1, 660, 7, 0, '', 0, '', '', '', '', '', '2019-06-13 10:59:25', 1),
(965, 1, 1, 660, 8, 0, '', 0, '', '', '', '', '', '2019-06-13 10:59:25', 1),
(966, 1, 1, 660, 9, 0, '', 0, '', '', '', '', '', '2019-06-13 10:59:25', 1),
(967, 1, 1, 660, 10, 0, '', 0, '', '', '', '', '', '2019-06-13 10:59:25', 1),
(968, 1, 1, 660, 11, 0, '', 0, '', '', '', '', '', '2019-06-13 10:59:25', 1),
(969, 1, 1, 660, 12, 0, '', 0, '', '', '', '', '', '2019-06-13 10:59:25', 1),
(970, 1, 1, 660, 13, 0, '', 0, '', '', '', '', '', '2019-06-13 10:59:25', 1),
(971, 1, 1, 660, 14, 0, '', 0, '', '', '', '', '', '2019-06-13 10:59:25', 1),
(972, 1, 1, 660, 15, 0, '', 0, '', '', '', '', '', '2019-06-13 10:59:25', 1),
(973, 1, 1, 660, 16, 0, '', 0, '', '', '', '', '', '2019-06-13 10:59:25', 1),
(974, 1, 1, 660, 17, 0, '', 0, '', '', '', '', '', '2019-06-13 10:59:25', 1),
(975, 1, 1, 660, 18, 0, '', 0, '', '', '', '', '', '2019-06-13 10:59:25', 1),
(976, 1, 1, 660, 19, 0, '', 0, '', '', '', '', '', '2019-06-13 10:59:25', 1),
(977, 1, 1, 661, 2, 0, '123', 0, '', '', '', '', '', '2019-06-13 10:59:25', 1),
(978, 1, 1, 661, 3, 0, '2134', 0, '', '', '', '', '', '2019-06-13 10:59:25', 1),
(979, 1, 1, 661, 4, 0, '2134', 0, '', '', '', '', '', '2019-06-13 10:59:25', 1),
(980, 1, 1, 661, 5, 0, '2341', 0, '', '', '', '', '', '2019-06-13 10:59:25', 1),
(981, 1, 1, 661, 6, 0, '2314', 0, '', '', '', '', '', '2019-06-13 10:59:25', 1),
(982, 1, 1, 661, 7, 0, '', 0, '', '', '', '', '', '2019-06-13 10:59:25', 1),
(983, 1, 1, 661, 8, 0, '', 0, '', '', '', '', '', '2019-06-13 10:59:25', 1),
(984, 1, 1, 661, 9, 0, '', 0, '', '', '', '', '', '2019-06-13 10:59:25', 1),
(985, 1, 1, 661, 10, 0, '', 0, '', '', '', '', '', '2019-06-13 10:59:25', 1),
(986, 1, 1, 661, 11, 0, '', 0, '', '', '', '', '', '2019-06-13 10:59:25', 1),
(987, 1, 1, 661, 12, 0, '', 0, '', '', '', '', '', '2019-06-13 10:59:25', 1),
(988, 1, 1, 661, 13, 0, '', 0, '', '', '', '', '', '2019-06-13 10:59:25', 1),
(989, 1, 1, 661, 14, 0, '', 0, '', '', '', '', '', '2019-06-13 10:59:25', 1),
(990, 1, 1, 661, 15, 0, '', 0, '', '', '', '', '', '2019-06-13 10:59:25', 1),
(991, 1, 1, 661, 16, 0, '', 0, '', '', '', '', '', '2019-06-13 10:59:25', 1),
(992, 1, 1, 661, 17, 0, '', 0, '', '', '', '', '', '2019-06-13 10:59:25', 1),
(993, 1, 1, 661, 18, 0, '', 0, '', '', '', '', '', '2019-06-13 10:59:25', 1),
(994, 1, 1, 661, 19, 0, '', 0, '', '', '', '', '', '2019-06-13 10:59:25', 1),
(995, 1, 1, 373, 2, 0, '123', 0, '', '', '', '', '', '2019-06-13 10:59:25', 1),
(996, 1, 1, 373, 3, 0, '2134', 0, '', '', '', '', '', '2019-06-13 10:59:25', 1),
(997, 1, 1, 373, 4, 0, '2134', 0, '', '', '', '', '', '2019-06-13 10:59:25', 1),
(998, 1, 1, 373, 5, 0, '2341', 0, '', '', '', '', '', '2019-06-13 10:59:25', 1),
(999, 1, 1, 373, 6, 0, '2314', 0, '', '', '', '', '', '2019-06-13 10:59:25', 1),
(1000, 1, 1, 373, 7, 0, '', 0, '', '', '', '', '', '2019-06-13 10:59:25', 1),
(1001, 1, 1, 373, 8, 0, '', 0, '', '', '', '', '', '2019-06-13 10:59:25', 1),
(1002, 1, 1, 373, 9, 0, '', 0, '', '', '', '', '', '2019-06-13 10:59:25', 1),
(1003, 1, 1, 373, 10, 0, '', 0, '', '', '', '', '', '2019-06-13 10:59:25', 1),
(1004, 1, 1, 373, 11, 0, '', 0, '', '', '', '', '', '2019-06-13 10:59:25', 1),
(1005, 1, 1, 373, 12, 0, '', 0, '', '', '', '', '', '2019-06-13 10:59:25', 1),
(1006, 1, 1, 373, 13, 0, '', 0, '', '', '', '', '', '2019-06-13 10:59:25', 1),
(1007, 1, 1, 373, 14, 0, '', 0, '', '', '', '', '', '2019-06-13 10:59:25', 1),
(1008, 1, 1, 373, 15, 0, '', 0, '', '', '', '', '', '2019-06-13 10:59:25', 1),
(1009, 1, 1, 373, 16, 0, '', 0, '', '', '', '', '', '2019-06-13 10:59:25', 1),
(1010, 1, 1, 373, 17, 0, '', 0, '', '', '', '', '', '2019-06-13 10:59:25', 1),
(1011, 1, 1, 373, 18, 0, '', 0, '', '', '', '', '', '2019-06-13 10:59:25', 1),
(1012, 1, 1, 373, 19, 0, '', 0, '', '', '', '', '', '2019-06-13 10:59:25', 1),
(1013, 1, 1, 662, 2, 0, '123', 0, '', '', '', '', '', '2019-06-13 10:59:25', 1),
(1014, 1, 1, 662, 3, 0, '2134', 0, '', '', '', '', '', '2019-06-13 10:59:25', 1),
(1015, 1, 1, 662, 4, 0, '2134', 0, '', '', '', '', '', '2019-06-13 10:59:25', 1),
(1016, 1, 1, 662, 5, 0, '2341', 0, '', '', '', '', '', '2019-06-13 10:59:25', 1),
(1017, 1, 1, 662, 6, 0, '2314', 0, '', '', '', '', '', '2019-06-13 10:59:25', 1),
(1018, 1, 1, 662, 7, 0, '', 0, '', '', '', '', '', '2019-06-13 10:59:25', 1),
(1019, 1, 1, 662, 8, 0, '', 0, '', '', '', '', '', '2019-06-13 10:59:25', 1),
(1020, 1, 1, 662, 9, 0, '', 0, '', '', '', '', '', '2019-06-13 10:59:25', 1),
(1021, 1, 1, 662, 10, 0, '', 0, '', '', '', '', '', '2019-06-13 10:59:25', 1),
(1022, 1, 1, 662, 11, 0, '', 0, '', '', '', '', '', '2019-06-13 10:59:25', 1),
(1023, 1, 1, 662, 12, 0, '', 0, '', '', '', '', '', '2019-06-13 10:59:25', 1),
(1024, 1, 1, 662, 13, 0, '', 0, '', '', '', '', '', '2019-06-13 10:59:25', 1),
(1025, 1, 1, 662, 14, 0, '', 0, '', '', '', '', '', '2019-06-13 10:59:25', 1),
(1026, 1, 1, 662, 15, 0, '', 0, '', '', '', '', '', '2019-06-13 10:59:25', 1),
(1027, 1, 1, 662, 16, 0, '', 0, '', '', '', '', '', '2019-06-13 10:59:25', 1),
(1028, 1, 1, 662, 17, 0, '', 0, '', '', '', '', '', '2019-06-13 10:59:25', 1),
(1029, 1, 1, 662, 18, 0, '', 0, '', '', '', '', '', '2019-06-13 10:59:25', 1),
(1030, 1, 1, 662, 19, 0, '', 0, '', '', '', '', '', '2019-06-13 10:59:25', 1),
(1031, 1, 1, 663, 2, 0, '123', 0, '', '', '', '', '', '2019-06-13 10:59:25', 1),
(1032, 1, 1, 663, 3, 0, '2134', 0, '', '', '', '', '', '2019-06-13 10:59:25', 1),
(1033, 1, 1, 663, 4, 0, '2134', 0, '', '', '', '', '', '2019-06-13 10:59:25', 1),
(1034, 1, 1, 663, 5, 0, '2341', 0, '', '', '', '', '', '2019-06-13 10:59:25', 1),
(1035, 1, 1, 663, 6, 0, '2314', 0, '', '', '', '', '', '2019-06-13 10:59:25', 1),
(1036, 1, 1, 663, 7, 0, '', 0, '', '', '', '', '', '2019-06-13 10:59:25', 1),
(1037, 1, 1, 663, 8, 0, '', 0, '', '', '', '', '', '2019-06-13 10:59:25', 1),
(1038, 1, 1, 663, 9, 0, '', 0, '', '', '', '', '', '2019-06-13 10:59:25', 1),
(1039, 1, 1, 663, 10, 0, '', 0, '', '', '', '', '', '2019-06-13 10:59:25', 1),
(1040, 1, 1, 663, 11, 0, '', 0, '', '', '', '', '', '2019-06-13 10:59:25', 1),
(1041, 1, 1, 663, 12, 0, '', 0, '', '', '', '', '', '2019-06-13 10:59:25', 1),
(1042, 1, 1, 663, 13, 0, '', 0, '', '', '', '', '', '2019-06-13 10:59:25', 1),
(1043, 1, 1, 663, 14, 0, '', 0, '', '', '', '', '', '2019-06-13 10:59:25', 1),
(1044, 1, 1, 663, 15, 0, '', 0, '', '', '', '', '', '2019-06-13 10:59:25', 1),
(1045, 1, 1, 663, 16, 0, '', 0, '', '', '', '', '', '2019-06-13 10:59:25', 1),
(1046, 1, 1, 663, 17, 0, '', 0, '', '', '', '', '', '2019-06-13 10:59:25', 1),
(1047, 1, 1, 663, 18, 0, '', 0, '', '', '', '', '', '2019-06-13 10:59:25', 1),
(1048, 1, 1, 663, 19, 0, '', 0, '', '', '', '', '', '2019-06-13 10:59:25', 1),
(1049, 1, 1, 664, 2, 0, '123', 0, '', '', '', '', '', '2019-06-13 10:59:25', 1),
(1050, 1, 1, 664, 3, 0, '2134', 0, '', '', '', '', '', '2019-06-13 10:59:25', 1),
(1051, 1, 1, 664, 4, 0, '2134', 0, '', '', '', '', '', '2019-06-13 10:59:25', 1),
(1052, 1, 1, 664, 5, 0, '2341', 0, '', '', '', '', '', '2019-06-13 10:59:25', 1),
(1053, 1, 1, 664, 6, 0, '2314', 0, '', '', '', '', '', '2019-06-13 10:59:25', 1),
(1054, 1, 1, 664, 7, 0, '', 0, '', '', '', '', '', '2019-06-13 10:59:25', 1),
(1055, 1, 1, 664, 8, 0, '', 0, '', '', '', '', '', '2019-06-13 10:59:25', 1),
(1056, 1, 1, 664, 9, 0, '', 0, '', '', '', '', '', '2019-06-13 10:59:25', 1),
(1057, 1, 1, 664, 10, 0, '', 0, '', '', '', '', '', '2019-06-13 10:59:25', 1),
(1058, 1, 1, 664, 11, 0, '', 0, '', '', '', '', '', '2019-06-13 10:59:25', 1),
(1059, 1, 1, 664, 12, 0, '', 0, '', '', '', '', '', '2019-06-13 10:59:25', 1),
(1060, 1, 1, 664, 13, 0, '', 0, '', '', '', '', '', '2019-06-13 10:59:25', 1),
(1061, 1, 1, 664, 14, 0, '', 0, '', '', '', '', '', '2019-06-13 10:59:25', 1),
(1062, 1, 1, 664, 15, 0, '', 0, '', '', '', '', '', '2019-06-13 10:59:25', 1),
(1063, 1, 1, 664, 16, 0, '', 0, '', '', '', '', '', '2019-06-13 10:59:25', 1),
(1064, 1, 1, 664, 17, 0, '', 0, '', '', '', '', '', '2019-06-13 10:59:25', 1),
(1065, 1, 1, 664, 18, 0, '', 0, '', '', '', '', '', '2019-06-13 10:59:25', 1),
(1066, 1, 1, 664, 19, 0, '', 0, '', '', '', '', '', '2019-06-13 10:59:25', 1),
(1067, 1, 1, 193, 2, 0, '123', 0, '', '', '', '', '', '2019-06-13 10:59:25', 1),
(1068, 1, 1, 193, 3, 0, '2134', 0, '', '', '', '', '', '2019-06-13 10:59:25', 1),
(1069, 1, 1, 193, 4, 0, '2134', 0, '', '', '', '', '', '2019-06-13 10:59:25', 1),
(1070, 1, 1, 193, 5, 0, '2341', 0, '', '', '', '', '', '2019-06-13 10:59:25', 1),
(1071, 1, 1, 193, 6, 0, '2314', 0, '', '', '', '', '', '2019-06-13 10:59:25', 1),
(1072, 1, 1, 193, 7, 0, '', 0, '', '', '', '', '', '2019-06-13 10:59:25', 1),
(1073, 1, 1, 193, 8, 0, '', 0, '', '', '', '', '', '2019-06-13 10:59:25', 1),
(1074, 1, 1, 193, 9, 0, '', 0, '', '', '', '', '', '2019-06-13 10:59:25', 1),
(1075, 1, 1, 193, 10, 0, '', 0, '', '', '', '', '', '2019-06-13 10:59:25', 1),
(1076, 1, 1, 193, 11, 0, '', 0, '', '', '', '', '', '2019-06-13 10:59:25', 1),
(1077, 1, 1, 193, 12, 0, '', 0, '', '', '', '', '', '2019-06-13 10:59:25', 1),
(1078, 1, 1, 193, 13, 0, '', 0, '', '', '', '', '', '2019-06-13 10:59:25', 1),
(1079, 1, 1, 193, 14, 0, '', 0, '', '', '', '', '', '2019-06-13 10:59:25', 1),
(1080, 1, 1, 193, 15, 0, '', 0, '', '', '', '', '', '2019-06-13 10:59:25', 1),
(1081, 1, 1, 193, 16, 0, '', 0, '', '', '', '', '', '2019-06-13 10:59:25', 1),
(1082, 1, 1, 193, 17, 0, '', 0, '', '', '', '', '', '2019-06-13 10:59:25', 1),
(1083, 1, 1, 193, 18, 0, '', 0, '', '', '', '', '', '2019-06-13 10:59:25', 1),
(1084, 1, 1, 193, 19, 0, '', 0, '', '', '', '', '', '2019-06-13 10:59:25', 1),
(1085, 1, 1, 665, 2, 0, '123', 0, '', '', '', '', '', '2019-06-13 10:59:25', 1),
(1086, 1, 1, 665, 3, 0, '2134', 0, '', '', '', '', '', '2019-06-13 10:59:25', 1),
(1087, 1, 1, 665, 4, 0, '2134', 0, '', '', '', '', '', '2019-06-13 10:59:25', 1),
(1088, 1, 1, 665, 5, 0, '2341', 0, '', '', '', '', '', '2019-06-13 10:59:25', 1),
(1089, 1, 1, 665, 6, 0, '2314', 0, '', '', '', '', '', '2019-06-13 10:59:25', 1),
(1090, 1, 1, 665, 7, 0, '', 0, '', '', '', '', '', '2019-06-13 10:59:25', 1),
(1091, 1, 1, 665, 8, 0, '', 0, '', '', '', '', '', '2019-06-13 10:59:25', 1),
(1092, 1, 1, 665, 9, 0, '', 0, '', '', '', '', '', '2019-06-13 10:59:25', 1),
(1093, 1, 1, 665, 10, 0, '', 0, '', '', '', '', '', '2019-06-13 10:59:25', 1),
(1094, 1, 1, 665, 11, 0, '', 0, '', '', '', '', '', '2019-06-13 10:59:25', 1),
(1095, 1, 1, 665, 12, 0, '', 0, '', '', '', '', '', '2019-06-13 10:59:25', 1),
(1096, 1, 1, 665, 13, 0, '', 0, '', '', '', '', '', '2019-06-13 10:59:25', 1),
(1097, 1, 1, 665, 14, 0, '', 0, '', '', '', '', '', '2019-06-13 10:59:25', 1),
(1098, 1, 1, 665, 15, 0, '', 0, '', '', '', '', '', '2019-06-13 10:59:25', 1),
(1099, 1, 1, 665, 16, 0, '', 0, '', '', '', '', '', '2019-06-13 10:59:25', 1),
(1100, 1, 1, 665, 17, 0, '', 0, '', '', '', '', '', '2019-06-13 10:59:25', 1),
(1101, 1, 1, 665, 18, 0, '', 0, '', '', '', '', '', '2019-06-13 10:59:25', 1),
(1102, 1, 1, 665, 19, 0, '', 0, '', '', '', '', '', '2019-06-13 10:59:25', 1),
(1103, 1, 1, 3454, 2, 0, '123', 0, '', '', '', '', '', '2019-06-13 10:59:25', 1),
(1104, 1, 1, 3454, 3, 0, '2134', 0, '', '', '', '', '', '2019-06-13 10:59:25', 1),
(1105, 1, 1, 3454, 4, 0, '2134', 0, '', '', '', '', '', '2019-06-13 10:59:25', 1),
(1106, 1, 1, 3454, 5, 0, '2341', 0, '', '', '', '', '', '2019-06-13 10:59:25', 1),
(1107, 1, 1, 3454, 6, 0, '2314', 0, '', '', '', '', '', '2019-06-13 10:59:25', 1),
(1108, 1, 1, 3454, 7, 0, '', 0, '', '', '', '', '', '2019-06-13 10:59:25', 1),
(1109, 1, 1, 3454, 8, 0, '', 0, '', '', '', '', '', '2019-06-13 10:59:25', 1),
(1110, 1, 1, 3454, 9, 0, '', 0, '', '', '', '', '', '2019-06-13 10:59:25', 1),
(1111, 1, 1, 3454, 10, 0, '', 0, '', '', '', '', '', '2019-06-13 10:59:25', 1),
(1112, 1, 1, 3454, 11, 0, '', 0, '', '', '', '', '', '2019-06-13 10:59:25', 1),
(1113, 1, 1, 3454, 12, 0, '', 0, '', '', '', '', '', '2019-06-13 10:59:25', 1),
(1114, 1, 1, 3454, 13, 0, '', 0, '', '', '', '', '', '2019-06-13 10:59:25', 1),
(1115, 1, 1, 3454, 14, 0, '', 0, '', '', '', '', '', '2019-06-13 10:59:25', 1),
(1116, 1, 1, 3454, 15, 0, '', 0, '', '', '', '', '', '2019-06-13 10:59:25', 1),
(1117, 1, 1, 3454, 16, 0, '', 0, '', '', '', '', '', '2019-06-13 10:59:25', 1),
(1118, 1, 1, 3454, 17, 0, '', 0, '', '', '', '', '', '2019-06-13 10:59:25', 1),
(1119, 1, 1, 3454, 18, 0, '', 0, '', '', '', '', '', '2019-06-13 10:59:25', 1),
(1120, 1, 1, 3454, 19, 0, '', 0, '', '', '', '', '', '2019-06-13 10:59:25', 1),
(1121, 1, 1, 168, 2, 0, '123', 0, '', '', '', '', '', '2019-06-13 10:59:25', 1),
(1122, 1, 1, 168, 3, 0, '2134', 0, '', '', '', '', '', '2019-06-13 10:59:25', 1),
(1123, 1, 1, 168, 4, 0, '2134', 0, '', '', '', '', '', '2019-06-13 10:59:25', 1),
(1124, 1, 1, 168, 5, 0, '2341', 0, '', '', '', '', '', '2019-06-13 10:59:25', 1),
(1125, 1, 1, 168, 6, 0, '2314', 0, '', '', '', '', '', '2019-06-13 10:59:25', 1),
(1126, 1, 1, 168, 7, 0, '', 0, '', '', '', '', '', '2019-06-13 10:59:25', 1),
(1127, 1, 1, 168, 8, 0, '', 0, '', '', '', '', '', '2019-06-13 10:59:25', 1),
(1128, 1, 1, 168, 9, 0, '', 0, '', '', '', '', '', '2019-06-13 10:59:25', 1),
(1129, 1, 1, 168, 10, 0, '', 0, '', '', '', '', '', '2019-06-13 10:59:25', 1),
(1130, 1, 1, 168, 11, 0, '', 0, '', '', '', '', '', '2019-06-13 10:59:25', 1),
(1131, 1, 1, 168, 12, 0, '', 0, '', '', '', '', '', '2019-06-13 10:59:25', 1),
(1132, 1, 1, 168, 13, 0, '', 0, '', '', '', '', '', '2019-06-13 10:59:25', 1),
(1133, 1, 1, 168, 14, 0, '', 0, '', '', '', '', '', '2019-06-13 10:59:25', 1),
(1134, 1, 1, 168, 15, 0, '', 0, '', '', '', '', '', '2019-06-13 10:59:25', 1),
(1135, 1, 1, 168, 16, 0, '', 0, '', '', '', '', '', '2019-06-13 10:59:25', 1),
(1136, 1, 1, 168, 17, 0, '', 0, '', '', '', '', '', '2019-06-13 10:59:25', 1),
(1137, 1, 1, 168, 18, 0, '', 0, '', '', '', '', '', '2019-06-13 10:59:25', 1),
(1138, 1, 1, 168, 19, 0, '', 0, '', '', '', '', '', '2019-06-13 10:59:25', 1),
(1139, 1, 1, 669, 2, 0, '123', 0, '', '', '', '', '', '2019-06-13 10:59:25', 1),
(1140, 1, 1, 669, 3, 0, '2134', 0, '', '', '', '', '', '2019-06-13 10:59:25', 1),
(1141, 1, 1, 669, 4, 0, '2134', 0, '', '', '', '', '', '2019-06-13 10:59:25', 1),
(1142, 1, 1, 669, 5, 0, '2341', 0, '', '', '', '', '', '2019-06-13 10:59:25', 1),
(1143, 1, 1, 669, 6, 0, '2314', 0, '', '', '', '', '', '2019-06-13 10:59:25', 1),
(1144, 1, 1, 669, 7, 0, '', 0, '', '', '', '', '', '2019-06-13 10:59:25', 1),
(1145, 1, 1, 669, 8, 0, '', 0, '', '', '', '', '', '2019-06-13 10:59:25', 1),
(1146, 1, 1, 669, 9, 0, '', 0, '', '', '', '', '', '2019-06-13 10:59:25', 1),
(1147, 1, 1, 669, 10, 0, '', 0, '', '', '', '', '', '2019-06-13 10:59:25', 1),
(1148, 1, 1, 669, 11, 0, '', 0, '', '', '', '', '', '2019-06-13 10:59:25', 1),
(1149, 1, 1, 669, 12, 0, '', 0, '', '', '', '', '', '2019-06-13 10:59:25', 1),
(1150, 1, 1, 669, 13, 0, '', 0, '', '', '', '', '', '2019-06-13 10:59:25', 1),
(1151, 1, 1, 669, 14, 0, '', 0, '', '', '', '', '', '2019-06-13 10:59:25', 1),
(1152, 1, 1, 669, 15, 0, '', 0, '', '', '', '', '', '2019-06-13 10:59:25', 1),
(1153, 1, 1, 669, 16, 0, '', 0, '', '', '', '', '', '2019-06-13 10:59:25', 1),
(1154, 1, 1, 669, 17, 0, '', 0, '', '', '', '', '', '2019-06-13 10:59:25', 1),
(1155, 1, 1, 669, 18, 0, '', 0, '', '', '', '', '', '2019-06-13 10:59:25', 1),
(1156, 1, 1, 669, 19, 0, '', 0, '', '', '', '', '', '2019-06-13 10:59:25', 1),
(1157, 1, 1, 670, 2, 0, '123', 0, '', '', '', '', '', '2019-06-13 10:59:25', 1),
(1158, 1, 1, 670, 3, 0, '2134', 0, '', '', '', '', '', '2019-06-13 10:59:25', 1),
(1159, 1, 1, 670, 4, 0, '2134', 0, '', '', '', '', '', '2019-06-13 10:59:25', 1),
(1160, 1, 1, 670, 5, 0, '2341', 0, '', '', '', '', '', '2019-06-13 10:59:25', 1),
(1161, 1, 1, 670, 6, 0, '2314', 0, '', '', '', '', '', '2019-06-13 10:59:25', 1),
(1162, 1, 1, 670, 7, 0, '', 0, '', '', '', '', '', '2019-06-13 10:59:25', 1),
(1163, 1, 1, 670, 8, 0, '', 0, '', '', '', '', '', '2019-06-13 10:59:25', 1),
(1164, 1, 1, 670, 9, 0, '', 0, '', '', '', '', '', '2019-06-13 10:59:25', 1),
(1165, 1, 1, 670, 10, 0, '', 0, '', '', '', '', '', '2019-06-13 10:59:25', 1),
(1166, 1, 1, 670, 11, 0, '', 0, '', '', '', '', '', '2019-06-13 10:59:25', 1),
(1167, 1, 1, 670, 12, 0, '', 0, '', '', '', '', '', '2019-06-13 10:59:25', 1),
(1168, 1, 1, 670, 13, 0, '', 0, '', '', '', '', '', '2019-06-13 10:59:25', 1),
(1169, 1, 1, 670, 14, 0, '', 0, '', '', '', '', '', '2019-06-13 10:59:25', 1),
(1170, 1, 1, 670, 15, 0, '', 0, '', '', '', '', '', '2019-06-13 10:59:25', 1),
(1171, 1, 1, 670, 16, 0, '', 0, '', '', '', '', '', '2019-06-13 10:59:25', 1),
(1172, 1, 1, 670, 17, 0, '', 0, '', '', '', '', '', '2019-06-13 10:59:25', 1),
(1173, 1, 1, 670, 18, 0, '', 0, '', '', '', '', '', '2019-06-13 10:59:25', 1),
(1174, 1, 1, 670, 19, 0, '', 0, '', '', '', '', '', '2019-06-13 10:59:25', 1),
(1175, 1, 1, 671, 2, 0, '123', 0, '', '', '', '', '', '2019-06-13 10:59:25', 1),
(1176, 1, 1, 671, 3, 0, '2134', 0, '', '', '', '', '', '2019-06-13 10:59:25', 1),
(1177, 1, 1, 671, 4, 0, '2134', 0, '', '', '', '', '', '2019-06-13 10:59:25', 1),
(1178, 1, 1, 671, 5, 0, '2341', 0, '', '', '', '', '', '2019-06-13 10:59:25', 1),
(1179, 1, 1, 671, 6, 0, '2314', 0, '', '', '', '', '', '2019-06-13 10:59:25', 1),
(1180, 1, 1, 671, 7, 0, '', 0, '', '', '', '', '', '2019-06-13 10:59:25', 1),
(1181, 1, 1, 671, 8, 0, '', 0, '', '', '', '', '', '2019-06-13 10:59:25', 1),
(1182, 1, 1, 671, 9, 0, '', 0, '', '', '', '', '', '2019-06-13 10:59:25', 1),
(1183, 1, 1, 671, 10, 0, '', 0, '', '', '', '', '', '2019-06-13 10:59:25', 1),
(1184, 1, 1, 671, 11, 0, '', 0, '', '', '', '', '', '2019-06-13 10:59:25', 1),
(1185, 1, 1, 671, 12, 0, '', 0, '', '', '', '', '', '2019-06-13 10:59:25', 1),
(1186, 1, 1, 671, 13, 0, '', 0, '', '', '', '', '', '2019-06-13 10:59:25', 1),
(1187, 1, 1, 671, 14, 0, '', 0, '', '', '', '', '', '2019-06-13 10:59:25', 1),
(1188, 1, 1, 671, 15, 0, '', 0, '', '', '', '', '', '2019-06-13 10:59:25', 1),
(1189, 1, 1, 671, 16, 0, '', 0, '', '', '', '', '', '2019-06-13 10:59:25', 1),
(1190, 1, 1, 671, 17, 0, '', 0, '', '', '', '', '', '2019-06-13 10:59:25', 1),
(1191, 1, 1, 671, 18, 0, '', 0, '', '', '', '', '', '2019-06-13 10:59:25', 1),
(1192, 1, 1, 671, 19, 0, '', 0, '', '', '', '', '', '2019-06-13 10:59:25', 1),
(1193, 1, 1, 409, 2, 0, '123', 0, '', '', '', '', '', '2019-06-13 10:59:25', 1),
(1194, 1, 1, 409, 3, 0, '2134', 0, '', '', '', '', '', '2019-06-13 10:59:25', 1),
(1195, 1, 1, 409, 4, 0, '2134', 0, '', '', '', '', '', '2019-06-13 10:59:25', 1),
(1196, 1, 1, 409, 5, 0, '2341', 0, '', '', '', '', '', '2019-06-13 10:59:25', 1),
(1197, 1, 1, 409, 6, 0, '2314', 0, '', '', '', '', '', '2019-06-13 10:59:25', 1),
(1198, 1, 1, 409, 7, 0, '', 0, '', '', '', '', '', '2019-06-13 10:59:25', 1),
(1199, 1, 1, 409, 8, 0, '', 0, '', '', '', '', '', '2019-06-13 10:59:25', 1),
(1200, 1, 1, 409, 9, 0, '', 0, '', '', '', '', '', '2019-06-13 10:59:25', 1),
(1201, 1, 1, 409, 10, 0, '', 0, '', '', '', '', '', '2019-06-13 10:59:25', 1),
(1202, 1, 1, 409, 11, 0, '', 0, '', '', '', '', '', '2019-06-13 10:59:25', 1),
(1203, 1, 1, 409, 12, 0, '', 0, '', '', '', '', '', '2019-06-13 10:59:25', 1),
(1204, 1, 1, 409, 13, 0, '', 0, '', '', '', '', '', '2019-06-13 10:59:25', 1),
(1205, 1, 1, 409, 14, 0, '', 0, '', '', '', '', '', '2019-06-13 10:59:25', 1),
(1206, 1, 1, 409, 15, 0, '', 0, '', '', '', '', '', '2019-06-13 10:59:25', 1),
(1207, 1, 1, 409, 16, 0, '', 0, '', '', '', '', '', '2019-06-13 10:59:25', 1),
(1208, 1, 1, 409, 17, 0, '', 0, '', '', '', '', '', '2019-06-13 10:59:25', 1),
(1209, 1, 1, 409, 18, 0, '', 0, '', '', '', '', '', '2019-06-13 10:59:25', 1),
(1210, 1, 1, 409, 19, 0, '', 0, '', '', '', '', '', '2019-06-13 10:59:25', 1),
(1211, 1, 1, 673, 2, 0, '123', 0, '', '', '', '', '', '2019-06-13 10:59:25', 1),
(1212, 1, 1, 673, 3, 0, '2134', 0, '', '', '', '', '', '2019-06-13 10:59:25', 1),
(1213, 1, 1, 673, 4, 0, '2134', 0, '', '', '', '', '', '2019-06-13 10:59:25', 1),
(1214, 1, 1, 673, 5, 0, '2341', 0, '', '', '', '', '', '2019-06-13 10:59:25', 1),
(1215, 1, 1, 673, 6, 0, '2314', 0, '', '', '', '', '', '2019-06-13 10:59:25', 1),
(1216, 1, 1, 673, 7, 0, '', 0, '', '', '', '', '', '2019-06-13 10:59:25', 1),
(1217, 1, 1, 673, 8, 0, '', 0, '', '', '', '', '', '2019-06-13 10:59:25', 1),
(1218, 1, 1, 673, 9, 0, '', 0, '', '', '', '', '', '2019-06-13 10:59:25', 1),
(1219, 1, 1, 673, 10, 0, '', 0, '', '', '', '', '', '2019-06-13 10:59:25', 1),
(1220, 1, 1, 673, 11, 0, '', 0, '', '', '', '', '', '2019-06-13 10:59:25', 1),
(1221, 1, 1, 673, 12, 0, '', 0, '', '', '', '', '', '2019-06-13 10:59:25', 1),
(1222, 1, 1, 673, 13, 0, '', 0, '', '', '', '', '', '2019-06-13 10:59:25', 1),
(1223, 1, 1, 673, 14, 0, '', 0, '', '', '', '', '', '2019-06-13 10:59:25', 1),
(1224, 1, 1, 673, 15, 0, '', 0, '', '', '', '', '', '2019-06-13 10:59:25', 1),
(1225, 1, 1, 673, 16, 0, '', 0, '', '', '', '', '', '2019-06-13 10:59:25', 1),
(1226, 1, 1, 673, 17, 0, '', 0, '', '', '', '', '', '2019-06-13 10:59:25', 1),
(1227, 1, 1, 673, 18, 0, '', 0, '', '', '', '', '', '2019-06-13 10:59:25', 1),
(1228, 1, 1, 673, 19, 0, '', 0, '', '', '', '', '', '2019-06-13 10:59:25', 1),
(1229, 1, 1, 674, 2, 0, '123', 0, '', '', '', '', '', '2019-06-13 10:59:25', 1),
(1230, 1, 1, 674, 3, 0, '2134', 0, '', '', '', '', '', '2019-06-13 10:59:25', 1),
(1231, 1, 1, 674, 4, 0, '2134', 0, '', '', '', '', '', '2019-06-13 10:59:25', 1),
(1232, 1, 1, 674, 5, 0, '2341', 0, '', '', '', '', '', '2019-06-13 10:59:25', 1),
(1233, 1, 1, 674, 6, 0, '2314', 0, '', '', '', '', '', '2019-06-13 10:59:25', 1),
(1234, 1, 1, 674, 7, 0, '', 0, '', '', '', '', '', '2019-06-13 10:59:25', 1),
(1235, 1, 1, 674, 8, 0, '', 0, '', '', '', '', '', '2019-06-13 10:59:25', 1),
(1236, 1, 1, 674, 9, 0, '', 0, '', '', '', '', '', '2019-06-13 10:59:25', 1),
(1237, 1, 1, 674, 10, 0, '', 0, '', '', '', '', '', '2019-06-13 10:59:25', 1),
(1238, 1, 1, 674, 11, 0, '', 0, '', '', '', '', '', '2019-06-13 10:59:25', 1),
(1239, 1, 1, 674, 12, 0, '', 0, '', '', '', '', '', '2019-06-13 10:59:25', 1),
(1240, 1, 1, 674, 13, 0, '', 0, '', '', '', '', '', '2019-06-13 10:59:25', 1),
(1241, 1, 1, 674, 14, 0, '', 0, '', '', '', '', '', '2019-06-13 10:59:25', 1),
(1242, 1, 1, 674, 15, 0, '', 0, '', '', '', '', '', '2019-06-13 10:59:25', 1),
(1243, 1, 1, 674, 16, 0, '', 0, '', '', '', '', '', '2019-06-13 10:59:25', 1),
(1244, 1, 1, 674, 17, 0, '', 0, '', '', '', '', '', '2019-06-13 10:59:25', 1),
(1245, 1, 1, 674, 18, 0, '', 0, '', '', '', '', '', '2019-06-13 10:59:25', 1),
(1246, 1, 1, 674, 19, 0, '', 0, '', '', '', '', '', '2019-06-13 10:59:25', 1),
(1247, 1, 1, 374, 2, 0, '123', 0, '', '', '', '', '', '2019-06-13 10:59:25', 1),
(1248, 1, 1, 374, 3, 0, '2134', 0, '', '', '', '', '', '2019-06-13 10:59:25', 1),
(1249, 1, 1, 374, 4, 0, '2134', 0, '', '', '', '', '', '2019-06-13 10:59:25', 1),
(1250, 1, 1, 374, 5, 0, '2341', 0, '', '', '', '', '', '2019-06-13 10:59:25', 1),
(1251, 1, 1, 374, 6, 0, '2314', 0, '', '', '', '', '', '2019-06-13 10:59:25', 1),
(1252, 1, 1, 374, 7, 0, '', 0, '', '', '', '', '', '2019-06-13 10:59:25', 1),
(1253, 1, 1, 374, 8, 0, '', 0, '', '', '', '', '', '2019-06-13 10:59:25', 1),
(1254, 1, 1, 374, 9, 0, '', 0, '', '', '', '', '', '2019-06-13 10:59:25', 1),
(1255, 1, 1, 374, 10, 0, '', 0, '', '', '', '', '', '2019-06-13 10:59:25', 1),
(1256, 1, 1, 374, 11, 0, '', 0, '', '', '', '', '', '2019-06-13 10:59:25', 1),
(1257, 1, 1, 374, 12, 0, '', 0, '', '', '', '', '', '2019-06-13 10:59:25', 1),
(1258, 1, 1, 374, 13, 0, '', 0, '', '', '', '', '', '2019-06-13 10:59:25', 1),
(1259, 1, 1, 374, 14, 0, '', 0, '', '', '', '', '', '2019-06-13 10:59:25', 1),
(1260, 1, 1, 374, 15, 0, '', 0, '', '', '', '', '', '2019-06-13 10:59:25', 1);
INSERT INTO `assembly_inventory` (`ass_inv_id`, `engine_id`, `assembly_id`, `item_id`, `bank_id`, `bd_id`, `plate_no`, `qty`, `remarks`, `inspected`, `cleaned`, `status`, `location`, `create_date`, `user_id`) VALUES
(1261, 1, 1, 374, 16, 0, '', 0, '', '', '', '', '', '2019-06-13 10:59:25', 1),
(1262, 1, 1, 374, 17, 0, '', 0, '', '', '', '', '', '2019-06-13 10:59:25', 1),
(1263, 1, 1, 374, 18, 0, '', 0, '', '', '', '', '', '2019-06-13 10:59:25', 1),
(1264, 1, 1, 374, 19, 0, '', 0, '', '', '', '', '', '2019-06-13 10:59:25', 1),
(1265, 1, 1, 375, 2, 0, '123', 0, '', '', '', '', '', '2019-06-13 10:59:25', 1),
(1266, 1, 1, 375, 3, 0, '2134', 0, '', '', '', '', '', '2019-06-13 10:59:25', 1),
(1267, 1, 1, 375, 4, 0, '2134', 0, '', '', '', '', '', '2019-06-13 10:59:25', 1),
(1268, 1, 1, 375, 5, 0, '2341', 0, '', '', '', '', '', '2019-06-13 10:59:25', 1),
(1269, 1, 1, 375, 6, 0, '2314', 0, '', '', '', '', '', '2019-06-13 10:59:25', 1),
(1270, 1, 1, 375, 7, 0, '', 0, '', '', '', '', '', '2019-06-13 10:59:25', 1),
(1271, 1, 1, 375, 8, 0, '', 0, '', '', '', '', '', '2019-06-13 10:59:25', 1),
(1272, 1, 1, 375, 9, 0, '', 0, '', '', '', '', '', '2019-06-13 10:59:25', 1),
(1273, 1, 1, 375, 10, 0, '', 0, '', '', '', '', '', '2019-06-13 10:59:25', 1),
(1274, 1, 1, 375, 11, 0, '', 0, '', '', '', '', '', '2019-06-13 10:59:25', 1),
(1275, 1, 1, 375, 12, 0, '', 0, '', '', '', '', '', '2019-06-13 10:59:25', 1),
(1276, 1, 1, 375, 13, 0, '', 0, '', '', '', '', '', '2019-06-13 10:59:25', 1),
(1277, 1, 1, 375, 14, 0, '', 0, '', '', '', '', '', '2019-06-13 10:59:25', 1),
(1278, 1, 1, 375, 15, 0, '', 0, '', '', '', '', '', '2019-06-13 10:59:25', 1),
(1279, 1, 1, 375, 16, 0, '', 0, '', '', '', '', '', '2019-06-13 10:59:25', 1),
(1280, 1, 1, 375, 17, 0, '', 0, '', '', '', '', '', '2019-06-13 10:59:25', 1),
(1281, 1, 1, 375, 18, 0, '', 0, '', '', '', '', '', '2019-06-13 10:59:25', 1),
(1282, 1, 1, 375, 19, 0, '', 0, '', '', '', '', '', '2019-06-13 10:59:25', 1),
(1283, 1, 1, 4457, 2, 0, '123', 0, '', '', '', '', '', '2019-06-13 10:59:25', 1),
(1284, 1, 1, 4457, 3, 0, '2134', 0, '', '', '', '', '', '2019-06-13 10:59:25', 1),
(1285, 1, 1, 4457, 4, 0, '2134', 0, '', '', '', '', '', '2019-06-13 10:59:25', 1),
(1286, 1, 1, 4457, 5, 0, '2341', 0, '', '', '', '', '', '2019-06-13 10:59:25', 1),
(1287, 1, 1, 4457, 6, 0, '2314', 0, '', '', '', '', '', '2019-06-13 10:59:25', 1),
(1288, 1, 1, 4457, 7, 0, '', 0, '', '', '', '', '', '2019-06-13 10:59:25', 1),
(1289, 1, 1, 4457, 8, 0, '', 0, '', '', '', '', '', '2019-06-13 10:59:25', 1),
(1290, 1, 1, 4457, 9, 0, '', 0, '', '', '', '', '', '2019-06-13 10:59:25', 1),
(1291, 1, 1, 4457, 10, 0, '', 0, '', '', '', '', '', '2019-06-13 10:59:25', 1),
(1292, 1, 1, 4457, 11, 0, '', 0, '', '', '', '', '', '2019-06-13 10:59:25', 1),
(1293, 1, 1, 4457, 12, 0, '', 0, '', '', '', '', '', '2019-06-13 10:59:25', 1),
(1294, 1, 1, 4457, 13, 0, '', 0, '', '', '', '', '', '2019-06-13 10:59:25', 1),
(1295, 1, 1, 4457, 14, 0, '', 0, '', '', '', '', '', '2019-06-13 10:59:25', 1),
(1296, 1, 1, 4457, 15, 0, '', 0, '', '', '', '', '', '2019-06-13 10:59:25', 1),
(1297, 1, 1, 4457, 16, 0, '', 0, '', '', '', '', '', '2019-06-13 10:59:25', 1),
(1298, 1, 1, 4457, 17, 0, '', 0, '', '', '', '', '', '2019-06-13 10:59:25', 1),
(1299, 1, 1, 4457, 18, 0, '', 0, '', '', '', '', '', '2019-06-13 10:59:25', 1),
(1300, 1, 1, 4457, 19, 0, '', 0, '', '', '', '', '', '2019-06-13 10:59:25', 1),
(1301, 1, 1, 676, 2, 0, '123', 0, '', '', '', '', '', '2019-06-13 10:59:25', 1),
(1302, 1, 1, 676, 3, 0, '2134', 0, '', '', '', '', '', '2019-06-13 10:59:25', 1),
(1303, 1, 1, 676, 4, 0, '2134', 0, '', '', '', '', '', '2019-06-13 10:59:25', 1),
(1304, 1, 1, 676, 5, 0, '2341', 0, '', '', '', '', '', '2019-06-13 10:59:25', 1),
(1305, 1, 1, 676, 6, 0, '2314', 0, '', '', '', '', '', '2019-06-13 10:59:25', 1),
(1306, 1, 1, 676, 7, 0, '', 0, '', '', '', '', '', '2019-06-13 10:59:25', 1),
(1307, 1, 1, 676, 8, 0, '', 0, '', '', '', '', '', '2019-06-13 10:59:25', 1),
(1308, 1, 1, 676, 9, 0, '', 0, '', '', '', '', '', '2019-06-13 10:59:25', 1),
(1309, 1, 1, 676, 10, 0, '', 0, '', '', '', '', '', '2019-06-13 10:59:25', 1),
(1310, 1, 1, 676, 11, 0, '', 0, '', '', '', '', '', '2019-06-13 10:59:25', 1),
(1311, 1, 1, 676, 12, 0, '', 0, '', '', '', '', '', '2019-06-13 10:59:25', 1),
(1312, 1, 1, 676, 13, 0, '', 0, '', '', '', '', '', '2019-06-13 10:59:25', 1),
(1313, 1, 1, 676, 14, 0, '', 0, '', '', '', '', '', '2019-06-13 10:59:25', 1),
(1314, 1, 1, 676, 15, 0, '', 0, '', '', '', '', '', '2019-06-13 10:59:25', 1),
(1315, 1, 1, 676, 16, 0, '', 0, '', '', '', '', '', '2019-06-13 10:59:25', 1),
(1316, 1, 1, 676, 17, 0, '', 0, '', '', '', '', '', '2019-06-13 10:59:25', 1),
(1317, 1, 1, 676, 18, 0, '', 0, '', '', '', '', '', '2019-06-13 10:59:25', 1),
(1318, 1, 1, 676, 19, 0, '', 0, '', '', '', '', '', '2019-06-13 10:59:25', 1),
(1319, 1, 1, 677, 2, 0, '123', 0, '', '', '', '', '', '2019-06-13 10:59:25', 1),
(1320, 1, 1, 677, 3, 0, '2134', 0, '', '', '', '', '', '2019-06-13 10:59:25', 1),
(1321, 1, 1, 677, 4, 0, '2134', 0, '', '', '', '', '', '2019-06-13 10:59:25', 1),
(1322, 1, 1, 677, 5, 0, '2341', 0, '', '', '', '', '', '2019-06-13 10:59:25', 1),
(1323, 1, 1, 677, 6, 0, '2314', 0, '', '', '', '', '', '2019-06-13 10:59:25', 1),
(1324, 1, 1, 677, 7, 0, '', 0, '', '', '', '', '', '2019-06-13 10:59:25', 1),
(1325, 1, 1, 677, 8, 0, '', 0, '', '', '', '', '', '2019-06-13 10:59:25', 1),
(1326, 1, 1, 677, 9, 0, '', 0, '', '', '', '', '', '2019-06-13 10:59:25', 1),
(1327, 1, 1, 677, 10, 0, '', 0, '', '', '', '', '', '2019-06-13 10:59:25', 1),
(1328, 1, 1, 677, 11, 0, '', 0, '', '', '', '', '', '2019-06-13 10:59:25', 1),
(1329, 1, 1, 677, 12, 0, '', 0, '', '', '', '', '', '2019-06-13 10:59:25', 1),
(1330, 1, 1, 677, 13, 0, '', 0, '', '', '', '', '', '2019-06-13 10:59:25', 1),
(1331, 1, 1, 677, 14, 0, '', 0, '', '', '', '', '', '2019-06-13 10:59:25', 1),
(1332, 1, 1, 677, 15, 0, '', 0, '', '', '', '', '', '2019-06-13 10:59:25', 1),
(1333, 1, 1, 677, 16, 0, '', 0, '', '', '', '', '', '2019-06-13 10:59:25', 1),
(1334, 1, 1, 677, 17, 0, '', 0, '', '', '', '', '', '2019-06-13 10:59:25', 1),
(1335, 1, 1, 677, 18, 0, '', 0, '', '', '', '', '', '2019-06-13 10:59:25', 1),
(1336, 1, 1, 677, 19, 0, '', 0, '', '', '', '', '', '2019-06-13 10:59:25', 1),
(1337, 1, 1, 171, 2, 0, '123', 0, '', '', '', '', '', '2019-06-13 10:59:25', 1),
(1338, 1, 1, 171, 3, 0, '2134', 0, '', '', '', '', '', '2019-06-13 10:59:25', 1),
(1339, 1, 1, 171, 4, 0, '2134', 0, '', '', '', '', '', '2019-06-13 10:59:25', 1),
(1340, 1, 1, 171, 5, 0, '2341', 0, '', '', '', '', '', '2019-06-13 10:59:25', 1),
(1341, 1, 1, 171, 6, 0, '2314', 0, '', '', '', '', '', '2019-06-13 10:59:25', 1),
(1342, 1, 1, 171, 7, 0, '', 0, '', '', '', '', '', '2019-06-13 10:59:25', 1),
(1343, 1, 1, 171, 8, 0, '', 0, '', '', '', '', '', '2019-06-13 10:59:25', 1),
(1344, 1, 1, 171, 9, 0, '', 0, '', '', '', '', '', '2019-06-13 10:59:25', 1),
(1345, 1, 1, 171, 10, 0, '', 0, '', '', '', '', '', '2019-06-13 10:59:25', 1),
(1346, 1, 1, 171, 11, 0, '', 0, '', '', '', '', '', '2019-06-13 10:59:25', 1),
(1347, 1, 1, 171, 12, 0, '', 0, '', '', '', '', '', '2019-06-13 10:59:25', 1),
(1348, 1, 1, 171, 13, 0, '', 0, '', '', '', '', '', '2019-06-13 10:59:25', 1),
(1349, 1, 1, 171, 14, 0, '', 0, '', '', '', '', '', '2019-06-13 10:59:25', 1),
(1350, 1, 1, 171, 15, 0, '', 0, '', '', '', '', '', '2019-06-13 10:59:25', 1),
(1351, 1, 1, 171, 16, 0, '', 0, '', '', '', '', '', '2019-06-13 10:59:25', 1),
(1352, 1, 1, 171, 17, 0, '', 0, '', '', '', '', '', '2019-06-13 10:59:25', 1),
(1353, 1, 1, 171, 18, 0, '', 0, '', '', '', '', '', '2019-06-13 10:59:25', 1),
(1354, 1, 1, 171, 19, 0, '', 0, '', '', '', '', '', '2019-06-13 10:59:25', 1),
(1355, 1, 1, 411, 2, 0, '123', 0, '', '', '', '', '', '2019-06-13 10:59:25', 1),
(1356, 1, 1, 411, 3, 0, '2134', 0, '', '', '', '', '', '2019-06-13 10:59:25', 1),
(1357, 1, 1, 411, 4, 0, '2134', 0, '', '', '', '', '', '2019-06-13 10:59:25', 1),
(1358, 1, 1, 411, 5, 0, '2341', 0, '', '', '', '', '', '2019-06-13 10:59:25', 1),
(1359, 1, 1, 411, 6, 0, '2314', 0, '', '', '', '', '', '2019-06-13 10:59:25', 1),
(1360, 1, 1, 411, 7, 0, '', 0, '', '', '', '', '', '2019-06-13 10:59:25', 1),
(1361, 1, 1, 411, 8, 0, '', 0, '', '', '', '', '', '2019-06-13 10:59:25', 1),
(1362, 1, 1, 411, 9, 0, '', 0, '', '', '', '', '', '2019-06-13 10:59:25', 1),
(1363, 1, 1, 411, 10, 0, '', 0, '', '', '', '', '', '2019-06-13 10:59:25', 1),
(1364, 1, 1, 411, 11, 0, '', 0, '', '', '', '', '', '2019-06-13 10:59:25', 1),
(1365, 1, 1, 411, 12, 0, '', 0, '', '', '', '', '', '2019-06-13 10:59:25', 1),
(1366, 1, 1, 411, 13, 0, '', 0, '', '', '', '', '', '2019-06-13 10:59:25', 1),
(1367, 1, 1, 411, 14, 0, '', 0, '', '', '', '', '', '2019-06-13 10:59:25', 1),
(1368, 1, 1, 411, 15, 0, '', 0, '', '', '', '', '', '2019-06-13 10:59:25', 1),
(1369, 1, 1, 411, 16, 0, '', 0, '', '', '', '', '', '2019-06-13 10:59:25', 1),
(1370, 1, 1, 411, 17, 0, '', 0, '', '', '', '', '', '2019-06-13 10:59:25', 1),
(1371, 1, 1, 411, 18, 0, '', 0, '', '', '', '', '', '2019-06-13 10:59:25', 1),
(1372, 1, 1, 411, 19, 0, '', 0, '', '', '', '', '', '2019-06-13 10:59:25', 1),
(1373, 1, 1, 172, 2, 0, '123', 0, '', '', '', '', '', '2019-06-13 10:59:25', 1),
(1374, 1, 1, 172, 3, 0, '2134', 0, '', '', '', '', '', '2019-06-13 10:59:25', 1),
(1375, 1, 1, 172, 4, 0, '2134', 0, '', '', '', '', '', '2019-06-13 10:59:25', 1),
(1376, 1, 1, 172, 5, 0, '2341', 0, '', '', '', '', '', '2019-06-13 10:59:25', 1),
(1377, 1, 1, 172, 6, 0, '2314', 0, '', '', '', '', '', '2019-06-13 10:59:25', 1),
(1378, 1, 1, 172, 7, 0, '', 0, '', '', '', '', '', '2019-06-13 10:59:25', 1),
(1379, 1, 1, 172, 8, 0, '', 0, '', '', '', '', '', '2019-06-13 10:59:25', 1),
(1380, 1, 1, 172, 9, 0, '', 0, '', '', '', '', '', '2019-06-13 10:59:25', 1),
(1381, 1, 1, 172, 10, 0, '', 0, '', '', '', '', '', '2019-06-13 10:59:25', 1),
(1382, 1, 1, 172, 11, 0, '', 0, '', '', '', '', '', '2019-06-13 10:59:25', 1),
(1383, 1, 1, 172, 12, 0, '', 0, '', '', '', '', '', '2019-06-13 10:59:25', 1),
(1384, 1, 1, 172, 13, 0, '', 0, '', '', '', '', '', '2019-06-13 10:59:25', 1),
(1385, 1, 1, 172, 14, 0, '', 0, '', '', '', '', '', '2019-06-13 10:59:25', 1),
(1386, 1, 1, 172, 15, 0, '', 0, '', '', '', '', '', '2019-06-13 10:59:25', 1),
(1387, 1, 1, 172, 16, 0, '', 0, '', '', '', '', '', '2019-06-13 10:59:25', 1),
(1388, 1, 1, 172, 17, 0, '', 0, '', '', '', '', '', '2019-06-13 10:59:25', 1),
(1389, 1, 1, 172, 18, 0, '', 0, '', '', '', '', '', '2019-06-13 10:59:25', 1),
(1390, 1, 1, 172, 19, 0, '', 0, '', '', '', '', '', '2019-06-13 10:59:25', 1),
(1391, 1, 1, 63, 2, 0, '123', 0, '', '', '', '', '', '2019-06-13 10:59:25', 1),
(1392, 1, 1, 63, 3, 0, '2134', 0, '', '', '', '', '', '2019-06-13 10:59:25', 1),
(1393, 1, 1, 63, 4, 0, '2134', 0, '', '', '', '', '', '2019-06-13 10:59:25', 1),
(1394, 1, 1, 63, 5, 0, '2341', 0, '', '', '', '', '', '2019-06-13 10:59:25', 1),
(1395, 1, 1, 63, 6, 0, '2314', 0, '', '', '', '', '', '2019-06-13 10:59:25', 1),
(1396, 1, 1, 63, 7, 0, '', 0, '', '', '', '', '', '2019-06-13 10:59:25', 1),
(1397, 1, 1, 63, 8, 0, '', 0, '', '', '', '', '', '2019-06-13 10:59:25', 1),
(1398, 1, 1, 63, 9, 0, '', 0, '', '', '', '', '', '2019-06-13 10:59:25', 1),
(1399, 1, 1, 63, 10, 0, '', 0, '', '', '', '', '', '2019-06-13 10:59:25', 1),
(1400, 1, 1, 63, 11, 0, '', 0, '', '', '', '', '', '2019-06-13 10:59:25', 1),
(1401, 1, 1, 63, 12, 0, '', 0, '', '', '', '', '', '2019-06-13 10:59:25', 1),
(1402, 1, 1, 63, 13, 0, '', 0, '', '', '', '', '', '2019-06-13 10:59:25', 1),
(1403, 1, 1, 63, 14, 0, '', 0, '', '', '', '', '', '2019-06-13 10:59:25', 1),
(1404, 1, 1, 63, 15, 0, '', 0, '', '', '', '', '', '2019-06-13 10:59:25', 1),
(1405, 1, 1, 63, 16, 0, '', 0, '', '', '', '', '', '2019-06-13 10:59:25', 1),
(1406, 1, 1, 63, 17, 0, '', 0, '', '', '', '', '', '2019-06-13 10:59:25', 1),
(1407, 1, 1, 63, 18, 0, '', 0, '', '', '', '', '', '2019-06-13 10:59:25', 1),
(1408, 1, 1, 63, 19, 0, '', 0, '', '', '', '', '', '2019-06-13 10:59:25', 1),
(1409, 1, 1, 64, 2, 0, '123', 0, '', '', '', '', '', '2019-06-13 10:59:25', 1),
(1410, 1, 1, 64, 3, 0, '2134', 0, '', '', '', '', '', '2019-06-13 10:59:25', 1),
(1411, 1, 1, 64, 4, 0, '2134', 0, '', '', '', '', '', '2019-06-13 10:59:25', 1),
(1412, 1, 1, 64, 5, 0, '2341', 0, '', '', '', '', '', '2019-06-13 10:59:25', 1),
(1413, 1, 1, 64, 6, 0, '2314', 0, '', '', '', '', '', '2019-06-13 10:59:25', 1),
(1414, 1, 1, 64, 7, 0, '', 0, '', '', '', '', '', '2019-06-13 10:59:25', 1),
(1415, 1, 1, 64, 8, 0, '', 0, '', '', '', '', '', '2019-06-13 10:59:25', 1),
(1416, 1, 1, 64, 9, 0, '', 0, '', '', '', '', '', '2019-06-13 10:59:25', 1),
(1417, 1, 1, 64, 10, 0, '', 0, '', '', '', '', '', '2019-06-13 10:59:25', 1),
(1418, 1, 1, 64, 11, 0, '', 0, '', '', '', '', '', '2019-06-13 10:59:25', 1),
(1419, 1, 1, 64, 12, 0, '', 0, '', '', '', '', '', '2019-06-13 10:59:25', 1),
(1420, 1, 1, 64, 13, 0, '', 0, '', '', '', '', '', '2019-06-13 10:59:25', 1),
(1421, 1, 1, 64, 14, 0, '', 0, '', '', '', '', '', '2019-06-13 10:59:25', 1),
(1422, 1, 1, 64, 15, 0, '', 0, '', '', '', '', '', '2019-06-13 10:59:25', 1),
(1423, 1, 1, 64, 16, 0, '', 0, '', '', '', '', '', '2019-06-13 10:59:25', 1),
(1424, 1, 1, 64, 17, 0, '', 0, '', '', '', '', '', '2019-06-13 10:59:25', 1),
(1425, 1, 1, 64, 18, 0, '', 0, '', '', '', '', '', '2019-06-13 10:59:25', 1),
(1426, 1, 1, 64, 19, 0, '', 0, '', '', '', '', '', '2019-06-13 10:59:25', 1),
(1427, 1, 1, 372, 2, 0, '123', 0, '', '', '', '', '', '2019-06-13 10:59:25', 1),
(1428, 1, 1, 372, 3, 0, '2134', 0, '', '', '', '', '', '2019-06-13 10:59:25', 1),
(1429, 1, 1, 372, 4, 0, '2134', 0, '', '', '', '', '', '2019-06-13 10:59:25', 1),
(1430, 1, 1, 372, 5, 0, '2341', 0, '', '', '', '', '', '2019-06-13 10:59:25', 1),
(1431, 1, 1, 372, 6, 0, '2314', 0, '', '', '', '', '', '2019-06-13 10:59:25', 1),
(1432, 1, 1, 372, 7, 0, '', 0, '', '', '', '', '', '2019-06-13 10:59:25', 1),
(1433, 1, 1, 372, 8, 0, '', 0, '', '', '', '', '', '2019-06-13 10:59:25', 1),
(1434, 1, 1, 372, 9, 0, '', 0, '', '', '', '', '', '2019-06-13 10:59:25', 1),
(1435, 1, 1, 372, 10, 0, '', 0, '', '', '', '', '', '2019-06-13 10:59:25', 1),
(1436, 1, 1, 372, 11, 0, '', 0, '', '', '', '', '', '2019-06-13 10:59:25', 1),
(1437, 1, 1, 372, 12, 0, '', 0, '', '', '', '', '', '2019-06-13 10:59:25', 1),
(1438, 1, 1, 372, 13, 0, '', 0, '', '', '', '', '', '2019-06-13 10:59:25', 1),
(1439, 1, 1, 372, 14, 0, '', 0, '', '', '', '', '', '2019-06-13 10:59:25', 1),
(1440, 1, 1, 372, 15, 0, '', 0, '', '', '', '', '', '2019-06-13 10:59:25', 1),
(1441, 1, 1, 372, 16, 0, '', 0, '', '', '', '', '', '2019-06-13 10:59:25', 1),
(1442, 1, 1, 372, 17, 0, '', 0, '', '', '', '', '', '2019-06-13 10:59:25', 1),
(1443, 1, 1, 372, 18, 0, '', 0, '', '', '', '', '', '2019-06-13 10:59:25', 1),
(1444, 1, 1, 372, 19, 0, '', 0, '', '', '', '', '', '2019-06-13 10:59:25', 1),
(1445, 1, 1, 657, 0, 37, '', 0, '', NULL, '', '', '', '2019-06-14 13:32:37', 1),
(1446, 1, 1, 657, 0, 38, '', 0, '', NULL, '', '', '', '2019-06-14 13:32:37', 1),
(1447, 1, 1, 657, 0, 39, '', 0, '', NULL, '', '', '', '2019-06-14 13:32:37', 1),
(1448, 1, 1, 657, 0, 40, '', 0, '', NULL, '', '', '', '2019-06-14 13:32:37', 1),
(1449, 1, 1, 657, 0, 41, '', 0, '', NULL, '', '', '', '2019-06-14 13:32:37', 1),
(1450, 1, 1, 657, 0, 42, '', 0, '', NULL, '', '', '', '2019-06-14 13:32:37', 1),
(1451, 1, 1, 657, 0, 43, '', 0, '', NULL, '', '', '', '2019-06-14 13:32:37', 1),
(1452, 1, 1, 659, 0, 37, '', 0, '', NULL, '', '', '', '2019-06-14 13:32:37', 1),
(1453, 1, 1, 659, 0, 38, '', 0, '', NULL, '', '', '', '2019-06-14 13:32:37', 1),
(1454, 1, 1, 659, 0, 39, '', 0, '', NULL, '', '', '', '2019-06-14 13:32:37', 1),
(1455, 1, 1, 659, 0, 40, '', 0, '', NULL, '', '', '', '2019-06-14 13:32:37', 1),
(1456, 1, 1, 659, 0, 41, '', 0, '', NULL, '', '', '', '2019-06-14 13:32:37', 1),
(1457, 1, 1, 659, 0, 42, '', 0, '', NULL, '', '', '', '2019-06-14 13:32:37', 1),
(1458, 1, 1, 659, 0, 43, '', 0, '', NULL, '', '', '', '2019-06-14 13:32:37', 1),
(1459, 1, 1, 660, 0, 37, '', 0, '', NULL, '', '', '', '2019-06-14 13:32:37', 1),
(1460, 1, 1, 660, 0, 38, '', 0, '', NULL, '', '', '', '2019-06-14 13:32:37', 1),
(1461, 1, 1, 660, 0, 39, '', 0, '', NULL, '', '', '', '2019-06-14 13:32:37', 1),
(1462, 1, 1, 660, 0, 40, '', 0, '', NULL, '', '', '', '2019-06-14 13:32:37', 1),
(1463, 1, 1, 660, 0, 41, '', 0, '', NULL, '', '', '', '2019-06-14 13:32:37', 1),
(1464, 1, 1, 660, 0, 42, '', 0, '', NULL, '', '', '', '2019-06-14 13:32:37', 1),
(1465, 1, 1, 660, 0, 43, '', 0, '', NULL, '', '', '', '2019-06-14 13:32:37', 1),
(1466, 1, 1, 661, 0, 37, '', 0, '', NULL, '', '', '', '2019-06-14 13:32:37', 1),
(1467, 1, 1, 661, 0, 38, '', 0, '', NULL, '', '', '', '2019-06-14 13:32:37', 1),
(1468, 1, 1, 661, 0, 39, '', 0, '', NULL, '', '', '', '2019-06-14 13:32:37', 1),
(1469, 1, 1, 661, 0, 40, '', 0, '', NULL, '', '', '', '2019-06-14 13:32:37', 1),
(1470, 1, 1, 661, 0, 41, '', 0, '', NULL, '', '', '', '2019-06-14 13:32:37', 1),
(1471, 1, 1, 661, 0, 42, '', 0, '', NULL, '', '', '', '2019-06-14 13:32:37', 1),
(1472, 1, 1, 661, 0, 43, '', 0, '', NULL, '', '', '', '2019-06-14 13:32:37', 1),
(1473, 1, 1, 373, 0, 37, '', 0, '', NULL, '', '', '', '2019-06-14 13:32:37', 1),
(1474, 1, 1, 373, 0, 38, '', 0, '', NULL, '', '', '', '2019-06-14 13:32:37', 1),
(1475, 1, 1, 373, 0, 39, '', 0, '', NULL, '', '', '', '2019-06-14 13:32:37', 1),
(1476, 1, 1, 373, 0, 40, '', 0, '', NULL, '', '', '', '2019-06-14 13:32:37', 1),
(1477, 1, 1, 373, 0, 41, '', 0, '', NULL, '', '', '', '2019-06-14 13:32:37', 1),
(1478, 1, 1, 373, 0, 42, '', 0, '', NULL, '', '', '', '2019-06-14 13:32:37', 1),
(1479, 1, 1, 373, 0, 43, '', 0, '', NULL, '', '', '', '2019-06-14 13:32:37', 1),
(1480, 1, 1, 662, 0, 37, '', 0, '', NULL, '', '', '', '2019-06-14 13:32:37', 1),
(1481, 1, 1, 662, 0, 38, '', 0, '', NULL, '', '', '', '2019-06-14 13:32:37', 1),
(1482, 1, 1, 662, 0, 39, '', 0, '', NULL, '', '', '', '2019-06-14 13:32:37', 1),
(1483, 1, 1, 662, 0, 40, '', 0, '', NULL, '', '', '', '2019-06-14 13:32:37', 1),
(1484, 1, 1, 662, 0, 41, '', 0, '', NULL, '', '', '', '2019-06-14 13:32:37', 1),
(1485, 1, 1, 662, 0, 42, '', 0, '', NULL, '', '', '', '2019-06-14 13:32:37', 1),
(1486, 1, 1, 662, 0, 43, '', 0, '', NULL, '', '', '', '2019-06-14 13:32:37', 1),
(1487, 1, 1, 663, 0, 37, '', 0, '', NULL, '', '', '', '2019-06-14 13:32:37', 1),
(1488, 1, 1, 663, 0, 38, '', 0, '', NULL, '', '', '', '2019-06-14 13:32:37', 1),
(1489, 1, 1, 663, 0, 39, '', 0, '', NULL, '', '', '', '2019-06-14 13:32:37', 1),
(1490, 1, 1, 663, 0, 40, '', 0, '', NULL, '', '', '', '2019-06-14 13:32:37', 1),
(1491, 1, 1, 663, 0, 41, '', 0, '', NULL, '', '', '', '2019-06-14 13:32:37', 1),
(1492, 1, 1, 663, 0, 42, '', 0, '', NULL, '', '', '', '2019-06-14 13:32:37', 1),
(1493, 1, 1, 663, 0, 43, '', 0, '', NULL, '', '', '', '2019-06-14 13:32:37', 1),
(1494, 1, 1, 664, 0, 37, '', 0, '', NULL, '', '', '', '2019-06-14 13:32:37', 1),
(1495, 1, 1, 664, 0, 38, '', 0, '', NULL, '', '', '', '2019-06-14 13:32:37', 1),
(1496, 1, 1, 664, 0, 39, '', 0, '', NULL, '', '', '', '2019-06-14 13:32:37', 1),
(1497, 1, 1, 664, 0, 40, '', 0, '', NULL, '', '', '', '2019-06-14 13:32:37', 1),
(1498, 1, 1, 664, 0, 41, '', 0, '', NULL, '', '', '', '2019-06-14 13:32:37', 1),
(1499, 1, 1, 664, 0, 42, '', 0, '', NULL, '', '', '', '2019-06-14 13:32:37', 1),
(1500, 1, 1, 664, 0, 43, '', 0, '', NULL, '', '', '', '2019-06-14 13:32:37', 1),
(1501, 1, 1, 193, 0, 37, '', 0, '', NULL, '', '', '', '2019-06-14 13:32:37', 1),
(1502, 1, 1, 193, 0, 38, '', 0, '', NULL, '', '', '', '2019-06-14 13:32:37', 1),
(1503, 1, 1, 193, 0, 39, '', 0, '', NULL, '', '', '', '2019-06-14 13:32:37', 1),
(1504, 1, 1, 193, 0, 40, '', 0, '', NULL, '', '', '', '2019-06-14 13:32:37', 1),
(1505, 1, 1, 193, 0, 41, '', 0, '', NULL, '', '', '', '2019-06-14 13:32:37', 1),
(1506, 1, 1, 193, 0, 42, '', 0, '', NULL, '', '', '', '2019-06-14 13:32:37', 1),
(1507, 1, 1, 193, 0, 43, '', 0, '', NULL, '', '', '', '2019-06-14 13:32:37', 1),
(1508, 1, 1, 665, 0, 37, '', 0, '', NULL, '', '', '', '2019-06-14 13:32:37', 1),
(1509, 1, 1, 665, 0, 38, '', 0, '', NULL, '', '', '', '2019-06-14 13:32:37', 1),
(1510, 1, 1, 665, 0, 39, '', 0, '', NULL, '', '', '', '2019-06-14 13:32:37', 1),
(1511, 1, 1, 665, 0, 40, '', 0, '', NULL, '', '', '', '2019-06-14 13:32:37', 1),
(1512, 1, 1, 665, 0, 41, '', 0, '', NULL, '', '', '', '2019-06-14 13:32:37', 1),
(1513, 1, 1, 665, 0, 42, '', 0, '', NULL, '', '', '', '2019-06-14 13:32:37', 1),
(1514, 1, 1, 665, 0, 43, '', 0, '', NULL, '', '', '', '2019-06-14 13:32:37', 1),
(1515, 1, 1, 3454, 0, 37, '', 0, '', NULL, '', '', '', '2019-06-14 13:32:37', 1),
(1516, 1, 1, 3454, 0, 38, '', 0, '', NULL, '', '', '', '2019-06-14 13:32:37', 1),
(1517, 1, 1, 3454, 0, 39, '', 0, '', NULL, '', '', '', '2019-06-14 13:32:37', 1),
(1518, 1, 1, 3454, 0, 40, '', 0, '', NULL, '', '', '', '2019-06-14 13:32:37', 1),
(1519, 1, 1, 3454, 0, 41, '', 0, '', NULL, '', '', '', '2019-06-14 13:32:37', 1),
(1520, 1, 1, 3454, 0, 42, '', 0, '', NULL, '', '', '', '2019-06-14 13:32:37', 1),
(1521, 1, 1, 3454, 0, 43, '', 0, '', NULL, '', '', '', '2019-06-14 13:32:37', 1),
(1522, 1, 1, 168, 0, 37, '', 0, '', NULL, '', '', '', '2019-06-14 13:32:37', 1),
(1523, 1, 1, 168, 0, 38, '', 0, '', NULL, '', '', '', '2019-06-14 13:32:37', 1),
(1524, 1, 1, 168, 0, 39, '', 0, '', NULL, '', '', '', '2019-06-14 13:32:37', 1),
(1525, 1, 1, 168, 0, 40, '', 0, '', NULL, '', '', '', '2019-06-14 13:32:37', 1),
(1526, 1, 1, 168, 0, 41, '', 0, '', NULL, '', '', '', '2019-06-14 13:32:37', 1),
(1527, 1, 1, 168, 0, 42, '', 0, '', NULL, '', '', '', '2019-06-14 13:32:37', 1),
(1528, 1, 1, 168, 0, 43, '', 0, '', NULL, '', '', '', '2019-06-14 13:32:37', 1),
(1529, 1, 1, 669, 0, 37, '', 0, '', NULL, '', '', '', '2019-06-14 13:32:37', 1),
(1530, 1, 1, 669, 0, 38, '', 0, '', NULL, '', '', '', '2019-06-14 13:32:37', 1),
(1531, 1, 1, 669, 0, 39, '', 0, '', NULL, '', '', '', '2019-06-14 13:32:37', 1),
(1532, 1, 1, 669, 0, 40, '', 0, '', NULL, '', '', '', '2019-06-14 13:32:37', 1),
(1533, 1, 1, 669, 0, 41, '', 0, '', NULL, '', '', '', '2019-06-14 13:32:37', 1),
(1534, 1, 1, 669, 0, 42, '', 0, '', NULL, '', '', '', '2019-06-14 13:32:37', 1),
(1535, 1, 1, 669, 0, 43, '', 0, '', NULL, '', '', '', '2019-06-14 13:32:37', 1),
(1536, 1, 1, 670, 0, 37, '', 0, '', NULL, '', '', '', '2019-06-14 13:32:37', 1),
(1537, 1, 1, 670, 0, 38, '', 0, '', NULL, '', '', '', '2019-06-14 13:32:37', 1),
(1538, 1, 1, 670, 0, 39, '', 0, '', NULL, '', '', '', '2019-06-14 13:32:37', 1),
(1539, 1, 1, 670, 0, 40, '', 0, '', NULL, '', '', '', '2019-06-14 13:32:37', 1),
(1540, 1, 1, 670, 0, 41, '', 0, '', NULL, '', '', '', '2019-06-14 13:32:37', 1),
(1541, 1, 1, 670, 0, 42, '', 0, '', NULL, '', '', '', '2019-06-14 13:32:37', 1),
(1542, 1, 1, 670, 0, 43, '', 0, '', NULL, '', '', '', '2019-06-14 13:32:37', 1),
(1543, 1, 1, 671, 0, 37, '', 0, '', NULL, '', '', '', '2019-06-14 13:32:37', 1),
(1544, 1, 1, 671, 0, 38, '', 0, '', NULL, '', '', '', '2019-06-14 13:32:37', 1),
(1545, 1, 1, 671, 0, 39, '', 0, '', NULL, '', '', '', '2019-06-14 13:32:37', 1),
(1546, 1, 1, 671, 0, 40, '', 0, '', NULL, '', '', '', '2019-06-14 13:32:37', 1),
(1547, 1, 1, 671, 0, 41, '', 0, '', NULL, '', '', '', '2019-06-14 13:32:37', 1),
(1548, 1, 1, 671, 0, 42, '', 0, '', NULL, '', '', '', '2019-06-14 13:32:37', 1),
(1549, 1, 1, 671, 0, 43, '', 0, '', NULL, '', '', '', '2019-06-14 13:32:37', 1),
(1550, 1, 1, 409, 0, 37, '', 0, '', NULL, '', '', '', '2019-06-14 13:32:37', 1),
(1551, 1, 1, 409, 0, 38, '', 0, '', NULL, '', '', '', '2019-06-14 13:32:37', 1),
(1552, 1, 1, 409, 0, 39, '', 0, '', NULL, '', '', '', '2019-06-14 13:32:37', 1),
(1553, 1, 1, 409, 0, 40, '', 0, '', NULL, '', '', '', '2019-06-14 13:32:37', 1),
(1554, 1, 1, 409, 0, 41, '', 0, '', NULL, '', '', '', '2019-06-14 13:32:37', 1),
(1555, 1, 1, 409, 0, 42, '', 0, '', NULL, '', '', '', '2019-06-14 13:32:37', 1),
(1556, 1, 1, 409, 0, 43, '', 0, '', NULL, '', '', '', '2019-06-14 13:32:37', 1),
(1557, 1, 1, 673, 0, 37, '', 0, '', NULL, '', '', '', '2019-06-14 13:32:37', 1),
(1558, 1, 1, 673, 0, 38, '', 0, '', NULL, '', '', '', '2019-06-14 13:32:37', 1),
(1559, 1, 1, 673, 0, 39, '', 0, '', NULL, '', '', '', '2019-06-14 13:32:37', 1),
(1560, 1, 1, 673, 0, 40, '', 0, '', NULL, '', '', '', '2019-06-14 13:32:37', 1),
(1561, 1, 1, 673, 0, 41, '', 0, '', NULL, '', '', '', '2019-06-14 13:32:37', 1),
(1562, 1, 1, 673, 0, 42, '', 0, '', NULL, '', '', '', '2019-06-14 13:32:37', 1),
(1563, 1, 1, 673, 0, 43, '', 0, '', NULL, '', '', '', '2019-06-14 13:32:37', 1),
(1564, 1, 1, 674, 0, 37, '', 0, '', NULL, '', '', '', '2019-06-14 13:32:37', 1),
(1565, 1, 1, 674, 0, 38, '', 0, '', NULL, '', '', '', '2019-06-14 13:32:37', 1),
(1566, 1, 1, 674, 0, 39, '', 0, '', NULL, '', '', '', '2019-06-14 13:32:37', 1),
(1567, 1, 1, 674, 0, 40, '', 0, '', NULL, '', '', '', '2019-06-14 13:32:37', 1),
(1568, 1, 1, 674, 0, 41, '', 0, '', NULL, '', '', '', '2019-06-14 13:32:37', 1),
(1569, 1, 1, 674, 0, 42, '', 0, '', NULL, '', '', '', '2019-06-14 13:32:37', 1),
(1570, 1, 1, 674, 0, 43, '', 0, '', NULL, '', '', '', '2019-06-14 13:32:37', 1),
(1571, 1, 1, 374, 0, 37, '', 0, '', NULL, '', '', '', '2019-06-14 13:32:37', 1),
(1572, 1, 1, 374, 0, 38, '', 0, '', NULL, '', '', '', '2019-06-14 13:32:37', 1),
(1573, 1, 1, 374, 0, 39, '', 0, '', NULL, '', '', '', '2019-06-14 13:32:37', 1),
(1574, 1, 1, 374, 0, 40, '', 0, '', NULL, '', '', '', '2019-06-14 13:32:37', 1),
(1575, 1, 1, 374, 0, 41, '', 0, '', NULL, '', '', '', '2019-06-14 13:32:37', 1),
(1576, 1, 1, 374, 0, 42, '', 0, '', NULL, '', '', '', '2019-06-14 13:32:37', 1),
(1577, 1, 1, 374, 0, 43, '', 0, '', NULL, '', '', '', '2019-06-14 13:32:37', 1),
(1578, 1, 1, 375, 0, 37, '', 0, '', NULL, '', '', '', '2019-06-14 13:32:37', 1),
(1579, 1, 1, 375, 0, 38, '', 0, '', NULL, '', '', '', '2019-06-14 13:32:37', 1),
(1580, 1, 1, 375, 0, 39, '', 0, '', NULL, '', '', '', '2019-06-14 13:32:37', 1),
(1581, 1, 1, 375, 0, 40, '', 0, '', NULL, '', '', '', '2019-06-14 13:32:37', 1),
(1582, 1, 1, 375, 0, 41, '', 0, '', NULL, '', '', '', '2019-06-14 13:32:37', 1),
(1583, 1, 1, 375, 0, 42, '', 0, '', NULL, '', '', '', '2019-06-14 13:32:37', 1),
(1584, 1, 1, 375, 0, 43, '', 0, '', NULL, '', '', '', '2019-06-14 13:32:37', 1),
(1585, 1, 1, 4457, 0, 37, '', 0, '', NULL, '', '', '', '2019-06-14 13:32:37', 1),
(1586, 1, 1, 4457, 0, 38, '', 0, '', NULL, '', '', '', '2019-06-14 13:32:37', 1),
(1587, 1, 1, 4457, 0, 39, '', 0, '', NULL, '', '', '', '2019-06-14 13:32:37', 1),
(1588, 1, 1, 4457, 0, 40, '', 0, '', NULL, '', '', '', '2019-06-14 13:32:37', 1),
(1589, 1, 1, 4457, 0, 41, '', 0, '', NULL, '', '', '', '2019-06-14 13:32:37', 1),
(1590, 1, 1, 4457, 0, 42, '', 0, '', NULL, '', '', '', '2019-06-14 13:32:37', 1),
(1591, 1, 1, 4457, 0, 43, '', 0, '', NULL, '', '', '', '2019-06-14 13:32:37', 1),
(1592, 1, 1, 676, 0, 37, '', 0, '', NULL, '', '', '', '2019-06-14 13:32:37', 1),
(1593, 1, 1, 676, 0, 38, '', 0, '', NULL, '', '', '', '2019-06-14 13:32:37', 1),
(1594, 1, 1, 676, 0, 39, '', 0, '', NULL, '', '', '', '2019-06-14 13:32:37', 1),
(1595, 1, 1, 676, 0, 40, '', 0, '', NULL, '', '', '', '2019-06-14 13:32:37', 1),
(1596, 1, 1, 676, 0, 41, '', 0, '', NULL, '', '', '', '2019-06-14 13:32:37', 1),
(1597, 1, 1, 676, 0, 42, '', 0, '', NULL, '', '', '', '2019-06-14 13:32:37', 1),
(1598, 1, 1, 676, 0, 43, '', 0, '', NULL, '', '', '', '2019-06-14 13:32:37', 1),
(1599, 1, 1, 677, 0, 37, '', 0, '', NULL, '', '', '', '2019-06-14 13:32:37', 1),
(1600, 1, 1, 677, 0, 38, '', 0, '', NULL, '', '', '', '2019-06-14 13:32:37', 1),
(1601, 1, 1, 677, 0, 39, '', 0, '', NULL, '', '', '', '2019-06-14 13:32:37', 1),
(1602, 1, 1, 677, 0, 40, '', 0, '', NULL, '', '', '', '2019-06-14 13:32:37', 1),
(1603, 1, 1, 677, 0, 41, '', 0, '', NULL, '', '', '', '2019-06-14 13:32:37', 1),
(1604, 1, 1, 677, 0, 42, '', 0, '', NULL, '', '', '', '2019-06-14 13:32:37', 1),
(1605, 1, 1, 677, 0, 43, '', 0, '', NULL, '', '', '', '2019-06-14 13:32:37', 1),
(1606, 1, 1, 171, 0, 37, '', 0, '', NULL, '', '', '', '2019-06-14 13:32:37', 1),
(1607, 1, 1, 171, 0, 38, '', 0, '', NULL, '', '', '', '2019-06-14 13:32:37', 1),
(1608, 1, 1, 171, 0, 39, '', 0, '', NULL, '', '', '', '2019-06-14 13:32:37', 1),
(1609, 1, 1, 171, 0, 40, '', 0, '', NULL, '', '', '', '2019-06-14 13:32:37', 1),
(1610, 1, 1, 171, 0, 41, '', 0, '', NULL, '', '', '', '2019-06-14 13:32:37', 1),
(1611, 1, 1, 171, 0, 42, '', 0, '', NULL, '', '', '', '2019-06-14 13:32:37', 1),
(1612, 1, 1, 171, 0, 43, '', 0, '', NULL, '', '', '', '2019-06-14 13:32:37', 1),
(1613, 1, 1, 411, 0, 37, '', 0, '', NULL, '', '', '', '2019-06-14 13:32:37', 1),
(1614, 1, 1, 411, 0, 38, '', 0, '', NULL, '', '', '', '2019-06-14 13:32:37', 1),
(1615, 1, 1, 411, 0, 39, '', 0, '', NULL, '', '', '', '2019-06-14 13:32:37', 1),
(1616, 1, 1, 411, 0, 40, '', 0, '', NULL, '', '', '', '2019-06-14 13:32:37', 1),
(1617, 1, 1, 411, 0, 41, '', 0, '', NULL, '', '', '', '2019-06-14 13:32:37', 1),
(1618, 1, 1, 411, 0, 42, '', 0, '', NULL, '', '', '', '2019-06-14 13:32:37', 1),
(1619, 1, 1, 411, 0, 43, '', 0, '', NULL, '', '', '', '2019-06-14 13:32:37', 1),
(1620, 1, 1, 172, 0, 37, '', 0, '', NULL, '', '', '', '2019-06-14 13:32:37', 1),
(1621, 1, 1, 172, 0, 38, '', 0, '', NULL, '', '', '', '2019-06-14 13:32:37', 1),
(1622, 1, 1, 172, 0, 39, '', 0, '', NULL, '', '', '', '2019-06-14 13:32:37', 1),
(1623, 1, 1, 172, 0, 40, '', 0, '', NULL, '', '', '', '2019-06-14 13:32:37', 1),
(1624, 1, 1, 172, 0, 41, '', 0, '', NULL, '', '', '', '2019-06-14 13:32:37', 1),
(1625, 1, 1, 172, 0, 42, '', 0, '', NULL, '', '', '', '2019-06-14 13:32:37', 1),
(1626, 1, 1, 172, 0, 43, '', 0, '', NULL, '', '', '', '2019-06-14 13:32:37', 1),
(1627, 1, 1, 63, 0, 37, '', 0, '', NULL, '', '', '', '2019-06-14 13:32:37', 1),
(1628, 1, 1, 63, 0, 38, '', 0, '', NULL, '', '', '', '2019-06-14 13:32:37', 1),
(1629, 1, 1, 63, 0, 39, '', 0, '', NULL, '', '', '', '2019-06-14 13:32:37', 1),
(1630, 1, 1, 63, 0, 40, '', 0, '', NULL, '', '', '', '2019-06-14 13:32:37', 1),
(1631, 1, 1, 63, 0, 41, '', 0, '', NULL, '', '', '', '2019-06-14 13:32:37', 1),
(1632, 1, 1, 63, 0, 42, '', 0, '', NULL, '', '', '', '2019-06-14 13:32:37', 1),
(1633, 1, 1, 63, 0, 43, '', 0, '', NULL, '', '', '', '2019-06-14 13:32:37', 1),
(1634, 1, 1, 64, 0, 37, '', 0, '', NULL, '', '', '', '2019-06-14 13:32:37', 1),
(1635, 1, 1, 64, 0, 38, '', 0, '', NULL, '', '', '', '2019-06-14 13:32:37', 1),
(1636, 1, 1, 64, 0, 39, '', 0, '', NULL, '', '', '', '2019-06-14 13:32:37', 1),
(1637, 1, 1, 64, 0, 40, '', 0, '', NULL, '', '', '', '2019-06-14 13:32:37', 1),
(1638, 1, 1, 64, 0, 41, '', 0, '', NULL, '', '', '', '2019-06-14 13:32:37', 1),
(1639, 1, 1, 64, 0, 42, '', 0, '', NULL, '', '', '', '2019-06-14 13:32:37', 1),
(1640, 1, 1, 64, 0, 43, '', 0, '', NULL, '', '', '', '2019-06-14 13:32:37', 1),
(1641, 1, 1, 372, 0, 37, '', 0, '', NULL, '', '', '', '2019-06-14 13:32:37', 1),
(1642, 1, 1, 372, 0, 38, '', 0, '', NULL, '', '', '', '2019-06-14 13:32:37', 1),
(1643, 1, 1, 372, 0, 39, '', 0, '', NULL, '', '', '', '2019-06-14 13:32:37', 1),
(1644, 1, 1, 372, 0, 40, '', 0, '', NULL, '', '', '', '2019-06-14 13:32:37', 1),
(1645, 1, 1, 372, 0, 41, '', 0, '', NULL, '', '', '', '2019-06-14 13:32:37', 1),
(1646, 1, 1, 372, 0, 42, '', 0, '', NULL, '', '', '', '2019-06-14 13:32:37', 1),
(1647, 1, 1, 372, 0, 43, '', 0, '', NULL, '', '', '', '2019-06-14 13:32:37', 1),
(1648, 1, 3, 554, 2, 0, '', 0, '', '', '', '', '', '2019-06-13 13:33:18', 1),
(1649, 1, 3, 554, 3, 0, '', 0, '', '', '', '', '', '2019-06-13 13:33:18', 1),
(1650, 1, 3, 554, 4, 0, '', 0, '', '', '', '', '', '2019-06-13 13:33:18', 1),
(1651, 1, 3, 554, 5, 0, '', 0, '', '', '', '', '', '2019-06-13 13:33:18', 1),
(1652, 1, 3, 554, 6, 0, '', 0, '', '', '', '', '', '2019-06-13 13:33:18', 1),
(1653, 1, 3, 554, 7, 0, '', 0, '', '', '', '', '', '2019-06-13 13:33:18', 1),
(1654, 1, 3, 554, 8, 0, '', 0, '', '', '', '', '', '2019-06-13 13:33:18', 1),
(1655, 1, 3, 554, 9, 0, '', 0, '', '', '', '', '', '2019-06-13 13:33:18', 1),
(1656, 1, 3, 554, 10, 0, '', 0, '', '', '', '', '', '2019-06-13 13:33:18', 1),
(1657, 1, 3, 554, 11, 0, '', 0, '', '', '', '', '', '2019-06-13 13:33:18', 1),
(1658, 1, 3, 554, 12, 0, '', 0, '', '', '', '', '', '2019-06-13 13:33:18', 1),
(1659, 1, 3, 554, 13, 0, '', 0, '', '', '', '', '', '2019-06-13 13:33:18', 1),
(1660, 1, 3, 554, 14, 0, '', 0, '', '', '', '', '', '2019-06-13 13:33:18', 1),
(1661, 1, 3, 554, 15, 0, '', 0, '', '', '', '', '', '2019-06-13 13:33:18', 1),
(1662, 1, 3, 554, 16, 0, '', 0, '', '', '', '', '', '2019-06-13 13:33:18', 1),
(1663, 1, 3, 554, 17, 0, '', 0, '', '', '', '', '', '2019-06-13 13:33:18', 1),
(1664, 1, 3, 554, 18, 0, '', 0, '', '', '', '', '', '2019-06-13 13:33:18', 1),
(1665, 1, 3, 554, 19, 0, '', 0, '', '', '', '', '', '2019-06-13 13:33:18', 1),
(1666, 1, 3, 555, 2, 0, '', 0, '', '', '', '', '', '2019-06-13 13:33:18', 1),
(1667, 1, 3, 555, 3, 0, '', 0, '', '', '', '', '', '2019-06-13 13:33:18', 1),
(1668, 1, 3, 555, 4, 0, '', 0, '', '', '', '', '', '2019-06-13 13:33:18', 1),
(1669, 1, 3, 555, 5, 0, '', 0, '', '', '', '', '', '2019-06-13 13:33:18', 1),
(1670, 1, 3, 555, 6, 0, '', 0, '', '', '', '', '', '2019-06-13 13:33:18', 1),
(1671, 1, 3, 555, 7, 0, '', 0, '', '', '', '', '', '2019-06-13 13:33:18', 1),
(1672, 1, 3, 555, 8, 0, '', 0, '', '', '', '', '', '2019-06-13 13:33:18', 1),
(1673, 1, 3, 555, 9, 0, '', 0, '', '', '', '', '', '2019-06-13 13:33:18', 1),
(1674, 1, 3, 555, 10, 0, '', 0, '', '', '', '', '', '2019-06-13 13:33:18', 1),
(1675, 1, 3, 555, 11, 0, '', 0, '', '', '', '', '', '2019-06-13 13:33:18', 1),
(1676, 1, 3, 555, 12, 0, '', 0, '', '', '', '', '', '2019-06-13 13:33:18', 1),
(1677, 1, 3, 555, 13, 0, '', 0, '', '', '', '', '', '2019-06-13 13:33:18', 1),
(1678, 1, 3, 555, 14, 0, '', 0, '', '', '', '', '', '2019-06-13 13:33:18', 1),
(1679, 1, 3, 555, 15, 0, '', 0, '', '', '', '', '', '2019-06-13 13:33:18', 1),
(1680, 1, 3, 555, 16, 0, '', 0, '', '', '', '', '', '2019-06-13 13:33:18', 1),
(1681, 1, 3, 555, 17, 0, '', 0, '', '', '', '', '', '2019-06-13 13:33:18', 1),
(1682, 1, 3, 555, 18, 0, '', 0, '', '', '', '', '', '2019-06-13 13:33:18', 1),
(1683, 1, 3, 555, 19, 0, '', 0, '', '', '', '', '', '2019-06-13 13:33:18', 1),
(1684, 1, 3, 556, 2, 0, '', 0, '', '', '', '', '', '2019-06-13 13:33:18', 1),
(1685, 1, 3, 556, 3, 0, '', 0, '', '', '', '', '', '2019-06-13 13:33:18', 1),
(1686, 1, 3, 556, 4, 0, '', 0, '', '', '', '', '', '2019-06-13 13:33:18', 1),
(1687, 1, 3, 556, 5, 0, '', 0, '', '', '', '', '', '2019-06-13 13:33:18', 1),
(1688, 1, 3, 556, 6, 0, '', 0, '', '', '', '', '', '2019-06-13 13:33:18', 1),
(1689, 1, 3, 556, 7, 0, '', 0, '', '', '', '', '', '2019-06-13 13:33:18', 1),
(1690, 1, 3, 556, 8, 0, '', 0, '', '', '', '', '', '2019-06-13 13:33:18', 1),
(1691, 1, 3, 556, 9, 0, '', 0, '', '', '', '', '', '2019-06-13 13:33:18', 1),
(1692, 1, 3, 556, 10, 0, '', 0, '', '', '', '', '', '2019-06-13 13:33:18', 1),
(1693, 1, 3, 556, 11, 0, '', 0, '', '', '', '', '', '2019-06-13 13:33:18', 1),
(1694, 1, 3, 556, 12, 0, '', 0, '', '', '', '', '', '2019-06-13 13:33:18', 1),
(1695, 1, 3, 556, 13, 0, '', 0, '', '', '', '', '', '2019-06-13 13:33:18', 1),
(1696, 1, 3, 556, 14, 0, '', 0, '', '', '', '', '', '2019-06-13 13:33:18', 1),
(1697, 1, 3, 556, 15, 0, '', 0, '', '', '', '', '', '2019-06-13 13:33:18', 1),
(1698, 1, 3, 556, 16, 0, '', 0, '', '', '', '', '', '2019-06-13 13:33:18', 1),
(1699, 1, 3, 556, 17, 0, '', 0, '', '', '', '', '', '2019-06-13 13:33:18', 1),
(1700, 1, 3, 556, 18, 0, '', 0, '', '', '', '', '', '2019-06-13 13:33:18', 1),
(1701, 1, 3, 556, 19, 0, '', 0, '', '', '', '', '', '2019-06-13 13:33:18', 1),
(1702, 1, 3, 557, 2, 0, '', 0, '', '', '', '', '', '2019-06-13 13:33:18', 1),
(1703, 1, 3, 557, 3, 0, '', 0, '', '', '', '', '', '2019-06-13 13:33:18', 1),
(1704, 1, 3, 557, 4, 0, '', 0, '', '', '', '', '', '2019-06-13 13:33:18', 1),
(1705, 1, 3, 557, 5, 0, '', 0, '', '', '', '', '', '2019-06-13 13:33:18', 1),
(1706, 1, 3, 557, 6, 0, '', 0, '', '', '', '', '', '2019-06-13 13:33:18', 1),
(1707, 1, 3, 557, 7, 0, '', 0, '', '', '', '', '', '2019-06-13 13:33:18', 1),
(1708, 1, 3, 557, 8, 0, '', 0, '', '', '', '', '', '2019-06-13 13:33:18', 1),
(1709, 1, 3, 557, 9, 0, '', 0, '', '', '', '', '', '2019-06-13 13:33:18', 1),
(1710, 1, 3, 557, 10, 0, '', 0, '', '', '', '', '', '2019-06-13 13:33:18', 1),
(1711, 1, 3, 557, 11, 0, '', 0, '', '', '', '', '', '2019-06-13 13:33:18', 1),
(1712, 1, 3, 557, 12, 0, '', 0, '', '', '', '', '', '2019-06-13 13:33:18', 1),
(1713, 1, 3, 557, 13, 0, '', 0, '', '', '', '', '', '2019-06-13 13:33:18', 1),
(1714, 1, 3, 557, 14, 0, '', 0, '', '', '', '', '', '2019-06-13 13:33:18', 1),
(1715, 1, 3, 557, 15, 0, '', 0, '', '', '', '', '', '2019-06-13 13:33:18', 1),
(1716, 1, 3, 557, 16, 0, '', 0, '', '', '', '', '', '2019-06-13 13:33:18', 1),
(1717, 1, 3, 557, 17, 0, '', 0, '', '', '', '', '', '2019-06-13 13:33:18', 1),
(1718, 1, 3, 557, 18, 0, '', 0, '', '', '', '', '', '2019-06-13 13:33:18', 1),
(1719, 1, 3, 557, 19, 0, '', 0, '', '', '', '', '', '2019-06-13 13:33:18', 1),
(1720, 1, 3, 96, 2, 0, '', 0, '', '', '', '', '', '2019-06-13 13:33:18', 1),
(1721, 1, 3, 96, 3, 0, '', 0, '', '', '', '', '', '2019-06-13 13:33:18', 1),
(1722, 1, 3, 96, 4, 0, '', 0, '', '', '', '', '', '2019-06-13 13:33:18', 1),
(1723, 1, 3, 96, 5, 0, '', 0, '', '', '', '', '', '2019-06-13 13:33:18', 1),
(1724, 1, 3, 96, 6, 0, '', 0, '', '', '', '', '', '2019-06-13 13:33:18', 1),
(1725, 1, 3, 96, 7, 0, '', 0, '', '', '', '', '', '2019-06-13 13:33:18', 1),
(1726, 1, 3, 96, 8, 0, '', 0, '', '', '', '', '', '2019-06-13 13:33:18', 1),
(1727, 1, 3, 96, 9, 0, '', 0, '', '', '', '', '', '2019-06-13 13:33:18', 1),
(1728, 1, 3, 96, 10, 0, '', 0, '', '', '', '', '', '2019-06-13 13:33:18', 1),
(1729, 1, 3, 96, 11, 0, '', 0, '', '', '', '', '', '2019-06-13 13:33:18', 1),
(1730, 1, 3, 96, 12, 0, '', 0, '', '', '', '', '', '2019-06-13 13:33:18', 1),
(1731, 1, 3, 96, 13, 0, '', 0, '', '', '', '', '', '2019-06-13 13:33:18', 1),
(1732, 1, 3, 96, 14, 0, '', 0, '', '', '', '', '', '2019-06-13 13:33:18', 1),
(1733, 1, 3, 96, 15, 0, '', 0, '', '', '', '', '', '2019-06-13 13:33:18', 1),
(1734, 1, 3, 96, 16, 0, '', 0, '', '', '', '', '', '2019-06-13 13:33:18', 1),
(1735, 1, 3, 96, 17, 0, '', 0, '', '', '', '', '', '2019-06-13 13:33:18', 1),
(1736, 1, 3, 96, 18, 0, '', 0, '', '', '', '', '', '2019-06-13 13:33:18', 1),
(1737, 1, 3, 96, 19, 0, '', 0, '', '', '', '', '', '2019-06-13 13:33:18', 1),
(1738, 1, 3, 97, 2, 0, '', 0, '', '', '', '', '', '2019-06-13 13:33:18', 1),
(1739, 1, 3, 97, 3, 0, '', 0, '', '', '', '', '', '2019-06-13 13:33:18', 1),
(1740, 1, 3, 97, 4, 0, '', 0, '', '', '', '', '', '2019-06-13 13:33:18', 1),
(1741, 1, 3, 97, 5, 0, '', 0, '', '', '', '', '', '2019-06-13 13:33:18', 1),
(1742, 1, 3, 97, 6, 0, '', 0, '', '', '', '', '', '2019-06-13 13:33:18', 1),
(1743, 1, 3, 97, 7, 0, '', 0, '', '', '', '', '', '2019-06-13 13:33:18', 1),
(1744, 1, 3, 97, 8, 0, '', 0, '', '', '', '', '', '2019-06-13 13:33:18', 1),
(1745, 1, 3, 97, 9, 0, '', 0, '', '', '', '', '', '2019-06-13 13:33:18', 1),
(1746, 1, 3, 97, 10, 0, '', 0, '', '', '', '', '', '2019-06-13 13:33:18', 1),
(1747, 1, 3, 97, 11, 0, '', 0, '', '', '', '', '', '2019-06-13 13:33:18', 1),
(1748, 1, 3, 97, 12, 0, '', 0, '', '', '', '', '', '2019-06-13 13:33:18', 1),
(1749, 1, 3, 97, 13, 0, '', 0, '', '', '', '', '', '2019-06-13 13:33:18', 1),
(1750, 1, 3, 97, 14, 0, '', 0, '', '', '', '', '', '2019-06-13 13:33:18', 1),
(1751, 1, 3, 97, 15, 0, '', 0, '', '', '', '', '', '2019-06-13 13:33:18', 1),
(1752, 1, 3, 97, 16, 0, '', 0, '', '', '', '', '', '2019-06-13 13:33:18', 1),
(1753, 1, 3, 97, 17, 0, '', 0, '', '', '', '', '', '2019-06-13 13:33:18', 1),
(1754, 1, 3, 97, 18, 0, '', 0, '', '', '', '', '', '2019-06-13 13:33:18', 1),
(1755, 1, 3, 97, 19, 0, '', 0, '', '', '', '', '', '2019-06-13 13:33:18', 1),
(1756, 1, 3, 558, 2, 0, '', 0, '', '', '', '', '', '2019-06-13 13:33:18', 1),
(1757, 1, 3, 558, 3, 0, '', 0, '', '', '', '', '', '2019-06-13 13:33:18', 1),
(1758, 1, 3, 558, 4, 0, '', 0, '', '', '', '', '', '2019-06-13 13:33:18', 1),
(1759, 1, 3, 558, 5, 0, '', 0, '', '', '', '', '', '2019-06-13 13:33:18', 1),
(1760, 1, 3, 558, 6, 0, '', 0, '', '', '', '', '', '2019-06-13 13:33:18', 1),
(1761, 1, 3, 558, 7, 0, '', 0, '', '', '', '', '', '2019-06-13 13:33:18', 1),
(1762, 1, 3, 558, 8, 0, '', 0, '', '', '', '', '', '2019-06-13 13:33:18', 1),
(1763, 1, 3, 558, 9, 0, '', 0, '', '', '', '', '', '2019-06-13 13:33:18', 1),
(1764, 1, 3, 558, 10, 0, '', 0, '', '', '', '', '', '2019-06-13 13:33:18', 1),
(1765, 1, 3, 558, 11, 0, '', 0, '', '', '', '', '', '2019-06-13 13:33:18', 1),
(1766, 1, 3, 558, 12, 0, '', 0, '', '', '', '', '', '2019-06-13 13:33:18', 1),
(1767, 1, 3, 558, 13, 0, '', 0, '', '', '', '', '', '2019-06-13 13:33:18', 1),
(1768, 1, 3, 558, 14, 0, '', 0, '', '', '', '', '', '2019-06-13 13:33:18', 1),
(1769, 1, 3, 558, 15, 0, '', 0, '', '', '', '', '', '2019-06-13 13:33:18', 1),
(1770, 1, 3, 558, 16, 0, '', 0, '', '', '', '', '', '2019-06-13 13:33:18', 1),
(1771, 1, 3, 558, 17, 0, '', 0, '', '', '', '', '', '2019-06-13 13:33:18', 1),
(1772, 1, 3, 558, 18, 0, '', 0, '', '', '', '', '', '2019-06-13 13:33:18', 1),
(1773, 1, 3, 558, 19, 0, '', 0, '', '', '', '', '', '2019-06-13 13:33:18', 1),
(1774, 1, 3, 562, 2, 0, '', 0, '', '', '', '', '', '2019-06-13 13:33:18', 1),
(1775, 1, 3, 562, 3, 0, '', 0, '', '', '', '', '', '2019-06-13 13:33:18', 1),
(1776, 1, 3, 562, 4, 0, '', 0, '', '', '', '', '', '2019-06-13 13:33:18', 1),
(1777, 1, 3, 562, 5, 0, '', 0, '', '', '', '', '', '2019-06-13 13:33:18', 1),
(1778, 1, 3, 562, 6, 0, '', 0, '', '', '', '', '', '2019-06-13 13:33:18', 1),
(1779, 1, 3, 562, 7, 0, '', 0, '', '', '', '', '', '2019-06-13 13:33:18', 1),
(1780, 1, 3, 562, 8, 0, '', 0, '', '', '', '', '', '2019-06-13 13:33:18', 1),
(1781, 1, 3, 562, 9, 0, '', 0, '', '', '', '', '', '2019-06-13 13:33:18', 1),
(1782, 1, 3, 562, 10, 0, '', 0, '', '', '', '', '', '2019-06-13 13:33:18', 1),
(1783, 1, 3, 562, 11, 0, '', 0, '', '', '', '', '', '2019-06-13 13:33:18', 1),
(1784, 1, 3, 562, 12, 0, '', 0, '', '', '', '', '', '2019-06-13 13:33:18', 1),
(1785, 1, 3, 562, 13, 0, '', 0, '', '', '', '', '', '2019-06-13 13:33:18', 1),
(1786, 1, 3, 562, 14, 0, '', 0, '', '', '', '', '', '2019-06-13 13:33:18', 1),
(1787, 1, 3, 562, 15, 0, '', 0, '', '', '', '', '', '2019-06-13 13:33:18', 1),
(1788, 1, 3, 562, 16, 0, '', 0, '', '', '', '', '', '2019-06-13 13:33:18', 1),
(1789, 1, 3, 562, 17, 0, '', 0, '', '', '', '', '', '2019-06-13 13:33:18', 1),
(1790, 1, 3, 562, 18, 0, '', 0, '', '', '', '', '', '2019-06-13 13:33:18', 1),
(1791, 1, 3, 562, 19, 0, '', 0, '', '', '', '', '', '2019-06-13 13:33:18', 1),
(1792, 1, 3, 392, 2, 0, '', 0, '', '', '', '', '', '2019-06-13 13:33:18', 1),
(1793, 1, 3, 392, 3, 0, '', 0, '', '', '', '', '', '2019-06-13 13:33:18', 1),
(1794, 1, 3, 392, 4, 0, '', 0, '', '', '', '', '', '2019-06-13 13:33:18', 1),
(1795, 1, 3, 392, 5, 0, '', 0, '', '', '', '', '', '2019-06-13 13:33:18', 1),
(1796, 1, 3, 392, 6, 0, '', 0, '', '', '', '', '', '2019-06-13 13:33:18', 1),
(1797, 1, 3, 392, 7, 0, '', 0, '', '', '', '', '', '2019-06-13 13:33:18', 1),
(1798, 1, 3, 392, 8, 0, '', 0, '', '', '', '', '', '2019-06-13 13:33:18', 1),
(1799, 1, 3, 392, 9, 0, '', 0, '', '', '', '', '', '2019-06-13 13:33:18', 1),
(1800, 1, 3, 392, 10, 0, '', 0, '', '', '', '', '', '2019-06-13 13:33:18', 1),
(1801, 1, 3, 392, 11, 0, '', 0, '', '', '', '', '', '2019-06-13 13:33:18', 1),
(1802, 1, 3, 392, 12, 0, '', 0, '', '', '', '', '', '2019-06-13 13:33:18', 1),
(1803, 1, 3, 392, 13, 0, '', 0, '', '', '', '', '', '2019-06-13 13:33:18', 1),
(1804, 1, 3, 392, 14, 0, '', 0, '', '', '', '', '', '2019-06-13 13:33:18', 1),
(1805, 1, 3, 392, 15, 0, '', 0, '', '', '', '', '', '2019-06-13 13:33:18', 1),
(1806, 1, 3, 392, 16, 0, '', 0, '', '', '', '', '', '2019-06-13 13:33:18', 1),
(1807, 1, 3, 392, 17, 0, '', 0, '', '', '', '', '', '2019-06-13 13:33:18', 1),
(1808, 1, 3, 392, 18, 0, '', 0, '', '', '', '', '', '2019-06-13 13:33:18', 1),
(1809, 1, 3, 392, 19, 0, '', 0, '', '', '', '', '', '2019-06-13 13:33:18', 1),
(1810, 1, 3, 200, 2, 0, '', 0, '', '', '', '', '', '2019-06-13 13:33:18', 1),
(1811, 1, 3, 200, 3, 0, '', 0, '', '', '', '', '', '2019-06-13 13:33:18', 1),
(1812, 1, 3, 200, 4, 0, '', 0, '', '', '', '', '', '2019-06-13 13:33:18', 1),
(1813, 1, 3, 200, 5, 0, '', 0, '', '', '', '', '', '2019-06-13 13:33:18', 1),
(1814, 1, 3, 200, 6, 0, '', 0, '', '', '', '', '', '2019-06-13 13:33:18', 1),
(1815, 1, 3, 200, 7, 0, '', 0, '', '', '', '', '', '2019-06-13 13:33:18', 1),
(1816, 1, 3, 200, 8, 0, '', 0, '', '', '', '', '', '2019-06-13 13:33:18', 1),
(1817, 1, 3, 200, 9, 0, '', 0, '', '', '', '', '', '2019-06-13 13:33:18', 1),
(1818, 1, 3, 200, 10, 0, '', 0, '', '', '', '', '', '2019-06-13 13:33:18', 1),
(1819, 1, 3, 200, 11, 0, '', 0, '', '', '', '', '', '2019-06-13 13:33:18', 1),
(1820, 1, 3, 200, 12, 0, '', 0, '', '', '', '', '', '2019-06-13 13:33:18', 1),
(1821, 1, 3, 200, 13, 0, '', 0, '', '', '', '', '', '2019-06-13 13:33:18', 1),
(1822, 1, 3, 200, 14, 0, '', 0, '', '', '', '', '', '2019-06-13 13:33:18', 1),
(1823, 1, 3, 200, 15, 0, '', 0, '', '', '', '', '', '2019-06-13 13:33:18', 1),
(1824, 1, 3, 200, 16, 0, '', 0, '', '', '', '', '', '2019-06-13 13:33:18', 1),
(1825, 1, 3, 200, 17, 0, '', 0, '', '', '', '', '', '2019-06-13 13:33:18', 1),
(1826, 1, 3, 200, 18, 0, '', 0, '', '', '', '', '', '2019-06-13 13:33:18', 1),
(1827, 1, 3, 200, 19, 0, '', 0, '', '', '', '', '', '2019-06-13 13:33:18', 1),
(1828, 1, 3, 389, 2, 0, '', 0, '', '', '', '', '', '2019-06-13 13:33:18', 1),
(1829, 1, 3, 389, 3, 0, '', 0, '', '', '', '', '', '2019-06-13 13:33:18', 1),
(1830, 1, 3, 389, 4, 0, '', 0, '', '', '', '', '', '2019-06-13 13:33:18', 1),
(1831, 1, 3, 389, 5, 0, '', 0, '', '', '', '', '', '2019-06-13 13:33:18', 1),
(1832, 1, 3, 389, 6, 0, '', 0, '', '', '', '', '', '2019-06-13 13:33:18', 1),
(1833, 1, 3, 389, 7, 0, '', 0, '', '', '', '', '', '2019-06-13 13:33:18', 1),
(1834, 1, 3, 389, 8, 0, '', 0, '', '', '', '', '', '2019-06-13 13:33:18', 1),
(1835, 1, 3, 389, 9, 0, '', 0, '', '', '', '', '', '2019-06-13 13:33:18', 1),
(1836, 1, 3, 389, 10, 0, '', 0, '', '', '', '', '', '2019-06-13 13:33:18', 1),
(1837, 1, 3, 389, 11, 0, '', 0, '', '', '', '', '', '2019-06-13 13:33:18', 1),
(1838, 1, 3, 389, 12, 0, '', 0, '', '', '', '', '', '2019-06-13 13:33:18', 1),
(1839, 1, 3, 389, 13, 0, '', 0, '', '', '', '', '', '2019-06-13 13:33:18', 1),
(1840, 1, 3, 389, 14, 0, '', 0, '', '', '', '', '', '2019-06-13 13:33:18', 1),
(1841, 1, 3, 389, 15, 0, '', 0, '', '', '', '', '', '2019-06-13 13:33:18', 1),
(1842, 1, 3, 389, 16, 0, '', 0, '', '', '', '', '', '2019-06-13 13:33:18', 1),
(1843, 1, 3, 389, 17, 0, '', 0, '', '', '', '', '', '2019-06-13 13:33:18', 1),
(1844, 1, 3, 389, 18, 0, '', 0, '', '', '', '', '', '2019-06-13 13:33:18', 1),
(1845, 1, 3, 389, 19, 0, '', 0, '', '', '', '', '', '2019-06-13 13:33:18', 1),
(1846, 1, 3, 6, 2, 0, '', 0, '', '', '', '', '', '2019-06-13 13:33:18', 1),
(1847, 1, 3, 6, 3, 0, '', 0, '', '', '', '', '', '2019-06-13 13:33:18', 1),
(1848, 1, 3, 6, 4, 0, '', 0, '', '', '', '', '', '2019-06-13 13:33:18', 1),
(1849, 1, 3, 6, 5, 0, '', 0, '', '', '', '', '', '2019-06-13 13:33:18', 1),
(1850, 1, 3, 6, 6, 0, '', 0, '', '', '', '', '', '2019-06-13 13:33:18', 1),
(1851, 1, 3, 6, 7, 0, '', 0, '', '', '', '', '', '2019-06-13 13:33:18', 1),
(1852, 1, 3, 6, 8, 0, '', 0, '', '', '', '', '', '2019-06-13 13:33:18', 1),
(1853, 1, 3, 6, 9, 0, '', 0, '', '', '', '', '', '2019-06-13 13:33:18', 1),
(1854, 1, 3, 6, 10, 0, '', 0, '', '', '', '', '', '2019-06-13 13:33:18', 1),
(1855, 1, 3, 6, 11, 0, '', 0, '', '', '', '', '', '2019-06-13 13:33:18', 1),
(1856, 1, 3, 6, 12, 0, '', 0, '', '', '', '', '', '2019-06-13 13:33:18', 1),
(1857, 1, 3, 6, 13, 0, '', 0, '', '', '', '', '', '2019-06-13 13:33:18', 1),
(1858, 1, 3, 6, 14, 0, '', 0, '', '', '', '', '', '2019-06-13 13:33:18', 1),
(1859, 1, 3, 6, 15, 0, '', 0, '', '', '', '', '', '2019-06-13 13:33:18', 1),
(1860, 1, 3, 6, 16, 0, '', 0, '', '', '', '', '', '2019-06-13 13:33:18', 1),
(1861, 1, 3, 6, 17, 0, '', 0, '', '', '', '', '', '2019-06-13 13:33:18', 1),
(1862, 1, 3, 6, 18, 0, '', 0, '', '', '', '', '', '2019-06-13 13:33:18', 1),
(1863, 1, 3, 6, 19, 0, '', 0, '', '', '', '', '', '2019-06-13 13:33:18', 1),
(1864, 1, 3, 571, 2, 0, '', 0, '', '', '', '', '', '2019-06-13 13:33:18', 1),
(1865, 1, 3, 571, 3, 0, '', 0, '', '', '', '', '', '2019-06-13 13:33:18', 1),
(1866, 1, 3, 571, 4, 0, '', 0, '', '', '', '', '', '2019-06-13 13:33:18', 1),
(1867, 1, 3, 571, 5, 0, '', 0, '', '', '', '', '', '2019-06-13 13:33:18', 1),
(1868, 1, 3, 571, 6, 0, '', 0, '', '', '', '', '', '2019-06-13 13:33:18', 1),
(1869, 1, 3, 571, 7, 0, '', 0, '', '', '', '', '', '2019-06-13 13:33:18', 1),
(1870, 1, 3, 571, 8, 0, '', 0, '', '', '', '', '', '2019-06-13 13:33:18', 1),
(1871, 1, 3, 571, 9, 0, '', 0, '', '', '', '', '', '2019-06-13 13:33:18', 1),
(1872, 1, 3, 571, 10, 0, '', 0, '', '', '', '', '', '2019-06-13 13:33:18', 1),
(1873, 1, 3, 571, 11, 0, '', 0, '', '', '', '', '', '2019-06-13 13:33:18', 1),
(1874, 1, 3, 571, 12, 0, '', 0, '', '', '', '', '', '2019-06-13 13:33:18', 1),
(1875, 1, 3, 571, 13, 0, '', 0, '', '', '', '', '', '2019-06-13 13:33:18', 1),
(1876, 1, 3, 571, 14, 0, '', 0, '', '', '', '', '', '2019-06-13 13:33:18', 1),
(1877, 1, 3, 571, 15, 0, '', 0, '', '', '', '', '', '2019-06-13 13:33:18', 1),
(1878, 1, 3, 571, 16, 0, '', 0, '', '', '', '', '', '2019-06-13 13:33:18', 1),
(1879, 1, 3, 571, 17, 0, '', 0, '', '', '', '', '', '2019-06-13 13:33:18', 1),
(1880, 1, 3, 571, 18, 0, '', 0, '', '', '', '', '', '2019-06-13 13:33:18', 1),
(1881, 1, 3, 571, 19, 0, '', 0, '', '', '', '', '', '2019-06-13 13:33:18', 1),
(1882, 1, 3, 572, 2, 0, '', 0, '', '', '', '', '', '2019-06-13 13:33:18', 1),
(1883, 1, 3, 572, 3, 0, '', 0, '', '', '', '', '', '2019-06-13 13:33:18', 1),
(1884, 1, 3, 572, 4, 0, '', 0, '', '', '', '', '', '2019-06-13 13:33:18', 1),
(1885, 1, 3, 572, 5, 0, '', 0, '', '', '', '', '', '2019-06-13 13:33:18', 1),
(1886, 1, 3, 572, 6, 0, '', 0, '', '', '', '', '', '2019-06-13 13:33:18', 1),
(1887, 1, 3, 572, 7, 0, '', 0, '', '', '', '', '', '2019-06-13 13:33:18', 1),
(1888, 1, 3, 572, 8, 0, '', 0, '', '', '', '', '', '2019-06-13 13:33:18', 1),
(1889, 1, 3, 572, 9, 0, '', 0, '', '', '', '', '', '2019-06-13 13:33:18', 1),
(1890, 1, 3, 572, 10, 0, '', 0, '', '', '', '', '', '2019-06-13 13:33:18', 1),
(1891, 1, 3, 572, 11, 0, '', 0, '', '', '', '', '', '2019-06-13 13:33:18', 1),
(1892, 1, 3, 572, 12, 0, '', 0, '', '', '', '', '', '2019-06-13 13:33:18', 1),
(1893, 1, 3, 572, 13, 0, '', 0, '', '', '', '', '', '2019-06-13 13:33:18', 1),
(1894, 1, 3, 572, 14, 0, '', 0, '', '', '', '', '', '2019-06-13 13:33:18', 1),
(1895, 1, 3, 572, 15, 0, '', 0, '', '', '', '', '', '2019-06-13 13:33:18', 1),
(1896, 1, 3, 572, 16, 0, '', 0, '', '', '', '', '', '2019-06-13 13:33:18', 1),
(1897, 1, 3, 572, 17, 0, '', 0, '', '', '', '', '', '2019-06-13 13:33:18', 1),
(1898, 1, 3, 572, 18, 0, '', 0, '', '', '', '', '', '2019-06-13 13:33:18', 1),
(1899, 1, 3, 572, 19, 0, '', 0, '', '', '', '', '', '2019-06-13 13:33:18', 1),
(1900, 1, 3, 573, 2, 0, '', 0, '', '', '', '', '', '2019-06-13 13:33:18', 1),
(1901, 1, 3, 573, 3, 0, '', 0, '', '', '', '', '', '2019-06-13 13:33:18', 1),
(1902, 1, 3, 573, 4, 0, '', 0, '', '', '', '', '', '2019-06-13 13:33:18', 1);
INSERT INTO `assembly_inventory` (`ass_inv_id`, `engine_id`, `assembly_id`, `item_id`, `bank_id`, `bd_id`, `plate_no`, `qty`, `remarks`, `inspected`, `cleaned`, `status`, `location`, `create_date`, `user_id`) VALUES
(1903, 1, 3, 573, 5, 0, '', 0, '', '', '', '', '', '2019-06-13 13:33:18', 1),
(1904, 1, 3, 573, 6, 0, '', 0, '', '', '', '', '', '2019-06-13 13:33:18', 1),
(1905, 1, 3, 573, 7, 0, '', 0, '', '', '', '', '', '2019-06-13 13:33:18', 1),
(1906, 1, 3, 573, 8, 0, '', 0, '', '', '', '', '', '2019-06-13 13:33:18', 1),
(1907, 1, 3, 573, 9, 0, '', 0, '', '', '', '', '', '2019-06-13 13:33:18', 1),
(1908, 1, 3, 573, 10, 0, '', 0, '', '', '', '', '', '2019-06-13 13:33:18', 1),
(1909, 1, 3, 573, 11, 0, '', 0, '', '', '', '', '', '2019-06-13 13:33:18', 1),
(1910, 1, 3, 573, 12, 0, '', 0, '', '', '', '', '', '2019-06-13 13:33:18', 1),
(1911, 1, 3, 573, 13, 0, '', 0, '', '', '', '', '', '2019-06-13 13:33:18', 1),
(1912, 1, 3, 573, 14, 0, '', 0, '', '', '', '', '', '2019-06-13 13:33:18', 1),
(1913, 1, 3, 573, 15, 0, '', 0, '', '', '', '', '', '2019-06-13 13:33:18', 1),
(1914, 1, 3, 573, 16, 0, '', 0, '', '', '', '', '', '2019-06-13 13:33:18', 1),
(1915, 1, 3, 573, 17, 0, '', 0, '', '', '', '', '', '2019-06-13 13:33:18', 1),
(1916, 1, 3, 573, 18, 0, '', 0, '', '', '', '', '', '2019-06-13 13:33:18', 1),
(1917, 1, 3, 573, 19, 0, '', 0, '', '', '', '', '', '2019-06-13 13:33:18', 1),
(1918, 1, 3, 574, 2, 0, '', 0, '', '', '', '', '', '2019-06-13 13:33:18', 1),
(1919, 1, 3, 574, 3, 0, '', 0, '', '', '', '', '', '2019-06-13 13:33:18', 1),
(1920, 1, 3, 574, 4, 0, '', 0, '', '', '', '', '', '2019-06-13 13:33:18', 1),
(1921, 1, 3, 574, 5, 0, '', 0, '', '', '', '', '', '2019-06-13 13:33:18', 1),
(1922, 1, 3, 574, 6, 0, '', 0, '', '', '', '', '', '2019-06-13 13:33:18', 1),
(1923, 1, 3, 574, 7, 0, '', 0, '', '', '', '', '', '2019-06-13 13:33:18', 1),
(1924, 1, 3, 574, 8, 0, '', 0, '', '', '', '', '', '2019-06-13 13:33:18', 1),
(1925, 1, 3, 574, 9, 0, '', 0, '', '', '', '', '', '2019-06-13 13:33:18', 1),
(1926, 1, 3, 574, 10, 0, '', 0, '', '', '', '', '', '2019-06-13 13:33:18', 1),
(1927, 1, 3, 574, 11, 0, '', 0, '', '', '', '', '', '2019-06-13 13:33:18', 1),
(1928, 1, 3, 574, 12, 0, '', 0, '', '', '', '', '', '2019-06-13 13:33:18', 1),
(1929, 1, 3, 574, 13, 0, '', 0, '', '', '', '', '', '2019-06-13 13:33:18', 1),
(1930, 1, 3, 574, 14, 0, '', 0, '', '', '', '', '', '2019-06-13 13:33:18', 1),
(1931, 1, 3, 574, 15, 0, '', 0, '', '', '', '', '', '2019-06-13 13:33:18', 1),
(1932, 1, 3, 574, 16, 0, '', 0, '', '', '', '', '', '2019-06-13 13:33:18', 1),
(1933, 1, 3, 574, 17, 0, '', 0, '', '', '', '', '', '2019-06-13 13:33:18', 1),
(1934, 1, 3, 574, 18, 0, '', 0, '', '', '', '', '', '2019-06-13 13:33:18', 1),
(1935, 1, 3, 574, 19, 0, '', 0, '', '', '', '', '', '2019-06-13 13:33:18', 1),
(1936, 1, 3, 575, 2, 0, '', 0, '', '', '', '', '', '2019-06-13 13:33:18', 1),
(1937, 1, 3, 575, 3, 0, '', 0, '', '', '', '', '', '2019-06-13 13:33:18', 1),
(1938, 1, 3, 575, 4, 0, '', 0, '', '', '', '', '', '2019-06-13 13:33:18', 1),
(1939, 1, 3, 575, 5, 0, '', 0, '', '', '', '', '', '2019-06-13 13:33:18', 1),
(1940, 1, 3, 575, 6, 0, '', 0, '', '', '', '', '', '2019-06-13 13:33:18', 1),
(1941, 1, 3, 575, 7, 0, '', 0, '', '', '', '', '', '2019-06-13 13:33:18', 1),
(1942, 1, 3, 575, 8, 0, '', 0, '', '', '', '', '', '2019-06-13 13:33:18', 1),
(1943, 1, 3, 575, 9, 0, '', 0, '', '', '', '', '', '2019-06-13 13:33:18', 1),
(1944, 1, 3, 575, 10, 0, '', 0, '', '', '', '', '', '2019-06-13 13:33:18', 1),
(1945, 1, 3, 575, 11, 0, '', 0, '', '', '', '', '', '2019-06-13 13:33:18', 1),
(1946, 1, 3, 575, 12, 0, '', 0, '', '', '', '', '', '2019-06-13 13:33:18', 1),
(1947, 1, 3, 575, 13, 0, '', 0, '', '', '', '', '', '2019-06-13 13:33:18', 1),
(1948, 1, 3, 575, 14, 0, '', 0, '', '', '', '', '', '2019-06-13 13:33:18', 1),
(1949, 1, 3, 575, 15, 0, '', 0, '', '', '', '', '', '2019-06-13 13:33:18', 1),
(1950, 1, 3, 575, 16, 0, '', 0, '', '', '', '', '', '2019-06-13 13:33:18', 1),
(1951, 1, 3, 575, 17, 0, '', 0, '', '', '', '', '', '2019-06-13 13:33:18', 1),
(1952, 1, 3, 575, 18, 0, '', 0, '', '', '', '', '', '2019-06-13 13:33:18', 1),
(1953, 1, 3, 575, 19, 0, '', 0, '', '', '', '', '', '2019-06-13 13:33:18', 1),
(1954, 1, 3, 577, 2, 0, '', 0, '', '', '', '', '', '2019-06-13 13:33:18', 1),
(1955, 1, 3, 577, 3, 0, '', 0, '', '', '', '', '', '2019-06-13 13:33:18', 1),
(1956, 1, 3, 577, 4, 0, '', 0, '', '', '', '', '', '2019-06-13 13:33:18', 1),
(1957, 1, 3, 577, 5, 0, '', 0, '', '', '', '', '', '2019-06-13 13:33:18', 1),
(1958, 1, 3, 577, 6, 0, '', 0, '', '', '', '', '', '2019-06-13 13:33:18', 1),
(1959, 1, 3, 577, 7, 0, '', 0, '', '', '', '', '', '2019-06-13 13:33:18', 1),
(1960, 1, 3, 577, 8, 0, '', 0, '', '', '', '', '', '2019-06-13 13:33:18', 1),
(1961, 1, 3, 577, 9, 0, '', 0, '', '', '', '', '', '2019-06-13 13:33:18', 1),
(1962, 1, 3, 577, 10, 0, '', 0, '', '', '', '', '', '2019-06-13 13:33:18', 1),
(1963, 1, 3, 577, 11, 0, '', 0, '', '', '', '', '', '2019-06-13 13:33:18', 1),
(1964, 1, 3, 577, 12, 0, '', 0, '', '', '', '', '', '2019-06-13 13:33:18', 1),
(1965, 1, 3, 577, 13, 0, '', 0, '', '', '', '', '', '2019-06-13 13:33:18', 1),
(1966, 1, 3, 577, 14, 0, '', 0, '', '', '', '', '', '2019-06-13 13:33:18', 1),
(1967, 1, 3, 577, 15, 0, '', 0, '', '', '', '', '', '2019-06-13 13:33:18', 1),
(1968, 1, 3, 577, 16, 0, '', 0, '', '', '', '', '', '2019-06-13 13:33:18', 1),
(1969, 1, 3, 577, 17, 0, '', 0, '', '', '', '', '', '2019-06-13 13:33:18', 1),
(1970, 1, 3, 577, 18, 0, '', 0, '', '', '', '', '', '2019-06-13 13:33:18', 1),
(1971, 1, 3, 577, 19, 0, '', 0, '', '', '', '', '', '2019-06-13 13:33:18', 1);

-- --------------------------------------------------------

--
-- Table structure for table `assembly_issuance_detail`
--

CREATE TABLE IF NOT EXISTS `assembly_issuance_detail` (
`aii_id` int(11) NOT NULL,
  `issuance_id` int(11) NOT NULL DEFAULT '0',
  `item_id` int(11) NOT NULL DEFAULT '0',
  `bank_from` int(11) NOT NULL DEFAULT '0',
  `transfer_qty` int(11) NOT NULL DEFAULT '0',
  `bank_to` int(11) NOT NULL DEFAULT '0',
  `location_to` varchar(255) DEFAULT NULL
) ENGINE=InnoDB DEFAULT CHARSET=latin1;

-- --------------------------------------------------------

--
-- Table structure for table `assembly_issuance_head`
--

CREATE TABLE IF NOT EXISTS `assembly_issuance_head` (
`issuance_id` int(11) NOT NULL,
  `transfer_to` int(11) NOT NULL DEFAULT '0',
  `department_id` int(11) NOT NULL DEFAULT '0',
  `purpose_id` int(11) NOT NULL DEFAULT '0',
  `enduse_id` int(11) NOT NULL DEFAULT '0',
  `engine_to` int(11) NOT NULL DEFAULT '0',
  `assembly_to` int(11) NOT NULL DEFAULT '0',
  `transfer_date` varchar(50) DEFAULT NULL,
  `engine_from` int(11) NOT NULL DEFAULT '0',
  `assembly_from` int(11) NOT NULL DEFAULT '0',
  `create_date` varchar(50) DEFAULT NULL,
  `user_id` int(11) NOT NULL DEFAULT '0'
) ENGINE=InnoDB DEFAULT CHARSET=latin1;

-- --------------------------------------------------------

--
-- Table structure for table `assembly_location`
--

CREATE TABLE IF NOT EXISTS `assembly_location` (
  `al_id` int(11) NOT NULL,
  `location_name` varchar(50) DEFAULT NULL
) ENGINE=InnoDB DEFAULT CHARSET=latin1;

-- --------------------------------------------------------

--
-- Table structure for table `assembly_receive_details`
--

CREATE TABLE IF NOT EXISTS `assembly_receive_details` (
`ass_rec_det_id` int(11) NOT NULL,
  `ass_rec_id` int(11) NOT NULL DEFAULT '0',
  `ass_inv_id` int(11) NOT NULL DEFAULT '0',
  `received_qty` int(11) NOT NULL DEFAULT '0',
  `bank_id` int(11) NOT NULL DEFAULT '0'
) ENGINE=InnoDB DEFAULT CHARSET=latin1;

-- --------------------------------------------------------

--
-- Table structure for table `assembly_receive_head`
--

CREATE TABLE IF NOT EXISTS `assembly_receive_head` (
`ass_rec_id` int(11) NOT NULL,
  `receive_date` varchar(20) DEFAULT NULL,
  `receipt_no` varchar(50) DEFAULT NULL,
  `engine_id` int(11) NOT NULL,
  `assembly_id` int(11) NOT NULL,
  `create_date` varchar(50) DEFAULT NULL,
  `user_id` int(11) NOT NULL
) ENGINE=InnoDB AUTO_INCREMENT=4 DEFAULT CHARSET=latin1;

--
-- Dumping data for table `assembly_receive_head`
--

INSERT INTO `assembly_receive_head` (`ass_rec_id`, `receive_date`, `receipt_no`, `engine_id`, `assembly_id`, `create_date`, `user_id`) VALUES
(1, '2019-02-22', '2019-04-0001', 1, 1, '2019-04-10 10:38:59', 7),
(2, '2019-02-22', '2019-04-0002', 1, 1, '2019-04-10 15:54:59', 7),
(3, '2019-02-22', '2019-04-0003', 1, 2, '2019-04-10 16:46:44', 7);

-- --------------------------------------------------------

--
-- Table structure for table `bank_details`
--

CREATE TABLE IF NOT EXISTS `bank_details` (
`bd_id` int(11) NOT NULL,
  `bh_id` int(11) NOT NULL DEFAULT '0',
  `bank_location` varchar(50) DEFAULT NULL,
  `bank_name` varchar(100) DEFAULT NULL,
  `bank_plate` varchar(100) DEFAULT NULL
) ENGINE=InnoDB AUTO_INCREMENT=44 DEFAULT CHARSET=latin1;

--
-- Dumping data for table `bank_details`
--

INSERT INTO `bank_details` (`bd_id`, `bh_id`, `bank_location`, `bank_name`, `bank_plate`) VALUES
(1, 3, 'A', 'a1', NULL),
(2, 3, 'A', 'a2', NULL),
(3, 3, 'A', 'a3', NULL),
(4, 4, 'B', 'b1', NULL),
(5, 4, 'B', 'b2', NULL),
(6, 4, 'B', 'B3', NULL),
(7, 4, 'B', 'b4', NULL),
(8, 4, 'B', 'b5', NULL),
(9, 4, 'A', '23', NULL),
(10, 4, 'A', '123', NULL),
(11, 4, 'A', '123', NULL),
(12, 4, 'B', '132', NULL),
(13, 4, 'B', '123', NULL),
(14, 4, 'B', '123', NULL),
(15, 4, 'B', '123', NULL),
(16, 4, 'B', '123', NULL),
(17, 5, NULL, 'Bank1', NULL),
(18, 5, NULL, 'Bank2', NULL),
(19, 5, NULL, 'Bank3', NULL),
(20, 5, NULL, 'Bank4', NULL),
(21, 5, NULL, 'Bank5', NULL),
(22, 6, 'A', 'w1', NULL),
(23, 6, 'A', 'w2', NULL),
(24, 6, 'A', 'w3', NULL),
(25, 6, 'A', 'w4', NULL),
(26, 6, 'A', 'w5', NULL),
(27, 6, 'B', 'R1', NULL),
(28, 6, 'B', 'R2', NULL),
(29, 6, 'B', 'R3', NULL),
(30, 6, 'B', 'R4', NULL),
(31, 6, 'B', 'R5', NULL),
(32, 7, NULL, 'B1', NULL),
(33, 7, NULL, 'B2', NULL),
(34, 7, NULL, 'B3', NULL),
(35, 7, NULL, 'B4', NULL),
(36, 7, NULL, 'B5', NULL),
(37, 8, 'A', 'LR1', NULL),
(38, 8, 'A', 'LR2', NULL),
(39, 8, 'B', 'RL1', NULL),
(40, 8, 'B', 'RL2', NULL),
(41, 8, 'B', 'RL3', NULL),
(42, 8, 'B', 'RL4', NULL),
(43, 8, 'B', 'RL5', NULL);

-- --------------------------------------------------------

--
-- Table structure for table `bank_header`
--

CREATE TABLE IF NOT EXISTS `bank_header` (
`bh_id` int(11) NOT NULL,
  `bank_category` varchar(50) DEFAULT NULL,
  `bank_type` varchar(50) DEFAULT NULL,
  `left_column` int(11) NOT NULL DEFAULT '0',
  `right_column` int(11) NOT NULL DEFAULT '0',
  `no_column` int(11) NOT NULL DEFAULT '0'
) ENGINE=InnoDB AUTO_INCREMENT=9 DEFAULT CHARSET=latin1;

--
-- Dumping data for table `bank_header`
--

INSERT INTO `bank_header` (`bh_id`, `bank_category`, `bank_type`, `left_column`, `right_column`, `no_column`) VALUES
(3, 'Test Bank', 'No Left/Right', 0, 0, 5),
(4, 'Testing Bank', 'With Left/Right', 3, 5, 0),
(5, 'Latest Bank', 'No Left/Right', 0, 0, 5),
(6, 'WithLeftRight', 'With Left/Right', 5, 5, 0),
(7, 'Bank test', 'No Left/Right', 0, 0, 5),
(8, 'Bank WIth L/R', 'With Left/Right', 2, 5, 0);

-- --------------------------------------------------------

--
-- Table structure for table `bin`
--

CREATE TABLE IF NOT EXISTS `bin` (
`bin_id` int(11) NOT NULL,
  `bin_name` varchar(200) DEFAULT NULL
) ENGINE=InnoDB AUTO_INCREMENT=1137 DEFAULT CHARSET=latin1;

--
-- Dumping data for table `bin`
--

INSERT INTO `bin` (`bin_id`, `bin_name`) VALUES
(1, 'Rack - 1'),
(2, 'Rack - 3'),
(3, 'Rack - 4'),
(4, 'Rack - 5'),
(5, 'Rack - 8'),
(6, 'Rack - A1'),
(7, 'Rack - A2'),
(8, 'Rack - A3'),
(9, 'Rack - A3&B4'),
(10, 'Rack - A4'),
(11, 'Rack - A4 & D1'),
(12, 'Rack - B1'),
(13, 'Rack - B2'),
(14, 'Rack - B3'),
(15, 'Rack - B4'),
(16, 'Rack - B4 & I2'),
(17, 'Rack - B4 & K3'),
(18, 'Rack - C1'),
(19, 'Rack - C3'),
(20, 'Rack - C4'),
(21, 'Rack - D1'),
(22, 'Rack - D2'),
(23, 'Rack - D2 /F3'),
(24, 'Rack - E1 & I3'),
(25, 'Rack - E2'),
(26, 'Rack - E3'),
(27, 'Rack - F2'),
(28, 'Rack - F3'),
(29, 'Rack - G1'),
(30, 'Rack - I2'),
(31, 'Rack - I3'),
(32, 'Rack - J1'),
(33, 'Rack - K1'),
(34, 'Rack - K3'),
(35, 'Rack - O2'),
(36, 'Rack - T'),
(37, 'Rack - C2'),
(38, 'Rack - M3'),
(39, 'Rack - O1'),
(40, 'JO - 2'),
(41, 'Rack - RO1'),
(42, 'Rack - M4'),
(43, 'Rack - I2'),
(44, 'Rack - I1'),
(45, 'Rack - O3'),
(46, 'Rack - G2'),
(47, 'Rack - I3'),
(48, 'Rack - O2'),
(49, 'Rack - K4'),
(50, ''),
(51, ''),
(52, 'Rack - J3'),
(53, ''),
(54, 'Rack - G3'),
(55, 'JO CAB'),
(56, 'Rack - K2'),
(57, 'Basement'),
(58, ''),
(59, ''),
(60, ''),
(61, ''),
(62, ''),
(63, ''),
(64, ''),
(65, ''),
(66, ''),
(67, ''),
(68, ''),
(69, ''),
(70, ''),
(71, ''),
(72, ''),
(73, ''),
(74, ''),
(75, ''),
(76, ''),
(77, ''),
(78, ''),
(79, ''),
(80, ''),
(81, ''),
(82, ''),
(83, ''),
(84, NULL),
(85, NULL),
(86, NULL),
(87, NULL),
(88, NULL),
(89, NULL),
(90, NULL),
(91, NULL),
(92, NULL),
(93, NULL),
(94, NULL),
(95, NULL),
(96, NULL),
(97, ''),
(98, ''),
(99, ''),
(100, ''),
(101, ''),
(102, NULL),
(103, ''),
(104, ''),
(105, ''),
(106, ''),
(107, ''),
(108, NULL),
(109, NULL),
(110, ''),
(111, ''),
(112, ''),
(113, ''),
(114, ''),
(115, ''),
(116, ''),
(117, ''),
(118, ''),
(119, ''),
(120, ''),
(121, ''),
(122, ''),
(123, ''),
(124, ''),
(125, ''),
(126, ''),
(127, ''),
(128, ''),
(129, ''),
(130, ''),
(131, ''),
(132, ''),
(133, ''),
(134, ''),
(135, ''),
(136, ''),
(137, ''),
(138, ''),
(139, ''),
(140, ''),
(141, ''),
(142, ''),
(143, ''),
(144, ''),
(145, ''),
(146, ''),
(147, ''),
(148, ''),
(149, ''),
(150, ''),
(151, ''),
(152, ''),
(153, ''),
(154, ''),
(155, ''),
(156, ''),
(157, ''),
(158, ''),
(159, ''),
(160, ''),
(161, ''),
(162, ''),
(163, ''),
(164, ''),
(165, ''),
(166, ''),
(167, ''),
(168, ''),
(169, ''),
(170, ''),
(171, ''),
(172, ''),
(173, ''),
(174, ''),
(175, ''),
(176, ''),
(177, ''),
(178, ''),
(179, ''),
(180, ''),
(181, ''),
(182, ''),
(183, ''),
(184, ''),
(185, ''),
(186, ''),
(187, ''),
(188, ''),
(189, ''),
(190, ''),
(191, ''),
(192, ''),
(193, ''),
(194, ''),
(195, ''),
(196, ''),
(197, ''),
(198, ''),
(199, ''),
(200, ''),
(201, ''),
(202, ''),
(203, ''),
(204, ''),
(205, ''),
(206, ''),
(207, ''),
(208, ''),
(209, ''),
(210, ''),
(211, ''),
(212, ''),
(213, ''),
(214, ''),
(215, ''),
(216, ''),
(217, ''),
(218, ''),
(219, ''),
(220, ''),
(221, ''),
(222, ''),
(223, ''),
(224, ''),
(225, ''),
(226, ''),
(227, ''),
(228, ''),
(229, ''),
(230, ''),
(231, ''),
(232, ''),
(233, ''),
(234, ''),
(235, ''),
(236, ''),
(237, ''),
(238, ''),
(239, ''),
(240, ''),
(241, ''),
(242, ''),
(243, ''),
(244, ''),
(245, ''),
(246, ''),
(247, ''),
(248, ''),
(249, ''),
(250, ''),
(251, ''),
(252, ''),
(253, ''),
(254, ''),
(255, ''),
(256, ''),
(257, ''),
(258, ''),
(259, ''),
(260, ''),
(261, ''),
(262, ''),
(263, ''),
(264, ''),
(265, ''),
(266, ''),
(267, ''),
(268, ''),
(269, ''),
(270, ''),
(271, ''),
(272, ''),
(273, ''),
(274, ''),
(275, ''),
(276, ''),
(277, ''),
(278, ''),
(279, ''),
(280, ''),
(281, ''),
(282, ''),
(283, ''),
(284, ''),
(285, ''),
(286, ''),
(287, ''),
(288, ''),
(289, ''),
(290, ''),
(291, ''),
(292, ''),
(293, ''),
(294, ''),
(295, ''),
(296, ''),
(297, ''),
(298, ''),
(299, ''),
(300, ''),
(301, ''),
(302, ''),
(303, ''),
(304, ''),
(305, ''),
(306, ''),
(307, ''),
(308, ''),
(309, ''),
(310, ''),
(311, ''),
(312, ''),
(313, ''),
(314, ''),
(315, ''),
(316, ''),
(317, ''),
(318, ''),
(319, ''),
(320, ''),
(321, ''),
(322, ''),
(323, ''),
(324, ''),
(325, ''),
(326, ''),
(327, ''),
(328, ''),
(329, ''),
(330, ''),
(331, ''),
(332, ''),
(333, ''),
(334, ''),
(335, ''),
(336, ''),
(337, ''),
(338, ''),
(339, ''),
(340, ''),
(341, ''),
(342, ''),
(343, ''),
(344, ''),
(345, ''),
(346, ''),
(347, ''),
(348, ''),
(349, ''),
(350, ''),
(351, ''),
(352, ''),
(353, ''),
(354, ''),
(355, ''),
(356, ''),
(357, ''),
(358, ''),
(359, ''),
(360, ''),
(361, ''),
(362, ''),
(363, ''),
(364, ''),
(365, ''),
(366, ''),
(367, ''),
(368, ''),
(369, ''),
(370, ''),
(371, ''),
(372, ''),
(373, ''),
(374, ''),
(375, ''),
(376, ''),
(377, ''),
(378, ''),
(379, ''),
(380, ''),
(381, ''),
(382, ''),
(383, ''),
(384, ''),
(385, ''),
(386, ''),
(387, ''),
(388, ''),
(389, ''),
(390, ''),
(391, ''),
(392, ''),
(393, ''),
(394, ''),
(395, ''),
(396, ''),
(397, ''),
(398, ''),
(399, ''),
(400, ''),
(401, ''),
(402, ''),
(403, ''),
(404, ''),
(405, ''),
(406, ''),
(407, ''),
(408, ''),
(409, ''),
(410, ''),
(411, ''),
(412, ''),
(413, ''),
(414, ''),
(415, ''),
(416, ''),
(417, ''),
(418, ''),
(419, ''),
(420, ''),
(421, ''),
(422, ''),
(423, ''),
(424, ''),
(425, ''),
(426, ''),
(427, ''),
(428, ''),
(429, ''),
(430, ''),
(431, ''),
(432, ''),
(433, ''),
(434, ''),
(435, ''),
(436, ''),
(437, ''),
(438, ''),
(439, ''),
(440, ''),
(441, ''),
(442, ''),
(443, ''),
(444, ''),
(445, ''),
(446, ''),
(447, ''),
(448, ''),
(449, ''),
(450, ''),
(451, ''),
(452, ''),
(453, ''),
(454, ''),
(455, ''),
(456, ''),
(457, ''),
(458, ''),
(459, ''),
(460, ''),
(461, ''),
(462, ''),
(463, ''),
(464, ''),
(465, ''),
(466, ''),
(467, ''),
(468, ''),
(469, ''),
(470, ''),
(471, ''),
(472, ''),
(473, ''),
(474, ''),
(475, ''),
(476, ''),
(477, ''),
(478, ''),
(479, ''),
(480, ''),
(481, ''),
(482, ''),
(483, ''),
(484, ''),
(485, ''),
(486, ''),
(487, ''),
(488, ''),
(489, ''),
(490, ''),
(491, ''),
(492, ''),
(493, ''),
(494, ''),
(495, ''),
(496, ''),
(497, ''),
(498, ''),
(499, ''),
(500, ''),
(501, ''),
(502, ''),
(503, ''),
(504, ''),
(505, ''),
(506, ''),
(507, ''),
(508, ''),
(509, ''),
(510, ''),
(511, ''),
(512, ''),
(513, ''),
(514, ''),
(515, ''),
(516, ''),
(517, ''),
(518, ''),
(519, ''),
(520, ''),
(521, ''),
(522, ''),
(523, ''),
(524, ''),
(525, ''),
(526, ''),
(527, ''),
(528, ''),
(529, ''),
(530, ''),
(531, ''),
(532, ''),
(533, ''),
(534, ''),
(535, ''),
(536, ''),
(537, ''),
(538, ''),
(539, ''),
(540, ''),
(541, ''),
(542, ''),
(543, ''),
(544, ''),
(545, ''),
(546, ''),
(547, ''),
(548, ''),
(549, ''),
(550, ''),
(551, ''),
(552, ''),
(553, ''),
(554, ''),
(555, ''),
(556, ''),
(557, ''),
(558, ''),
(559, ''),
(560, ''),
(561, ''),
(562, ''),
(563, ''),
(564, ''),
(565, ''),
(566, ''),
(567, ''),
(568, ''),
(569, ''),
(570, ''),
(571, ''),
(572, ''),
(573, ''),
(574, ''),
(575, ''),
(576, ''),
(577, ''),
(578, ''),
(579, ''),
(580, ''),
(581, ''),
(582, ''),
(583, ''),
(584, ''),
(585, ''),
(586, ''),
(587, ''),
(588, ''),
(589, ''),
(590, ''),
(591, ''),
(592, ''),
(593, ''),
(594, ''),
(595, ''),
(596, ''),
(597, ''),
(598, ''),
(599, ''),
(600, ''),
(601, ''),
(602, ''),
(603, ''),
(604, ''),
(605, ''),
(606, ''),
(607, ''),
(608, ''),
(609, ''),
(610, ''),
(611, ''),
(612, ''),
(613, ''),
(614, ''),
(615, ''),
(616, ''),
(617, ''),
(618, ''),
(619, ''),
(620, ''),
(621, ''),
(622, ''),
(623, ''),
(624, ''),
(625, ''),
(626, ''),
(627, ''),
(628, ''),
(629, ''),
(630, ''),
(631, ''),
(632, ''),
(633, ''),
(634, ''),
(635, ''),
(636, ''),
(637, ''),
(638, ''),
(639, ''),
(640, ''),
(641, ''),
(642, ''),
(643, ''),
(644, ''),
(645, ''),
(646, ''),
(647, ''),
(648, ''),
(649, ''),
(650, ''),
(651, ''),
(652, ''),
(653, ''),
(654, ''),
(655, ''),
(656, ''),
(657, ''),
(658, ''),
(659, ''),
(660, ''),
(661, ''),
(662, ''),
(663, ''),
(664, ''),
(665, ''),
(666, ''),
(667, ''),
(668, ''),
(669, ''),
(670, ''),
(671, ''),
(672, ''),
(673, ''),
(674, ''),
(675, ''),
(676, ''),
(677, ''),
(678, ''),
(679, ''),
(680, ''),
(681, ''),
(682, ''),
(683, ''),
(684, ''),
(685, ''),
(686, ''),
(687, ''),
(688, ''),
(689, ''),
(690, ''),
(691, ''),
(692, ''),
(693, ''),
(694, ''),
(695, ''),
(696, ''),
(697, ''),
(698, ''),
(699, ''),
(700, ''),
(701, ''),
(702, ''),
(703, ''),
(704, ''),
(705, ''),
(706, ''),
(707, ''),
(708, ''),
(709, ''),
(710, ''),
(711, ''),
(712, ''),
(713, ''),
(714, ''),
(715, ''),
(716, ''),
(717, ''),
(718, ''),
(719, ''),
(720, ''),
(721, ''),
(722, ''),
(723, ''),
(724, ''),
(725, ''),
(726, ''),
(727, ''),
(728, ''),
(729, ''),
(730, ''),
(731, ''),
(732, ''),
(733, ''),
(734, ''),
(735, ''),
(736, ''),
(737, ''),
(738, ''),
(739, ''),
(740, ''),
(741, ''),
(742, ''),
(743, ''),
(744, ''),
(745, ''),
(746, ''),
(747, ''),
(748, ''),
(749, ''),
(750, ''),
(751, ''),
(752, ''),
(753, ''),
(754, ''),
(755, ''),
(756, ''),
(757, ''),
(758, ''),
(759, ''),
(760, ''),
(761, ''),
(762, ''),
(763, ''),
(764, ''),
(765, ''),
(766, ''),
(767, ''),
(768, ''),
(769, ''),
(770, ''),
(771, ''),
(772, ''),
(773, ''),
(774, ''),
(775, ''),
(776, ''),
(777, ''),
(778, ''),
(779, ''),
(780, ''),
(781, ''),
(782, ''),
(783, ''),
(784, ''),
(785, ''),
(786, ''),
(787, ''),
(788, ''),
(789, ''),
(790, ''),
(791, ''),
(792, ''),
(793, ''),
(794, ''),
(795, ''),
(796, ''),
(797, ''),
(798, ''),
(799, ''),
(800, ''),
(801, ''),
(802, ''),
(803, ''),
(804, ''),
(805, ''),
(806, ''),
(807, ''),
(808, ''),
(809, ''),
(810, ''),
(811, ''),
(812, ''),
(813, ''),
(814, ''),
(815, ''),
(816, ''),
(817, ''),
(818, ''),
(819, ''),
(820, ''),
(821, ''),
(822, ''),
(823, ''),
(824, ''),
(825, ''),
(826, ''),
(827, ''),
(828, ''),
(829, ''),
(830, ''),
(831, ''),
(832, ''),
(833, ''),
(834, ''),
(835, ''),
(836, ''),
(837, ''),
(838, ''),
(839, ''),
(840, ''),
(841, ''),
(842, ''),
(843, ''),
(844, ''),
(845, ''),
(846, ''),
(847, ''),
(848, ''),
(849, ''),
(850, ''),
(851, ''),
(852, ''),
(853, ''),
(854, ''),
(855, ''),
(856, ''),
(857, ''),
(858, ''),
(859, ''),
(860, ''),
(861, ''),
(862, ''),
(863, ''),
(864, ''),
(865, ''),
(866, ''),
(867, ''),
(868, ''),
(869, ''),
(870, ''),
(871, ''),
(872, ''),
(873, ''),
(874, ''),
(875, ''),
(876, ''),
(877, ''),
(878, ''),
(879, ''),
(880, ''),
(881, ''),
(882, ''),
(883, ''),
(884, ''),
(885, ''),
(886, ''),
(887, ''),
(888, ''),
(889, ''),
(890, ''),
(891, ''),
(892, ''),
(893, ''),
(894, ''),
(895, ''),
(896, ''),
(897, ''),
(898, ''),
(899, ''),
(900, ''),
(901, ''),
(902, ''),
(903, ''),
(904, ''),
(905, ''),
(906, ''),
(907, ''),
(908, ''),
(909, ''),
(910, ''),
(911, ''),
(912, ''),
(913, ''),
(914, ''),
(915, ''),
(916, ''),
(917, ''),
(918, ''),
(919, ''),
(920, ''),
(921, ''),
(922, ''),
(923, ''),
(924, ''),
(925, ''),
(926, ''),
(927, ''),
(928, ''),
(929, ''),
(930, ''),
(931, ''),
(932, ''),
(933, ''),
(934, ''),
(935, ''),
(936, ''),
(937, ''),
(938, ''),
(939, ''),
(940, ''),
(941, ''),
(942, ''),
(943, ''),
(944, ''),
(945, ''),
(946, ''),
(947, ''),
(948, ''),
(949, ''),
(950, ''),
(951, ''),
(952, ''),
(953, ''),
(954, ''),
(955, ''),
(956, ''),
(957, ''),
(958, ''),
(959, ''),
(960, ''),
(961, ''),
(962, ''),
(963, ''),
(964, ''),
(965, ''),
(966, ''),
(967, ''),
(968, ''),
(969, ''),
(970, ''),
(971, ''),
(972, ''),
(973, ''),
(974, ''),
(975, ''),
(976, ''),
(977, ''),
(978, ''),
(979, ''),
(980, ''),
(981, ''),
(982, ''),
(983, ''),
(984, ''),
(985, ''),
(986, ''),
(987, ''),
(988, ''),
(989, ''),
(990, ''),
(991, ''),
(992, ''),
(993, ''),
(994, ''),
(995, ''),
(996, ''),
(997, ''),
(998, ''),
(999, ''),
(1000, ''),
(1001, ''),
(1002, ''),
(1003, ''),
(1004, ''),
(1005, ''),
(1006, ''),
(1007, ''),
(1008, ''),
(1009, ''),
(1010, ''),
(1011, ''),
(1012, ''),
(1013, ''),
(1014, ''),
(1015, ''),
(1016, ''),
(1017, ''),
(1018, ''),
(1019, ''),
(1020, ''),
(1021, ''),
(1022, ''),
(1023, ''),
(1024, ''),
(1025, ''),
(1026, ''),
(1027, ''),
(1028, ''),
(1029, ''),
(1030, ''),
(1031, ''),
(1032, ''),
(1033, ''),
(1034, ''),
(1035, ''),
(1036, ''),
(1037, ''),
(1038, ''),
(1039, ''),
(1040, ''),
(1041, ''),
(1042, ''),
(1043, ''),
(1044, ''),
(1045, ''),
(1046, ''),
(1047, ''),
(1048, ''),
(1049, ''),
(1050, ''),
(1051, ''),
(1052, ''),
(1053, ''),
(1054, ''),
(1055, ''),
(1056, ''),
(1057, ''),
(1058, ''),
(1059, ''),
(1060, ''),
(1061, ''),
(1062, ''),
(1063, ''),
(1064, ''),
(1065, ''),
(1066, ''),
(1067, ''),
(1068, ''),
(1069, ''),
(1070, ''),
(1071, ''),
(1072, ''),
(1073, ''),
(1074, ''),
(1075, ''),
(1076, ''),
(1077, ''),
(1078, ''),
(1079, ''),
(1080, ''),
(1081, ''),
(1082, ''),
(1083, ''),
(1084, ''),
(1085, ''),
(1086, ''),
(1087, ''),
(1088, ''),
(1089, ''),
(1090, ''),
(1091, ''),
(1092, ''),
(1093, ''),
(1094, ''),
(1095, ''),
(1096, ''),
(1097, ''),
(1098, ''),
(1099, ''),
(1100, ''),
(1101, ''),
(1102, ''),
(1103, ''),
(1104, ''),
(1105, ''),
(1106, ''),
(1107, ''),
(1108, ''),
(1109, ''),
(1110, ''),
(1111, ''),
(1112, ''),
(1113, ''),
(1114, ''),
(1115, ''),
(1116, ''),
(1117, ''),
(1118, ''),
(1119, ''),
(1120, ''),
(1121, ''),
(1122, ''),
(1123, ''),
(1124, ''),
(1125, ''),
(1126, ''),
(1127, ''),
(1128, ''),
(1129, ''),
(1130, ''),
(1131, ''),
(1132, ''),
(1133, ''),
(1134, ''),
(1135, ''),
(1136, '');

-- --------------------------------------------------------

--
-- Table structure for table `brand`
--

CREATE TABLE IF NOT EXISTS `brand` (
`brand_id` int(11) NOT NULL,
  `brand_name` varchar(255) DEFAULT NULL
) ENGINE=InnoDB AUTO_INCREMENT=579 DEFAULT CHARSET=latin1;

--
-- Dumping data for table `brand`
--

INSERT INTO `brand` (`brand_id`, `brand_name`) VALUES
(1, 'Panda'),
(2, 'Pilot'),
(4, 'aaa'),
(11, 'acer'),
(12, 'Wipweld'),
(13, 'Tyrolit'),
(14, 'Creston'),
(15, 'Wipcord'),
(18, 'HIKVISION'),
(19, 'WD-40'),
(20, 'Paralux'),
(21, 'Paralux'),
(27, 'Portland'),
(42, 'RS PRO'),
(46, 'Butterfly'),
(47, 'Avia'),
(48, 'TM'),
(49, 'Tamaraw'),
(50, 'Acura'),
(58, 'Dormer'),
(59, 'Eagle'),
(60, 'Mahogany'),
(63, 'Globe'),
(68, 'Boysen'),
(72, 'Haxilong'),
(73, 'NSK'),
(74, 'Armak'),
(75, 'Diesel'),
(76, 'Petron'),
(77, 'Stanley'),
(78, 'Ingersoll Rand'),
(79, 'Alfa Laval'),
(80, ''),
(81, ''),
(82, ''),
(83, 'Semikron'),
(84, ''),
(85, ''),
(86, NULL),
(87, ''),
(88, ''),
(89, NULL),
(90, 'Xacto'),
(91, 'NA'),
(92, 'NA'),
(93, ''),
(94, ''),
(95, ''),
(96, ''),
(97, ''),
(98, ''),
(99, ''),
(100, ''),
(101, ''),
(102, NULL),
(103, NULL),
(104, NULL),
(105, NULL),
(106, ''),
(107, ''),
(108, ''),
(109, ''),
(110, ''),
(111, ''),
(112, ''),
(113, ''),
(114, ''),
(115, ''),
(116, 'Parker'),
(117, ''),
(118, ''),
(119, ''),
(120, ''),
(121, 'bostik'),
(122, ''),
(123, ''),
(124, ''),
(125, NULL),
(126, ''),
(127, 'Dunlop'),
(128, 'NA'),
(129, ''),
(130, ''),
(131, 'Montana'),
(132, ''),
(133, 'shell'),
(134, 'Marhil'),
(135, 'Paracor'),
(136, ''),
(137, ''),
(138, ''),
(139, 'Phoenix'),
(140, 'Achievers'),
(141, NULL),
(142, ''),
(143, NULL),
(144, NULL),
(145, ''),
(146, ''),
(147, ''),
(148, ''),
(149, 'Delixi'),
(150, 'Bosch'),
(151, ''),
(152, ''),
(153, ''),
(154, ''),
(155, ''),
(156, 'NA'),
(157, 'NA'),
(158, NULL),
(159, ''),
(160, ''),
(161, ''),
(162, ''),
(163, ''),
(164, ''),
(165, ''),
(166, 'Genuine, Tramotina'),
(167, ''),
(168, ''),
(169, ''),
(170, ''),
(171, ''),
(172, ''),
(173, 'Western Digital'),
(174, NULL),
(175, NULL),
(176, 'NA'),
(177, 'Samsung'),
(178, 'Lenovo'),
(179, 'SCT,China'),
(180, ''),
(181, ''),
(182, ''),
(183, ''),
(184, ''),
(185, ''),
(186, ''),
(187, ''),
(188, 'S-Front '),
(189, 'NAPPCO'),
(190, 'Paper One'),
(191, 'Valiant'),
(192, 'B '),
(193, 'B '),
(194, NULL),
(195, NULL),
(196, NULL),
(197, NULL),
(198, NULL),
(199, NULL),
(200, NULL),
(201, NULL),
(202, NULL),
(203, NULL),
(204, NULL),
(205, NULL),
(206, NULL),
(207, NULL),
(208, ''),
(209, ''),
(210, ''),
(211, 'Firefly'),
(212, 'SCT China'),
(213, 'Nelson Books'),
(214, ''),
(215, 'Davies'),
(216, 'Unidex'),
(217, ''),
(218, ''),
(219, ''),
(220, ''),
(221, ''),
(222, ''),
(223, ''),
(224, ''),
(225, ''),
(226, 'V-Tech'),
(227, NULL),
(228, 'C.I.C.'),
(229, 'Sherman'),
(230, ''),
(231, ''),
(232, ''),
(233, 'JB'),
(234, 'Price Pfister'),
(235, 'Taho Valves '),
(236, ''),
(237, ''),
(238, ''),
(239, ''),
(240, ''),
(241, 'Everyday'),
(242, ''),
(243, ''),
(244, ''),
(245, ''),
(246, ''),
(247, ''),
(248, 'Chemtrust'),
(249, ''),
(250, ''),
(251, ''),
(252, ''),
(253, ''),
(254, ''),
(255, ''),
(256, ''),
(257, ''),
(258, ''),
(259, ''),
(260, ''),
(261, ''),
(262, ''),
(263, 'Inkrite'),
(264, 'Inkrite'),
(265, 'Inkrite'),
(266, 'Inkrite'),
(267, 'UKMASTER'),
(268, 'Bostik'),
(269, ''),
(270, 'Yong Xin'),
(271, ''),
(272, ''),
(273, ''),
(274, ''),
(275, ''),
(276, ''),
(277, ''),
(278, ''),
(279, ''),
(280, ''),
(281, ''),
(282, 'Mongol'),
(283, 'Brother'),
(284, 'Brother'),
(285, 'Brother'),
(286, 'Maria Mercedes'),
(287, 'Maria Gracia'),
(288, 'Elmers'),
(289, ''),
(290, ''),
(291, 'Max'),
(292, ''),
(293, ''),
(294, 'Bendix'),
(295, 'Sure Brake'),
(296, 'Ritemed'),
(297, 'Ritemed'),
(298, 'Germany'),
(299, ''),
(300, ''),
(301, ''),
(302, ''),
(303, ''),
(304, ''),
(305, ''),
(306, ''),
(307, ''),
(308, ''),
(309, ''),
(310, 'Loctite'),
(311, 'Flying Tiger'),
(312, 'Croco'),
(313, ''),
(314, ''),
(315, NULL),
(316, NULL),
(317, 'Kirkland'),
(318, 'Nature Made'),
(319, 'Rockwool'),
(320, ''),
(321, ''),
(322, ''),
(323, ''),
(324, ''),
(325, 'FSL'),
(326, 'CHS'),
(327, 'CHS'),
(328, 'Arrow'),
(329, 'Arrow'),
(330, 'Arrow'),
(331, ''),
(332, ''),
(333, 'JOY MAGIC-1'),
(334, 'Woodward'),
(335, 'Woodward'),
(336, ''),
(337, 'Turco'),
(338, ''),
(339, ''),
(340, ''),
(341, 'Home Solution'),
(342, 'Omni'),
(343, 'Philips'),
(344, 'HQS'),
(345, 'Lee'),
(346, 'Vic'),
(347, 'Vic'),
(348, ''),
(349, 'Maruzen'),
(350, 'Cegasco'),
(351, ''),
(352, ''),
(353, ''),
(354, ''),
(355, ''),
(356, ''),
(357, ''),
(358, ''),
(359, ''),
(360, ''),
(361, ''),
(362, ''),
(363, ''),
(364, ''),
(365, 'Jacky'),
(366, 'Thermotek'),
(367, 'Light'),
(368, ''),
(369, ''),
(370, 'Hi-Tech'),
(371, ''),
(372, NULL),
(373, ''),
(374, ''),
(375, NULL),
(376, 'CLC'),
(377, NULL),
(378, NULL),
(379, 'Summit'),
(380, 'Patente'),
(381, ''),
(382, NULL),
(383, ''),
(384, ''),
(385, ''),
(386, ''),
(387, ''),
(388, ''),
(389, ''),
(390, ''),
(391, ''),
(392, ''),
(393, ''),
(394, ''),
(395, ''),
(396, NULL),
(397, ''),
(398, ''),
(399, ''),
(400, ''),
(401, ''),
(402, ''),
(403, ''),
(404, ''),
(405, 'Triton'),
(406, NULL),
(407, NULL),
(408, ''),
(409, 'Energizer'),
(410, ''),
(411, 'Akari'),
(412, NULL),
(413, 'Jackson'),
(414, 'Hanabishi'),
(415, 'Phelp Dodge'),
(416, 'Celned'),
(417, 'Ebony'),
(418, 'Harris'),
(419, 'Plumbshop'),
(420, 'Ashcroft'),
(421, 'Bonus'),
(422, NULL),
(423, NULL),
(424, ''),
(425, ''),
(426, 'Dalo'),
(427, 'Mega'),
(428, 'Surefit'),
(429, NULL),
(430, '2B'),
(431, 'UK Master'),
(432, 'Noris'),
(433, NULL),
(434, 'Zigma'),
(435, 'Zigma'),
(436, 'Sozhou'),
(437, 'Powerx'),
(438, 'Powerx'),
(439, NULL),
(440, 'Seal'),
(441, NULL),
(442, NULL),
(443, 'SKC'),
(444, 'Regal US'),
(445, NULL),
(446, 'Columbia'),
(447, 'Kumwell'),
(448, 'Kumwell'),
(449, 'Makita'),
(450, 'Valliant'),
(451, 'HardCopy'),
(452, NULL),
(453, 'Tokico'),
(454, NULL),
(455, 'Torch'),
(456, 'GEM'),
(457, 'Moldex Blue'),
(458, 'Safety Jogger'),
(459, 'Safety Jogger'),
(460, 'Monsanto'),
(461, 'Motolite'),
(462, 'Schneider   '),
(463, NULL),
(464, 'Diamond'),
(465, 'Copier Paper'),
(466, 'Copier Paper'),
(467, 'System'),
(468, 'System'),
(469, 'Paragon'),
(470, 'Paper Zone'),
(471, 'Fairfax'),
(472, 'Joy J-388'),
(473, 'Advance'),
(474, 'Natures'),
(475, 'Rosana'),
(476, 'Kyowa'),
(477, 'Essential'),
(478, 'Fukuda'),
(479, 'Fukuda'),
(480, 'Fukuda'),
(481, NULL),
(482, NULL),
(483, NULL),
(484, NULL),
(485, NULL),
(486, NULL),
(487, NULL),
(488, NULL),
(489, 'TM '),
(490, 'Kopez'),
(491, NULL),
(492, 'Viking'),
(493, 'N/A'),
(494, 'N/A'),
(495, 'Bison'),
(496, NULL),
(497, NULL),
(498, NULL),
(499, ''),
(500, NULL),
(501, ''),
(502, NULL),
(503, ''),
(504, NULL),
(505, NULL),
(506, 'America'),
(507, 'Poly'),
(508, 'Lenox'),
(509, 'Lucky'),
(510, 'Nikko'),
(511, 'Trafag'),
(512, 'McDonnell '),
(513, 'McDonnell and Miller'),
(514, 'Mersen'),
(515, 'Charter'),
(516, 'McGill'),
(517, 'Atlantis'),
(518, 'Burn D'),
(519, 'Garwod'),
(520, 'Arlimak'),
(521, 'Omron'),
(522, 'Omron'),
(523, 'Euro'),
(524, 'Atlanta'),
(525, 'Eudesigns'),
(526, 'Eudesigns'),
(527, 'Chicago'),
(528, NULL),
(529, NULL),
(530, 'Petronas'),
(531, NULL),
(532, 'United'),
(533, 'Universal Star'),
(534, 'Universal Star'),
(535, 'Universal Star'),
(536, 'United'),
(537, 'Universal Star'),
(538, 'Sanking'),
(539, 'Tombo'),
(540, 'Tai Wan'),
(541, 'Tartan'),
(542, 'iLogic'),
(543, 'iLogic'),
(544, 'QPF-PHL'),
(545, NULL),
(546, NULL),
(547, NULL),
(548, 'ML'),
(549, 'Huntkey'),
(550, 'Sample'),
(551, 'Royu'),
(552, 'Michigan'),
(553, 'Gadi-ita'),
(554, 'Gadi-ita'),
(555, 'FAG-'),
(556, 'JIB'),
(557, 'G.I.'),
(558, 'TM UKMaster'),
(559, 'Nitto'),
(560, 'Three Bond '),
(561, 'Circuit'),
(562, 'ABC'),
(563, 'Oxychem'),
(564, NULL),
(565, ''),
(566, ''),
(567, ''),
(568, 'NKK'),
(569, 'SEMT'),
(570, ''),
(571, ''),
(572, ''),
(573, ''),
(574, ''),
(575, 'NKK'),
(576, ''),
(577, ''),
(578, '');

-- --------------------------------------------------------

--
-- Table structure for table `department`
--

CREATE TABLE IF NOT EXISTS `department` (
`department_id` int(11) NOT NULL,
  `department_name` varchar(255) DEFAULT NULL
) ENGINE=InnoDB AUTO_INCREMENT=24 DEFAULT CHARSET=latin1;

--
-- Dumping data for table `department`
--

INSERT INTO `department` (`department_id`, `department_name`) VALUES
(1, 'Accounting Department\r\n'),
(2, 'Auxiliary\r\n'),
(3, 'Bacolod HR'),
(4, 'Billing Department'),
(5, 'EIC'),
(7, 'Environment/PCO'),
(8, 'Finance Department'),
(9, 'Fuel and Lube Management'),
(10, 'Health and Safety'),
(11, 'IT Department'),
(12, 'Laboratory and Chemical'),
(13, 'Maintenance'),
(14, 'Office of the GM'),
(15, 'Operation'),
(16, 'Purchasing Department'),
(17, 'Reconditioning'),
(18, 'Security'),
(19, 'Site HR'),
(20, 'Special Proj/Facilities Imp'),
(21, 'Trading Department'),
(22, 'Warehouse Department'),
(23, 'Progen Warehouse');

-- --------------------------------------------------------

--
-- Table structure for table `employees`
--

CREATE TABLE IF NOT EXISTS `employees` (
`employee_id` int(11) NOT NULL,
  `employee_name` varchar(255) DEFAULT NULL,
  `department` varchar(255) DEFAULT NULL,
  `position` varchar(255) DEFAULT NULL,
  `contact_no` varchar(255) DEFAULT NULL,
  `email` varchar(100) DEFAULT NULL
) ENGINE=InnoDB AUTO_INCREMENT=103 DEFAULT CHARSET=latin1;

--
-- Dumping data for table `employees`
--

INSERT INTO `employees` (`employee_id`, `employee_name`, `department`, `position`, `contact_no`, `email`) VALUES
(1, 'Ma. Milagros Arana', 'Management', 'General Manager', '0917-5924080', NULL),
(2, 'Rhea Arsenio', 'Trading', 'Trader', '0920-6398529', NULL),
(3, 'Jonah Faye Benares', 'IT Department', 'Software Development Supervisor', '0932-4515369', NULL),
(4, 'Kervic Bias', 'Purchasing', 'Procurement Assistant', '0930-2357794', NULL),
(5, 'Joemarie Calibjo', 'Admin', 'Service Vehicle Driver', '0950-2900419', NULL),
(6, 'Maylen Cabaylo', 'Purchasing', 'Purchasing Officer', '09099491894/09234597487', NULL),
(7, 'Rey  Carbaquil', 'Admin', 'Service Vehicle Driver', '0912 5905319', NULL),
(8, 'Cristy Cesar', 'Accounting', 'Accounting Associate', '0916-3961389', NULL),
(9, 'Gretchen Danoy', 'Accounting', 'Accounting Supervisor', '0922-4386979', NULL),
(10, 'Merry Michelle Dato', 'Special Projects', 'Projects and Asset Management Assistant', '0920-5205418', NULL),
(11, 'Joemar De Los Santos', 'Trading', 'Lead Trader', '0923-4187139', NULL),
(12, 'Imelda Espera', 'Accounting / Finance', 'A/P & Credit Supervisor', '0918-6760758', NULL),
(13, 'Elaisa Jane Febrio', 'HR/Admin', 'HR Assistant', '0917-9941917', NULL),
(14, 'Jason Flor', 'IT Department', 'Software Development Assistant', '0939-6488141', NULL),
(15, 'Zara Joy Gabales', 'EMG-Billing', 'Billing Assistant', '0939-1159164', NULL),
(16, 'Relsie Gallo', '0', '0', '0', NULL),
(17, 'Celina Marie Grabillo', 'EMG-Billing', 'Billing & Settlement Officer', '0907-4494479', NULL),
(18, 'Nazario Shyde Jr. Ibaez', 'Trading', 'Trader', '0922-3271576', NULL),
(19, 'Gebby Jalandoni', 'Accounting', 'Accounting Assistant', '0909-9579077', NULL),
(20, 'Caesariane Jo', 'Trading', 'Trader', '0927-8212228', NULL),
(21, 'Lloyd Jamero', 'IT Department', 'IT Specialist', '0908-7636105', NULL),
(22, 'Annavi Lacambra', 'Accounting', 'Corporate Accountant', '0932-3649978', NULL),
(23, 'Ma. Erika Oquiana', 'Trading', 'Trader', '0912-4746470/09773640452', NULL),
(24, 'Charmaine Rei Plaza', 'Trading', 'Energy Market Analyst', '0948-9285185', NULL),
(25, 'Cresilda Mae Ramirez', 'Accounting', 'Internal Auditor', '0977-8215247', NULL),
(26, 'Melanie Rocha', 'Admin', 'Utility', '0910-4526879', NULL),
(27, 'Zyndyryn Rosales', 'Finance', 'Finance Supervisor', '0932-8737196', NULL),
(28, 'Genie Saludo', 'HR/Admin', 'HR Assistant', '09272257127/09454569188', NULL),
(29, 'Daisy Jane Sanchez', 'Trading', 'EMG Manager / WESM Compliance Officer', '0932-8773754', NULL),
(30, 'Rosemarie Sarroza', 'Trading', 'Trader', '0917-9512950', NULL),
(31, 'Stephine David Severino', 'IT Department', 'Software Development Assistant', '0977-7106914', NULL),
(32, 'Henry Sia', 'Engineering Dept.', 'Grid Integration Manager', '9177996939', NULL),
(33, 'Syndey Sinoro', 'HR/Admin', 'HR Supervisor', '0923-2802343', NULL),
(34, 'Marianita Tabilla', 'Finance', 'Finance Assistant', '0917-7793318', NULL),
(35, 'Krystal Gayle Tagalog', 'HR/Admin', 'Payroll Assistant', '0946-3348559', NULL),
(36, 'Hennelen Tanan', 'IT Department', 'IT Encoder ', '0945-5743745', NULL),
(37, 'Teresa Tan', 'Contracts & Compliance', 'Contracts & Compliance Asst.', '0923-6828813', NULL),
(38, 'Dary Mae Villas', 'Trading', 'Trader', '0930-7871989', NULL),
(39, 'Marlon Adorio', 'Electrical & Instrumentation', 'E & IC Technician', '0912-5896720', NULL),
(40, 'John Ezequiel Alejandro', 'Operations', 'Auxiliary Operator ', '0916-5321090', NULL),
(41, 'Carlito Alevio', 'Mechanical Maintenance', 'Plant Mechanic', '0926-8161359', NULL),
(42, 'Regina Alova', 'Trading', 'Operations Analyst', '09235607021 / 09485342153', NULL),
(43, 'Rebecca Alunan ', 'Trading', 'Performance Monitoring Supervisor', '0906-3425996', NULL),
(44, 'Fleur de Liz Ambong', 'Fuel Management', 'Fuel Management Asst.', '0909-4620177', NULL),
(45, 'Beverly  Ampog', 'Operations', 'Operations Analyst', '0995-3634548', NULL),
(46, 'Genaro Angulo', 'Electrical & Instrumentation', 'Electrical Supervisor', '09196745918', NULL),
(47, 'Rey Argawanon', 'Electrical & Instrumentation', 'Power Delivery & Technical Manager', '0917-8653566', NULL),
(48, 'Alona Arroyo', 'Operations', 'Operations Planner', '0919-3725318', NULL),
(49, 'Joemillan Baculio', 'Operations', 'Auxiliary Operator', '0906-8802652', NULL),
(50, 'Rashelle Joy Bating', 'Special Projects', 'Projects Coordinator Assistant', '0910-1980348', NULL),
(51, 'Gener Bawar', 'Machine Shop and Reconditioning', 'Machine Shop & Reconditioning Supervisor', '0920-2128998', NULL),
(52, 'Ruel Beato', 'Mechanical Maintenance', 'Plant Mechanic', '0939-2369794', NULL),
(53, 'Mary Grace Bugna', 'Accounting', 'Asset Management Asst.', '0930-7765706', NULL),
(54, 'Vency Cababat', 'Electrical & Instrumentation', ' E&IC Technician', '09267932911 / 09265638526', NULL),
(55, 'Rusty Canama', 'Mechanical Maintenance', 'Plant Mechanic', '0949-1547358', NULL),
(56, 'Exequil Corino', 'Operations', 'Engine Room Operator', '0920-6995646', NULL),
(57, 'Juanito Dagupan', 'Operations', 'Operation Shift Supervisor', '0918-6438993', NULL),
(58, 'Julyn May Divinagracia', 'HR/Admin', 'Admin Assistant', '0930-1553296/0916-6984461', NULL),
(59, 'Melfa Duis', 'Purchasing', 'Purchasing Assistant', '0927-4597157', NULL),
(60, 'Jerson Factolerin', 'HR/Admin', 'Utility', '0932-5420679', NULL),
(61, 'Julius Fernandez', 'Operations', 'Auxiliary Operator', '0918-2685507', NULL),
(62, 'Luisito Fortuno', 'Operations', 'Auxiliary Operator', '0908-3317408', NULL),
(63, 'Donna Gellada', 'Warehouse', 'Parts Inventory  Assistant', '0916-2779697', 'donna7.cenpri@gmail.com'),
(64, 'Felipe, III Globert', 'Warehouse', 'Warehouse Assistant', '0948-7024664', NULL),
(65, 'Mikko Golvio', 'Electrical & Instrumentation', 'E&IC Technician', '0930-9363013', NULL),
(66, 'Eric Jabiniar', 'Management', 'Plant Director', '0917-8607244', NULL),
(67, 'Jushkyle Jambongana', 'IT Department', 'IT Assistant', '0912-3867454', NULL),
(68, 'Bobby  Jardiniano', 'HR/Admin', 'Service Vehicle Driver', '0933-3388374', NULL),
(69, 'Stephen Jardinico', 'Warehouse', 'Warehouse Assistant', '0912 922 1944', NULL),
(70, 'Joey Labanon', 'Operations', 'Auxiliary Operator Trainee', '0910-5787327', NULL),
(71, 'Roan Renz Liao', 'Warehouse', 'Parts Engineer', '0925-4887286', NULL),
(72, 'Gino Lovico', 'Machine Shop and Reconditioning', 'Foreman (Machine Shop & Recon)', '0999-8143307', NULL),
(73, 'Ricky Madeja', 'Admin', 'Safety Officer', '0918-6268028', NULL),
(74, 'Danilo Maglinte', 'Operations', 'Engine Room Operator', '0935-4046632', NULL),
(75, 'Alex Manilla Jr.', 'Fuel Management', 'Fuel Tender', '0999-7353561', ''),
(76, 'Concordio Matuod', 'Electrical Department', 'Project Consultant', '0915-326-1829', NULL),
(77, 'Genielyne Mondejar', 'Admin', 'Pollution Control Officer  ', '0912-5356230', NULL),
(78, 'Francis Montero', 'Mechanical Maintenance', 'Plant Mechanic', '0918-2063492', NULL),
(79, 'Andro Ortega', 'Operations', 'Shift Supervisor Trainee', '0932-2400663', NULL),
(80, 'Joselito Panes', 'Mechanical Maintenance', 'Plant Mechanic', '0929-2629467', NULL),
(81, 'Nonito Pocong', 'Operations', 'Control Room Operator', '0933-6159620', NULL),
(82, 'Mario Dante Purisima', 'Operations', 'Shift Supervisor Trainee', '0927-1687549', NULL),
(83, 'Romeo Quiocson Jr.', 'Special Projects', 'Technical Assistant', '0927-6537369', NULL),
(84, 'Lawrence Vincent Roiles', 'Electrical & Instrumentation', 'E&IC Technician', '0936-6568781', NULL),
(85, 'Roy Sabit', 'Operations', 'Control Room Operator', '0947-9916563', NULL),
(86, 'Robert Sabando', 'Special Projects', 'Project Consultant', '0927-741-1950', NULL),
(87, 'Godfrey Stephen Samano', 'Operations', 'O&M Superintendent', '0908-6094932', NULL),
(88, 'Kennah Sasamoto', 'Testing Group', 'Test  Engineer', '0977-7842536', NULL),
(89, 'Iris Sixto', 'Admin', 'Site Facilities Supervisor', '0948-2732052', NULL),
(90, 'Kelwin Sarcauga', 'Operations', 'Engine Room Operator Trainee', '0932-1253131', NULL),
(91, 'Ranie Tabanao', '0', '0', '0', NULL),
(92, 'Alexander Tagarda', 'Operations', 'Control Room Operator', '0936-2138490', NULL),
(93, 'Ariel Tandoy', 'Warehouse', 'Driver', '0915-9555253', NULL),
(94, 'Ryan Tignero', 'Operations', 'Shift Supervisor Trainee', '0927-2885847', NULL),
(95, 'Elmer Torrijos', 'Mechanical Maintenance', 'Mechanical Maintenance Supervisor / Equipment & Parts Engr.', '0999 677 8341', NULL),
(96, 'Democrito Urnopia', 'Mechanical Maintenance', 'Plant Mechanic', '0930-8736393', NULL),
(97, 'Jobelle Villarias', 'Admin', 'Company Nurse', '0917-1595665', NULL),
(98, 'Melinda Aquino', 'Accounting', 'Accounting Assistant/ Bookkeeper', '0949-3005-813', NULL),
(99, 'Irish Dawn Torres', 'Admin', 'Site Admin Officer', '0932-8657926', NULL),
(100, 'Vincent Jed Depasupil', 'Operations', 'Auxiliary Operator', '', NULL),
(101, 'William Soltes', '', '', '', NULL),
(102, 'Jerry Matucan', 'Progen Warehouse', 'Tool Keeper', '09461380576', '');

-- --------------------------------------------------------

--
-- Table structure for table `enduse`
--

CREATE TABLE IF NOT EXISTS `enduse` (
`enduse_id` int(11) NOT NULL,
  `enduse_code` varchar(100) DEFAULT NULL,
  `enduse_name` varchar(255) DEFAULT NULL
) ENGINE=InnoDB AUTO_INCREMENT=154 DEFAULT CHARSET=latin1;

--
-- Dumping data for table `enduse`
--

INSERT INTO `enduse` (`enduse_id`, `enduse_code`, `enduse_name`) VALUES
(1, NULL, 'Air Intake Room\r\n'),
(2, '', 'Control Air Compressor No. 1'),
(3, '', 'Control Air Compressor No. 2'),
(4, '', 'Control Air Compressor No. 3'),
(5, NULL, 'Canteen\r\n'),
(6, NULL, 'CENPRI Employees\r\n'),
(7, NULL, 'Cenpri Warehouse Building\r\n'),
(8, NULL, 'Cenpri Warehouse Extension\r\n'),
(9, NULL, 'Clinic Use\r\n'),
(10, '', 'Cooling Tower Basin No. 1 '),
(11, '', 'Cooling Tower Basin No. 2'),
(12, '', 'CV Access Bay Area'),
(13, NULL, 'DG1 \r\n'),
(14, NULL, 'DG2\r\n'),
(15, NULL, 'DG3'),
(16, NULL, 'DG4'),
(17, NULL, 'DG5'),
(18, NULL, 'Guardhouse\r\n'),
(19, '', 'Heavy Fuel Oil Purifier No. 1'),
(20, '', 'Heavy Fuel Oil Purifier No. 2'),
(21, '', 'Heavy Fuel Oil Purifier - Common'),
(22, '', 'Jacket Water Cooler No. 1'),
(23, '', 'Jacket Water Cooler No. 2'),
(24, '', 'Jacket Water Cooler No. 3'),
(25, '', 'Jacket Water Cooler No. 4'),
(26, '', 'Jacket Water Cooler No. 5'),
(27, NULL, 'Laboratory Use\r\n'),
(28, NULL, 'Ladies'' Dormitory\r\n'),
(29, '', 'Lube Oil Cooler No. 1'),
(30, '', 'Lube Oil Cooler No. 2'),
(31, '', 'Lube Oil Cooler No. 3'),
(32, '', 'Lube Oil Cooler No. 4'),
(33, '', 'Lube Oil Cooler No. 5'),
(34, '', 'Lube Oil Purifier No. 1'),
(35, '', 'Lube Oil Purifier No. 2'),
(36, '', 'Lube Oil Purifier No. 3'),
(37, '', 'Lube Oil Purifier No. 4'),
(38, '', 'Lube Oil Purifier No. 5'),
(39, NULL, 'Office Use\r\n'),
(40, NULL, 'Powerhouse Building\r\n'),
(41, NULL, 'Progen Warehouse\r\n'),
(42, NULL, 'Restrooms\r\n'),
(43, NULL, 'Running Units\r\n'),
(44, NULL, 'Running Units - Pielstick\r\n'),
(45, NULL, 'Running Units - Sulzer\r\n'),
(46, '', 'Starting Air Compressor No. 1'),
(47, '', 'Starting Air Compressor No. 2'),
(48, '', 'Starting Air Compressor No. 3'),
(49, '', 'Starting Air Compressor No. 4'),
(50, '', 'Starting Air Compressor No. 5'),
(52, '', 'Steam Equipment'),
(53, NULL, 'Substation\r\n'),
(54, NULL, 'Tank Farm\r\n'),
(55, '', 'Trainees on Oil Spill'),
(56, '', 'Bacolod Office'),
(57, '', 'Boiler Circulating Pump No.4'),
(58, '', 'Boiler Condensate Pump Motor'),
(59, '', 'Control Air Compressor - Common'),
(60, '', 'Environment and Pollution Control'),
(61, '', 'Fuel Tank'),
(62, '', 'Guests/VIP'),
(63, '', 'Jacket Water Cooler - Common'),
(64, '', 'Lube Oil Cooler - Common'),
(65, '', 'Lube Oil Purifier - Common'),
(66, '', 'NALCO Water Softener Unit'),
(67, '', 'Progen Office Use'),
(68, '', 'Starting Air Compressor - Common'),
(69, '', 'Starting Air Compressor No. 4 & 5'),
(70, '', 'SEM Water Softener Unit'),
(71, '', 'Sludge Tank'),
(72, '', 'Staffhouse 1 - Site'),
(73, '', 'Staffhouse 2 - Jara'),
(74, '', 'Staffhouse 3 - EDJ'),
(75, '', 'Waste Heat Recovery Boiler - Common'),
(76, '', 'Waste Heat Recovery Boiler No.1'),
(77, '', 'Waste Heat Recovery Boiler No.2'),
(78, '', 'Waste Heat Recovery Boiler No.3'),
(82, '', 'Battery Charger'),
(83, '', 'Heavy Equipment - Boomtruck and Forklift'),
(84, '', 'Heavy Equipment - Boomtruck'),
(85, '', 'Heavy Equipment - Forklift'),
(86, '', 'Microwave Radio Equipment'),
(87, '', 'Switch Gear Room'),
(88, '', 'Control Room'),
(89, '', 'Community'),
(90, '', 'Warehouse Office'),
(92, '', 'Westfalia Separator AG-Lube Oil'),
(93, '', 'Station Load Metering'),
(94, '', 'Service Vehicle Isuzu Crosswind Plate No. FFN706'),
(95, '', 'Heavy Fuel Oil Sludge Basin'),
(96, '', 'Generator Sliding Tools'),
(97, '', 'Smoke Stack'),
(98, '', 'Cooling Tower Basin -  Common'),
(99, '', 'Mechanical Barracks'),
(100, '', '69KV Pole No. 3 and 4'),
(101, '', 'Fluke Clamp Meter'),
(102, '', 'Electrical Consumables'),
(103, '', 'Non Disturbance Monitoring Equipment'),
(104, '', 'Diesel Storage Tank'),
(105, '', 'Power Plant Premises'),
(107, '', 'Fuel and Lube Oil Recovery System'),
(108, '', 'NALCO and SEM Water Softener'),
(109, '', 'Fuel Farm'),
(110, '', 'Honing Machine'),
(111, '', 'Maintenance Reconditioning Area and Fuel Farm Area'),
(112, '', 'Powerhouse Toolbox'),
(113, '', 'Cummins Engine'),
(114, '', 'Isuzu, Pick-up, Fuego, Diesel, 1999'),
(115, '', 'Plant Equipment'),
(116, '', 'Electrical Handtools'),
(117, '', 'Warehouse Beginning Balance'),
(118, '', 'Switch Yard'),
(119, '', 'Deep Well Pump'),
(120, '', 'Drain Pipe in Running Units Sulzer and Smoke Stack'),
(121, '', 'Cooling Tower'),
(122, '', '1.5 MVA Station Transformer DG4 & DG5 Generator Winding/VCB/MOCB/Cable Monitor'),
(123, '', 'Plate Compactor'),
(124, '', 'Microwave Antenna'),
(125, '', 'Asset Management'),
(126, '', 'Operations & Maintenance Consumables'),
(127, '', 'Christmas Lantern'),
(128, '', '40 MVA Power Transformer'),
(129, '', 'Boiler Water Intake'),
(130, '', 'HFO Fuel Piping Insulation and Cladding'),
(131, '', 'Fuel and Lube Oil Management'),
(132, '', 'Settling and Service Tank'),
(133, '', '125 Vdc Battery Charger'),
(134, '', 'NVR CCTV Cameras'),
(135, '', 'Deep Well Facility'),
(136, '', 'Air Compressor'),
(137, '', '40 MVA, 69kV/6.6kV Power Transformer'),
(138, '', 'Deep Well Riser Pipes Pull-out'),
(139, '', 'Barring Gear Motor - Unit 2'),
(140, '', 'Trading'),
(141, '', 'Plant Decoration'),
(142, '', 'Christmas Party Stage'),
(143, '', 'Soft Water Supply Pump'),
(144, '', 'MOCB Units 4 & 5'),
(145, '', 'HFO Settling & Service Tanks'),
(146, '', '4 Units Pielstick Generator'),
(147, '', '3 Units Exhaust Fan ( MCI )'),
(148, '', 'Computer/Electronic device power supply'),
(149, '', 'Fuel Module Booster Pump Unit 2'),
(150, '', 'Boiler Circulating Pump and Motor Units 3 and 4'),
(151, '', 'Jacket Water Pump Motor No.4'),
(152, '', 'Wire Marker Device'),
(153, '', 'Mono Pump Chamber No.1');

-- --------------------------------------------------------

--
-- Table structure for table `group`
--

CREATE TABLE IF NOT EXISTS `group` (
`group_id` int(11) NOT NULL,
  `group_name` varchar(255) DEFAULT NULL
) ENGINE=InnoDB AUTO_INCREMENT=144 DEFAULT CHARSET=latin1;

--
-- Dumping data for table `group`
--

INSERT INTO `group` (`group_id`, `group_name`) VALUES
(1, 'Air Branches for Cylinder Cove'),
(2, 'Automatic Starting-Air Stop VA'),
(3, 'Auxiliary Driving Apparatus'),
(4, 'Balance Weight'),
(5, 'Barring Gear (On Right Side)'),
(6, 'Bearing Casing for Cylinder CO'),
(7, 'Cam Case Cover'),
(8, 'Cams'),
(9, 'Camshaft'),
(10, 'Charge Air Manifold'),
(11, 'Connecting Rod'),
(12, 'Control Element'),
(13, 'Control Element Cabinet'),
(14, 'Cooling Water Manifold'),
(15, 'Cooling Water Piping for Fuel Injector'),
(16, 'Cooling Water Pipings'),
(17, 'Crankcase Vent'),
(18, 'Crankshaft'),
(19, 'Cylinder'),
(20, 'Cylinder Cover'),
(21, 'Cylinder Head'),
(22, 'Cylinder Liner'),
(23, 'Cylinder Lubricating Pump Driv'),
(24, 'Engine Frame'),
(25, 'Exhaust Gas Piping'),
(26, 'Exhaust Piping (L = Left)'),
(27, 'External Thrust Bearing/Outbo'),
(28, 'Engine Control Valves'),
(29, 'Fly Wheel'),
(30, 'Fuel Injection Pump'),
(31, 'Fuel Injection Pump (Strength)'),
(32, 'Fuel Injection Pump Control Li'),
(33, 'Fuel Injection Pump Delivery P'),
(34, 'Fuel Injection Pump Driving GE'),
(35, 'Fuel Injection Valve'),
(36, 'Fuel Injector'),
(37, 'Fuel Oil Piping'),
(38, 'Fuel Pressure Pipe'),
(42, 'Fuel System'),
(43, 'Governing Linkage'),
(44, 'Governor'),
(45, 'Governor Drive'),
(46, 'Governor Driving Gear'),
(47, 'Indicator Cock/Valve'),
(48, 'Indicator Valve'),
(49, 'Inlet and Exhaust Valve'),
(50, 'Inspection Door w/ Relief Valve'),
(51, 'Lube Oil Pipes Valve Gear Lubricant'),
(52, 'Lube Oil Piping'),
(53, 'Main Bearing'),
(54, 'Oil Pump'),
(55, 'Oil Seal Coupling Side'),
(56, 'Oil Sump'),
(57, 'Overspeed Safety Device (w/o s'),
(58, 'Overspeed Trip'),
(59, 'Piston'),
(60, 'Raw Water Pump'),
(61, 'Relief Valve'),
(62, 'Reversing Gear'),
(63, 'Safety Device For Fuel Cut'),
(64, 'Safety Valve'),
(65, 'Servomotor For Camshaft Display'),
(66, 'Starting Air Apparatus'),
(67, 'Starting Air Distributor Valve'),
(68, 'Starting Air Piping'),
(69, 'Starting Device'),
(70, 'Starting Valve'),
(71, 'Starting Valve (Dummy Valve)'),
(72, 'Supplemental Bearing of Camshaft'),
(73, 'Sulzer Bellows'),
(74, 'Tachogenerator'),
(75, 'Tachometer Driving Gear'),
(76, 'Thrust Bearing For Crankshaft'),
(77, 'Timing Gear Train'),
(78, 'Timing Gear Train Casing'),
(79, 'Turbo Charger'),
(80, 'Valve Drive'),
(81, 'Valve Gear'),
(82, 'Valve GearCase'),
(83, 'Vibaration Damper'),
(84, 'Visual Flow Control For Cylind'),
(85, 'AIR COOLER SUPPORT-OPPOSITE SIDE TO TIMING GEAR'),
(86, 'AIR COOLER-OPPOSITE SIDE TO TIMING GEAR'),
(87, 'AIR DISTRIBUTOR DRIVE'),
(88, 'AIR INTAKE MANIFOLD'),
(89, 'ANCHOR BEARING'),
(90, 'ANTI-VIBRATION DAMPER'),
(91, 'AUXILIARIES DRIVE'),
(92, 'BARRING GEAR '),
(93, 'BBC TURBO-BLOWER-OPPOSITE SIDE TO TIMING GEAR'),
(94, 'BELLOWS EXHAUST GAS MANIFOLD'),
(95, 'BOSS FOR THERMOMETER'),
(96, 'CAM SHAFT'),
(97, 'CAM SHAFT COVER'),
(98, 'CAMSHAFT FOR GENERATOR'),
(99, 'CAMSHAFT THRUST BEARING'),
(100, 'CIRCLIP'),
(101, 'CLEANING PIPES FOR T.B - OPPOSITE END TO TIMING GEAR'),
(102, 'CONNECTION BETWEEN AIR COOLER AND AIR MANIFOLD'),
(103, 'CONTACT LIFTING'),
(104, 'COUPLING SIDE COVER'),
(105, 'CRANKCASE OIL-VENT'),
(106, 'DRIVEN WATER PUMPS '),
(107, 'END COVER'),
(108, 'EXHAUST GAS MANIFOLD'),
(109, 'EXHAUST MANIFOLD'),
(110, 'EXTERNAL CAMSHAFT BEARING'),
(111, 'FUEL INJECTION PIPE'),
(112, 'FUEL OIL PIPE'),
(113, 'FUEL PUMP DRIVE'),
(114, 'INJECTION PUMP-CONTROL AUXILIARY APPARATUS'),
(115, 'INSULATING LAGGING'),
(116, 'INTAKE CONNECTION BETWEEN AIR COOLER AND ENGINE'),
(117, 'INTAKE CONNECTION BETWEEN T.B AND AIR COOLER'),
(118, 'L.O PRESSURE DROP TRIP LINKAGE'),
(119, 'LUBE OIL PUMP'),
(120, 'Mix Washer'),
(121, 'OIL PAN'),
(122, 'RECONDITIONING'),
(123, 'REGULATING DEVICE/FUEL INJECTION PUMP CONTROL LINKAGE'),
(124, 'RETAINING RING'),
(125, 'RIGHT HAND CAMSHAFT EXTRA BEARING'),
(126, 'SOUND-PROOFING FOR CONNECTION BOXES'),
(127, 'SPECIAL LUB-OIL RETURN PIPE'),
(128, 'SUPPLEMENTARY REGULATING DEVICE'),
(129, 'SUPPLEMENTARY REGULATING DEVICE/SAFETY DEVICE FOR FUEL CUT'),
(130, 'TB SUPPORT-OPPOSITE SIDE TO TIMING GEAR'),
(131, 'UNIDENTIFIED ORINGS'),
(132, 'VALVE CAGE'),
(133, 'Main Starting Valve'),
(134, 'Oil Seal Coupling Side'),
(135, 'Safety Valve for Cylinder'),
(136, 'WATER INLET & OUTLET CONNECTION'),
(137, 'FOUNDATION'),
(138, 'ENGINE LEVELING'),
(139, 'MAIN ENGINE'),
(140, 'ELECTRIC GENERATOR'),
(141, 'EXHAUST'),
(142, 'AIR COOLER'),
(143, 'COOLER');

-- --------------------------------------------------------

--
-- Table structure for table `issuance_details`
--

CREATE TABLE IF NOT EXISTS `issuance_details` (
`is_id` int(11) NOT NULL,
  `issuance_id` int(11) NOT NULL DEFAULT '0',
  `rq_id` int(11) NOT NULL DEFAULT '0',
  `item_id` int(11) NOT NULL DEFAULT '0',
  `supplier_id` int(11) NOT NULL DEFAULT '0',
  `catalog_no` varchar(50) NOT NULL,
  `brand_id` int(11) NOT NULL DEFAULT '0',
  `quantity` decimal(10,2) NOT NULL DEFAULT '0.00',
  `unit_id` int(11) DEFAULT NULL,
  `pn_no` varchar(20) DEFAULT NULL,
  `serial_id` int(11) DEFAULT '0',
  `remarks` text
) ENGINE=InnoDB AUTO_INCREMENT=5 DEFAULT CHARSET=latin1;

--
-- Dumping data for table `issuance_details`
--

INSERT INTO `issuance_details` (`is_id`, `issuance_id`, `rq_id`, `item_id`, `supplier_id`, `catalog_no`, `brand_id`, `quantity`, `unit_id`, `pn_no`, `serial_id`, `remarks`) VALUES
(1, 1, 3, 402, 270, '', 572, '1.00', 21, 'PF 5-20', 0, ''),
(2, 1, 4, 8, 270, '', 571, '1.00', 21, '005Q023', 0, ''),
(3, 1, 5, 9, 336, 'PF 5-22', 91, '2.00', 21, 'PRO-PF 5-22', 0, ''),
(4, 1, 6, 10, 270, '', 573, '2.00', 21, 'PRO-PF 5-23', 0, '');

-- --------------------------------------------------------

--
-- Table structure for table `issuance_head`
--

CREATE TABLE IF NOT EXISTS `issuance_head` (
`issuance_id` int(11) NOT NULL,
  `mif_no` varchar(20) DEFAULT NULL,
  `mreqf_no` varchar(20) DEFAULT NULL,
  `request_id` int(11) NOT NULL DEFAULT '0',
  `issue_date` varchar(20) DEFAULT NULL,
  `issue_time` varchar(20) DEFAULT NULL,
  `create_date` varchar(20) DEFAULT NULL,
  `department_id` int(11) NOT NULL DEFAULT '0',
  `purpose_id` int(11) NOT NULL DEFAULT '0',
  `enduse_id` int(11) NOT NULL DEFAULT '0',
  `pr_no` varchar(20) DEFAULT NULL,
  `remarks` text,
  `user_id` int(11) NOT NULL DEFAULT '0',
  `saved` int(11) NOT NULL DEFAULT '0',
  `released_by` int(11) NOT NULL DEFAULT '0',
  `received_by` int(11) NOT NULL DEFAULT '0',
  `noted_by` int(11) NOT NULL DEFAULT '0',
  `gp_no` varchar(155) DEFAULT NULL,
  `gp_prepared` int(11) NOT NULL DEFAULT '0',
  `gp_employee` int(11) NOT NULL DEFAULT '0',
  `gp_recommending` int(11) NOT NULL DEFAULT '0',
  `gp_requested` int(11) NOT NULL DEFAULT '0',
  `gp_inspected` varchar(255) DEFAULT NULL,
  `gp_approved` int(11) NOT NULL DEFAULT '0',
  `gp_noted` int(11) DEFAULT '0'
) ENGINE=InnoDB AUTO_INCREMENT=2 DEFAULT CHARSET=latin1;

--
-- Dumping data for table `issuance_head`
--

INSERT INTO `issuance_head` (`issuance_id`, `mif_no`, `mreqf_no`, `request_id`, `issue_date`, `issue_time`, `create_date`, `department_id`, `purpose_id`, `enduse_id`, `pr_no`, `remarks`, `user_id`, `saved`, `released_by`, `received_by`, `noted_by`, `gp_no`, `gp_prepared`, `gp_employee`, `gp_recommending`, `gp_requested`, `gp_inspected`, `gp_approved`, `gp_noted`) VALUES
(1, 'MIF-2019-04-0001', 'MreqF-2019-04-0003', 4, '2019-03-25', '15:32:42', '2019-04-08 15:33:54', 13, 17, 13, '', NULL, 1, 1, 0, 51, 10, NULL, 0, 0, 0, 0, NULL, 0, 0);

-- --------------------------------------------------------

--
-- Table structure for table `items`
--

CREATE TABLE IF NOT EXISTS `items` (
`item_id` int(11) NOT NULL,
  `category_id` int(11) NOT NULL DEFAULT '0',
  `subcat_id` int(11) NOT NULL DEFAULT '0',
  `original_pn` varchar(100) DEFAULT NULL,
  `item_name` varchar(255) DEFAULT NULL,
  `unit_id` int(11) DEFAULT NULL,
  `group_id` int(11) NOT NULL DEFAULT '0',
  `location_id` int(11) NOT NULL DEFAULT '0',
  `bin_id` int(11) NOT NULL DEFAULT '0',
  `warehouse_id` int(11) NOT NULL DEFAULT '0',
  `rack_id` int(11) DEFAULT NULL,
  `barcode` varchar(100) DEFAULT NULL,
  `expiration` varchar(20) DEFAULT NULL,
  `picture1` varchar(255) DEFAULT NULL,
  `picture2` varchar(255) DEFAULT NULL,
  `picture3` varchar(255) DEFAULT NULL,
  `min_qty` decimal(10,2) NOT NULL DEFAULT '0.00',
  `damage` int(11) DEFAULT '0'
) ENGINE=InnoDB AUTO_INCREMENT=5737 DEFAULT CHARSET=latin1;

--
-- Dumping data for table `items`
--

INSERT INTO `items` (`item_id`, `category_id`, `subcat_id`, `original_pn`, `item_name`, `unit_id`, `group_id`, `location_id`, `bin_id`, `warehouse_id`, `rack_id`, `barcode`, `expiration`, `picture1`, `picture2`, `picture3`, `min_qty`, `damage`) VALUES
(1, 5, 20, 'PRO-PF 3-6', 'Locking Wire', 21, 0, 0, 0, 0, NULL, NULL, NULL, NULL, NULL, NULL, '0.00', 0),
(2, 5, 20, 'PRO-PF 15-11/31', 'Upper Bush ', 21, 0, 0, 0, 0, NULL, NULL, NULL, NULL, NULL, NULL, '0.00', 0),
(3, 5, 20, 'PRO-PF 15-740-1-3 (old)', 'Rotocap Body, Retainer & Plate Spring', 21, 0, 0, 0, 0, NULL, NULL, NULL, NULL, NULL, NULL, '0.00', 0),
(4, 5, 20, 'PRO-PF-Indicator', 'Indicator Cock Assembly', 21, 0, 0, 0, 0, NULL, NULL, NULL, NULL, NULL, NULL, '0.00', 0),
(5, 5, 20, 'PRO-PF 142-29', 'Union Joint', 21, 0, 0, 0, 0, NULL, NULL, NULL, NULL, NULL, NULL, '0.00', 0),
(6, 5, 20, 'PRO-PF 15-102', 'Exhaust Valve ', 21, 49, 0, 701, 2, 137, '', '', '61.jpg', NULL, NULL, '0.00', 0),
(7, 5, 20, 'PRO-PF 15-901', 'Inlet Valve ', 21, 49, 0, 706, 2, 137, '', '', '71.jpg', NULL, NULL, '0.00', 0),
(8, 5, 20, 'PRO-PF 5-21', 'Compression Ring, PF 5-21', 21, 59, 62, 664, 2, 89, '', '', '81.jpg', NULL, NULL, '0.00', 0),
(9, 5, 20, 'PRO-PF 5-22', 'Oil Scrapper, PF 5-22', 21, 59, 62, 665, 2, 88, '', '', '91.jpg', NULL, NULL, '0.00', 0),
(10, 5, 20, 'PRO-PF 5-23', 'Compression Ring, PF 5-23', 21, 59, 62, 666, 2, 88, '', '', '101.jpg', NULL, NULL, '0.00', 0),
(11, 5, 20, 'PRO-PF 24-2', 'Exhaust Cam', 21, 0, 0, 0, 0, NULL, NULL, NULL, NULL, NULL, NULL, '0.00', 0),
(12, 5, 20, 'PRO-PF 24-209', 'Fuel Cam (lower)', 21, 0, 0, 0, 0, NULL, NULL, NULL, NULL, NULL, NULL, '0.00', 0),
(13, 5, 20, 'PRO-PF 25-PLATE', 'Starting Air Base Plate', 21, 0, 0, 0, 0, NULL, NULL, NULL, NULL, NULL, NULL, '0.00', 0),
(14, 5, 20, 'PRO-PF 32-915', 'Roller Guide Housing', 21, 0, 0, 898, 0, 0, '', '', '141.jpg', NULL, NULL, '0.00', 0),
(15, 5, 20, 'PRO-PF 8-SLEEVE-A', 'Sleeve 7mm x 75', 21, 0, 0, 0, 0, NULL, NULL, NULL, NULL, NULL, NULL, '0.00', 0),
(16, 5, 20, 'PRO-PF 8-SLEEVE-C', 'Sleeve 9 mm x 65', 21, 0, 0, 0, 0, NULL, NULL, NULL, NULL, NULL, NULL, '0.00', 0),
(17, 5, 20, 'PRO-PF 8-SLEEVE-B', 'Sleeve 8 mm x 68', 21, 0, 0, 0, 0, NULL, NULL, NULL, NULL, NULL, NULL, '0.00', 0),
(18, 5, 20, 'VTR-401-PN76', 'Air Inlet Casing', 21, 0, 0, 0, 0, NULL, NULL, NULL, NULL, NULL, NULL, '0.00', 0),
(19, 5, 20, 'ENG-PIE_1001', 'Shroud Ring w/ Nozzle', 21, 0, 0, 0, 0, NULL, NULL, NULL, NULL, NULL, NULL, '0.00', 0),
(20, 5, 20, 'ENG-PIE_1002', 'VTR-Rotor Shroud Ring', 21, 0, 0, 0, 0, NULL, NULL, NULL, NULL, NULL, NULL, '0.00', 0),
(21, 5, 20, 'ENG-PIE_1003', 'VTR-Rotor Nozzle Ring', 21, 0, 0, 0, 0, NULL, NULL, NULL, NULL, NULL, NULL, '0.00', 0),
(22, 5, 20, 'ENG-PIE_1004', 'T/C Sleeve for Gas Inlet Casing', 21, 0, 0, 0, 0, NULL, NULL, NULL, NULL, NULL, NULL, '0.00', 0),
(23, 5, 20, 'VTR-20830', 'Cap Nut', 21, 0, 0, 0, 0, NULL, NULL, NULL, NULL, NULL, NULL, '0.00', 0),
(24, 5, 20, 'VTR-2838', 'Locking Plate', 21, 0, 0, 0, 0, NULL, NULL, NULL, NULL, NULL, NULL, '0.00', 0),
(25, 5, 20, 'VTR-30426-M10x20', 'Socket Screw Head Cap', 21, 0, 0, 0, 0, NULL, NULL, NULL, NULL, NULL, NULL, '0.00', 0),
(26, 5, 20, 'VTR-34156', 'Locking Plate PN 20830/32133', 21, 0, 0, 0, 0, NULL, NULL, NULL, NULL, NULL, NULL, '0.00', 0),
(27, 5, 20, 'VTR-34162', 'Holder Spring 46/34162', 21, 0, 0, 0, 0, NULL, NULL, NULL, NULL, NULL, NULL, '0.00', 0),
(28, 5, 20, 'VTR-Wall Insert', 'Wall Insert', 21, 0, 0, 0, 0, NULL, NULL, NULL, NULL, NULL, NULL, '0.00', 0),
(29, 5, 20, 'VTR-401-PN-23001', 'Cover Plate', 21, 0, 0, 0, 0, NULL, NULL, NULL, NULL, NULL, NULL, '0.00', 0),
(30, 5, 20, 'VTR-51020', 'Locking Plate', 21, 0, 0, 0, 0, NULL, NULL, NULL, NULL, NULL, NULL, '0.00', 0),
(31, 5, 20, 'VTR-583', 'Gauge Glass', 21, 0, 0, 0, 0, NULL, NULL, NULL, NULL, NULL, NULL, '0.00', 0),
(32, 5, 20, 'VTR-5878', 'Gasket', 21, 0, 0, 0, 0, NULL, NULL, NULL, NULL, NULL, NULL, '0.00', 0),
(33, 5, 20, 'VTR-5891 A', 'Screw Plug', 21, 0, 0, 0, 0, NULL, NULL, NULL, NULL, NULL, NULL, '0.00', 0),
(34, 5, 20, 'VTR-5891 B', 'Screw Plug', 21, 0, 0, 0, 0, NULL, NULL, NULL, NULL, NULL, NULL, '0.00', 0),
(35, 5, 20, 'VTR-7023', 'Locking Plate', 21, 0, 0, 0, 0, NULL, NULL, NULL, NULL, NULL, NULL, '0.00', 0),
(36, 5, 20, 'VTR-7026', 'Locking Plate ', 21, 0, 0, 0, 0, NULL, NULL, NULL, NULL, NULL, NULL, '0.00', 0),
(37, 5, 20, 'VTR-220813', 'Ring Nut', 21, 0, 0, 0, 0, NULL, NULL, NULL, NULL, NULL, NULL, '0.00', 0),
(38, 5, 20, 'VTR-Blade', 'Turbine Blade (Pielstick)', 21, 0, 0, 0, 0, NULL, NULL, NULL, NULL, NULL, NULL, '0.00', 0),
(39, 5, 20, 'VTR-26-2N', 'Inducer', 21, 0, 0, 0, 0, NULL, NULL, NULL, NULL, NULL, NULL, '0.00', 0),
(40, 5, 20, 'VTR-26-2P', 'Inducer', 21, 0, 0, 0, 0, NULL, NULL, NULL, NULL, NULL, NULL, '0.00', 0),
(41, 5, 20, 'VTR-30226F', 'Bearing Complete, Turbine End', 21, 0, 0, 0, 0, NULL, NULL, NULL, NULL, NULL, NULL, '0.00', 0),
(42, 5, 20, 'VTR-32-CE', 'Bearing compressor end TE Type PN 32/32100', 21, 0, 0, 0, 0, NULL, NULL, NULL, NULL, NULL, NULL, '0.00', 0),
(43, 5, 20, 'VTR-32160', 'Pump Holder', 21, 0, 0, 0, 0, NULL, NULL, NULL, NULL, NULL, NULL, '0.00', 0),
(44, 5, 20, 'VTR-48', 'Gear Oil Pump', 21, 0, 0, 0, 0, NULL, NULL, NULL, NULL, NULL, NULL, '0.00', 0),
(45, 5, 20, 'VTR-505', 'Sealing Bush', 21, 0, 0, 0, 0, NULL, NULL, NULL, NULL, NULL, NULL, '0.00', 0),
(46, 5, 20, 'VTR-725', 'Sealing Bush', 21, 0, 0, 0, 0, NULL, NULL, NULL, NULL, NULL, NULL, '0.00', 0),
(47, 5, 20, 'VTR-726', 'Sealing Bush', 21, 0, 0, 0, 0, NULL, NULL, NULL, NULL, NULL, NULL, '0.00', 0),
(48, 5, 20, 'VTR-SLEEVE', 'T/C Sleeve', 21, 0, 0, 0, 0, NULL, NULL, NULL, NULL, NULL, NULL, '0.00', 0),
(49, 5, 20, 'ENG-PIE_1005', 'Flange cover', 21, 0, 0, 0, 0, NULL, NULL, NULL, NULL, NULL, NULL, '0.00', 0),
(50, 5, 20, 'ENG-PIE_1006', 'Centrifugal Dirt Oil Separator ', 21, 0, 0, 0, 0, NULL, NULL, NULL, NULL, NULL, NULL, '0.00', 0),
(51, 5, 20, 'ENG-PIE_1007', 'Centrifugal Dirt Oil Separator  Housing', 21, 0, 0, 0, 0, NULL, NULL, NULL, NULL, NULL, NULL, '0.00', 0),
(52, 5, 20, 'VTR-28-2N', 'Diffuser, PN 28, Type 34-9 MA 258 W14 EZ', 21, 0, 0, 0, 0, NULL, NULL, NULL, NULL, NULL, NULL, '0.00', 0),
(53, 5, 20, 'VTR-705', 'Guide Bush', 21, 0, 0, 0, 0, NULL, NULL, NULL, NULL, NULL, NULL, '0.00', 0),
(54, 5, 20, 'PRO-PF 32-122', 'Roller Guide Sleeve', 21, 0, 0, 889, 0, 0, '', '', '541.jpg', NULL, NULL, '0.00', 0),
(55, 5, 20, 'PRO-PF 40-101', 'Water Inlet Connection', 21, 0, 0, 919, 0, 0, '', '', '551.jpg', NULL, NULL, '0.00', 0),
(56, 5, 20, 'PRO-PF 8-RNG1', 'Landing Ring, 684mm OD x 645mm ID x 1mm T', 21, 0, 0, 0, 0, NULL, NULL, NULL, NULL, NULL, NULL, '0.00', 0),
(57, 5, 20, 'PRO-PF 8-RNG2', 'Landing Ring, 684mm OD x 645mm ID x 2mm T', 21, 0, 0, 0, 0, NULL, NULL, NULL, NULL, NULL, NULL, '0.00', 0),
(58, 5, 20, 'PRO-PF 8-RNG3', 'Landing Ring, 684mm OD x 645mm ID x 3mm T', 21, 0, 0, 0, 0, NULL, NULL, NULL, NULL, NULL, NULL, '0.00', 0),
(59, 5, 20, 'PRO-PF 8-RNG4', 'Landing Ring, 684mm OD x 645mm ID x 4mm T', 21, 0, 0, 0, 0, NULL, NULL, NULL, NULL, NULL, NULL, '0.00', 0),
(60, 5, 20, 'PRO-PF 8-RNG5', 'Landing Ring, 684mm OD x 645mm ID x 5mm T', 21, 0, 0, 0, 0, NULL, NULL, NULL, NULL, NULL, NULL, '0.00', 0),
(61, 5, 20, 'PRO-PF 8-RNG6', 'Landing Ring, 684mm OD x 645mm ID x 6mm T', 21, 0, 0, 0, 0, NULL, NULL, NULL, NULL, NULL, NULL, '0.00', 0),
(62, 5, 20, 'PRO-PF 136-210', 'Drain Hopper', 21, 0, 0, 984, 0, 0, '', '', '621.jpg', NULL, NULL, '0.00', 0),
(63, 5, 20, 'PRO-PF 20-958', 'Inlet Rocker Arm', 21, 0, 0, 849, 0, 0, '', '', '631.jpg', NULL, NULL, '0.00', 0),
(64, 5, 20, 'PRO-PF 20-961', 'Inlet Rocker Arm ', 21, 0, 0, 850, 0, 0, '', '', '641.jpg', NULL, NULL, '0.00', 0),
(65, 5, 20, 'PRO-PF 32-2/4', 'Top/Bottom Half Shell', 21, 0, 0, 906, 0, 0, '', '', '651.jpg', NULL, NULL, '0.00', 0),
(66, 5, 20, 'PRO-PF 71-4', 'Bottom Half Shell', 21, 0, 0, 940, 0, 0, '', '', '661.jpg', NULL, NULL, '0.00', 0),
(67, 5, 20, 'PRO-PF 71-5', 'Top Half Shell', 21, 0, 0, 941, 0, 0, '', '', '671.jpg', NULL, NULL, '0.00', 0),
(68, 5, 20, 'PRO-PF 130-1A', 'Cooling Water Pipe', 21, 0, 0, 976, 0, 0, '', '', '681.jpg', NULL, NULL, '0.00', 0),
(69, 5, 20, 'PRO-PF 30-5', 'Delivery Valve Piece', 21, 0, 0, 873, 0, 0, '', '', '691.jpg', NULL, NULL, '0.00', 0),
(70, 5, 20, 'PRO-PF 32-31', 'Roller Pin', 21, 0, 0, 881, 0, 0, '', '', '701.jpg', NULL, NULL, '0.00', 0),
(71, 5, 20, 'PRO-PF 32-146A', 'Adjusting Screw / Adjusting Bolt', 21, 0, 0, 890, 0, 0, '', '', '711.jpg', NULL, NULL, '0.00', 0),
(72, 5, 20, 'PRO-PF 32-146B', 'Adjusting Screw / Adjusting Bolt', 21, 0, 0, 0, 0, NULL, NULL, NULL, NULL, NULL, NULL, '0.00', 0),
(73, 5, 20, 'PRO-PF 32-146C', 'Adjusting Screw / Adjusting Bolt', 21, 0, 0, 0, 0, NULL, NULL, NULL, NULL, NULL, NULL, '0.00', 0),
(74, 5, 20, 'PRO-PF 32-244A', 'Roller Guide w/o head', 21, 0, 0, 891, 0, 0, '', '', '741.jpg', NULL, NULL, '0.00', 0),
(75, 5, 20, 'PRO-PF 32-244B', 'Roller Guide w/ head', 21, 0, 0, 0, 0, NULL, NULL, NULL, NULL, NULL, NULL, '0.00', 0),
(76, 5, 20, 'PRO-PF 32-244/290/30/31/32A', 'Roller Guide Assembly w/ Head', 21, 0, 0, 902, 0, 0, '', '', '761.jpg', NULL, NULL, '0.00', 0),
(77, 5, 20, 'PRO-PF 32-244/290/30/31/32B', 'Roller Guide Assembly w/o Head', 21, 0, 0, 904, 0, 0, '', '', '771.jpg', NULL, NULL, '0.00', 0),
(78, 5, 20, 'PRO-PF 32-254A', 'Adjusting Shim', 21, 0, 0, 895, 0, 0, '', '', '781.jpg', NULL, NULL, '0.00', 0),
(79, 5, 20, 'PRO-PF 32-254B', 'Adjusting Shim', 21, 0, 0, 896, 0, 0, '', '', '791.jpg', NULL, NULL, '0.00', 0),
(80, 5, 20, 'PRO-PF 32-940', 'Washer', 21, 0, 0, 899, 0, 0, '', '', '801.jpg', NULL, NULL, '0.00', 0),
(81, 5, 20, 'PRO-PF 32-943A', 'Bolt /  Screw Bolt', 21, 0, 0, 900, 0, 0, '', '', '811.jpg', NULL, NULL, '0.00', 0),
(82, 5, 20, 'PRO-PF 32-943B', 'Bolt', 21, 0, 0, 0, 0, NULL, NULL, NULL, NULL, NULL, NULL, '0.00', 0),
(83, 5, 20, 'PRO-PF 32-943C', 'Bolt', 21, 0, 0, 0, 0, NULL, NULL, NULL, NULL, NULL, NULL, '0.00', 0),
(84, 5, 20, 'PRO-PF 32-943D', 'Bolt', 21, 0, 0, 0, 0, NULL, NULL, NULL, NULL, NULL, NULL, '0.00', 0),
(85, 5, 20, 'PRO-PF 32-943E', 'Bolt', 21, 0, 0, 0, 0, NULL, NULL, NULL, NULL, NULL, NULL, '0.00', 0),
(86, 5, 20, 'PRO-PF 32-943F', 'Bolt', 21, 0, 0, 0, 0, NULL, NULL, NULL, NULL, NULL, NULL, '0.00', 0),
(87, 5, 20, 'PRO-PF 32-943G', 'Bolt', 21, 0, 0, 0, 0, NULL, NULL, NULL, NULL, NULL, NULL, '0.00', 0),
(88, 5, 20, 'PRO-PF 97-7A', 'Joint, PN 377880590 ( NIIGATA )/ Cover Plate for 8-10V', 21, 0, 0, 0, 0, NULL, NULL, NULL, NULL, NULL, NULL, '0.00', 0),
(89, 5, 20, 'PRO-PF 142-153', 'Flow Indicator ', 21, 0, 0, 987, 0, 0, '', '', '891.jpg', NULL, NULL, '0.00', 0),
(90, 5, 20, 'PRO-PF 142-203', 'Cooling Water Inlet & Outlet Pipe', 21, 0, 0, 988, 0, 0, '', '', '901.jpg', NULL, NULL, '0.00', 0),
(91, 5, 20, 'PRO-PF 142-261A', 'Union Joint', 21, 0, 0, 989, 0, 0, '', '', '911.jpg', NULL, NULL, '0.00', 0),
(92, 5, 20, 'PRO-PF 142-261B', 'Union Joint w/ elbow', 21, 0, 0, 0, 0, NULL, NULL, NULL, NULL, NULL, NULL, '0.00', 0),
(93, 5, 20, 'PRO-PF 142-261C', 'Union Joint w/o head', 21, 0, 0, 0, 0, NULL, NULL, NULL, NULL, NULL, NULL, '0.00', 0),
(94, 5, 20, 'PRO-PF 142-261D', 'Union Joint', 21, 0, 0, 0, 0, NULL, NULL, NULL, NULL, NULL, NULL, '0.00', 0),
(95, 5, 20, 'ENG-PIE_1008', 'Oring (D-293 mm, T- 7 mm)', 21, 0, 0, 0, 0, NULL, NULL, NULL, NULL, NULL, NULL, '0.00', 0),
(96, 5, 20, 'PRO-PF 15-22', 'Valve Spring (Inner)', 21, 49, 0, 693, 2, 120, '', '', '961.jpg', NULL, NULL, '0.00', 0),
(97, 5, 20, 'PRO-PF 15-23', 'Valve Spring (Outer)', 21, 49, 0, 694, 2, 120, '', '', '971.jpg', NULL, NULL, '0.00', 0),
(98, 5, 20, 'PRO-PF 17-115', 'Spring', 21, 0, 0, 821, 0, 0, '', '', '981.jpg', NULL, NULL, '0.00', 0),
(99, 5, 20, 'PRO-PF 24-1', 'Inlet Cam', 21, 0, 0, 866, 0, 0, '', '', '991.jpg', NULL, NULL, '0.00', 0),
(100, 5, 20, 'PRO-PF 52-50', 'Spring', 21, 0, 0, 929, 0, 0, '', '', '1001.jpg', NULL, NULL, '0.00', 0),
(101, 5, 20, 'PRO-PF 96-1', 'Supplementary Bearing Housing', 21, 0, 0, 948, 0, 0, '', '', '1011.jpg', NULL, NULL, '0.00', 0),
(102, 5, 20, 'PRO-PF 42-1', 'Fuel Injection Pipe', 21, 0, 0, 925, 0, 0, '', '', '1021.jpg', NULL, NULL, '0.00', 0),
(103, 5, 20, 'PRO-PF 42-9', 'Nut', 21, 0, 0, 926, 0, 0, '', '', '1031.jpg', NULL, NULL, '0.00', 0),
(104, 5, 20, 'PRO-PF 42-FIP', 'Banjo Bolt', 21, 0, 0, 0, 0, NULL, NULL, NULL, NULL, NULL, NULL, '0.00', 0),
(105, 5, 20, 'PRO-PF 57-4', 'Bearing', 21, 0, 0, 932, 0, 0, '', '', '1051.jpg', NULL, NULL, '0.00', 0),
(106, 5, 20, 'PRO-PF 96-7/8', 'Bush', 21, 0, 0, 954, 0, 0, '', '', '1061.jpg', NULL, NULL, '0.00', 0),
(107, 5, 20, 'PRO-PF 96-8/9', 'Bush', 21, 0, 0, 0, 0, NULL, NULL, NULL, NULL, NULL, NULL, '0.00', 0),
(108, 5, 20, 'PRO-PF 102-68', 'Connection Pipe', 21, 0, 0, 958, 0, 0, '', '', '1081.jpg', NULL, NULL, '0.00', 0),
(109, 5, 20, 'PRO-PF 102-70', 'Connecting Rod', 21, 0, 0, 959, 0, 0, '', '', '1091.jpg', NULL, NULL, '0.00', 0),
(110, 5, 20, 'PRO-PF 102-70/90/86/87', 'Connecting Rod/ Spring / Nut', 21, 0, 0, 0, 0, NULL, NULL, NULL, NULL, NULL, NULL, '0.00', 0),
(111, 5, 20, 'PRO-PF 102-86', 'Nut', 21, 0, 0, 962, 0, 0, '', '', '1111.jpg', NULL, NULL, '0.00', 0),
(112, 5, 20, 'PRO-PF 102-171', 'Spring Collar', 21, 0, 0, 968, 0, 0, '', '', '1121.jpg', NULL, NULL, '0.00', 0),
(113, 5, 20, 'PRO-PF 102-944', 'Connecting Rod', 21, 0, 0, 963, 0, 0, '', '', '1131.jpg', NULL, NULL, '0.00', 0),
(114, 5, 20, 'PRO-PF 102-945', 'Connecting Rod', 21, 0, 0, 964, 0, 0, '', '', '1141.jpg', NULL, NULL, '0.00', 0),
(115, 5, 20, 'PRO-PF 60-16', 'Drive Shaft', 21, 0, 0, 933, 0, 0, '', '', '1151.jpg', NULL, NULL, '0.00', 0),
(116, 5, 20, 'PRO-PF 60-17', 'Bush', 21, 0, 0, 934, 0, 0, '', '', '1161.jpg', NULL, NULL, '0.00', 0),
(117, 5, 20, 'PRO-PF 60-121', 'Bevel Gear (small)', 21, 0, 0, 936, 0, 0, '', '', '1171.jpg', NULL, NULL, '0.00', 0),
(118, 5, 20, 'PRO-PF 60-121', 'Bevel Gear (small)', 21, 0, 0, 937, 0, 0, '', '', '1181.jpg', NULL, NULL, '0.00', 0),
(119, 5, 20, 'PRO-PF 60-122', 'Bevel Gear (big)', 21, 0, 0, 938, 0, 0, '', '', '1191.jpg', NULL, NULL, '0.00', 0),
(120, 5, 20, 'PRO-PF 60-125', 'Worm Wheel', 21, 0, 0, 939, 0, 0, '', '', '1201.jpg', NULL, NULL, '0.00', 0),
(121, 5, 20, 'PRO-PF 73-5', 'Cover', 21, 0, 0, 943, 0, 0, '', '', '1211.jpg', NULL, NULL, '0.00', 0),
(122, 5, 20, 'PRO-PF 82-2', 'Jack Bolt', 21, 0, 0, 945, 0, 0, '', '', '1221.jpg', NULL, NULL, '0.00', 0),
(123, 5, 20, 'PRO-PF 82-3', 'Locking Plate', 21, 0, 0, 946, 0, 0, '', '', '1231.jpg', NULL, NULL, '0.00', 0),
(124, 5, 20, 'PRO-PF 82-6', 'Spherical Washer', 21, 0, 0, 947, 0, 0, '', '', '1241.jpg', NULL, NULL, '0.00', 0),
(125, 5, 20, 'PRO-PF 130-14', 'Flange ', 21, 0, 0, 977, 0, 0, '', '', '1251.jpg', NULL, NULL, '0.00', 0),
(126, 5, 20, 'PRO-PF 134-18', 'Locking Washer', 21, 0, 0, 979, 0, 0, '', '', '1261.jpg', NULL, NULL, '0.00', 0),
(127, 5, 20, 'PRO-PF 135-270A', 'Union Bolt', 21, 0, 0, 981, 0, 0, '', '', '1271.jpg', NULL, NULL, '0.00', 0),
(128, 5, 20, 'PRO-PF 136-29A', 'Nut', 21, 0, 0, 982, 0, 0, '', '', '1281.jpg', NULL, NULL, '0.00', 0),
(129, 5, 20, 'PRO-PF 136-29B', 'Nut', 21, 0, 0, 983, 0, 0, '', '', '1291.jpg', NULL, NULL, '0.00', 0),
(130, 5, 20, 'PRO-PF 136-240', 'Main Cocks', 21, 0, 0, 985, 0, 0, '', '', '1301.jpg', NULL, NULL, '0.00', 0),
(131, 5, 20, 'PRO-PF 136-310', 'Pipe', 21, 0, 0, 986, 0, 0, '', '', '1311.jpg', NULL, NULL, '0.00', 0),
(132, 5, 20, 'PRO-PF 52-14', 'Bush for Intermediate Pinion', 21, 0, 0, 927, 0, 0, '', '', '1321.jpg', NULL, NULL, '0.00', 0),
(133, 5, 20, 'PRO-PF 52-26', 'Side Plate (NKK)/Half Flange (SEMT)', 21, 0, 0, 928, 0, 0, '', '', '1331.jpg', NULL, NULL, '0.00', 0),
(134, 5, 20, 'PRO-PF 54-14', 'Valve (SEMT)', 21, 0, 0, 930, 0, 0, '', '', '1341.jpg', NULL, NULL, '0.00', 0),
(135, 5, 20, 'PRO-PF 215-12', 'Double Key ', 21, 0, 0, 990, 0, 0, '', '', '1351.jpg', NULL, NULL, '0.00', 0),
(136, 5, 20, 'PRO-PF 1-3', 'Tie Rod', 21, 53, 49, 640, 2, 114, '', '', '1361.jpg', NULL, NULL, '0.00', 0),
(137, 5, 20, 'PRO-PF 17-109', 'Valve Body', 21, 0, 0, 820, 0, 0, '', '', '1371.jpg', NULL, NULL, '0.00', 0),
(138, 5, 20, 'ENG-PIE_1009', 'Generator Bolt', 21, 0, 0, 0, 0, NULL, NULL, NULL, NULL, NULL, NULL, '0.00', 0),
(139, 5, 20, 'PRO-PF 18-51', 'Valve Body', 21, 0, 0, 826, 0, 0, '', '', '1391.jpg', NULL, NULL, '0.00', 0),
(140, 5, 20, 'PRO-PF 20-331', 'Push Rod', 21, 0, 0, 844, 0, 0, '', '', '1401.jpg', NULL, NULL, '0.00', 0),
(141, 5, 20, 'PRO-PF 22-6', 'Studbolt', 21, 0, 0, 862, 0, 0, '', '', '1411.jpg', NULL, NULL, '0.00', 0),
(142, 5, 20, 'PRO-PF 22-105-3', 'Locking Bar', 21, 0, 0, 0, 0, NULL, NULL, NULL, NULL, NULL, NULL, '0.00', 0),
(143, 5, 20, 'PRO-PF 22-105-3', 'Locking Bar w/ nut', 21, 0, 0, 863, 0, 0, '', '', '1431.jpg', NULL, NULL, '0.00', 0),
(144, 5, 20, 'PRO-PF 30-19', 'Spring', 21, 0, 0, 875, 0, 0, '', '', '1441.jpg', NULL, NULL, '0.00', 0),
(145, 5, 20, 'PRO-PF-Banjo Bolt', 'Union Bolt', 21, 0, 0, 0, 0, NULL, NULL, NULL, NULL, NULL, NULL, '0.00', 0),
(146, 5, 20, 'PRO-PF 25-SPOOL', 'Spool for ASD ', 21, 0, 0, 0, 0, NULL, NULL, NULL, NULL, NULL, NULL, '0.00', 0),
(147, 5, 20, 'PRO-PF 25-HOUSING', 'Air Starting Distributor Housing ', 21, 0, 0, 0, 0, NULL, NULL, NULL, NULL, NULL, NULL, '0.00', 0),
(148, 5, 20, 'PRO-PF 40-2', 'Vent Pipe', 21, 0, 0, 913, 0, 0, '', '', '1481.jpg', NULL, NULL, '0.00', 0),
(149, 5, 20, 'PRO-PF 40-6', 'Vent Pipe for Cylinder', 21, 0, 0, 916, 0, 0, '', '', '1491.jpg', NULL, NULL, '0.00', 0),
(150, 5, 20, 'PRO-PF 40-6/7/16', 'Vent Pipe for Cylinder', 21, 0, 0, 915, 0, 0, '', '', '1501.jpg', NULL, NULL, '0.00', 0),
(151, 5, 20, 'PRO-PF 40-15', 'Connection Piece', 21, 0, 0, 918, 0, 0, '', '', '1511.jpg', NULL, NULL, '0.00', 0),
(152, 5, 20, 'PRO-PF 40-107', 'Union Bolt', 21, 0, 0, 920, 0, 0, '', '', '1521.jpg', NULL, NULL, '0.00', 0),
(153, 5, 20, 'PRO-PF 40-108', 'Union Bolt', 21, 0, 0, 921, 0, 0, '', '', '1531.jpg', NULL, NULL, '0.00', 0),
(154, 5, 20, 'PRO-PF 40-109', 'Positioning Bolt', 21, 0, 0, 924, 0, 0, '', '', '1541.jpg', NULL, NULL, '0.00', 0),
(155, 5, 20, 'PRO-PF-Generator', 'Nut/Bolt', 21, 0, 0, 0, 0, NULL, NULL, NULL, NULL, NULL, NULL, '0.00', 0),
(156, 5, 20, 'ENG-PIE_1010', 'Laydown Bolt', 21, 0, 0, 0, 0, NULL, NULL, NULL, NULL, NULL, NULL, '0.00', 0),
(157, 5, 20, 'ENG-PIE_1011', 'Nut for Laydown ', 21, 0, 0, 0, 0, NULL, NULL, NULL, NULL, NULL, NULL, '0.00', 0),
(158, 5, 20, 'ENG-PIE_1012', 'Washer (T-20 mm), (O-75 mm), (I-45 mm)', 21, 0, 0, 0, 0, NULL, NULL, NULL, NULL, NULL, NULL, '0.00', 0),
(159, 5, 20, 'ENG-PIE_1013', 'Washer (T-3.5 mm), (O-89 mm), (I-45 mm)', 21, 0, 0, 0, 0, NULL, NULL, NULL, NULL, NULL, NULL, '0.00', 0),
(160, 5, 20, 'PRO-PF 96-98', 'Thrust Ball Bearing', 21, 0, 0, 949, 0, 0, '', '', '1601.jpg', NULL, NULL, '0.00', 0),
(161, 5, 20, 'PRO-PF 96-208', 'Bush', 21, 0, 0, 951, 0, 0, '', '', '1611.jpg', NULL, NULL, '0.00', 0),
(162, 5, 20, 'PRO-PF 96-425', 'Bearing', 21, 0, 0, 953, 0, 0, '', '', '1621.jpg', NULL, NULL, '0.00', 0),
(163, 5, 20, 'PRO-PF 102-78', 'Spring', 21, 0, 0, 961, 0, 0, '', '', '1631.jpg', NULL, NULL, '0.00', 0),
(164, 5, 20, 'PRO-PF 215-3A', 'Intermediate Ring', 21, 0, 0, 0, 0, NULL, NULL, NULL, NULL, NULL, NULL, '0.00', 0),
(165, 5, 20, 'PRO-PF 215-4A', 'Bolt', 21, 0, 0, 0, 0, NULL, NULL, NULL, NULL, NULL, NULL, '0.00', 0),
(166, 5, 20, 'PRO-PF-Valve Gear', 'Sleeve', 21, 0, 0, 0, 0, NULL, NULL, NULL, NULL, NULL, NULL, '0.00', 0),
(167, 5, 20, 'PRO-PF 18-54', 'Spring', 21, 0, 0, 829, 0, 0, '', '', '1671.jpg', NULL, NULL, '0.00', 0),
(168, 5, 20, 'PRO-PF 20-137', 'Stud Bolt', 21, 0, 0, 838, 0, 0, '', '', '1681.jpg', NULL, NULL, '0.00', 0),
(169, 5, 20, 'PRO-PF 20-304', 'Roller Guide', 21, 0, 0, 841, 0, 0, '', '', '1691.jpg', NULL, NULL, '0.00', 0),
(170, 5, 20, 'PRO-PF 20-310', 'Spring', 21, 0, 0, 842, 0, 0, '', '', '1701.jpg', NULL, NULL, '0.00', 0),
(171, 5, 20, 'PRO-PF 20-373', 'Adjusting Screw', 21, 0, 0, 845, 0, 0, '', '', '1711.jpg', NULL, NULL, '0.00', 0),
(172, 5, 20, 'PRO-PF 20-942', 'Inlet Rocker Shaft', 21, 0, 0, 848, 0, 0, '', '', '1721.jpg', NULL, NULL, '0.00', 0),
(173, 5, 20, 'PRO-PF 22-4', 'Stud Bolt', 21, 0, 0, 860, 0, 0, '', '', '1731.jpg', NULL, NULL, '0.00', 0),
(174, 5, 20, 'PRO-PF 22-5', 'Studbolt/Fitting Rod', 21, 0, 0, 861, 0, 0, '', '', '1741.jpg', NULL, NULL, '0.00', 0),
(175, 5, 20, 'PRO-PF 25-48', 'Shaft', 21, 0, 0, 869, 0, 0, '', '', '1751.jpg', NULL, NULL, '0.00', 0),
(176, 5, 20, 'PRO-PF 30-4', 'Flange', 21, 0, 0, 872, 0, 0, '', '', '1761.jpg', NULL, NULL, '0.00', 0),
(177, 5, 20, 'PRO-PF 30-22', 'Snap Ring', 21, 0, 0, 876, 0, 0, '', '', '1771.jpg', NULL, NULL, '0.00', 0),
(178, 5, 20, 'PRO-PF 30-26', 'Control Rack', 21, 0, 0, 877, 0, 0, '', '', '1781.jpg', NULL, NULL, '0.00', 0),
(179, 5, 20, 'PRO-PF 32-17', 'Pusher Casing', 21, 0, 0, 905, 0, 0, '', '', '1791.jpg', NULL, NULL, '0.00', 0),
(180, 5, 20, 'PRO-PF 32-290', 'Roller', 21, 0, 0, 897, 0, 0, '', '', '1801.jpg', NULL, NULL, '0.00', 0),
(181, 5, 20, 'PRO-PF 15-137', 'Locking Socket', 21, 49, 0, 702, 2, 109, '', '', '1811.jpg', NULL, NULL, '0.00', 0),
(182, 5, 20, 'PRO-PF 15-219', 'Water Connection', 21, 49, 0, 704, 2, 110, '', '', '1821.jpg', NULL, NULL, '0.00', 0),
(183, 5, 20, 'PRO-PF 15-930', 'Lower Guide Bush', 21, 49, 0, 707, 2, 109, '', '', '1831.jpg', NULL, NULL, '0.00', 0),
(184, 5, 20, 'PRO-PF 16-7', 'Adjusting Screw/Spring Collar', 21, 0, 0, 816, 0, 0, '', '', '1841.jpg', NULL, NULL, '0.00', 0),
(185, 5, 20, 'PRO-PF 16-8', 'Nozzle Retaining Nut', 21, 0, 0, 817, 0, 0, '', '', '1851.jpg', NULL, NULL, '0.00', 0),
(186, 5, 20, 'PRO-PF 16-10', 'Spring', 21, 0, 0, 818, 0, 0, '', '', '1861.jpg', NULL, NULL, '0.00', 0),
(187, 5, 20, 'PRO-PF 16-11', 'Water Connection, PF 16-11', 21, 36, 0, 800, 0, 0, '', '', '1871.jpg', NULL, NULL, '0.00', 0),
(188, 5, 20, 'PRO-PF 16-210', 'Injector Body', 21, 0, 0, 819, 0, 0, '', '', '1881.jpg', NULL, NULL, '0.00', 0),
(189, 5, 20, 'PRO-PF 17-122', 'Cap', 21, 0, 0, 823, 0, 0, '', '', '1891.jpg', NULL, NULL, '0.00', 0),
(190, 5, 20, 'PRO-PF 18-55', 'Flange', 21, 0, 0, 830, 0, 0, '', '', '1901.jpg', NULL, NULL, '0.00', 0),
(191, 5, 20, 'PRO-PF 20-5', 'Roller', 21, 0, 0, 833, 0, 0, '', '', '1911.jpg', NULL, NULL, '0.00', 0),
(192, 5, 20, 'PRO-PF 20-6', 'Roller Bush', 21, 0, 0, 834, 0, 0, '', '', '1921.jpg', NULL, NULL, '0.00', 0),
(193, 5, 20, 'PRO-PF 20-71', 'Upper Tappet', 21, 0, 0, 836, 0, 0, '', '', '1931.jpg', NULL, NULL, '0.00', 0),
(194, 5, 20, 'PRO-PF 20-311', 'Lower Tappet', 21, 0, 0, 843, 0, 0, '', '', '1941.jpg', NULL, NULL, '0.00', 0),
(195, 5, 20, 'PRO-PF 32-119A', 'Bolt ', 21, 0, 0, 886, 0, 0, '', '', '1951.jpg', NULL, NULL, '0.00', 0),
(196, 5, 20, 'PRO-PF 32-119B', 'Bolt', 21, 0, 0, 887, 0, 0, '', '', '1961.jpg', NULL, NULL, '0.00', 0),
(197, 5, 20, 'PRO-PF 32-119C', 'Bolt', 21, 0, 0, 888, 0, 0, '', '', '1971.jpg', NULL, NULL, '0.00', 0),
(198, 5, 20, 'PRO-PF 15-7', 'Exhaust Valve Guide, Left', 21, 0, 0, 0, 0, NULL, NULL, NULL, NULL, NULL, NULL, '0.00', 0),
(199, 5, 20, 'PRO-PF 15-35', 'Spring Collar', 21, 49, 0, 695, 2, 108, '', '', '1991.jpg', NULL, NULL, '0.00', 0),
(200, 5, 20, 'PRO-PF 15-41', 'Spring Collar/Holder', 21, 49, 0, 698, 2, 108, '', '', '2001.jpg', NULL, NULL, '0.00', 0),
(201, 5, 20, 'PRO-PF 15-740', 'Valve Rotator Assembly', 21, 0, 0, 813, 0, 0, '', '', '2011.jpg', NULL, NULL, '0.00', 0),
(202, 5, 20, 'PRO-PF 15-740 (inlet)', 'Rotocap ', 21, 0, 0, 0, 0, NULL, NULL, NULL, NULL, NULL, NULL, '0.00', 0),
(203, 5, 20, 'PRO-PF 15-RING COLLAR', 'Sleeve', 21, 0, 0, 0, 0, NULL, NULL, NULL, NULL, NULL, NULL, '0.00', 0),
(204, 5, 20, 'PRO-PF 15-Piston Ring', 'Washer', 21, 0, 0, 0, 0, NULL, NULL, NULL, NULL, NULL, NULL, '0.00', 0),
(205, 5, 20, 'PRO-PF 15-Valve Guide', 'Bushing', 21, 49, 0, 708, 2, 108, '', '', '2051.jpg', NULL, NULL, '0.00', 0),
(206, 5, 20, 'PRO-PF 18-52', 'Valve', 21, 0, 0, 827, 0, 0, '', '', '2061.jpg', NULL, NULL, '0.00', 0),
(207, 5, 20, 'PRO-PF 18-53', 'Piston', 21, 0, 0, 828, 0, 0, '', '', '2071.jpg', NULL, NULL, '0.00', 0),
(208, 5, 20, 'PRO-PF 19-30/15/2', 'Pipe w/ Cap', 21, 0, 0, 832, 0, 0, '', '', '2081.jpg', NULL, NULL, '0.00', 0),
(209, 5, 20, 'PRO-PF 17-117', 'Valve Assembly', 21, 0, 0, 822, 0, 0, '', '', '2091.jpg', NULL, NULL, '0.00', 0),
(210, 5, 20, 'PRO-PF 17-117/121/219', 'Valve Assembly/Spring Pin/Valve', 21, 0, 0, 0, 0, NULL, NULL, NULL, NULL, NULL, NULL, '0.00', 0),
(211, 5, 20, 'PRO-PF 17-117/219', 'Valve Assembly/Valve', 21, 0, 0, 0, 0, NULL, NULL, NULL, NULL, NULL, NULL, '0.00', 0),
(212, 5, 20, 'PRO-PF 17-117/121', 'Valve Assembly/Spring Pin', 21, 0, 0, 0, 0, NULL, NULL, NULL, NULL, NULL, NULL, '0.00', 0),
(213, 5, 20, 'PRO-PF 17-117/121/219', 'Valve Assembly/Spring Pin/Valve', 21, 0, 0, 0, 0, NULL, NULL, NULL, NULL, NULL, NULL, '0.00', 0),
(214, 5, 20, 'PRO-PF 30-3', 'Connector', 21, 0, 0, 871, 0, 0, '', '', '2141.jpg', NULL, NULL, '0.00', 0),
(215, 5, 20, 'PRO-PF 30-11', 'Molykote Guide ', 21, 0, 0, 874, 0, 0, '', '', '2151.jpg', NULL, NULL, '0.00', 0),
(216, 5, 20, 'PRO-PF 30-27', 'Control Pinion', 21, 0, 0, 878, 0, 0, '', '', '2161.jpg', NULL, NULL, '0.00', 0),
(217, 5, 20, 'PRO-PF 32-35', 'Piston Ring (Fuel Injection Pump Gear)', 21, 0, 0, 882, 0, 0, '', '', '2171.jpg', NULL, NULL, '0.00', 0),
(218, 5, 20, 'PRO-PF 32-43', 'Spring', 21, 0, 0, 883, 0, 0, '', '', '2181.jpg', NULL, NULL, '0.00', 0),
(219, 5, 20, 'PRO-PF 32-53', 'Spring Support', 21, 0, 0, 885, 0, 0, '', '', '2191.jpg', NULL, NULL, '0.00', 0),
(220, 5, 20, 'PRO-PF 32-249A', 'Spring Guide', 21, 0, 0, 893, 0, 0, '', '', '2201.jpg', NULL, NULL, '0.00', 0),
(221, 5, 20, 'PRO-PF 32-249B', 'Spring Guide', 21, 0, 0, 894, 0, 0, '', '', '2211.jpg', NULL, NULL, '0.00', 0),
(222, 5, 20, 'PRO-PF 3-5', 'Fitted Bolt, PF 3-5', 21, 11, 0, 653, 2, 106, '', '', '2221.jpg', NULL, NULL, '0.00', 0),
(223, 5, 20, 'PRO-PF 8-4', 'Cylinder Head Nut, PF 8-4', 21, 22, 62, 668, 2, 106, '', '', '2231.jpg', NULL, NULL, '0.00', 0),
(224, 5, 20, 'PRO-PF 10-Seat-A', 'Intake Valve Seat Ring (A), PF 10-Seat A', 21, 21, 62, 689, 2, 106, '', '', '2241.jpg', NULL, NULL, '0.00', 0),
(225, 5, 20, 'PRO-PF 5-4', 'Washer, PF 5-4', 21, 59, 62, 658, 2, 105, '', '', '2251.jpg', NULL, NULL, '0.00', 0),
(226, 5, 20, 'PRO-PF 10-25A', 'Stud Bolt, PF 10-25A', 21, 21, 62, 671, 2, 105, '', '', '2261.jpg', NULL, NULL, '0.00', 0),
(227, 5, 20, 'PRO-PF 10-25B', 'Stud Bolt, PF 10-25B', 21, 21, 62, 672, 2, 105, '', '', '2271.jpg', NULL, NULL, '0.00', 0),
(228, 5, 20, 'PRO-PF 10-26A', 'Stud Bolt, PF 10-26A', 21, 21, 62, 673, 2, 105, '', '', '2281.jpg', NULL, NULL, '0.00', 0),
(229, 5, 20, 'PRO-PF 10-26B', 'Stud Bolt, PF 10-26B', 21, 21, 62, 674, 2, 105, '', '', '2291.jpg', NULL, NULL, '0.00', 0),
(230, 5, 20, 'PRO-PF 10-26C', 'Stud Bolt, PF 10-26C', 21, 21, 62, 675, 2, 105, '', '', '2301.jpg', NULL, NULL, '0.00', 0),
(231, 5, 20, 'PRO-PF 10-27A', 'Stud Bolt, PF 10-27A', 21, 21, 62, 676, 2, 105, '', '', '2311.jpg', NULL, NULL, '0.00', 0),
(232, 5, 20, 'PRO-PF 10-27B', 'Stud Bolt, PF 10-27B', 21, 21, 62, 677, 2, 105, '', '', '2321.jpg', NULL, NULL, '0.00', 0),
(233, 5, 20, 'PRO-PF 10-27C', 'Stud Bolt, PF 10-27C', 21, 21, 62, 678, 2, 105, '', '', '2331.jpg', NULL, NULL, '0.00', 0),
(234, 5, 20, 'PRO-PF 10-30A', 'Tie Rod, PF 10-30A', 21, 21, 62, 679, 2, 105, '', '', '2341.jpg', NULL, NULL, '0.00', 0),
(235, 5, 20, 'PRO-PF 10-30B', 'Tie Rod, PF 10-30B', 21, 21, 62, 680, 2, 105, '', '', '2351.jpg', NULL, NULL, '0.00', 0),
(236, 5, 20, 'PRO-PF 10-30C', 'Tie Rod, PF 10-30C', 21, 21, 62, 681, 2, 105, '', '', '2361.jpg', NULL, NULL, '0.00', 0),
(237, 5, 20, 'PRO-PF 10-31A', 'Sleeve, PF 10-31A', 21, 21, 62, 682, 2, 105, '', '', '2371.jpg', NULL, NULL, '0.00', 0),
(238, 5, 20, 'PRO-PF 10-31B', 'Sleeve, PF 10-31B', 21, 21, 62, 683, 2, 105, '', '', '2381.jpg', NULL, NULL, '0.00', 0),
(239, 5, 20, 'PRO-PF 10-31C', 'Sleeve, PF 10-31C', 21, 21, 62, 684, 2, 105, '', '', '2391.jpg', NULL, NULL, '0.00', 0),
(240, 5, 20, 'PRO-PF 10-31D', 'Sleeve, PF 10-31D', 21, 21, 62, 685, 2, 105, '', '', '2401.jpg', NULL, NULL, '0.00', 0),
(241, 5, 20, 'PRO-PF 16-3 A', 'Adjusting Nut, PF 16-3A', 21, 36, 62, 709, 2, 105, '', '', '2411.jpg', NULL, NULL, '0.00', 0),
(242, 5, 20, 'PRO-PF 32-59', 'Packing Ring, PF 32-59', 21, 113, 62, 793, 2, 105, '', '', '2421.jpg', NULL, NULL, '0.00', 0),
(243, 5, 20, 'PRO-PF 1-8', 'Cylinder (Jack Body), Pf 1-8', 21, 53, 62, 642, 2, 104, '', '', '2431.jpg', NULL, NULL, '0.00', 0),
(244, 5, 20, 'PRO-PF 1-9', 'Jack Bolt, PF 1-9', 21, 53, 62, 643, 2, 104, '', '', '2441.jpg', NULL, NULL, '0.00', 0),
(245, 5, 20, 'PRO-PF 1-10', 'Piston, PF 1-10', 21, 53, 62, 644, 2, 104, '', '', '2451.jpg', NULL, NULL, '0.00', 0),
(246, 5, 20, 'PRO-PF 1-11', 'Upper Piece, PF 1-11', 21, 53, 62, 645, 2, 104, '', '', '2461.jpg', NULL, NULL, '0.00', 0),
(247, 5, 20, 'PRO-PF 1-12', 'Spherical Washer, PF 1-12', 21, 53, 62, 646, 2, 104, '', '', '2471.jpg', NULL, NULL, '0.00', 0),
(248, 5, 20, 'PRO-PF 1-13', 'Locking Washer, PF 1-13', 21, 53, 62, 647, 2, 104, '', '', '2481.jpg', NULL, NULL, '0.00', 0),
(249, 5, 20, 'PRO-PF 1-23', 'Spherical Piece, PF 1-23', 21, 53, 62, 650, 2, 104, '', '', '2491.jpg', NULL, NULL, '0.00', 0),
(250, 5, 20, 'PRO-PF 3-7', 'Spring Pin, PF 3-7', 21, 11, 62, 654, 2, 104, '', '', '2501.jpg', NULL, NULL, '0.00', 0),
(251, 5, 20, 'PRO-PF 5-5A', 'Nut, PF 5-5A', 21, 59, 63, 659, 2, 104, '', '', '2511.jpg', NULL, NULL, '0.00', 0),
(252, 5, 20, 'PRO-PF 5-5B', 'Nut, PF 5-5B', 21, 59, 62, 660, 2, 104, '', '', '2521.jpg', NULL, NULL, '0.00', 0),
(253, 5, 20, 'PRO-PF 5-13', 'Circlip, PF 5-13', 21, 59, 62, 662, 2, 104, '', '', '2531.jpg', NULL, NULL, '0.00', 0),
(254, 5, 20, 'PRO-PF 10-35', 'Self Lock Nut, PF 10-35', 21, 21, 62, 686, 2, 104, '', '', '2541.jpg', NULL, NULL, '0.00', 0),
(255, 5, 20, 'PRO-PF 30-7', 'Hexagonal Socket Screw Head, PF 30-7', 21, 30, 62, 792, 2, 104, '', '', '2551.jpg', NULL, NULL, '0.00', 0),
(256, 5, 20, 'PRO-PF 1-7', 'Tie Rod Nut, PF 1-7', 21, 53, 62, 641, 2, 103, '', '', '2561.jpg', NULL, NULL, '0.00', 0),
(257, 5, 20, 'PRO-PF 3-216', 'Small End Bearing, PF 3-216', 21, 11, 62, 655, 2, 103, '', '', '2571.jpg', NULL, NULL, '0.00', 0),
(258, 5, 20, 'PRO-PF 15-5', 'Exhaust Valve Seat, PF 15-5', 21, 49, 62, 692, 2, 103, '', '', '2581.jpg', NULL, NULL, '0.00', 0),
(259, 5, 20, 'PRO-PF 15-204', 'Inlet Valve Guide, PF 15-204', 21, 49, 62, 703, 2, 103, '', '', '2591.jpg', NULL, NULL, '0.00', 0),
(260, 5, 20, 'PRO-PF 35-5', 'Packing', 21, 0, 0, 0, 0, NULL, NULL, NULL, NULL, NULL, NULL, '0.00', 0),
(261, 5, 20, 'PRO-PF 128-41A', 'Bellows', 21, 0, 0, 975, 0, 0, '', '', '2611.jpg', NULL, NULL, '0.00', 0),
(262, 5, 20, 'PRO-PF 641-6', 'Cotter Pin, Size :  9mm x 160mm', 21, 0, 0, 993, 0, 0, '', '', '2621.jpg', NULL, NULL, '0.00', 0),
(263, 5, 20, 'PRO-PF 641-8', 'Cotter Pin', 21, 0, 0, 994, 0, 0, '', '', '2631.jpg', NULL, NULL, '0.00', 0),
(264, 5, 20, 'PRO-PF 641-9', 'Cotter Pin', 21, 0, 0, 995, 0, 0, '', '', '2641.jpg', NULL, NULL, '0.00', 0),
(265, 5, 20, 'PRO-PF 5-3A', 'Tie Rod', 21, 59, 0, 656, 2, 100, '', '', '2651.jpg', NULL, NULL, '0.00', 0),
(266, 5, 20, 'PRO-PF 5-3B', 'Tie Rod', 21, 59, 0, 657, 2, 100, '', '', '2661.jpg', NULL, NULL, '0.00', 0),
(267, 5, 20, 'PRO-PF 54-15', 'Spring (SEMT) ', 21, 0, 0, 931, 0, 0, '', '', '2671.jpg', NULL, NULL, '0.00', 0),
(268, 5, 20, 'PRO-PF 102-42', 'Inner Spring', 21, 0, 0, 956, 0, 0, '', '', '2681.jpg', NULL, NULL, '0.00', 0),
(269, 5, 20, 'ENG-PIE_1014', 'Tongued Washer (DxWxL) 18mmx15mmx50mm', 21, 0, 0, 0, 0, NULL, NULL, NULL, NULL, NULL, NULL, '0.00', 0),
(270, 5, 20, 'ENG-PIE_1015', 'Tongued Washer (DxWxL) 17mmx39mmx47mm', 21, 0, 0, 0, 0, NULL, NULL, NULL, NULL, NULL, NULL, '0.00', 0),
(271, 5, 20, 'ENG-PIE_1016', 'Tongued Washer (DxWxL) 13mmx33mmx48mm', 21, 0, 0, 0, 0, NULL, NULL, NULL, NULL, NULL, NULL, '0.00', 0),
(272, 5, 20, 'ENG-PIE_1017', 'Tongued Washer (DxWxL) 24mmx49mmx66mm', 21, 0, 0, 0, 0, NULL, NULL, NULL, NULL, NULL, NULL, '0.00', 0),
(273, 5, 20, 'ENG-PIE_1018', 'Tab Washer (DxWxL) 21mmx31mmx44mm)', 21, 0, 0, 0, 0, NULL, NULL, NULL, NULL, NULL, NULL, '0.00', 0),
(274, 5, 20, 'ENG-PIE_1019', 'Tab Washer (DxWxL) 13mmx26mmx39mm)', 21, 0, 0, 0, 0, NULL, NULL, NULL, NULL, NULL, NULL, '0.00', 0),
(275, 5, 20, 'ENG-PIE_1020', 'Tab Washer (DxWxL) 10mmx25mmx40mm)', 21, 0, 0, 0, 0, NULL, NULL, NULL, NULL, NULL, NULL, '0.00', 0),
(276, 5, 20, 'ENG-PIE_1021', 'Tab Washer (DxWxL) 17mmx34mmx55mm)', 21, 0, 0, 0, 0, NULL, NULL, NULL, NULL, NULL, NULL, '0.00', 0),
(277, 5, 20, 'ENG-PIE_1022', 'Lock Washer (DxW) 25mmx45mm', 21, 0, 0, 0, 0, NULL, NULL, NULL, NULL, NULL, NULL, '0.00', 0),
(278, 5, 20, 'ENG-PIE_1023', 'Circlip 59mmx67mm', 21, 0, 0, 0, 0, NULL, NULL, NULL, NULL, NULL, NULL, '0.00', 0),
(279, 5, 20, 'ENG-PIE_1024', 'Circlip 40mmx46mm', 21, 0, 0, 0, 0, NULL, NULL, NULL, NULL, NULL, NULL, '0.00', 0),
(280, 5, 20, 'ENG-PIE_1025', 'Circlip 48mmx55mm', 21, 0, 0, 0, 0, NULL, NULL, NULL, NULL, NULL, NULL, '0.00', 0),
(281, 5, 20, 'ENG-PIE_1026', 'Circlip 86mmx98mm', 21, 0, 0, 0, 0, NULL, NULL, NULL, NULL, NULL, NULL, '0.00', 0),
(282, 5, 20, 'ENG-PIE_1027', 'Retaining Ring 29mmx35mm', 21, 0, 0, 0, 0, NULL, NULL, NULL, NULL, NULL, NULL, '0.00', 0),
(283, 5, 20, 'ENG-PIE_1028', 'Retaining Ring 29mmx35mm', 21, 0, 0, 0, 0, NULL, NULL, NULL, NULL, NULL, NULL, '0.00', 0),
(284, 5, 20, 'ENG-PIE_1029', 'Retaining Ring 35mmx41mm', 21, 0, 0, 0, 0, NULL, NULL, NULL, NULL, NULL, NULL, '0.00', 0),
(285, 5, 20, 'ENG-PIE_1030', 'Retaining Ring 36mmx43mm', 21, 0, 0, 0, 0, NULL, NULL, NULL, NULL, NULL, NULL, '0.00', 0),
(286, 5, 20, 'ENG-PIE_1031', 'Retaining Ring 48mmx55mm', 21, 0, 0, 0, 0, NULL, NULL, NULL, NULL, NULL, NULL, '0.00', 0),
(287, 5, 20, 'ENG-PIE_1032', 'Retaining Ring 62mmx725mm', 21, 0, 0, 0, 0, NULL, NULL, NULL, NULL, NULL, NULL, '0.00', 0),
(288, 5, 20, 'ENG-PIE_1033', 'Retaining Ring 67mmx77mm', 21, 0, 0, 0, 0, NULL, NULL, NULL, NULL, NULL, NULL, '0.00', 0),
(289, 5, 20, 'PRO-PF 10-47', 'Square Packing', 21, 21, 0, 687, 2, 98, '', '', '2891.jpg', NULL, NULL, '0.00', 0),
(290, 5, 20, 'PRO-PF 20-9', 'Packing/Gasket', 21, 0, 0, 835, 0, 0, '', '', '2901.jpg', NULL, NULL, '0.00', 0),
(291, 5, 20, 'PRO-PF 30-36', 'Packing/Gasket/Joint', 21, 0, 0, 879, 0, 0, '', '', '2911.jpg', NULL, NULL, '0.00', 0),
(292, 5, 20, 'PRO-PF35-208', 'Packing/Joint for Valve Seat', 21, 0, 0, 910, 0, 0, '', '', '2921.jpg', NULL, NULL, '0.00', 0),
(293, 5, 20, 'PRO-PF 73-6', 'Packing/Gasket', 21, 0, 0, 942, 0, 0, '', '', '2931.jpg', NULL, NULL, '0.00', 0),
(294, 5, 20, 'PRO-PF 73-35', 'Packing/Joint for Cover', 21, 0, 0, 0, 0, NULL, NULL, NULL, NULL, NULL, NULL, '0.00', 0),
(295, 5, 20, 'PRO-PF 75-54', 'Packing/Gasket', 21, 0, 0, 944, 0, 0, '', '', '2951.jpg', NULL, NULL, '0.00', 0),
(296, 5, 20, 'PRO-PF 97-10A', 'Packing/Joint, PN 377880600 ( NIIGATA ) (SEMT)', 21, 0, 0, 0, 0, NULL, NULL, NULL, NULL, NULL, NULL, '0.00', 0),
(297, 5, 20, 'PRO-PF 97-13', 'Packing/Joint, PN 212249501 ( NIIGATA ) (SEMT)/Cover Plate for 8-10V', 21, 0, 0, 0, 0, NULL, NULL, NULL, NULL, NULL, NULL, '0.00', 0),
(298, 5, 20, 'PRO-PF 100-360', 'Packing/Gasket', 21, 0, 0, 955, 0, 0, '', '', '2981.jpg', NULL, NULL, '0.00', 0),
(299, 5, 20, 'PRO-PF 103-24', 'Packing / Gasket / Joint', 21, 0, 0, 969, 0, 0, '', '', '2991.jpg', NULL, NULL, '0.00', 0),
(300, 5, 20, 'PRO-PF 125-24', 'Packing/Gasket', 21, 0, 0, 970, 0, 0, '', '', '3001.jpg', NULL, NULL, '0.00', 0),
(301, 5, 20, 'PRO-PF 128-22A', 'Packing, PN 312362200 (SEMT)', 21, 0, 0, 972, 0, 0, '', '', '3011.jpg', NULL, NULL, '0.00', 0),
(302, 5, 20, 'PRO-PF 128-22B', 'Packing, (Fabricated) (NKK)', 21, 0, 0, 973, 0, 0, '', '', '3021.jpg', NULL, NULL, '0.00', 0),
(303, 5, 20, 'PRO-PF 135-113', 'Packing/Gasket', 21, 0, 0, 980, 0, 0, '', '', '3031.jpg', NULL, NULL, '0.00', 0),
(304, 5, 20, 'PRO-PF 102-77', 'Spring Collar', 21, 0, 0, 960, 0, 0, '', '', '3041.jpg', NULL, NULL, '0.00', 0),
(305, 5, 20, 'PRO-PF 32-51', 'Plug, PF 32-51', 21, 113, 62, 756, 2, 96, '', '', '3051.jpg', NULL, NULL, '0.00', 0),
(306, 5, 20, 'PRO-PF 32-942', 'Tongued Washer, PF 32-942', 21, 113, 62, 741, 2, 96, '', '', '3061.jpg', NULL, NULL, '0.00', 0),
(307, 5, 20, 'PRO-PF 40-16A', 'Washer (Thick), PF 40-16A', 21, 14, 62, 743, 2, 96, '', '', '3071.jpg', NULL, NULL, '0.00', 0),
(308, 5, 20, 'PRO-PF 40-16B', 'Washer (Thin), PF 40-16B', 21, 14, 62, 742, 2, 96, '', '', '3081.jpg', NULL, NULL, '0.00', 0),
(309, 5, 20, 'PRO-PF 52-31', 'Screw Locker, PF 52-31', 21, 77, 62, 736, 2, 96, '', '', NULL, NULL, NULL, '0.00', 0),
(310, 5, 20, 'PRO-PF 54-32', 'Screw /Bolt, PF 54-32', 21, 66, 62, 769, 2, 93, '', '', '3101.jpg', NULL, NULL, '0.00', 0),
(311, 5, 20, 'PRO-PF 54-111', 'Plunger / Piston of Pilot Valve, PF 54-111', 21, 66, 62, 722, 2, 96, '', '', '3111.jpg', NULL, NULL, '0.00', 0),
(312, 5, 20, 'PRO-PF 54-112', 'Push Rod, PF 54-112', 21, 66, 62, 770, 2, 96, '', '', '3121.jpg', NULL, NULL, '0.00', 0),
(314, 5, 20, 'PRO-PF 54-117', 'Pin, PF 54-117', 21, 66, 62, 761, 2, 96, '', '', '3141.jpg', NULL, NULL, '0.00', 0),
(315, 5, 20, 'PRO-PF 54-118', 'Clamp Plate/ Half Ring, PF 54-118', 21, 66, 62, 720, 2, 96, '', '', '3151.jpg', NULL, NULL, '0.00', 0),
(316, 5, 20, 'PRO-PF 54-121', 'Bush, PF 54-121', 21, 66, 62, 723, 2, 96, '', '', '3161.jpg', NULL, NULL, '0.00', 0),
(317, 5, 20, 'PRO-PF 54-129', 'Screw / Bolt, PF 54-129', 21, 66, 62, 737, 2, 96, '', '', '3171.jpg', NULL, NULL, '0.00', 0),
(318, 5, 20, 'PRO-PF 54-210', 'Drain Valve, PF 54-210', 21, 66, 62, 726, 2, 96, '', '', '3181.jpg', NULL, NULL, '0.00', 0),
(319, 5, 20, 'PRO-PF 59-9A', 'Spring, PF 59-9A', 21, 58, 62, 745, 2, 96, '', '', '3191.jpg', NULL, NULL, '0.00', 0),
(320, 5, 20, 'PRO-PF 59-14A', 'Shaft/Spindle, PF 59-14A', 21, 58, 62, 754, 2, 96, '', '', '3201.jpg', NULL, NULL, '0.00', 0),
(321, 5, 20, 'PRO-PF 60-14', 'Copper Packing, PF 60-14', 21, 46, 62, 765, 2, 95, '', '', NULL, NULL, NULL, '0.00', 0),
(322, 5, 20, 'PRO-PF 60-19', 'Bush', 21, 0, 0, 935, 0, 0, '', '', '3221.jpg', NULL, NULL, '0.00', 0),
(323, 5, 20, 'PRO-PF 62-17', 'Collar, PF 62-17', 21, 44, 62, 746, 2, 96, '', '', '3231.jpg', NULL, NULL, '0.00', 0),
(324, 5, 20, 'PRO-PF 65-8', 'Bush, PF 65-8', 21, 3, 62, 727, 2, 96, '', '', '3241.jpg', NULL, NULL, '0.00', 0),
(325, 5, 20, 'PRO-PF 65-12', 'Copper Packing, PF 65-12', 21, 3, 62, 728, 2, 96, '', '', '3251.jpg', NULL, NULL, '0.00', 0),
(326, 5, 20, 'PRO-PF 71-14', 'Fitted Bolt / Reamer Bolt PF 71-14', 21, 89, 62, 729, 2, 96, '', '', '3261.jpg', NULL, NULL, '0.00', 0),
(327, 5, 20, 'PRO-PF 71-17', 'Slotted Nut, PF 71-17', 21, 89, 62, 730, 2, 96, '', '', '3271.jpg', NULL, NULL, '0.00', 0),
(328, 5, 20, 'PRO-PF 73-17', 'Split Pin, PF 73-17', 21, 55, 62, 748, 2, 96, '', '', '3281.jpg', NULL, NULL, '0.00', 0),
(329, 5, 20, 'PRO-PF 73-22', 'Connector / Joint, PF 73-22', 21, 55, 62, 749, 2, 96, '', '', '3291.jpg', NULL, NULL, '0.00', 0),
(330, 5, 20, 'PRO-PF 73-37', 'Spring Pin, PF 73-37', 21, 55, 62, 750, 2, 96, '', '', NULL, NULL, NULL, '0.00', 0),
(331, 5, 20, 'PRO-PF 75-91', 'O-ring 001, PF 75-91', 21, 92, 62, 755, 2, 95, '', '', NULL, NULL, NULL, '0.00', 0),
(332, 5, 20, 'PRO-PF 82-7', 'Split Pin, PF 82-7', 21, 4, 62, 747, 2, 96, '', '', '3321.jpg', NULL, NULL, '0.00', 0),
(333, 5, 20, 'PRO-PF 96-5', 'Lubrication Piece/Oil Intake Pin, PF 96-5', 21, 72, 62, 775, 2, 95, '', '', '3331.jpg', NULL, NULL, '0.00', 0),
(334, 5, 20, 'PRO-PF 96-317', 'Tongued Washer, PF 96-317', 21, 99, 62, 778, 2, 95, '', '', '3341.jpg', NULL, NULL, '0.00', 0),
(335, 5, 20, 'PRO-PF 102-52', 'Pin, PF 102-52', 21, 123, 62, 783, 2, 96, '', '', '3351.jpg', NULL, NULL, '0.00', 0),
(336, 5, 20, 'PRO-PF 102-53', 'Connection Piece / End Piece', 21, 0, 0, 957, 0, 0, '', '', '3361.jpg', NULL, NULL, '0.00', 0),
(337, 5, 20, 'PRO-PF 102-56', 'Bush (Copper), PF 102-56', 21, 123, 62, 784, 2, 96, '', '', '3371.jpg', NULL, NULL, '0.00', 0),
(338, 5, 20, 'PRO-PF 102-67', 'Connection Piece, PF 102-67', 21, 123, 62, 779, 2, 95, '', '', '3381.jpg', NULL, NULL, '0.00', 0),
(339, 5, 20, 'PRO-PF 102-84', 'Split Pin, PF 102-84', 21, 123, 62, 787, 2, 95, '', '', NULL, NULL, NULL, '0.00', 0),
(340, 5, 20, 'PRO-PF 102-87', 'Nut (Lock), PF 102-87', 21, 123, 62, 785, 2, 96, '', '', '3401.jpg', NULL, NULL, '0.00', 0),
(341, 5, 20, 'PRO-PF 102-89', 'Split Pin, PF 102-89', 21, 123, 62, 788, 2, 95, '', '', '3411.jpg', NULL, NULL, '0.00', 0),
(342, 5, 20, 'PRO-PF 102-118', 'Dowel Pin / Linkage Pin, PF 102-118', 21, 123, 62, 786, 2, 96, '', '', NULL, NULL, NULL, '0.00', 0),
(343, 5, 20, 'PRO-PF 102-205', 'Bolt, PF 102-205', 21, 123, 62, 780, 2, 95, '', '', '3431.jpg', NULL, NULL, '0.00', 0),
(344, 5, 20, 'PRO-PF 102-214', 'Circlip, PF 102-214', 21, 0, 62, 781, 2, 95, '', '', '3441.jpg', NULL, NULL, '0.00', 0),
(345, 5, 20, 'PRO-PF 102-308', 'Shaft, PF 102-308', 21, 123, 62, 782, 2, 95, '', '', '3451.jpg', NULL, NULL, '0.00', 0),
(346, 5, 20, 'PRO-PF 103-35', 'Packing / Felt Packing, PF 103-35', 21, 128, 62, 772, 2, 96, '', '', NULL, NULL, NULL, '0.00', 0),
(347, 5, 20, 'PRO-PF 103-37', 'Packing / Felt Packing, PF 103-37', 21, 128, 62, 771, 2, 96, '', '', NULL, NULL, NULL, '0.00', 0),
(348, 5, 20, 'PRO-PF 125-50', 'Self Lock Nut, PF 125-50', 21, 88, 62, 789, 2, 95, '', '', '3481.jpg', NULL, NULL, '0.00', 0),
(349, 5, 20, 'PRO-PF 136-421', 'Bolt, PF 136-421', 21, 37, 62, 773, 2, 95, '', '', '3491.jpg', NULL, NULL, '0.00', 0),
(350, 5, 20, 'PRO-PF 142-280', 'Hexagonal Socket Head Screw/ Socket Head Bolt, PF 142-280', 21, 15, 62, 777, 2, 95, '', '', '3501.jpg', NULL, NULL, '0.00', 0),
(351, 5, 20, 'PRO-PF 1-16', 'Circlip, PF 1-16', 21, 53, 62, 648, 2, 94, '', '', '3511.jpg', NULL, NULL, '0.00', 0),
(352, 5, 20, 'PRO-PF 1-18', 'Tab Washer, PF 1-18', 21, 53, 62, 649, 2, 94, '', '', '3521.jpg', NULL, NULL, '0.00', 0),
(353, 5, 20, 'PRO-PF 1-24A', 'Dowel Pin, PF 1-24A', 21, 53, 62, 651, 2, 94, '', '', '3531.jpg', NULL, NULL, '0.00', 0),
(354, 5, 20, 'PRO-PF 1-24B', 'Dowel Pin, PF 1-24B', 21, 53, 62, 790, 2, 104, '', '', NULL, NULL, NULL, '0.00', 0),
(355, 5, 20, 'PRO-PF 5-106', 'Positioning Dowel, PF 5-106', 21, 59, 62, 667, 2, 94, '', '', '3551.jpg', NULL, NULL, '0.00', 0),
(356, 5, 20, 'PRO-PF 8-9A', 'Spring Pin, PF 8-9A', 21, 22, 62, 669, 2, 94, '', '', '3561.jpg', NULL, NULL, '0.00', 0),
(357, 5, 20, 'PRO-PF 8-9B', 'Spring Pin, PF 8-9B', 21, 22, 62, 670, 2, 94, '', '', '3571.jpg', NULL, NULL, '0.00', 0),
(358, 5, 20, 'PRO-PF 16-4', 'Tongued Washer, PF 16-4', 21, 36, 62, 711, 2, 94, '', '', '3581.jpg', NULL, NULL, '0.00', 0),
(359, 5, 20, 'PRO-PF 16-5', 'Split Pin, PF 16-5', 21, 36, 62, 712, 2, 93, '', '', '3591.jpg', NULL, NULL, '0.00', 0),
(360, 5, 20, 'PRO-PF 16-6', 'Packing / Special Joint, PF 16-6', 21, 36, 62, 766, 2, 94, '', '', '3601.jpg', NULL, NULL, '0.00', 0),
(361, 5, 20, 'PRO-PF 16-15', 'Bolt, PF 16-15', 21, 36, 49, 713, 2, 92, '', '', '3611.jpg', NULL, NULL, '0.00', 0),
(362, 5, 20, 'PRO-PF 16-103', 'Bush, PF 16-103', 21, 36, 62, 714, 2, 94, '', '', '3621.jpg', NULL, NULL, '0.00', 0),
(363, 5, 20, 'PRO-PF 16-113', 'Push Rod / Valve Rod, (Stem), PF 16-113', 21, 36, 62, 715, 2, 94, '', '', '3631.jpg', NULL, NULL, '0.00', 0),
(364, 5, 20, 'PRO-PF 16-120', 'Dowel Pin / Locating Pin, PF 16-120', 21, 36, 62, 716, 2, 92, '', '', '3641.jpg', NULL, NULL, '0.00', 0),
(365, 5, 20, 'PRO-PF 17-110', 'Bolt, PF 17-110', 21, 135, 62, 752, 2, 94, '', '', '3651.jpg', NULL, NULL, '0.00', 0),
(366, 5, 20, 'PRO-PF 17-118', 'Spring Collar, PF 17-118', 21, 64, 62, 721, 2, 94, '', '', '3661.jpg', NULL, NULL, '0.00', 0),
(367, 5, 20, 'PRO-PF 17-216', 'Spacing Washer, PF 17-216', 21, 64, 62, 762, 2, 94, '', '', '3671.jpg', NULL, NULL, '0.00', 0),
(368, 5, 20, 'PRO-PF 18-14', 'Split Pin, PF 18-14', 21, 70, 62, 731, 2, 94, '', '', '3681.jpg', NULL, NULL, '0.00', 0),
(369, 5, 20, 'PRO-PF 18-61A', 'Slotted Nut, PF 18-61A', 21, 70, 62, 794, 2, 94, '', '', '3691.jpg', NULL, NULL, '0.00', 0),
(370, 5, 20, 'PRO-PF 18-62', 'Tab Washer / Tongued Washer, PF 18-62', 21, 70, 62, 732, 2, 94, '', '', '3701.jpg', NULL, NULL, '0.00', 0),
(371, 5, 20, 'PRO-PF 30-9', 'Delivery Valve Spring, PF 30-9', 21, 30, 62, 739, 2, 92, '', '', '3711.jpg', NULL, NULL, '0.00', 0),
(372, 5, 20, 'PRO-PF 20-13', 'Slotted Set Screw, PF 20-13', 21, 81, 62, 764, 2, 93, '', '', '3721.jpg', NULL, NULL, '0.00', 0),
(373, 5, 20, 'PRO-PF 20-47', 'Tounged Washer / Lockwasher, PF 20-47', 21, 81, 62, 751, 2, 93, '', '', '3731.jpg', NULL, NULL, '0.00', 0),
(374, 5, 20, 'PRO-PF 20-174', 'Tappet Rod, PF 20-174', 21, 81, 62, 753, 2, 93, '', '', '3741.jpg', NULL, NULL, '0.00', 0),
(375, 5, 20, 'PRO-PF 20-175', 'Snap Ring (circlip), PF 20-175', 21, 81, 62, 717, 2, 93, '', '', '3751.jpg', NULL, NULL, '0.00', 0),
(376, 5, 20, 'PRO-PF 20-175B', 'Snap Ring (circlip)', 21, 0, 0, 0, 0, NULL, NULL, NULL, NULL, NULL, NULL, '0.00', 0),
(377, 5, 20, 'PRO-PF 22-7', 'Washer, PF 22-7', 21, 82, 62, 757, 2, 93, '', '', '3771.jpg', NULL, NULL, '0.00', 0),
(378, 5, 20, 'PRO-PF 30-Inlet', 'Pin, PF 30-Inlet', 21, 30, 62, 744, 2, 93, '', '', '3781.jpg', NULL, NULL, '0.00', 0),
(379, 5, 20, 'PRO-PF 30-2', 'Threaded Taper Pin, PF 30-2', 21, 30, 62, 733, 2, 92, '', '', '3791.jpg', NULL, NULL, '0.00', 0),
(380, 5, 20, 'PRO-PF 30-8', 'Delivery Valve, PF 30-8', 21, 30, 62, 734, 2, 93, '', '', '3801.jpg', NULL, NULL, '0.00', 0),
(381, 5, 20, 'PRO-PF 30-10', 'Valve Stopper, PF 30-10', 21, 30, 62, 735, 2, 93, '', '', '3811.jpg', NULL, NULL, '0.00', 0),
(382, 5, 20, 'PRO-PF 30-18', 'Upper Spring Collar, PF 30-18', 21, 30, 62, 776, 2, 93, '', '', '3821.jpg', NULL, NULL, '0.00', 0),
(383, 5, 20, 'PRO-PF 30-25', 'Oil Cap/ Plug, PF 30-25', 21, 30, 62, 740, 2, 93, '', '', '3831.jpg', NULL, NULL, '0.00', 0),
(384, 5, 20, 'PRO-PF 30-31', 'Positioning Screw / Special Screw, PF 30-31', 21, 30, 62, 719, 2, 93, '', '', '3841.jpg', NULL, NULL, '0.00', 0),
(385, 5, 20, 'PRO-PF 32-18', 'Sleeve/Locating Bush, PF 32-18', 21, 113, 62, 718, 2, 93, '', '', '3851.jpg', NULL, NULL, '0.00', 0),
(386, 5, 20, 'PRO-PF 32-30', 'Bush', 21, 0, 0, 0, 0, NULL, NULL, NULL, NULL, NULL, NULL, '0.00', 0),
(387, 5, 20, 'PRO-PF 32-117A', 'Tapered Pin, stainless, PF 32-117A', 21, 113, 62, 758, 2, 93, '', '', '3871.jpg', NULL, NULL, '0.00', 0),
(388, 5, 20, 'PRO-PF 32-117B', 'Tapered Pin, Ordinary, PF 32-117B', 21, 113, 62, 759, 2, 93, '', '', '3881.jpg', NULL, NULL, '0.00', 0),
(389, 5, 20, 'PRO-PF 15-43', 'CirClip, PF 15-43', 21, 49, 62, 699, 2, 94, '', '', '3891.jpg', NULL, NULL, '0.00', 0),
(390, 5, 20, 'PRO-PF 15-63', 'Spring Pin, PF 15-63', 21, 49, 62, 700, 2, 94, '', '', '3901.jpg', NULL, NULL, '0.00', 0),
(391, 5, 20, 'PRO-PF 15-HSG', 'Ring Housing, PF 15-HSG', 21, 49, 62, 691, 2, 94, '', '', '3911.jpg', NULL, NULL, '0.00', 0),
(392, 5, 20, 'PRO-PF 15-39A', 'Split Collar / Conical clam, PF 15-39A', 21, 49, 62, 696, 2, 94, '', '', '3921.jpg', NULL, NULL, '0.00', 0),
(393, 5, 20, 'PRO-PF 15-39B', 'Split Collar / Conical clam, PF 15-39B', 21, 49, 62, 697, 2, 94, '', '', '3931.jpg', NULL, NULL, '0.00', 0),
(394, 5, 20, 'PRO-PF 19-6A', 'Valve Rod (Valve Stem), PF 19-6A', 21, 48, 62, 767, 2, 93, '', '', '3941.jpg', NULL, NULL, '0.00', 0),
(395, 5, 20, 'PRO-PF 19-6B', 'Valve Rod (Valve Stem), PF 19-6B', 21, 48, 62, 768, 2, 93, '', '', '3951.jpg', NULL, NULL, '0.00', 0),
(396, 5, 20, 'PRO-PF 19-7', 'Valve/Needle Valve, PF 19-7', 21, 48, 62, 763, 2, 93, '', '', '3961.jpg', NULL, NULL, '0.00', 0),
(397, 5, 20, 'PRO-PF 10-13', 'Square Packing / Gasket', 21, 0, 0, 811, 0, 0, '', '', '3971.jpg', NULL, NULL, '0.00', 0),
(398, 5, 20, 'PRO-PF 30-112', 'Packing/Gasket ', 21, 0, 0, 880, 0, 0, '', '', '3981.jpg', NULL, NULL, '0.00', 0),
(399, 5, 20, 'PRO-PF 40-5', 'Packing/Gasket', 21, 0, 0, 914, 0, 0, '', '', '3991.jpg', NULL, NULL, '0.00', 0),
(400, 5, 20, 'PRO-PF 40-14', 'Packing / Gasket', 21, 0, 0, 912, 0, 0, '', '', '4001.jpg', NULL, NULL, '0.00', 0),
(401, 5, 20, 'PRO-PF - WIC', 'Packing / Gasket', 21, 0, 0, 922, 0, 0, '', '', '4011.jpg', NULL, NULL, '0.00', 0),
(402, 5, 20, 'PRO-PF 5-20', 'Top Ring, PF 5-20', 21, 59, 62, 663, 2, 88, '', '', '4021.jpg', NULL, NULL, '0.00', 0),
(403, 5, 20, 'PRO-PF 15-Rotocap', 'Rotocap Head', 21, 0, 0, 0, 0, NULL, NULL, NULL, NULL, NULL, NULL, '0.00', 0),
(404, 5, 20, 'PRO-PF 15-nut', 'Rotocap Nut', 21, 0, 0, 0, 0, NULL, NULL, NULL, NULL, NULL, NULL, '0.00', 0),
(405, 5, 20, 'PRO-PF 130-Bellows (sm)', 'Return Pipe Bellows (sm)', 21, 0, 0, 0, 0, NULL, NULL, NULL, NULL, NULL, NULL, '0.00', 0),
(406, 5, 20, 'PRO-PF 130-Bellows (big)', 'Jacket Water Pipe Bellows (big)', 21, 0, 0, 0, 0, NULL, NULL, NULL, NULL, NULL, NULL, '0.00', 0),
(407, 5, 20, 'PRO-PF 35-201', 'Crank Case Door', 21, 0, 0, 0, 0, NULL, NULL, NULL, NULL, NULL, NULL, '0.00', 0),
(408, 5, 20, 'PRO-PF 5-11', 'Piston Pin', 21, 59, 0, 661, 2, 85, '', '', '4081.jpg', NULL, NULL, '0.00', 0),
(409, 5, 20, 'PRO-PF 20-164', 'Exhaust Rocker Arm', 21, 0, 0, 839, 0, 0, '', '', '4091.jpg', NULL, NULL, '0.00', 0),
(410, 5, 20, 'PRO-PF 20-301', 'Roller Guide Box', 21, 0, 0, 840, 0, 0, '', '', '4101.jpg', NULL, NULL, '0.00', 0),
(411, 5, 20, 'PRO-PF 20-445', 'Rocker Arm Bracket', 21, 0, 0, 846, 0, 0, '', '', '4111.jpg', NULL, NULL, '0.00', 0),
(412, 5, 20, 'PRO-PF 20-901', 'Roller Guide Box', 21, 0, 0, 847, 0, 0, '', '', '4121.jpg', NULL, NULL, '0.00', 0),
(413, 5, 20, 'PRO-PF 30-1', 'Pump Body', 21, 0, 0, 870, 0, 0, '', '', '4131.jpg', NULL, NULL, '0.00', 0),
(414, 5, 20, 'PRO-PF 1-4A', 'Bottom Half Shell (1.5 mm)', 21, 0, 0, 803, 0, 0, '', '', '4141.jpg', NULL, NULL, '0.00', 0),
(415, 5, 20, 'PRO-PF 1-6A', 'Top Half Shell (1.5 mm)', 21, 0, 0, 804, 0, 0, '', '', '4151.jpg', NULL, NULL, '0.00', 0),
(416, 5, 20, 'PRO-PF 1-4B', 'Bottom Half Shell (2mm )', 21, 0, 0, 0, 0, NULL, NULL, NULL, NULL, NULL, NULL, '0.00', 0),
(417, 5, 20, 'PRO-PF 1-6B', 'Top Half Shell (2mm )', 21, 0, 0, 0, 0, NULL, NULL, NULL, NULL, NULL, NULL, '0.00', 0),
(418, 5, 20, 'PRO-PF 1-4C', 'Bottom Half Shell (3 mm )', 21, 0, 0, 0, 0, NULL, NULL, NULL, NULL, NULL, NULL, '0.00', 0),
(419, 5, 20, 'PRO-PF 1-6C', 'Top Half Shell (3 mm)', 21, 0, 0, 0, 0, NULL, NULL, NULL, NULL, NULL, NULL, '0.00', 0),
(420, 5, 20, 'PRO-PF 1-4D', 'Bottom Half Shell (4mm )', 21, 0, 0, 0, 0, NULL, NULL, NULL, NULL, NULL, NULL, '0.00', 0),
(421, 5, 20, 'PRO-PF 1-6D', 'Top Half Shell (4 mm)', 21, 0, 0, 0, 0, NULL, NULL, NULL, NULL, NULL, NULL, '0.00', 0),
(422, 5, 20, 'PRO-PF 1-4E', 'Bottom Half Shell (6 mm)', 21, 0, 0, 0, 0, NULL, NULL, NULL, NULL, NULL, NULL, '0.00', 0),
(423, 5, 20, 'PRO-PF 1-6E', 'Top Half Shell (6 mm)', 21, 0, 0, 0, 0, NULL, NULL, NULL, NULL, NULL, NULL, '0.00', 0),
(424, 5, 20, 'PRO-PF 1-4F', 'Bottom Half Shell (7 mm)', 21, 0, 0, 0, 0, NULL, NULL, NULL, NULL, NULL, NULL, '0.00', 0),
(425, 5, 20, 'PRO-PF 1-6F', 'Top Half Shell (7 mm)', 21, 0, 0, 0, 0, NULL, NULL, NULL, NULL, NULL, NULL, '0.00', 0),
(426, 5, 20, 'ENG-PIE_1034', 'Oring (D-65 mm, T-5 mm)', 21, 0, 0, 0, 0, NULL, NULL, NULL, NULL, NULL, NULL, '0.00', 0),
(427, 5, 20, 'ENG-PIE_1035', 'Oring (D-102 mm, T- 5 mm)', 21, 0, 0, 0, 0, NULL, NULL, NULL, NULL, NULL, NULL, '0.00', 0),
(428, 5, 20, 'ENG-PIE_1036', 'Oring (D-177 mm, T- 7 mm)', 21, 0, 0, 0, 0, NULL, NULL, NULL, NULL, NULL, NULL, '0.00', 0),
(429, 5, 20, 'ENG-PIE_1037', 'Oring (D-163 mm, T- 8 mm)', 21, 0, 0, 0, 0, NULL, NULL, NULL, NULL, NULL, NULL, '0.00', 0);
INSERT INTO `items` (`item_id`, `category_id`, `subcat_id`, `original_pn`, `item_name`, `unit_id`, `group_id`, `location_id`, `bin_id`, `warehouse_id`, `rack_id`, `barcode`, `expiration`, `picture1`, `picture2`, `picture3`, `min_qty`, `damage`) VALUES
(430, 5, 20, 'PRO-PF 3-3A', 'Bottom Half Shell (0.5 mm)', 21, 0, 0, 806, 0, 0, '', '', '4301.jpg', NULL, NULL, '0.00', 0),
(431, 5, 20, 'PRO-PF 3-4A', 'Top Half Shell (0.5 mm)', 21, 0, 0, 807, 0, 0, '', '', '4311.jpg', NULL, NULL, '0.00', 0),
(432, 5, 20, 'PRO-PF 3-3B', 'Bottom Half Shell (1 mm)', 21, 0, 0, 0, 0, NULL, NULL, NULL, NULL, NULL, NULL, '0.00', 0),
(433, 5, 20, 'PRO-PF 3-4B', 'Top Half Shell (1 mm)', 21, 0, 0, 0, 0, NULL, NULL, NULL, NULL, NULL, NULL, '0.00', 0),
(434, 5, 20, 'PRO-PF 3-3C', 'Bottom Half Shell (2 mm)', 21, 0, 0, 0, 0, NULL, NULL, NULL, NULL, NULL, NULL, '0.00', 0),
(435, 5, 20, 'PRO-PF 3-4C', 'Top Half Shell (2 mm)', 21, 0, 0, 0, 0, NULL, NULL, NULL, NULL, NULL, NULL, '0.00', 0),
(436, 5, 20, 'PRO-PF 3-3D', 'Bottom Half Shell (3 mm)', 21, 0, 0, 0, 0, NULL, NULL, NULL, NULL, NULL, NULL, '0.00', 0),
(437, 5, 20, 'PRO-PF 3-4D', 'Top Half Shell (3 mm)', 21, 0, 0, 0, 0, NULL, NULL, NULL, NULL, NULL, NULL, '0.00', 0),
(438, 5, 20, 'PRO-PF 54-122', 'Pin, PF 54-122', 21, 133, 62, 738, 2, 94, '', '', '4381.jpg', NULL, NULL, '0.00', 0),
(439, 5, 20, 'PRO-PF 20-14', 'Tab Washer', 21, 0, 0, 0, 0, NULL, NULL, NULL, NULL, NULL, NULL, '0.00', 0),
(440, 5, 20, 'PRO-PF 42-6', 'O-ring', 21, 0, 0, 0, 0, NULL, NULL, NULL, NULL, NULL, NULL, '0.00', 0),
(441, 5, 20, 'PRO-PF 15-29', 'O - ring', 21, 0, 0, 0, 0, NULL, NULL, NULL, NULL, NULL, NULL, '0.00', 0),
(442, 5, 20, 'PRO-PF 16-13', 'O-ring', 21, 0, 0, 802, 0, 0, '', '', NULL, NULL, NULL, '0.00', 0),
(443, 5, 20, 'PRO-PF 20-330', 'O-ring (SEMT)', 21, 0, 0, 0, 0, NULL, NULL, NULL, NULL, NULL, NULL, '0.00', 0),
(444, 5, 20, 'PRO-PF 30-6', 'O-ring, 59.69 mm x 5.33 mm', 21, 0, 0, 0, 0, NULL, NULL, NULL, NULL, NULL, NULL, '0.00', 0),
(445, 5, 20, 'PRO-PF 18-11', 'O-ring', 21, 0, 0, 810, 0, 0, '', '', NULL, NULL, NULL, '0.00', 0),
(446, 5, 20, 'PRO-PF 22-332', 'O-ring, 56.52MM dia x 5.33 mm dia (Valve Gear)', 21, 0, 0, 0, 0, NULL, NULL, NULL, NULL, NULL, NULL, '0.00', 0),
(447, 5, 20, 'PRO-PF 40-4', 'O-ring', 21, 0, 0, 0, 0, NULL, NULL, NULL, NULL, NULL, NULL, '0.00', 0),
(448, 5, 20, 'PRO-PF 40-7', 'O-ring, 26 mm x 7 mm', 21, 0, 0, 0, 0, NULL, NULL, NULL, NULL, NULL, NULL, '0.00', 0),
(449, 5, 20, 'PRO-PF 20-335', 'O-ring', 21, 0, 0, 0, 0, NULL, NULL, NULL, NULL, NULL, NULL, '0.00', 0),
(450, 5, 20, 'PRO-PF 22-328', 'Cap', 21, 0, 0, 865, 0, 0, '', '', '4501.jpg', NULL, NULL, '0.00', 0),
(451, 5, 20, 'PRO-PF 42-5', 'O-ring, 34.52mm dia x 3.53mm dia', 21, 0, 0, 0, 0, NULL, NULL, NULL, NULL, NULL, NULL, '0.00', 0),
(452, 5, 20, 'PRO-PF 42-8', 'O-ring', 21, 0, 0, 0, 0, NULL, NULL, NULL, NULL, NULL, NULL, '0.00', 0),
(453, 5, 20, 'PRO-PF 54-135', 'O-ring (SEMT)', 21, 0, 0, 0, 0, NULL, NULL, NULL, NULL, NULL, NULL, '0.00', 0),
(454, 5, 20, 'PRO-PF 54-136', 'O-ring (SEMT)', 21, 0, 0, 0, 0, NULL, NULL, NULL, NULL, NULL, NULL, '0.00', 0),
(455, 5, 20, 'PRO-PF 73-39', 'Wire', 21, 0, 0, 0, 0, NULL, NULL, NULL, NULL, NULL, NULL, '0.00', 0),
(456, 5, 20, 'PRO-PF 52-44', 'O-ring', 21, 0, 0, 0, 0, NULL, NULL, NULL, NULL, NULL, NULL, '0.00', 0),
(457, 5, 20, 'PRO-PF 52-ORING', 'Oring ', 21, 0, 0, 0, 0, NULL, NULL, NULL, NULL, NULL, NULL, '0.00', 0),
(458, 5, 20, 'PRO-PF 60-28', 'O-ring  ', 21, 0, 0, 0, 0, NULL, NULL, NULL, NULL, NULL, NULL, '0.00', 0),
(459, 5, 20, 'PRO-PF 65-317', 'Oring', 21, 0, 0, 0, 0, NULL, NULL, NULL, NULL, NULL, NULL, '0.00', 0),
(460, 5, 20, 'PRO-PF 73-38', 'V Packing', 21, 0, 0, 0, 0, NULL, NULL, NULL, NULL, NULL, NULL, '0.00', 0),
(461, 5, 20, 'PRO-PF 75-210', 'O-ring', 21, 0, 0, 0, 0, NULL, NULL, NULL, NULL, NULL, NULL, '0.00', 0),
(462, 5, 20, 'PRO-PF 103-36', 'O-ring', 21, 0, 0, 0, 0, NULL, NULL, NULL, NULL, NULL, NULL, '0.00', 0),
(463, 5, 20, 'PRO-PF 134-194A', 'O-ring', 21, 0, 0, 0, 0, NULL, NULL, NULL, NULL, NULL, NULL, '0.00', 0),
(464, 5, 20, 'PRO-PF 136-83A', 'O-ring', 21, 0, 0, 0, 0, NULL, NULL, NULL, NULL, NULL, NULL, '0.00', 0),
(465, 5, 20, 'PRO-PF 1-14', 'O-ring, 29.74 mm x 3.53 mm (old type)', 21, 0, 0, 0, 0, NULL, NULL, NULL, NULL, NULL, NULL, '0.00', 0),
(466, 5, 20, 'PRO-PF 1-15', 'O-ring, 85.4 mm x 5.33 mm', 21, 0, 0, 0, 0, NULL, NULL, NULL, NULL, NULL, NULL, '0.00', 0),
(467, 5, 20, 'PRO-PF 15-00', 'Gasket (O-ring)', 21, 0, 0, 0, 0, NULL, NULL, NULL, NULL, NULL, NULL, '0.00', 0),
(468, 5, 20, 'PRO-PF 17-111', 'O-ring ', 21, 0, 0, 805, 0, 0, '', '', NULL, NULL, NULL, '0.00', 0),
(469, 5, 20, 'PRO-PF 17-112', 'O-ring, 40.64 mm x 3.53 mm', 21, 0, 0, 0, 0, NULL, NULL, NULL, NULL, NULL, NULL, '0.00', 0),
(470, 5, 20, 'PRO-PF 18-57', 'O-ring, 40.64 x 3.53mm', 21, 0, 0, 0, 0, NULL, NULL, NULL, NULL, NULL, NULL, '0.00', 0),
(471, 5, 20, 'PRO-PF 18-58', 'O-ring, 64.77mm dia x 2.62mm dia', 21, 0, 0, 0, 0, NULL, NULL, NULL, NULL, NULL, NULL, '0.00', 0),
(472, 5, 20, 'PRO-PF 18-59', 'O-ring, 39.9 x 5.4mm', 21, 0, 0, 0, 0, NULL, NULL, NULL, NULL, NULL, NULL, '0.00', 0),
(473, 5, 20, 'PRO-PF 20-347', 'O-ring (SEMT)', 21, 0, 0, 0, 0, NULL, NULL, NULL, NULL, NULL, NULL, '0.00', 0),
(474, 5, 20, 'PRO-PF 32-60', 'O-ring', 21, 0, 0, 0, 0, NULL, NULL, NULL, NULL, NULL, NULL, '0.00', 0),
(475, 5, 20, 'PRO-PF 82-8', 'Oil Seal, 64 x 80 x 13', 21, 0, 0, 0, 0, NULL, NULL, NULL, NULL, NULL, NULL, '0.00', 0),
(476, 5, 20, 'PRO-PF 22-105-8', 'O-ring', 21, 0, 0, 0, 0, NULL, NULL, NULL, NULL, NULL, NULL, '0.00', 0),
(477, 5, 20, 'PRO-PF 22-15', 'O-ring', 21, 0, 0, 0, 0, NULL, NULL, NULL, NULL, NULL, NULL, '0.00', 0),
(478, 5, 20, 'PRO-PF 16-12', 'O-ring', 21, 0, 0, 801, 0, 0, '', '', NULL, NULL, NULL, '0.00', 0),
(479, 5, 20, 'PRO-PF 92-520', 'Gasket', 21, 0, 0, 0, 0, NULL, NULL, NULL, NULL, NULL, NULL, '0.00', 0),
(480, 5, 20, 'PRO-PF 40-119A', 'O-ring (New)', 21, 0, 0, 0, 0, NULL, NULL, NULL, NULL, NULL, NULL, '0.00', 0),
(481, 5, 20, 'PRO-PF 40-119 B', 'O-ring (Old)', 21, 0, 0, 0, 0, NULL, NULL, NULL, NULL, NULL, NULL, '0.00', 0),
(482, 5, 20, 'PRO-PF 71-27', 'O-ring', 21, 0, 0, 0, 0, NULL, NULL, NULL, NULL, NULL, NULL, '0.00', 0),
(483, 5, 20, 'PRO-PF 22-3', 'Packing', 21, 0, 0, 0, 0, NULL, NULL, NULL, NULL, NULL, NULL, '0.00', 0),
(484, 5, 20, 'PRO-PF 5-7', 'O-ring, 339 mm x 5 mm', 21, 0, 0, 0, 0, NULL, NULL, NULL, NULL, NULL, NULL, '0.00', 0),
(485, 5, 20, 'PRO-PF 8-5', 'O-ring', 21, 19, 0, 858, 0, 0, '', '', NULL, NULL, NULL, '0.00', 0),
(486, 5, 20, 'PRO-PF 30-14A (NEW)', 'O-ring', 21, 0, 0, 0, 0, NULL, NULL, NULL, NULL, NULL, NULL, '0.00', 0),
(487, 5, 20, 'PRO-PF 30-14b (Old)', 'Oring ', 21, 0, 0, 0, 0, NULL, NULL, NULL, NULL, NULL, NULL, '0.00', 0),
(488, 5, 20, 'PRO-PF 128-29A', 'Bolt', 21, 0, 0, 974, 0, 0, '', '', '4881.jpg', NULL, NULL, '0.00', 0),
(489, 5, 20, 'PRO-PF 10-229', 'Cap Nut', 21, 21, 0, 688, 2, 64, '', '', '4891.jpg', NULL, NULL, '0.00', 0),
(490, 5, 20, 'PRO-PF 15-31/910A', 'Upper/Lower Guide Bush', 21, 0, 0, 0, 0, NULL, NULL, NULL, NULL, NULL, NULL, '0.00', 0),
(491, 5, 20, 'PRO-PF 15-31/910B', 'Upper/Lower Guide Bush', 21, 0, 0, 0, 0, NULL, NULL, NULL, NULL, NULL, NULL, '0.00', 0),
(492, 5, 20, 'PRO-PF 1-1', 'Bearing / Bearing Body', 21, 0, 0, 0, 0, NULL, NULL, NULL, NULL, NULL, NULL, '0.00', 0),
(493, 5, 20, 'PRO-PF 1-2', 'Bearing Cap', 21, 0, 0, 0, 0, NULL, NULL, NULL, NULL, NULL, NULL, '0.00', 0),
(494, 5, 20, 'PRO-PF 1-17', 'Bolt', 21, 53, 0, 851, 0, 0, '', '', NULL, NULL, NULL, '0.00', 0),
(495, 5, 20, 'PRO-PF 1-19', 'Screw / Side Bolt', 21, 0, 0, 0, 0, NULL, NULL, NULL, NULL, NULL, NULL, '0.00', 0),
(496, 5, 20, 'PRO-PF 1-20', 'Plug, PF 1-20', 21, 53, 0, 1014, 0, 0, '', '', NULL, NULL, NULL, '0.00', 0),
(497, 5, 20, 'PRO-PF 1-21', 'Copper Packing', 21, 53, 0, 852, 0, 0, '', '', NULL, NULL, NULL, '0.00', 0),
(498, 5, 20, 'PRO-PF 1-22', 'Locking Wire', 21, 0, 0, 0, 0, NULL, NULL, NULL, NULL, NULL, NULL, '0.00', 0),
(499, 5, 20, 'PRO-PF 1-25', 'Spring Pin', 21, 53, 0, 853, 0, 0, '', '', NULL, NULL, NULL, '0.00', 0),
(500, 5, 20, 'PRO-PF 1-26', 'Split Pin  ', 21, 0, 0, 0, 0, NULL, NULL, NULL, NULL, NULL, NULL, '0.00', 0),
(501, 5, 20, 'PRO-PF 1-27', 'O-ring, 49.4mm dia. X 3.1mm dia.', 21, 0, 0, 0, 0, NULL, NULL, NULL, NULL, NULL, NULL, '0.00', 0),
(502, 5, 20, 'PRO-PF 1-114', 'Joint Ring, Small, JIS P-28 (P/N A60100280)', 21, 0, 0, 0, 0, NULL, NULL, NULL, NULL, NULL, NULL, '0.00', 0),
(503, 5, 20, 'PRO-PF 1-115', 'Joint Ring, Large, JIS P-80 (P/N A6010080)', 21, 0, 0, 0, 0, NULL, NULL, NULL, NULL, NULL, NULL, '0.00', 0),
(504, 5, 20, 'PRO-PF 3-1', 'Connecting Rod', 21, 0, 0, 0, 0, NULL, NULL, NULL, NULL, NULL, NULL, '0.00', 0),
(505, 5, 20, 'PRO-PF 3-2', 'Cap / Big End Cap', 21, 0, 0, 0, 0, NULL, NULL, NULL, NULL, NULL, NULL, '0.00', 0),
(506, 5, 20, 'PRO-PF 5-1', 'Piston Skirt', 21, 59, 0, 856, 0, 0, '', '', NULL, NULL, NULL, '0.00', 0),
(507, 5, 20, 'PRO-PF 5-2', 'Piston Crown', 21, 0, 0, 0, 0, NULL, NULL, NULL, NULL, NULL, NULL, '0.00', 0),
(508, 5, 20, 'PRO-PF 5-6', 'Dowel Pin /Positioning Pin', 21, 0, 0, 809, 0, 0, '', '', '5081.jpg', NULL, NULL, '0.00', 0),
(509, 5, 20, 'PRO-PF 5-12', 'Tube', 21, 0, 0, 0, 0, NULL, NULL, NULL, NULL, NULL, NULL, '0.00', 0),
(510, 5, 20, 'PRO-PF 5-14', 'O-ring, 46.99mm x 8mm', 21, 0, 0, 0, 0, NULL, NULL, NULL, NULL, NULL, NULL, '0.00', 0),
(511, 5, 20, 'PRO-PF 5-15', 'Circlip', 21, 59, 0, 857, 0, 0, '', '', NULL, NULL, NULL, '0.00', 0),
(512, 5, 20, 'PRO-PF 5-101', 'Piston Skirt', 21, 0, 0, 0, 0, NULL, NULL, NULL, NULL, NULL, NULL, '0.00', 0),
(513, 5, 20, 'PRO-PF 5-102', 'Piston Crown', 21, 0, 0, 0, 0, NULL, NULL, NULL, NULL, NULL, NULL, '0.00', 0),
(514, 5, 20, 'PRO-PF 5-103', 'Tie Bolt (SEMT)', 21, 0, 0, 0, 0, NULL, NULL, NULL, NULL, NULL, NULL, '0.00', 0),
(515, 5, 20, 'PRO-PF 5-104', 'Shim Spacer', 21, 0, 0, 0, 0, NULL, NULL, NULL, NULL, NULL, NULL, '0.00', 0),
(516, 5, 20, 'PRO-PF 5-105', 'Nut (SEMT)', 21, 0, 0, 0, 0, NULL, NULL, NULL, NULL, NULL, NULL, '0.00', 0),
(517, 5, 20, 'PRO-PF 5-107', 'O - ring', 21, 0, 0, 0, 0, NULL, NULL, NULL, NULL, NULL, NULL, '0.00', 0),
(518, 5, 20, 'PRO-PF 8-1', 'Cylinder Liner', 21, 0, 0, 0, 0, NULL, NULL, NULL, NULL, NULL, NULL, '0.00', 0),
(519, 5, 20, 'PRO-PF 8-2', 'Water Jacket', 21, 0, 0, 0, 0, NULL, NULL, NULL, NULL, NULL, NULL, '0.00', 0),
(520, 5, 20, 'PRO-PF 8-3', 'Tie Rod', 21, 0, 0, 0, 0, NULL, NULL, NULL, NULL, NULL, NULL, '0.00', 0),
(521, 5, 20, 'PRO-PF 8-6', 'O-ring', 21, 19, 0, 859, 0, 0, '', '', NULL, NULL, NULL, '0.00', 0),
(522, 5, 20, 'PRO-PF 8-7', 'Protecting Nut', 21, 0, 0, 0, 0, NULL, NULL, NULL, NULL, NULL, NULL, '0.00', 0),
(523, 5, 20, 'PRO-PF 8-11', 'Gasket', 21, 19, 0, 907, 0, 0, '', '', NULL, NULL, NULL, '0.00', 0),
(524, 5, 20, 'PRO-PF 8-12', 'Protecting Nut/Pin', 21, 0, 0, 0, 0, NULL, NULL, NULL, NULL, NULL, NULL, '0.00', 0),
(525, 5, 20, 'PRO-PF 8-13 (SEMT)', 'Stud Bolt Protecting', 21, 0, 0, 0, 0, NULL, NULL, NULL, NULL, NULL, NULL, '0.00', 0),
(526, 5, 20, 'PRO-PF 8-14 (SEMT)', 'Locking', 21, 0, 0, 0, 0, NULL, NULL, NULL, NULL, NULL, NULL, '0.00', 0),
(527, 5, 20, 'PRO-PF 8-15 (SEMT)', 'Sealing Product', 21, 0, 0, 0, 0, NULL, NULL, NULL, NULL, NULL, NULL, '0.00', 0),
(528, 5, 20, 'PRO-PF 10-1', 'Cylinder Head ', 21, 0, 0, 0, 0, NULL, NULL, NULL, NULL, NULL, NULL, '0.00', 0),
(529, 5, 20, 'PRO-PF 10-3', 'Square Packing', 21, 0, 0, 0, 0, NULL, NULL, NULL, NULL, NULL, NULL, '0.00', 0),
(530, 5, 20, 'PRO-PF 10-20', 'Gasket (Copper)', 21, 0, 0, 0, 0, NULL, NULL, NULL, NULL, NULL, NULL, '0.00', 0),
(531, 5, 20, 'PRO-PF 10-22', 'Copper Packing', 21, 21, 0, 1006, 0, 0, '', '', NULL, NULL, NULL, '0.00', 0),
(532, 5, 20, 'PRO-PF 10-24', 'Copper Packing', 21, 21, 0, 1007, 0, 0, '', '', NULL, NULL, NULL, '0.00', 0),
(533, 5, 20, 'PRO-PF 10-32', 'Short Tie Rod', 21, 0, 0, 0, 0, NULL, NULL, NULL, NULL, NULL, NULL, '0.00', 0),
(534, 5, 20, 'PRO-PF 10-33', 'Short Spacer', 21, 0, 0, 0, 0, NULL, NULL, NULL, NULL, NULL, NULL, '0.00', 0),
(535, 5, 20, 'PRO-PF 10-34', 'Taper Pin/Locating Pin', 21, 0, 0, 0, 0, NULL, NULL, NULL, NULL, NULL, NULL, '0.00', 0),
(536, 5, 20, 'PRO-PF 10-51', 'Copper Packing, PF 10-51', 21, 21, 0, 1012, 0, 0, '', '', NULL, NULL, NULL, '0.00', 0),
(537, 5, 20, 'PRO-PF 10-102', 'Cover', 21, 0, 0, 0, 0, NULL, NULL, NULL, NULL, NULL, NULL, '0.00', 0),
(538, 5, 20, 'PRO-PF 10-109', 'Screw', 21, 0, 0, 0, 0, NULL, NULL, NULL, NULL, NULL, NULL, '0.00', 0),
(539, 5, 20, 'PRO-PF 10-110', 'Locking', 21, 0, 0, 0, 0, NULL, NULL, NULL, NULL, NULL, NULL, '0.00', 0),
(540, 5, 20, 'PRO-PF 10-112', 'Cover', 21, 0, 0, 0, 0, NULL, NULL, NULL, NULL, NULL, NULL, '0.00', 0),
(541, 5, 20, 'PRO-PF 10-118', 'Plug (M16)', 21, 0, 0, 0, 0, NULL, NULL, NULL, NULL, NULL, NULL, '0.00', 0),
(542, 5, 20, 'PRO-PF 10-120', 'Plug (M30)', 21, 0, 0, 0, 0, NULL, NULL, NULL, NULL, NULL, NULL, '0.00', 0),
(543, 5, 20, 'PRO-PF 10-122', 'Plug (M48)', 21, 0, 0, 0, 0, NULL, NULL, NULL, NULL, NULL, NULL, '0.00', 0),
(544, 5, 20, 'PRO-PF 10-124', 'Plug (M60)', 21, 0, 0, 0, 0, NULL, NULL, NULL, NULL, NULL, NULL, '0.00', 0),
(545, 5, 20, 'PRO-PF 10-146', 'Cover', 21, 0, 0, 0, 0, NULL, NULL, NULL, NULL, NULL, NULL, '0.00', 0),
(546, 5, 20, 'PRO-PF 15-GA', 'Guide Adaptor', 21, 0, 0, 0, 0, NULL, NULL, NULL, NULL, NULL, NULL, '0.00', 0),
(547, 5, 20, 'PRO-PF 15-Guide', 'Exhaust Valve Guide "Left"', 21, 0, 0, 0, 0, NULL, NULL, NULL, NULL, NULL, NULL, '0.00', 0),
(548, 5, 20, 'PRO-PF 15-LVG', 'Lower Valve Guide', 21, 0, 0, 0, 0, NULL, NULL, NULL, NULL, NULL, NULL, '0.00', 0),
(549, 5, 20, 'PRO-PF 15-Piston', 'Piston Ring', 21, 0, 0, 0, 0, NULL, NULL, NULL, NULL, NULL, NULL, '0.00', 0),
(550, 5, 20, 'PRO-PF 15-1', 'Inlet Valve', 21, 0, 0, 0, 0, NULL, NULL, NULL, NULL, NULL, NULL, '0.00', 0),
(551, 5, 20, 'PRO-PF 15-6', 'Exhaust Valve Cage, Right', 21, 0, 0, 0, 0, NULL, NULL, NULL, NULL, NULL, NULL, '0.00', 0),
(552, 5, 20, 'PRO-PF 15-8', 'Plug', 21, 0, 0, 0, 0, NULL, NULL, NULL, NULL, NULL, NULL, '0.00', 0),
(553, 5, 20, 'PRO-PF 15-9', 'Locking', 21, 0, 0, 0, 0, NULL, NULL, NULL, NULL, NULL, NULL, '0.00', 0),
(554, 5, 20, 'PRO-PF 15-11', 'Upper Guide Bush', 21, 0, 0, 0, 0, NULL, NULL, NULL, NULL, NULL, NULL, '0.00', 0),
(555, 5, 20, 'PRO-PF 15-12', 'Exhaust Valve Guide (Right)', 21, 0, 0, 0, 0, NULL, NULL, NULL, NULL, NULL, NULL, '0.00', 0),
(556, 5, 20, 'PRO-PF 15-13', 'Exhaust Valve Guide (Left)', 21, 0, 0, 0, 0, NULL, NULL, NULL, NULL, NULL, NULL, '0.00', 0),
(557, 5, 20, 'PRO-PF 15-20', 'O-ring, PF 15-20', 21, 49, 0, 1021, 0, 0, '', '', NULL, NULL, NULL, '0.00', 0),
(558, 5, 20, 'PRO-PF 15-28', 'O-ring, PF 15-28', 21, 49, 0, 1022, 0, 0, '', '', NULL, NULL, NULL, '0.00', 0),
(559, 5, 20, 'PRO-PF 15-31', 'Upper Guide Bush, PF 15-31', 21, 49, 0, 798, 0, 0, '', '', NULL, NULL, NULL, '0.00', 0),
(560, 5, 20, 'PRO-PF 15-33', 'Plug', 21, 0, 0, 0, 0, NULL, NULL, NULL, NULL, NULL, NULL, '0.00', 0),
(561, 5, 20, 'PRO-PF 15-34', 'Locking', 21, 0, 0, 0, 0, NULL, NULL, NULL, NULL, NULL, NULL, '0.00', 0),
(562, 5, 20, 'PRO-PF 15-37', 'Locking Socket', 21, 0, 0, 0, 0, NULL, NULL, NULL, NULL, NULL, NULL, '0.00', 0),
(563, 5, 20, 'PRO-PF 15-64', 'Ring/Clamp', 21, 0, 0, 0, 0, NULL, NULL, NULL, NULL, NULL, NULL, '0.00', 0),
(564, 5, 20, 'PRO-PF 15-70', 'Collre', 21, 0, 0, 0, 0, NULL, NULL, NULL, NULL, NULL, NULL, '0.00', 0),
(565, 5, 20, 'PRO-PF 15-104', 'Inlet Valve Guide', 21, 0, 0, 0, 0, NULL, NULL, NULL, NULL, NULL, NULL, '0.00', 0),
(566, 5, 20, 'PRO-PF 15-110', 'Lower Bush  ', 21, 0, 0, 0, 0, NULL, NULL, NULL, NULL, NULL, NULL, '0.00', 0),
(567, 5, 20, 'PRO-PF 15-401', 'Inlet Valve Spindle', 21, 0, 0, 0, 0, NULL, NULL, NULL, NULL, NULL, NULL, '0.00', 0),
(568, 5, 20, 'PRO-PF 15-740 (old)', 'Valve Rotator/Rotocap/Turnomat', 21, 0, 0, 0, 0, NULL, NULL, NULL, NULL, NULL, NULL, '0.00', 0),
(569, 5, 20, 'PRO-PF 15-740/46', 'Valve Rotator, Turnomat w/ Guide Adaptor', 21, 0, 0, 0, 0, NULL, NULL, NULL, NULL, NULL, NULL, '0.00', 0),
(570, 5, 20, 'ENG-PIE_1038', 'Valve Rotator, Turnomat w/o Guide Adaptor', 21, 0, 0, 0, 0, NULL, NULL, NULL, NULL, NULL, NULL, '0.00', 0),
(571, 5, 20, 'PRO-PF 15-741', 'Rotocap Body', 21, 49, 0, 705, 2, 108, '', '', '5711.jpg', NULL, NULL, '0.00', 0),
(572, 5, 20, 'PRO-PF 15-742', 'Rotocap Retainer', 21, 0, 0, 0, 0, NULL, NULL, NULL, NULL, NULL, NULL, '0.00', 0),
(573, 5, 20, 'PRO-PF 15-743', 'Rotocap Plate Spring', 21, 0, 0, 0, 0, NULL, NULL, NULL, NULL, NULL, NULL, '0.00', 0),
(574, 5, 20, 'PRO-PF 15-744', 'Rotocap Spring', 21, 0, 0, 0, 0, NULL, NULL, NULL, NULL, NULL, NULL, '0.00', 0),
(575, 5, 20, 'PRO-PF 15-745', 'Rotocap Circlip', 21, 0, 0, 0, 0, NULL, NULL, NULL, NULL, NULL, NULL, '0.00', 0),
(576, 5, 20, 'PRO-PF 15-746', 'Rotocap Ball', 21, 0, 0, 0, 0, NULL, NULL, NULL, NULL, NULL, NULL, '0.00', 0),
(577, 5, 20, 'PRO-PF 15-910', 'Lower Guide Bush', 21, 0, 0, 0, 0, NULL, NULL, NULL, NULL, NULL, NULL, '0.00', 0),
(578, 5, 20, 'PRO-PF 16-Assy/R', 'Fuel Injector Assembly (Recondition)', 21, 0, 0, 0, 0, NULL, NULL, NULL, NULL, NULL, NULL, '0.00', 0),
(579, 5, 20, 'PRO-PF 16-00', 'Gasket, 7.2 x 14 x 2.6', 21, 0, 0, 0, 0, NULL, NULL, NULL, NULL, NULL, NULL, '0.00', 0),
(580, 5, 20, 'PRO-PF 16-9', 'Needle Valve', 21, 36, 0, 799, 0, 0, '', '', NULL, NULL, NULL, '0.00', 0),
(581, 5, 20, 'PRO-PF 16-9/160/R', 'Needle Valve/Nozzle  (Recondition)', 21, 0, 0, 0, 0, NULL, NULL, NULL, NULL, NULL, NULL, '0.00', 0),
(582, 5, 20, 'PRO-PF 16-9/160', 'Needle Valve/Nozzle', 21, 0, 0, 0, 0, NULL, NULL, NULL, NULL, NULL, NULL, '0.00', 0),
(583, 5, 20, 'PRO-PF 16-16', 'Tongued Washer', 21, 0, 0, 0, 0, NULL, NULL, NULL, NULL, NULL, NULL, '0.00', 0),
(584, 5, 20, 'PRO-PF 16-160', 'Injector Nozzle (0.60)', 21, 0, 0, 0, 0, NULL, NULL, NULL, NULL, NULL, NULL, '0.00', 0),
(585, 5, 20, 'PRO-PF 16-165', 'Injector Nozzle (0.65)', 21, 0, 0, 0, 0, NULL, NULL, NULL, NULL, NULL, NULL, '0.00', 0),
(586, 5, 20, 'PRO-PF 17-11', 'O-ring', 21, 0, 0, 0, 0, NULL, NULL, NULL, NULL, NULL, NULL, '0.00', 0),
(587, 5, 20, 'PRO-PF 17-27', 'Plug', 21, 0, 0, 0, 0, NULL, NULL, NULL, NULL, NULL, NULL, '0.00', 0),
(588, 5, 20, 'PRO-PF 17-31', 'O-ring, 59.69 x 5.33mm', 21, 0, 0, 0, 0, NULL, NULL, NULL, NULL, NULL, NULL, '0.00', 0),
(589, 5, 20, 'PRO-PF 17-113', 'Copper Packing, 38 mm x 30.5 mm x 2 mmT', 21, 0, 0, 0, 0, NULL, NULL, NULL, NULL, NULL, NULL, '0.00', 0),
(590, 5, 20, 'PRO-PF 17-114', 'Locking Wire', 21, 0, 0, 0, 0, NULL, NULL, NULL, NULL, NULL, NULL, '0.00', 0),
(591, 5, 20, 'PRO-PF 17-121', 'Spring Pin', 21, 0, 0, 0, 0, NULL, NULL, NULL, NULL, NULL, NULL, '0.00', 0),
(592, 5, 20, 'PRO-PF 17-126', 'Plug', 21, 0, 0, 0, 0, NULL, NULL, NULL, NULL, NULL, NULL, '0.00', 0),
(593, 5, 20, 'PRO-PF 17-219', 'Valve', 21, 135, 0, 808, 0, 0, '', '', NULL, NULL, NULL, '0.00', 0),
(594, 5, 20, 'PRO-PF 18-1', 'Valve Body', 21, 0, 0, 0, 0, NULL, NULL, NULL, NULL, NULL, NULL, '0.00', 0),
(595, 5, 20, 'PRO-PF 18-2', 'Valve', 21, 0, 0, 0, 0, NULL, NULL, NULL, NULL, NULL, NULL, '0.00', 0),
(596, 5, 20, 'PRO-PF 18-3', 'Flange', 21, 0, 0, 0, 0, NULL, NULL, NULL, NULL, NULL, NULL, '0.00', 0),
(597, 5, 20, 'PRO-PF 18-4', 'Cap', 21, 0, 0, 0, 0, NULL, NULL, NULL, NULL, NULL, NULL, '0.00', 0),
(598, 5, 20, 'PRO-PF 18-5', 'Piston', 21, 0, 0, 0, 0, NULL, NULL, NULL, NULL, NULL, NULL, '0.00', 0),
(599, 5, 20, 'PRO-PF 18-6', 'Spring', 21, 0, 0, 0, 0, NULL, NULL, NULL, NULL, NULL, NULL, '0.00', 0),
(600, 5, 20, 'PRO-PF 18-7', 'Adjusting Washer', 21, 0, 0, 0, 0, NULL, NULL, NULL, NULL, NULL, NULL, '0.00', 0),
(601, 5, 20, 'PRO-PF 18-8', 'Cover', 21, 0, 0, 0, 0, NULL, NULL, NULL, NULL, NULL, NULL, '0.00', 0),
(602, 5, 20, 'PRO-PF 18-9', 'Slotted Nut', 21, 0, 0, 0, 0, NULL, NULL, NULL, NULL, NULL, NULL, '0.00', 0),
(603, 5, 20, 'PRO-PF 18-10', 'Positioning Pin', 21, 0, 0, 0, 0, NULL, NULL, NULL, NULL, NULL, NULL, '0.00', 0),
(604, 5, 20, 'PRO-PF 18-12', 'Copper Packing', 21, 0, 0, 0, 0, NULL, NULL, NULL, NULL, NULL, NULL, '0.00', 0),
(605, 5, 20, 'PRO-PF 18-13', 'Copper Packing', 21, 0, 0, 0, 0, NULL, NULL, NULL, NULL, NULL, NULL, '0.00', 0),
(606, 5, 20, 'PRO-PF 18-15', 'Circlip', 21, 0, 0, 0, 0, NULL, NULL, NULL, NULL, NULL, NULL, '0.00', 0),
(607, 5, 20, 'PRO-PF 18-17', 'Cup Packing', 21, 0, 0, 0, 0, NULL, NULL, NULL, NULL, NULL, NULL, '0.00', 0),
(608, 5, 20, 'PRO-PF 18-18', 'Washer', 21, 0, 0, 0, 0, NULL, NULL, NULL, NULL, NULL, NULL, '0.00', 0),
(609, 5, 20, 'PRO-PF 18-19', 'Plug', 21, 0, 0, 0, 0, NULL, NULL, NULL, NULL, NULL, NULL, '0.00', 0),
(610, 5, 20, 'PRO-PF 18-20', 'Copper Packing', 21, 0, 0, 0, 0, NULL, NULL, NULL, NULL, NULL, NULL, '0.00', 0),
(611, 5, 20, 'PRO-PF 18-21', 'Plug', 21, 0, 0, 0, 0, NULL, NULL, NULL, NULL, NULL, NULL, '0.00', 0),
(612, 5, 20, 'PRO-PF 18-56', 'Bolt', 21, 0, 0, 0, 0, NULL, NULL, NULL, NULL, NULL, NULL, '0.00', 0),
(613, 5, 20, 'PRO-PF 18-60', 'Split Pin', 21, 0, 0, 812, 0, 0, '', '', NULL, NULL, NULL, '0.00', 0),
(614, 5, 20, 'PRO-PF 18-64', 'Split Pin 4mm x 323mm', 21, 0, 0, 0, 0, NULL, NULL, NULL, NULL, NULL, NULL, '0.00', 0),
(615, 5, 20, 'PRO-PF 18-81', 'Protector', 21, 0, 0, 0, 0, NULL, NULL, NULL, NULL, NULL, NULL, '0.00', 0),
(616, 5, 20, 'PRO-PF 19-2', 'Pressure Pipe', 21, 0, 0, 0, 0, NULL, NULL, NULL, NULL, NULL, NULL, '0.00', 0),
(617, 5, 20, 'PRO-PF 19-3', 'Guide Out', 21, 0, 0, 0, 0, NULL, NULL, NULL, NULL, NULL, NULL, '0.00', 0),
(618, 5, 20, 'PRO-PF 19-4', 'Needle', 21, 0, 0, 0, 0, NULL, NULL, NULL, NULL, NULL, NULL, '0.00', 0),
(619, 5, 20, 'PRO-PF 19-5', 'Valve Holder', 21, 0, 0, 814, 0, 0, '', '', NULL, NULL, NULL, '0.00', 0),
(620, 5, 20, 'PRO-PF 19-8', 'Pipe Support', 21, 0, 0, 0, 0, NULL, NULL, NULL, NULL, NULL, NULL, '0.00', 0),
(621, 5, 20, 'PRO-PF 19-9', 'Nut', 21, 0, 0, 0, 0, NULL, NULL, NULL, NULL, NULL, NULL, '0.00', 0),
(622, 5, 20, 'PRO-PF 19-10', 'Spring Washer', 21, 0, 0, 0, 0, NULL, NULL, NULL, NULL, NULL, NULL, '0.00', 0),
(623, 5, 20, 'PRO-PF 19-11', 'Copper Packing, 28.5mm x 36mm x 2mm', 21, 0, 0, 0, 0, NULL, NULL, NULL, NULL, NULL, NULL, '0.00', 0),
(624, 5, 20, 'PRO-PF 19-12', 'Handle', 21, 0, 0, 815, 0, 0, '', '', NULL, NULL, NULL, '0.00', 0),
(625, 5, 20, 'PRO-PF 19-13', 'Locking Washer', 21, 0, 0, 0, 0, NULL, NULL, NULL, NULL, NULL, NULL, '0.00', 0),
(626, 5, 20, 'PRO-PF 19-14', 'Copper Packing, 30.5mm x 20.5mm x 1mm', 21, 0, 0, 0, 0, NULL, NULL, NULL, NULL, NULL, NULL, '0.00', 0),
(627, 5, 20, 'PRO-PF 19-15', 'Pipe', 21, 0, 0, 0, 0, NULL, NULL, NULL, NULL, NULL, NULL, '0.00', 0),
(628, 5, 20, 'PRO-PF 19-16', 'Cutted Ring', 21, 0, 0, 0, 0, NULL, NULL, NULL, NULL, NULL, NULL, '0.00', 0),
(629, 5, 20, 'PRO-PF 19-17', 'Chain', 21, 0, 0, 0, 0, NULL, NULL, NULL, NULL, NULL, NULL, '0.00', 0),
(630, 5, 20, 'PRO-PF 19-18', 'Gasket  (Copper)', 21, 0, 0, 0, 0, NULL, NULL, NULL, NULL, NULL, NULL, '0.00', 0),
(631, 5, 20, 'PRO-PF 19-19', 'Gasket', 21, 0, 0, 0, 0, NULL, NULL, NULL, NULL, NULL, NULL, '0.00', 0),
(632, 5, 20, 'PRO-PF 19-20', 'Washer', 21, 0, 0, 0, 0, NULL, NULL, NULL, NULL, NULL, NULL, '0.00', 0),
(633, 5, 20, 'PRO-PF 19-21', 'Steel Wire', 21, 0, 0, 0, 0, NULL, NULL, NULL, NULL, NULL, NULL, '0.00', 0),
(634, 5, 20, 'PRO-PF 19-22', 'Bolt/Set Screw', 21, 48, 0, 1013, 0, 0, '', '', NULL, NULL, NULL, '0.00', 0),
(635, 5, 20, 'PRO-PF 19-23', 'Locking Wire', 21, 0, 0, 0, 0, NULL, NULL, NULL, NULL, NULL, NULL, '0.00', 0),
(636, 5, 20, 'PRO-PF 19-24', 'Stay', 21, 0, 0, 0, 0, NULL, NULL, NULL, NULL, NULL, NULL, '0.00', 0),
(637, 5, 20, 'PRO-PF 19-25', 'Band/Nut', 21, 0, 0, 0, 0, NULL, NULL, NULL, NULL, NULL, NULL, '0.00', 0),
(638, 5, 20, 'PRO-PF 19-26', 'Bolt', 21, 0, 0, 0, 0, NULL, NULL, NULL, NULL, NULL, NULL, '0.00', 0),
(639, 5, 20, 'PRO-PF 19-27', 'Nut', 21, 0, 0, 0, 0, NULL, NULL, NULL, NULL, NULL, NULL, '0.00', 0),
(640, 5, 20, 'PRO-PF 19-28', 'Moricot (HSC) GR19 PN28/Molykote', 21, 0, 0, 0, 0, NULL, NULL, NULL, NULL, NULL, NULL, '0.00', 0),
(641, 5, 20, 'PRO-PF 19-29', 'Spring', 21, 0, 0, 0, 0, NULL, NULL, NULL, NULL, NULL, NULL, '0.00', 0),
(642, 5, 20, 'PRO-PF 19-30', 'Cap', 21, 0, 0, 0, 0, NULL, NULL, NULL, NULL, NULL, NULL, '0.00', 0),
(643, 5, 20, 'PRO-PF 19-101', 'Valve Body', 21, 0, 0, 831, 0, 0, '', '', '6431.jpg', NULL, NULL, '0.00', 0),
(644, 5, 20, 'PRO-PF 19-101-1', 'Body ', 21, 0, 0, 0, 0, NULL, NULL, NULL, NULL, NULL, NULL, '0.00', 0),
(645, 5, 20, 'PRO-PF 19-101-2', 'Valve Stem', 21, 0, 0, 0, 0, NULL, NULL, NULL, NULL, NULL, NULL, '0.00', 0),
(646, 5, 20, 'PRO-PF 19-101-3', 'Valve Guide', 21, 0, 0, 0, 0, NULL, NULL, NULL, NULL, NULL, NULL, '0.00', 0),
(647, 5, 20, 'PRO-PF 19-101-4', 'Valve Seat', 21, 0, 0, 0, 0, NULL, NULL, NULL, NULL, NULL, NULL, '0.00', 0),
(648, 5, 20, 'PRO-PF 19-101-5', 'Nut', 21, 0, 0, 0, 0, NULL, NULL, NULL, NULL, NULL, NULL, '0.00', 0),
(649, 5, 20, 'PRO-PF 19-101-6', 'Washer', 21, 0, 0, 0, 0, NULL, NULL, NULL, NULL, NULL, NULL, '0.00', 0),
(650, 5, 20, 'PRO-PF 19-101-7', 'Handle', 21, 0, 0, 0, 0, NULL, NULL, NULL, NULL, NULL, NULL, '0.00', 0),
(651, 5, 20, 'PRO-PF 19-101-8', 'Spring Washer', 21, 0, 0, 0, 0, NULL, NULL, NULL, NULL, NULL, NULL, '0.00', 0),
(652, 5, 20, 'PRO-PF 19-101-9', 'Packing', 21, 0, 0, 0, 0, NULL, NULL, NULL, NULL, NULL, NULL, '0.00', 0),
(653, 5, 20, 'PRO-PF 19-101-10', 'Flange', 21, 0, 0, 0, 0, NULL, NULL, NULL, NULL, NULL, NULL, '0.00', 0),
(654, 5, 20, 'PRO-PF 19-101-11', 'Packing', 21, 0, 0, 0, 0, NULL, NULL, NULL, NULL, NULL, NULL, '0.00', 0),
(655, 5, 20, 'PRO-PF 19-101-12', 'Nut', 21, 0, 0, 0, 0, NULL, NULL, NULL, NULL, NULL, NULL, '0.00', 0),
(656, 5, 20, 'PRO-PF 19-101-13', 'Spring', 21, 0, 0, 0, 0, NULL, NULL, NULL, NULL, NULL, NULL, '0.00', 0),
(657, 5, 20, 'PRO-PF 20-1', 'Bush for Inlet rocker shaft', 21, 0, 0, 0, 0, NULL, NULL, NULL, NULL, NULL, NULL, '0.00', 0),
(658, 5, 20, 'PRO-PF 20-7', 'Roller Pin', 21, 0, 0, 0, 0, NULL, NULL, NULL, NULL, NULL, NULL, '0.00', 0),
(659, 5, 20, 'PRO-PF 20-19', 'Bolt', 21, 0, 0, 0, 0, NULL, NULL, NULL, NULL, NULL, NULL, '0.00', 0),
(660, 5, 20, 'PRO-PF 20-45', 'Dowel Pin', 21, 0, 0, 0, 0, NULL, NULL, NULL, NULL, NULL, NULL, '0.00', 0),
(661, 5, 20, 'PRO-PF 20-46', 'Nut', 21, 0, 0, 0, 0, NULL, NULL, NULL, NULL, NULL, NULL, '0.00', 0),
(662, 5, 20, 'PRO-PF 20-52', 'Taper Pin', 21, 0, 0, 0, 0, NULL, NULL, NULL, NULL, NULL, NULL, '0.00', 0),
(663, 5, 20, 'PRO-PF 20-56', 'Plate/Flange', 21, 0, 0, 0, 0, NULL, NULL, NULL, NULL, NULL, NULL, '0.00', 0),
(664, 5, 20, 'PRO-PF 20-69', 'Bush for Exhaust Rocker shaft', 21, 0, 0, 0, 0, NULL, NULL, NULL, NULL, NULL, NULL, '0.00', 0),
(665, 5, 20, 'PRO-PF 20-74', 'Nut', 21, 0, 0, 0, 0, NULL, NULL, NULL, NULL, NULL, NULL, '0.00', 0),
(666, 5, 20, 'PRO-PF 20-80', 'Loctite', 21, 0, 0, 0, 0, NULL, NULL, NULL, NULL, NULL, NULL, '0.00', 0),
(667, 5, 20, 'PRO-PF 20-85', 'Screw', 21, 0, 0, 0, 0, NULL, NULL, NULL, NULL, NULL, NULL, '0.00', 0),
(668, 5, 20, 'PRO-PF 20-86', 'Tab Washer', 21, 0, 0, 0, 0, NULL, NULL, NULL, NULL, NULL, NULL, '0.00', 0),
(669, 5, 20, 'PRO-PF 20-149', 'Slotted Set Screw', 21, 0, 0, 0, 0, NULL, NULL, NULL, NULL, NULL, NULL, '0.00', 0),
(670, 5, 20, 'PRO-PF 20-151', 'Exhaust Valve Rocker Arm Shaft  (Fulcrum Shaft)', 21, 0, 0, 0, 0, NULL, NULL, NULL, NULL, NULL, NULL, '0.00', 0),
(671, 5, 20, 'PRO-PF 20-153', 'Dowel Pin', 21, 0, 0, 0, 0, NULL, NULL, NULL, NULL, NULL, NULL, '0.00', 0),
(672, 5, 20, 'PRO-PF 20-158', 'Inlet Valve Rocker Arm, left', 21, 0, 0, 0, 0, NULL, NULL, NULL, NULL, NULL, NULL, '0.00', 0),
(673, 5, 20, 'PRO-PF 20-166', 'Nut', 21, 0, 0, 796, 0, 0, '', '', NULL, NULL, NULL, '0.00', 0),
(674, 5, 20, 'PRO-PF 20-167', 'Nut', 21, 81, 0, 1005, 0, 0, '', '', NULL, NULL, NULL, '0.00', 0),
(675, 5, 20, 'PRO-PF 20-234', 'Distance Piece', 21, 0, 0, 0, 0, NULL, NULL, NULL, NULL, NULL, NULL, '0.00', 0),
(676, 5, 20, 'PRO-PF 20-238', 'Nut', 21, 0, 0, 0, 0, NULL, NULL, NULL, NULL, NULL, NULL, '0.00', 0),
(677, 5, 20, 'PRO-PF 20-239', 'Nut', 21, 0, 0, 0, 0, NULL, NULL, NULL, NULL, NULL, NULL, '0.00', 0),
(678, 5, 20, 'PRO-PF 20-312', 'Hexagonal Socket Screw Head', 21, 0, 0, 0, 0, NULL, NULL, NULL, NULL, NULL, NULL, '0.00', 0),
(679, 5, 20, 'PRO-PF 20-325', 'Push Rod Case', 21, 0, 0, 0, 0, NULL, NULL, NULL, NULL, NULL, NULL, '0.00', 0),
(680, 5, 20, 'PRO-PF 20-332', 'O-ring, 56.52 x 5.33mm', 21, 0, 0, 0, 0, NULL, NULL, NULL, NULL, NULL, NULL, '0.00', 0),
(681, 5, 20, 'PRO-PF 20-335A', 'O-ring Cord 3mm x 10 mtrs', 21, 0, 0, 0, 0, NULL, NULL, NULL, NULL, NULL, NULL, '0.00', 0),
(682, 5, 20, 'PRO-PF 20-340', 'Plug', 21, 0, 0, 0, 0, NULL, NULL, NULL, NULL, NULL, NULL, '0.00', 0),
(683, 5, 20, 'PRO-PF 20-341', 'Copper Packing, 8.4 x 4.65 x 1mmT', 21, 0, 0, 0, 0, NULL, NULL, NULL, NULL, NULL, NULL, '0.00', 0),
(684, 5, 20, 'PRO-PF 20-342', 'Inlet Valve Rocker Arm Shaft', 21, 0, 0, 0, 0, NULL, NULL, NULL, NULL, NULL, NULL, '0.00', 0),
(685, 5, 20, 'PRO-PF 20-343', 'Plug', 21, 81, 0, 978, 0, 0, '', '', NULL, NULL, NULL, '0.00', 0),
(686, 5, 20, 'PRO-PF 20-344', 'Copper Packing, 20.25mm x 14mm x 1mmT', 21, 0, 0, 0, 0, NULL, NULL, NULL, NULL, NULL, NULL, '0.00', 0),
(687, 5, 20, 'PRO-PF 20-346', 'Plug', 21, 0, 0, 0, 0, NULL, NULL, NULL, NULL, NULL, NULL, '0.00', 0),
(688, 5, 20, 'PRO-PF 20-354', 'Threaded Taper Pin', 21, 0, 0, 0, 0, NULL, NULL, NULL, NULL, NULL, NULL, '0.00', 0),
(689, 5, 20, 'PRO-PF 20-356', 'Protecting Pipe', 21, 0, 0, 0, 0, NULL, NULL, NULL, NULL, NULL, NULL, '0.00', 0),
(690, 5, 20, 'PRO-PF 20-404', 'Guide', 21, 0, 0, 0, 0, NULL, NULL, NULL, NULL, NULL, NULL, '0.00', 0),
(691, 5, 20, 'PRO-PF 20-904', 'Roller Guide', 21, 0, 0, 0, 0, NULL, NULL, NULL, NULL, NULL, NULL, '0.00', 0),
(692, 5, 20, 'PRO-PF 20-909', 'Packing', 21, 0, 0, 0, 0, NULL, NULL, NULL, NULL, NULL, NULL, '0.00', 0),
(693, 5, 20, 'PRO-PF 20-934', 'Distance Piece', 21, 0, 0, 0, 0, NULL, NULL, NULL, NULL, NULL, NULL, '0.00', 0),
(694, 5, 20, 'PRO-PF 22-1', 'Valve Gear Casing', 21, 0, 0, 0, 0, NULL, NULL, NULL, NULL, NULL, NULL, '0.00', 0),
(695, 5, 20, 'PRO-PF 22-2', 'Head Cover', 21, 0, 0, 0, 0, NULL, NULL, NULL, NULL, NULL, NULL, '0.00', 0),
(696, 5, 20, 'PRO-PF 22-16', 'Slotted Set Screw', 21, 0, 0, 0, 0, NULL, NULL, NULL, NULL, NULL, NULL, '0.00', 0),
(697, 5, 20, 'PRO-PF 22-105', 'Cover', 21, 0, 0, 0, 0, NULL, NULL, NULL, NULL, NULL, NULL, '0.00', 0),
(698, 5, 20, 'PRO-PF 22-105-1', 'Inspection Cover', 21, 0, 0, 0, 0, NULL, NULL, NULL, NULL, NULL, NULL, '0.00', 0),
(699, 5, 20, 'PRO-PF 22-105-2', 'Handle', 21, 0, 0, 0, 0, NULL, NULL, NULL, NULL, NULL, NULL, '0.00', 0),
(700, 5, 20, 'PRO-PF 22-105-4', 'Spring', 21, 0, 0, 0, 0, NULL, NULL, NULL, NULL, NULL, NULL, '0.00', 0),
(701, 5, 20, 'PRO-PF 22-105-5', 'Packing', 21, 0, 0, 0, 0, NULL, NULL, NULL, NULL, NULL, NULL, '0.00', 0),
(702, 5, 20, 'PRO-PF 22-105-6', 'O-ring', 21, 0, 0, 0, 0, NULL, NULL, NULL, NULL, NULL, NULL, '0.00', 0),
(703, 5, 20, 'PRO-PF 22-105-7', 'Washer', 21, 0, 0, 0, 0, NULL, NULL, NULL, NULL, NULL, NULL, '0.00', 0),
(704, 5, 20, 'PRO-PF 22-105-9', 'Handle', 21, 0, 0, 0, 0, NULL, NULL, NULL, NULL, NULL, NULL, '0.00', 0),
(705, 5, 20, 'PRO-PF 22-115', 'O-ring, 486 x 6 mm', 21, 0, 0, 0, 0, NULL, NULL, NULL, NULL, NULL, NULL, '0.00', 0),
(706, 5, 20, 'PRO-PF 22-124', 'Rubber Packing, 20 x 12 x 1.5mm', 21, 0, 0, 0, 0, NULL, NULL, NULL, NULL, NULL, NULL, '0.00', 0),
(707, 5, 20, 'PRO-PF 22-127', 'Joint Ring', 21, 0, 0, 0, 0, NULL, NULL, NULL, NULL, NULL, NULL, '0.00', 0),
(708, 5, 20, 'PRO-PF 22-322', 'Sleeve', 21, 0, 0, 0, 0, NULL, NULL, NULL, NULL, NULL, NULL, '0.00', 0),
(709, 5, 20, 'PRO-PF 22-324', 'Collar / Clamp', 21, 0, 0, 0, 0, NULL, NULL, NULL, NULL, NULL, NULL, '0.00', 0),
(710, 5, 20, 'PRO-PF 22-330', 'O-ring', 21, 0, 0, 0, 0, NULL, NULL, NULL, NULL, NULL, NULL, '0.00', 0),
(711, 5, 20, 'PRO-PF 22-901', 'Valve Gear Casing', 21, 0, 0, 0, 0, NULL, NULL, NULL, NULL, NULL, NULL, '0.00', 0),
(712, 5, 20, 'PRO-PF 22-903', 'Packing', 21, 0, 0, 0, 0, NULL, NULL, NULL, NULL, NULL, NULL, '0.00', 0),
(713, 5, 20, 'PRO-PF 24-3', 'Set Screw', 21, 0, 0, 0, 0, NULL, NULL, NULL, NULL, NULL, NULL, '0.00', 0),
(714, 5, 20, 'PRO-PF 24-5', 'Dowel Pin', 21, 0, 0, 0, 0, NULL, NULL, NULL, NULL, NULL, NULL, '0.00', 0),
(715, 5, 20, 'PRO-PF 24-6', 'Set Screw', 21, 0, 0, 0, 0, NULL, NULL, NULL, NULL, NULL, NULL, '0.00', 0),
(716, 5, 20, 'PRO-PF 24-7', 'Bolt', 21, 0, 0, 0, 0, NULL, NULL, NULL, NULL, NULL, NULL, '0.00', 0),
(717, 5, 20, 'PRO-PF 24-8', 'Fuel Cam (upper)', 21, 0, 0, 867, 0, 0, '', '', '7171.jpg', NULL, NULL, '0.00', 0),
(718, 5, 20, 'PRO-PF 24-9', 'Fuel Cam (lower)', 21, 0, 0, 868, 0, 0, '', '', '7181.jpg', NULL, NULL, '0.00', 0),
(719, 5, 20, 'PRO-PF 24-10', 'Starting Cam', 21, 0, 0, 0, 0, NULL, NULL, NULL, NULL, NULL, NULL, '0.00', 0),
(720, 5, 20, 'PRO-PF 24-038', 'Fuel Cam (upper)', 21, 0, 0, 0, 0, NULL, NULL, NULL, NULL, NULL, NULL, '0.00', 0),
(721, 5, 20, 'PRO-PF 24-039', 'Fuel Cam (lower)', 21, 0, 0, 0, 0, NULL, NULL, NULL, NULL, NULL, NULL, '0.00', 0),
(722, 5, 20, 'PRO-PF 24-208', 'Fuel Cam (upper)', 21, 0, 0, 0, 0, NULL, NULL, NULL, NULL, NULL, NULL, '0.00', 0),
(723, 5, 20, 'PRO-PF 24-210', 'Dowel Pin', 21, 0, 0, 0, 0, NULL, NULL, NULL, NULL, NULL, NULL, '0.00', 0),
(724, 5, 20, 'PRO-PF 24-303', 'Starting Cam', 21, 0, 0, 0, 0, NULL, NULL, NULL, NULL, NULL, NULL, '0.00', 0),
(725, 5, 20, 'PRO-PF 24-503', 'Starting Cam', 21, 0, 0, 0, 0, NULL, NULL, NULL, NULL, NULL, NULL, '0.00', 0),
(726, 5, 20, 'PRO-PF 25-001', 'Screw', 21, 0, 0, 0, 0, NULL, NULL, NULL, NULL, NULL, NULL, '0.00', 0),
(727, 5, 20, 'PRO-PF 25-002', 'Valve', 21, 0, 0, 0, 0, NULL, NULL, NULL, NULL, NULL, NULL, '0.00', 0),
(728, 5, 20, 'PRO-PF 25-003', 'Roller', 21, 0, 0, 0, 0, NULL, NULL, NULL, NULL, NULL, NULL, '0.00', 0),
(729, 5, 20, 'PRO-PF 25-004', 'Roller Pin', 21, 0, 0, 0, 0, NULL, NULL, NULL, NULL, NULL, NULL, '0.00', 0),
(730, 5, 20, 'PRO-PF 25-005', 'Spring Seat', 21, 0, 0, 0, 0, NULL, NULL, NULL, NULL, NULL, NULL, '0.00', 0),
(731, 5, 20, 'PRO-PF 25-006', 'Spring', 21, 0, 0, 0, 0, NULL, NULL, NULL, NULL, NULL, NULL, '0.00', 0),
(732, 5, 20, 'PRO-PF 25-010', 'Taper Pin', 21, 0, 0, 0, 0, NULL, NULL, NULL, NULL, NULL, NULL, '0.00', 0),
(733, 5, 20, 'PRO-PF 25-013', 'Packing', 21, 0, 0, 0, 0, NULL, NULL, NULL, NULL, NULL, NULL, '0.00', 0),
(734, 5, 20, 'PRO-PF 25-Parts', 'Adaptation Parts', 21, 0, 0, 0, 0, NULL, NULL, NULL, NULL, NULL, NULL, '0.00', 0),
(735, 5, 20, 'PRO-PF 25-32', 'Distributor Valve', 21, 0, 0, 0, 0, NULL, NULL, NULL, NULL, NULL, NULL, '0.00', 0),
(736, 5, 20, 'PRO-PF 25-45', 'Box/Housing', 21, 0, 0, 0, 0, NULL, NULL, NULL, NULL, NULL, NULL, '0.00', 0),
(737, 5, 20, 'PRO-PF 25-50', 'Cover', 21, 0, 0, 0, 0, NULL, NULL, NULL, NULL, NULL, NULL, '0.00', 0),
(738, 5, 20, 'PRO-PF 25-55', 'Ring', 21, 0, 0, 0, 0, NULL, NULL, NULL, NULL, NULL, NULL, '0.00', 0),
(739, 5, 20, 'PRO-PF 25-56', 'Ring', 21, 0, 0, 0, 0, NULL, NULL, NULL, NULL, NULL, NULL, '0.00', 0),
(740, 5, 20, 'PRO-PF 25-57', 'Washer', 21, 0, 0, 0, 0, NULL, NULL, NULL, NULL, NULL, NULL, '0.00', 0),
(741, 5, 20, 'PRO-PF 25-58', 'Nut', 21, 0, 0, 0, 0, NULL, NULL, NULL, NULL, NULL, NULL, '0.00', 0),
(742, 5, 20, 'PRO-PF 25-63', 'Screw', 21, 0, 0, 0, 0, NULL, NULL, NULL, NULL, NULL, NULL, '0.00', 0),
(743, 5, 20, 'PRO-PF 25-64', 'Screw', 21, 0, 0, 0, 0, NULL, NULL, NULL, NULL, NULL, NULL, '0.00', 0),
(744, 5, 20, 'PRO-PF 25-67', 'Pin', 21, 0, 0, 0, 0, NULL, NULL, NULL, NULL, NULL, NULL, '0.00', 0),
(745, 5, 20, 'PRO-PF 25-71', 'Deflector', 21, 0, 0, 0, 0, NULL, NULL, NULL, NULL, NULL, NULL, '0.00', 0),
(746, 5, 20, 'PRO-PF 25-81', 'Screw', 21, 0, 0, 0, 0, NULL, NULL, NULL, NULL, NULL, NULL, '0.00', 0),
(747, 5, 20, 'PRO-PF 25-82', 'Nut', 21, 0, 0, 0, 0, NULL, NULL, NULL, NULL, NULL, NULL, '0.00', 0),
(748, 5, 20, 'PRO-PF 25-83', 'Split Pin', 21, 0, 0, 0, 0, NULL, NULL, NULL, NULL, NULL, NULL, '0.00', 0),
(749, 5, 20, 'PRO-PF 25-84', 'Lockwire', 21, 0, 0, 0, 0, NULL, NULL, NULL, NULL, NULL, NULL, '0.00', 0),
(750, 5, 20, 'PRO-PF 25-101', 'Spool Valve Sleeve', 21, 0, 0, 0, 0, NULL, NULL, NULL, NULL, NULL, NULL, '0.00', 0),
(751, 5, 20, 'PRO-PF 25-107', 'Tranverse Pin', 21, 0, 0, 0, 0, NULL, NULL, NULL, NULL, NULL, NULL, '0.00', 0),
(752, 5, 20, 'PRO-PF 25-108', 'Plug for Spool Valve', 21, 0, 0, 0, 0, NULL, NULL, NULL, NULL, NULL, NULL, '0.00', 0),
(753, 5, 20, 'PRO-PF 25-109', 'Flange', 21, 0, 0, 0, 0, NULL, NULL, NULL, NULL, NULL, NULL, '0.00', 0),
(754, 5, 20, 'PRO-PF 25-114', 'Packing', 21, 0, 0, 0, 0, NULL, NULL, NULL, NULL, NULL, NULL, '0.00', 0),
(755, 5, 20, 'PRO-PF 25-115', 'Dowel Pin', 21, 0, 0, 0, 0, NULL, NULL, NULL, NULL, NULL, NULL, '0.00', 0),
(756, 5, 20, 'PRO-PF 25-116', 'Air Outlet Connection', 21, 0, 0, 0, 0, NULL, NULL, NULL, NULL, NULL, NULL, '0.00', 0),
(757, 5, 20, 'PRO-PF 25-121', 'Dowel Pin', 21, 0, 0, 0, 0, NULL, NULL, NULL, NULL, NULL, NULL, '0.00', 0),
(758, 5, 20, 'PRO-PF 25-122', 'Copper Packing', 21, 0, 0, 0, 0, NULL, NULL, NULL, NULL, NULL, NULL, '0.00', 0),
(759, 5, 20, 'PRO-PF 25-123', 'Bolt ', 21, 0, 0, 0, 0, NULL, NULL, NULL, NULL, NULL, NULL, '0.00', 0),
(760, 5, 20, 'PRO-PF 25-124', 'Tongued Washer', 21, 0, 0, 0, 0, NULL, NULL, NULL, NULL, NULL, NULL, '0.00', 0),
(761, 5, 20, 'PRO-PF 25-200', 'Locking', 21, 0, 0, 0, 0, NULL, NULL, NULL, NULL, NULL, NULL, '0.00', 0),
(762, 5, 20, 'PRO-PF 25-225', 'Body', 21, 0, 0, 0, 0, NULL, NULL, NULL, NULL, NULL, NULL, '0.00', 0),
(763, 5, 20, 'PRO-PF 25-525', 'Body/Distributor Body', 21, 0, 0, 0, 0, NULL, NULL, NULL, NULL, NULL, NULL, '0.00', 0),
(764, 5, 20, 'PRO-PF 30-PIPE', 'Flexible Hose', 21, 0, 0, 0, 0, NULL, NULL, NULL, NULL, NULL, NULL, '0.00', 0),
(765, 5, 20, 'PRO-PF 30-12', 'Barrel', 21, 0, 0, 0, 0, NULL, NULL, NULL, NULL, NULL, NULL, '0.00', 0),
(766, 5, 20, 'PRO-PF 30-13', 'Plunger', 21, 0, 0, 0, 0, NULL, NULL, NULL, NULL, NULL, NULL, '0.00', 0),
(767, 5, 20, 'PRO-PF 30-16', 'Filter', 21, 0, 0, 0, 0, NULL, NULL, NULL, NULL, NULL, NULL, '0.00', 0),
(768, 5, 20, 'PRO-PF 30-16-2', 'Wire Net', 21, 0, 0, 0, 0, NULL, NULL, NULL, NULL, NULL, NULL, '0.00', 0),
(769, 5, 20, 'PRO-PF 30-16-3', 'Rivet', 21, 0, 0, 0, 0, NULL, NULL, NULL, NULL, NULL, NULL, '0.00', 0),
(770, 5, 20, 'PRO-PF 30-16-34', 'Bolt', 21, 0, 0, 0, 0, NULL, NULL, NULL, NULL, NULL, NULL, '0.00', 0),
(771, 5, 20, 'PRO-PF 30-20', 'Lower Spring Collar', 21, 0, 0, 0, 0, NULL, NULL, NULL, NULL, NULL, NULL, '0.00', 0),
(772, 5, 20, 'PRO-PF 30-21', 'Guide for Plunger', 21, 30, 0, 996, 0, 0, '', '', NULL, NULL, NULL, '0.00', 0),
(773, 5, 20, 'PRO-PF 30-23', 'Copper Packing, 12.7 x 8.3 x 1mm', 21, 0, 0, 0, 0, NULL, NULL, NULL, NULL, NULL, NULL, '0.00', 0),
(774, 5, 20, 'PRO-PF 30-24', 'Bolt', 21, 0, 0, 0, 0, NULL, NULL, NULL, NULL, NULL, NULL, '0.00', 0),
(775, 5, 20, 'PRO-PF 30-28', 'Locking', 21, 0, 0, 0, 0, NULL, NULL, NULL, NULL, NULL, NULL, '0.00', 0),
(776, 5, 20, 'PRO-PF 30-29', 'Locking Wire', 21, 0, 0, 0, 0, NULL, NULL, NULL, NULL, NULL, NULL, '0.00', 0),
(777, 5, 20, 'PRO-PF 30-30', 'Copper Packing', 21, 0, 0, 0, 0, NULL, NULL, NULL, NULL, NULL, NULL, '0.00', 0),
(778, 5, 20, 'PRO-PF 30-33', 'Packing', 21, 0, 0, 0, 0, NULL, NULL, NULL, NULL, NULL, NULL, '0.00', 0),
(779, 5, 20, 'PRO-PF 30-34', 'Bolt', 21, 0, 0, 0, 0, NULL, NULL, NULL, NULL, NULL, NULL, '0.00', 0),
(780, 5, 20, 'PRO-PF 30-35', 'Cover', 21, 0, 0, 0, 0, NULL, NULL, NULL, NULL, NULL, NULL, '0.00', 0),
(781, 5, 20, 'PRO-PF 30-41', 'Joint (Niigata), PN 312533240', 21, 0, 0, 0, 0, NULL, NULL, NULL, NULL, NULL, NULL, '0.00', 0),
(782, 5, 20, 'PRO-PF 30-60', 'Gasket ', 21, 0, 0, 0, 0, NULL, NULL, NULL, NULL, NULL, NULL, '0.00', 0),
(783, 5, 20, 'PRO-PF 30-101', 'Top Spring Collar', 21, 0, 0, 0, 0, NULL, NULL, NULL, NULL, NULL, NULL, '0.00', 0),
(784, 5, 20, 'PRO-PF 30-102', 'Bottom Spring Collar', 21, 0, 0, 0, 0, NULL, NULL, NULL, NULL, NULL, NULL, '0.00', 0),
(785, 5, 20, 'PRO-PF 30-103', 'Push Ring', 21, 0, 0, 0, 0, NULL, NULL, NULL, NULL, NULL, NULL, '0.00', 0),
(786, 5, 20, 'PRO-PF 30-104', 'Plunger Lifter', 21, 0, 0, 0, 0, NULL, NULL, NULL, NULL, NULL, NULL, '0.00', 0),
(787, 5, 20, 'PRO-PF 30-105', 'Valve Box', 21, 0, 0, 0, 0, NULL, NULL, NULL, NULL, NULL, NULL, '0.00', 0),
(788, 5, 20, 'PRO-PF 30-106', 'Valve', 21, 0, 0, 0, 0, NULL, NULL, NULL, NULL, NULL, NULL, '0.00', 0),
(789, 5, 20, 'PRO-PF 30-107', 'Screw', 21, 0, 0, 0, 0, NULL, NULL, NULL, NULL, NULL, NULL, '0.00', 0),
(790, 5, 20, 'PRO-PF 30-110', 'BS Ring', 21, 0, 0, 0, 0, NULL, NULL, NULL, NULL, NULL, NULL, '0.00', 0),
(791, 5, 20, 'PRO-PF 30-111', 'Door', 21, 0, 0, 0, 0, NULL, NULL, NULL, NULL, NULL, NULL, '0.00', 0),
(792, 5, 20, 'PRO-PF 32-2', 'Top Half Shell', 21, 0, 0, 0, 0, NULL, NULL, NULL, NULL, NULL, NULL, '0.00', 0),
(793, 5, 20, 'PRO-PF 32-4', 'Bottom Half Shell', 21, 0, 0, 0, 0, NULL, NULL, NULL, NULL, NULL, NULL, '0.00', 0),
(794, 5, 20, 'PRO-PF 32-6', 'Dowel Pin', 21, 0, 0, 0, 0, NULL, NULL, NULL, NULL, NULL, NULL, '0.00', 0),
(795, 5, 20, 'PRO-PF 32-7', 'Tounged Washer ', 21, 0, 0, 0, 0, NULL, NULL, NULL, NULL, NULL, NULL, '0.00', 0),
(796, 5, 20, 'PRO-PF 32-10', 'Positioning Screw', 21, 0, 0, 0, 0, NULL, NULL, NULL, NULL, NULL, NULL, '0.00', 0),
(797, 5, 20, 'PRO-PF 32-13', 'Packing', 21, 0, 0, 0, 0, NULL, NULL, NULL, NULL, NULL, NULL, '0.00', 0),
(798, 5, 20, 'PRO-PF 32-14', 'Lock Washer', 21, 0, 0, 0, 0, NULL, NULL, NULL, NULL, NULL, NULL, '0.00', 0),
(799, 5, 20, 'PRO-PF 32-24', 'Hexagonal Socket Screw Head', 21, 113, 0, 998, 0, 0, '', '', NULL, NULL, NULL, '0.00', 0),
(800, 5, 20, 'PRO-PF 32-25', 'Locking Wire', 21, 0, 0, 0, 0, NULL, NULL, NULL, NULL, NULL, NULL, '0.00', 0),
(801, 5, 20, 'PRO-PF 32-27', 'Packing/Gasket', 21, 0, 0, 0, 0, NULL, NULL, NULL, NULL, NULL, NULL, '0.00', 0),
(802, 5, 20, 'PRO-PF 32-29', 'Roller', 21, 0, 0, 0, 0, NULL, NULL, NULL, NULL, NULL, NULL, '0.00', 0),
(803, 5, 20, 'PRO-PF 32-32', 'Slotted Set Screw', 21, 0, 0, 0, 0, NULL, NULL, NULL, NULL, NULL, NULL, '0.00', 0),
(804, 5, 20, 'PRO-PF 32-40', 'Packing', 21, 0, 0, 0, 0, NULL, NULL, NULL, NULL, NULL, NULL, '0.00', 0),
(805, 5, 20, 'PRO-PF 32-52', 'Packing', 21, 0, 0, 0, 0, NULL, NULL, NULL, NULL, NULL, NULL, '0.00', 0),
(806, 5, 20, 'PRO-PF 32-55', 'Lock Washer', 21, 0, 0, 0, 0, NULL, NULL, NULL, NULL, NULL, NULL, '0.00', 0),
(807, 5, 20, 'PRO-PF 32-56', 'Screw', 21, 0, 0, 0, 0, NULL, NULL, NULL, NULL, NULL, NULL, '0.00', 0),
(808, 5, 20, 'PRO-PF 32-57', 'Locking Plate', 21, 0, 0, 0, 0, NULL, NULL, NULL, NULL, NULL, NULL, '0.00', 0),
(809, 5, 20, 'PRO-PF 32-61', 'O-ring, 40.64 x 3.53', 21, 0, 0, 0, 0, NULL, NULL, NULL, NULL, NULL, NULL, '0.00', 0),
(810, 5, 20, 'PRO-PF 32-64', 'Lock Washer', 21, 0, 0, 0, 0, NULL, NULL, NULL, NULL, NULL, NULL, '0.00', 0),
(811, 5, 20, 'PRO-PF 32-65', 'Tightness', 21, 0, 0, 0, 0, NULL, NULL, NULL, NULL, NULL, NULL, '0.00', 0),
(812, 5, 20, 'PRO-PF 32-101', 'Camshaft Bearing Housing', 21, 0, 0, 0, 0, NULL, NULL, NULL, NULL, NULL, NULL, '0.00', 0),
(813, 5, 20, 'PRO-PF 32-102', 'Half Top Bearing', 21, 0, 0, 0, 0, NULL, NULL, NULL, NULL, NULL, NULL, '0.00', 0),
(814, 5, 20, 'PRO-PF 32-104', 'Half Low Bearing', 21, 0, 0, 0, 0, NULL, NULL, NULL, NULL, NULL, NULL, '0.00', 0),
(815, 5, 20, 'PRO-PF 32-110', 'Screw', 21, 0, 0, 0, 0, NULL, NULL, NULL, NULL, NULL, NULL, '0.00', 0),
(816, 5, 20, 'PRO-PF 32-114', 'Spring', 21, 0, 0, 0, 0, NULL, NULL, NULL, NULL, NULL, NULL, '0.00', 0),
(817, 5, 20, 'PRO-PF 32-115', 'Body', 21, 0, 0, 0, 0, NULL, NULL, NULL, NULL, NULL, NULL, '0.00', 0),
(818, 5, 20, 'PRO-PF 32-116', 'Hexagonal Head Socket Screw', 21, 0, 0, 0, 0, NULL, NULL, NULL, NULL, NULL, NULL, '0.00', 0),
(819, 5, 20, 'PRO-PF 32-120', 'Nut', 21, 0, 0, 0, 0, NULL, NULL, NULL, NULL, NULL, NULL, '0.00', 0),
(820, 5, 20, 'PRO-PF 32-126', 'Dowel Pin', 21, 0, 0, 0, 0, NULL, NULL, NULL, NULL, NULL, NULL, '0.00', 0),
(821, 5, 20, 'PRO-PF 32-141', 'Set Screw (Lock Bolt), M12 x 25 x 1.75P', 21, 0, 0, 0, 0, NULL, NULL, NULL, NULL, NULL, NULL, '0.00', 0),
(822, 5, 20, 'PRO-PF 32-142', 'Locking Plate , PN 312312601, (Adjusting Bolt)', 21, 0, 0, 0, 0, NULL, NULL, NULL, NULL, NULL, NULL, '0.00', 0),
(823, 5, 20, 'PRO-PF 32-143', 'Screw', 21, 0, 0, 0, 0, NULL, NULL, NULL, NULL, NULL, NULL, '0.00', 0),
(824, 5, 20, 'PRO-PF 35-1', 'Inspection Door', 21, 0, 0, 0, 0, NULL, NULL, NULL, NULL, NULL, NULL, '0.00', 0),
(825, 5, 20, 'PRO-PF 35-6', 'Fitting Piece', 21, 0, 0, 0, 0, NULL, NULL, NULL, NULL, NULL, NULL, '0.00', 0),
(826, 5, 20, 'PRO-PF 35-8', 'O-ring, PN 312153100 (NIIGATA) ', 21, 0, 0, 0, 0, NULL, NULL, NULL, NULL, NULL, NULL, '0.00', 0),
(827, 5, 20, 'PRO-PF 35-14', 'Stud Bolt', 21, 0, 0, 0, 0, NULL, NULL, NULL, NULL, NULL, NULL, '0.00', 0),
(828, 5, 20, 'PRO-PF 35-15', 'Nut', 21, 0, 0, 0, 0, NULL, NULL, NULL, NULL, NULL, NULL, '0.00', 0),
(829, 5, 20, 'PRO-PF 35-33', 'Screw', 21, 0, 0, 0, 0, NULL, NULL, NULL, NULL, NULL, NULL, '0.00', 0),
(830, 5, 20, 'PRO-PF 35-34', 'Lockwire', 21, 0, 0, 0, 0, NULL, NULL, NULL, NULL, NULL, NULL, '0.00', 0),
(831, 5, 20, 'PRO-PF 35-35', 'Relief Valve', 21, 0, 0, 0, 0, NULL, NULL, NULL, NULL, NULL, NULL, '0.00', 0),
(832, 5, 20, 'PRO-PF 35-101', 'Crank Case Door/Inspection Door (without Relief Valve)', 21, 0, 0, 908, 0, 0, '', '', '8321.jpg', NULL, NULL, '0.00', 0),
(833, 5, 20, 'PRO-PF 35-116', 'Relief Valve', 21, 0, 0, 909, 0, 0, '', '', '8331.jpg', NULL, NULL, '0.00', 0),
(834, 5, 20, 'PRO-PF 35-117', 'Bolt', 21, 0, 0, 0, 0, NULL, NULL, NULL, NULL, NULL, NULL, '0.00', 0),
(835, 5, 20, 'PRO-PF 35-201/116', 'Crank Case Door/Relief Valve', 21, 0, 0, 911, 0, 0, '', '', '8351.jpg', NULL, NULL, '0.00', 0),
(836, 5, 20, 'PRO-PF 35-118', 'Spring Washer', 21, 0, 0, 0, 0, NULL, NULL, NULL, NULL, NULL, NULL, '0.00', 0),
(837, 5, 20, 'PRO-PF35-801', 'O ring', 21, 0, 0, 0, 0, NULL, NULL, NULL, NULL, NULL, NULL, '0.00', 0),
(838, 5, 20, 'PRO-PF 40-1', 'Locking', 21, 0, 0, 0, 0, NULL, NULL, NULL, NULL, NULL, NULL, '0.00', 0),
(839, 5, 20, 'PRO-PF 40-3', 'Packing/Joint', 21, 0, 0, 0, 0, NULL, NULL, NULL, NULL, NULL, NULL, '0.00', 0),
(840, 5, 20, 'PRO-PF 40-8', 'O-ring ', 21, 0, 0, 0, 0, NULL, NULL, NULL, NULL, NULL, NULL, '0.00', 0),
(841, 5, 20, 'PRO-PF 40-9', 'Water connection Piece', 21, 0, 0, 917, 0, 0, '', '', '8411.jpg', NULL, NULL, '0.00', 0),
(842, 5, 20, 'PRO-PF 40-10', 'Hexagonal Socket Head Screw', 21, 0, 0, 0, 0, NULL, NULL, NULL, NULL, NULL, NULL, '0.00', 0),
(843, 5, 20, 'PRO-PF 40-11', 'Hexagonal Socket Head Screw', 21, 0, 0, 0, 0, NULL, NULL, NULL, NULL, NULL, NULL, '0.00', 0),
(844, 5, 20, 'PRO-PF 40-12', 'Copper Ring', 21, 0, 0, 0, 0, NULL, NULL, NULL, NULL, NULL, NULL, '0.00', 0),
(845, 5, 20, 'PRO-PF 40-13', 'Plug', 21, 0, 0, 0, 0, NULL, NULL, NULL, NULL, NULL, NULL, '0.00', 0),
(846, 5, 20, 'PRO-PF 40-17', 'Joint Niigata, PN E-41823220', 21, 0, 0, 0, 0, NULL, NULL, NULL, NULL, NULL, NULL, '0.00', 0),
(847, 5, 20, 'PRO-PF 40-70', 'Seal', 21, 0, 0, 0, 0, NULL, NULL, NULL, NULL, NULL, NULL, '0.00', 0),
(848, 5, 20, 'PRO-PF 40-102', 'Water Outlet Connection, PN 25040020100 (NKK)', 21, 0, 0, 0, 0, NULL, NULL, NULL, NULL, NULL, NULL, '0.00', 0),
(849, 5, 20, 'PRO-PF 40-104', 'O-ring', 21, 0, 0, 0, 0, NULL, NULL, NULL, NULL, NULL, NULL, '0.00', 0),
(850, 5, 20, 'PRO-PF 40-114', 'O-ring, Cooling Water Manifold', 21, 0, 0, 0, 0, NULL, NULL, NULL, NULL, NULL, NULL, '0.00', 0),
(851, 5, 20, 'PRO-PF 40-501', 'Water Inlet Connection', 21, 0, 0, 0, 0, NULL, NULL, NULL, NULL, NULL, NULL, '0.00', 0),
(852, 5, 20, 'PRO-PF 40-502', NULL, 21, 0, 0, 0, 0, NULL, NULL, NULL, NULL, NULL, NULL, '0.00', 0),
(853, 5, 20, 'PRO-PF 40-504', 'Joint for Cooling Water Piping, PN 312592202, Packing', 21, 0, 0, 0, 0, NULL, NULL, NULL, NULL, NULL, NULL, '0.00', 0),
(854, 5, 20, 'PRO-PF 40-519', 'Joint ring Niigata, 100mm x 8mm, PN312596000', 21, 0, 0, 0, 0, NULL, NULL, NULL, NULL, NULL, NULL, '0.00', 0),
(855, 5, 20, 'PRO-PF 42-2', 'Flange', 21, 0, 0, 0, 0, NULL, NULL, NULL, NULL, NULL, NULL, '0.00', 0),
(856, 5, 20, 'PRO-PF 42-3', 'Washer', 21, 0, 0, 0, 0, NULL, NULL, NULL, NULL, NULL, NULL, '0.00', 0),
(857, 5, 20, 'PRO-PF 42-4', 'Hexagonal Socket Head Screw', 21, 0, 0, 0, 0, NULL, NULL, NULL, NULL, NULL, NULL, '0.00', 0),
(858, 5, 20, 'PRO-PF 42-7', 'Cover', 21, 111, 0, 1004, 0, 0, '', '', NULL, NULL, NULL, '0.00', 0),
(859, 5, 20, 'PRO-PF 42-10', 'Copper Ring', 21, 0, 0, 0, 0, NULL, NULL, NULL, NULL, NULL, NULL, '0.00', 0),
(860, 5, 20, 'PRO-PF 42-11', 'Band', 21, 0, 0, 0, 0, NULL, NULL, NULL, NULL, NULL, NULL, '0.00', 0),
(861, 5, 20, 'PRO-PF 50-6', 'Cylinder', 21, 0, 0, 0, 0, NULL, NULL, NULL, NULL, NULL, NULL, '0.00', 0),
(862, 5, 20, 'PRO-PF 50-11', 'Split Pin', 21, 0, 0, 0, 0, NULL, NULL, NULL, NULL, NULL, NULL, '0.00', 0),
(863, 5, 20, 'PRO-PF 50-14', 'Flange', 21, 0, 0, 0, 0, NULL, NULL, NULL, NULL, NULL, NULL, '0.00', 0),
(864, 5, 20, 'PRO-PF 50-15', 'Cup Packing', 21, 0, 0, 0, 0, NULL, NULL, NULL, NULL, NULL, NULL, '0.00', 0),
(865, 5, 20, 'PRO-PF 50-16', 'Bolt', 21, 0, 0, 0, 0, NULL, NULL, NULL, NULL, NULL, NULL, '0.00', 0),
(866, 5, 20, 'PRO-PF 50-17', 'Tongued Washer', 21, 0, 0, 0, 0, NULL, NULL, NULL, NULL, NULL, NULL, '0.00', 0),
(867, 5, 20, 'PRO-PF 50-26', 'Stopper', 21, 0, 0, 0, 0, NULL, NULL, NULL, NULL, NULL, NULL, '0.00', 0),
(868, 5, 20, 'PRO-PF 50-27', 'Locking Bolt', 21, 0, 0, 0, 0, NULL, NULL, NULL, NULL, NULL, NULL, '0.00', 0),
(869, 5, 20, 'PRO-PF 50-28', 'Plug', 21, 0, 0, 0, 0, NULL, NULL, NULL, NULL, NULL, NULL, '0.00', 0),
(870, 5, 20, 'PRO-PF 50-29', 'Outer Spring', 21, 0, 0, 0, 0, NULL, NULL, NULL, NULL, NULL, NULL, '0.00', 0),
(871, 5, 20, 'PRO-PF 50-30', 'Inner Spring', 21, 0, 0, 0, 0, NULL, NULL, NULL, NULL, NULL, NULL, '0.00', 0),
(872, 5, 20, 'PRO-PF 50-31', 'Roller Guide', 21, 0, 0, 0, 0, NULL, NULL, NULL, NULL, NULL, NULL, '0.00', 0),
(873, 5, 20, 'PRO-PF 50-32', 'O ring', 21, 0, 0, 0, 0, NULL, NULL, NULL, NULL, NULL, NULL, '0.00', 0),
(874, 5, 20, 'PRO-PF 50-33', 'Roller ', 21, 0, 0, 0, 0, NULL, NULL, NULL, NULL, NULL, NULL, '0.00', 0),
(875, 5, 20, 'PRO-PF 50-34', 'Roller Pin', 21, 0, 0, 0, 0, NULL, NULL, NULL, NULL, NULL, NULL, '0.00', 0),
(876, 5, 20, 'PRO-PF 50-35', 'Bolt', 21, 0, 0, 0, 0, NULL, NULL, NULL, NULL, NULL, NULL, '0.00', 0),
(877, 5, 20, 'PRO-PF 50-58', 'Pipe', 21, 0, 0, 0, 0, NULL, NULL, NULL, NULL, NULL, NULL, '0.00', 0),
(878, 5, 20, 'PRO-PF 50-73', 'Lever Bush', 21, 0, 0, 0, 0, NULL, NULL, NULL, NULL, NULL, NULL, '0.00', 0),
(879, 5, 20, 'PRO-PF 50-74', 'Lever Shaft', 21, 0, 0, 0, 0, NULL, NULL, NULL, NULL, NULL, NULL, '0.00', 0),
(880, 5, 20, 'PRO-PF 50-75', 'Circlip', 21, 0, 0, 0, 0, NULL, NULL, NULL, NULL, NULL, NULL, '0.00', 0),
(881, 5, 20, 'PRO-PF 50-76', 'Grease Nipple', 21, 0, 0, 0, 0, NULL, NULL, NULL, NULL, NULL, NULL, '0.00', 0),
(882, 5, 20, 'PRO-PF 50-77', 'Lever Support (left)', 21, 0, 0, 0, 0, NULL, NULL, NULL, NULL, NULL, NULL, '0.00', 0),
(883, 5, 20, 'PRO-PF 50-78', 'Lever Support (right)', 21, 0, 0, 0, 0, NULL, NULL, NULL, NULL, NULL, NULL, '0.00', 0),
(884, 5, 20, 'PRO-PF 50-87', 'Set Screw ', 21, 0, 0, 0, 0, NULL, NULL, NULL, NULL, NULL, NULL, '0.00', 0),
(885, 5, 20, 'PRO-PF 50-88', 'Oil Seal ', 21, 0, 0, 0, 0, NULL, NULL, NULL, NULL, NULL, NULL, '0.00', 0),
(886, 5, 20, 'PRO-PF 50-89', 'Circlip', 21, 0, 0, 0, 0, NULL, NULL, NULL, NULL, NULL, NULL, '0.00', 0),
(887, 5, 20, 'PRO-PF 50-90', 'Bolt', 21, 0, 0, 0, 0, NULL, NULL, NULL, NULL, NULL, NULL, '0.00', 0),
(888, 5, 20, 'PRO-PF 50-91', 'Taper Pin', 21, 0, 0, 0, 0, NULL, NULL, NULL, NULL, NULL, NULL, '0.00', 0),
(889, 5, 20, 'PRO-PF 50-95', 'Half Spherical Piece (female)', 21, 0, 0, 0, 0, NULL, NULL, NULL, NULL, NULL, NULL, '0.00', 0);
INSERT INTO `items` (`item_id`, `category_id`, `subcat_id`, `original_pn`, `item_name`, `unit_id`, `group_id`, `location_id`, `bin_id`, `warehouse_id`, `rack_id`, `barcode`, `expiration`, `picture1`, `picture2`, `picture3`, `min_qty`, `damage`) VALUES
(890, 5, 20, 'PRO-PF 50-96', 'Half Spherical Piece (male)', 21, 0, 0, 0, 0, NULL, NULL, NULL, NULL, NULL, NULL, '0.00', 0),
(891, 5, 20, 'PRO-PF 50-97', 'Adjusting Shim', 21, 0, 0, 0, 0, NULL, NULL, NULL, NULL, NULL, NULL, '0.00', 0),
(892, 5, 20, 'PRO-PF 50-98', 'Thrust Ball Bearing', 21, 0, 0, 0, 0, NULL, NULL, NULL, NULL, NULL, NULL, '0.00', 0),
(893, 5, 20, 'PRO-PF 50-105', 'Bolt', 21, 0, 0, 0, 0, NULL, NULL, NULL, NULL, NULL, NULL, '0.00', 0),
(894, 5, 20, 'PRO-PF 50-106', 'Bolt', 21, 0, 0, 0, 0, NULL, NULL, NULL, NULL, NULL, NULL, '0.00', 0),
(895, 5, 20, 'PRO-PF 50-107', 'Tongued Washer', 21, 0, 0, 0, 0, NULL, NULL, NULL, NULL, NULL, NULL, '0.00', 0),
(896, 5, 20, 'PRO-PF 50-112', 'Taper Pin', 21, 0, 0, 0, 0, NULL, NULL, NULL, NULL, NULL, NULL, '0.00', 0),
(897, 5, 20, 'PRO-PF 50-114', 'Union', 21, 0, 0, 0, 0, NULL, NULL, NULL, NULL, NULL, NULL, '0.00', 0),
(898, 5, 20, 'PRO-PF 50-116', 'Copper Packing', 21, 0, 0, 0, 0, NULL, NULL, NULL, NULL, NULL, NULL, '0.00', 0),
(899, 5, 20, 'PRO-PF 50-123', 'Locking Wire', 21, 0, 0, 0, 0, NULL, NULL, NULL, NULL, NULL, NULL, '0.00', 0),
(900, 5, 20, 'PRO-PF 50-125', 'Tongued Washer', 21, 0, 0, 0, 0, NULL, NULL, NULL, NULL, NULL, NULL, '0.00', 0),
(901, 5, 20, 'PRO-PF 50-126', 'Tongued Washer', 21, 0, 0, 0, 0, NULL, NULL, NULL, NULL, NULL, NULL, '0.00', 0),
(902, 5, 20, 'PRO-PF 50-127', 'Tongued Washer', 21, 0, 0, 0, 0, NULL, NULL, NULL, NULL, NULL, NULL, '0.00', 0),
(903, 5, 20, 'PRO-PF 50-132', 'Supplementary Bearing Housing', 21, 0, 0, 0, 0, NULL, NULL, NULL, NULL, NULL, NULL, '0.00', 0),
(904, 5, 20, 'PRO-PF 50-191', 'Threaded Taper Pin', 21, 0, 0, 0, 0, NULL, NULL, NULL, NULL, NULL, NULL, '0.00', 0),
(905, 5, 20, 'PRO-PF 50-225', 'Fitting Nut/Nut', 21, 0, 0, 0, 0, NULL, NULL, NULL, NULL, NULL, NULL, '0.00', 0),
(906, 5, 20, 'PRO-PF 50-272', 'Lever', 21, 0, 0, 0, 0, NULL, NULL, NULL, NULL, NULL, NULL, '0.00', 0),
(907, 5, 20, 'PRO-PF 50-302', 'Adjusting Shim', 21, 0, 0, 0, 0, NULL, NULL, NULL, NULL, NULL, NULL, '0.00', 0),
(908, 5, 20, 'PRO-PF 50-303', 'Adjusting Shim', 21, 0, 0, 0, 0, NULL, NULL, NULL, NULL, NULL, NULL, '0.00', 0),
(909, 5, 20, 'PRO-PF 50-304', 'Cover', 21, 0, 0, 0, 0, NULL, NULL, NULL, NULL, NULL, NULL, '0.00', 0),
(910, 5, 20, 'PRO-PF 50-305', 'Piston', 21, 0, 0, 0, 0, NULL, NULL, NULL, NULL, NULL, NULL, '0.00', 0),
(911, 5, 20, 'PRO-PF 50-322', 'Bearing Stopper', 21, 0, 0, 0, 0, NULL, NULL, NULL, NULL, NULL, NULL, '0.00', 0),
(912, 5, 20, 'PRO-PF 50-325', 'Bush', 21, 0, 0, 0, 0, NULL, NULL, NULL, NULL, NULL, NULL, '0.00', 0),
(913, 5, 20, 'PRO-PF 50-326', 'Bush', 21, 0, 0, 0, 0, NULL, NULL, NULL, NULL, NULL, NULL, '0.00', 0),
(914, 5, 20, 'PRO-PF 50-327', 'Bush', 21, 0, 0, 0, 0, NULL, NULL, NULL, NULL, NULL, NULL, '0.00', 0),
(915, 5, 20, 'PRO-PF 50-328', 'Bush', 21, 0, 0, 0, 0, NULL, NULL, NULL, NULL, NULL, NULL, '0.00', 0),
(916, 5, 20, 'PRO-PF 50-361', 'Left Hand Pipe', 21, 0, 0, 0, 0, NULL, NULL, NULL, NULL, NULL, NULL, '0.00', 0),
(917, 5, 20, 'PRO-PF 50-364', 'Right Hand Pipe', 21, 0, 0, 0, 0, NULL, NULL, NULL, NULL, NULL, NULL, '0.00', 0),
(918, 5, 20, 'PRO-PF 50-394', 'Flange', 21, 0, 0, 0, 0, NULL, NULL, NULL, NULL, NULL, NULL, '0.00', 0),
(919, 5, 20, 'PRO-PF 50-399', 'Slotted', 21, 0, 0, 0, 0, NULL, NULL, NULL, NULL, NULL, NULL, '0.00', 0),
(920, 5, 20, 'PRO-PF 50-400', 'Split Pin', 21, 0, 0, 0, 0, NULL, NULL, NULL, NULL, NULL, NULL, '0.00', 0),
(921, 5, 20, 'PRO-PF 50-401', 'Crosshead Guide', 21, 0, 0, 0, 0, NULL, NULL, NULL, NULL, NULL, NULL, '0.00', 0),
(922, 5, 20, 'PRO-PF 50-402', 'Cylinder', 21, 0, 0, 0, 0, NULL, NULL, NULL, NULL, NULL, NULL, '0.00', 0),
(923, 5, 20, 'PRO-PF 50-403', 'Back Cylinder Cover', 21, 0, 0, 0, 0, NULL, NULL, NULL, NULL, NULL, NULL, '0.00', 0),
(924, 5, 20, 'PRO-PF 50-404', 'Front Cylinder Cover', 21, 0, 0, 0, 0, NULL, NULL, NULL, NULL, NULL, NULL, '0.00', 0),
(925, 5, 20, 'PRO-PF 50-407', 'Crosshead', 21, 0, 0, 0, 0, NULL, NULL, NULL, NULL, NULL, NULL, '0.00', 0),
(926, 5, 20, 'PRO-PF 50-412', 'Piston Ring', 21, 0, 0, 0, 0, NULL, NULL, NULL, NULL, NULL, NULL, '0.00', 0),
(927, 5, 20, 'PRO-PF 50-418', 'O ring', 21, 0, 0, 0, 0, NULL, NULL, NULL, NULL, NULL, NULL, '0.00', 0),
(928, 5, 20, 'PRO-PF 50-419', 'Bolt', 21, 0, 0, 0, 0, NULL, NULL, NULL, NULL, NULL, NULL, '0.00', 0),
(929, 5, 20, 'PRO-PF 50-420', 'Bolt', 21, 0, 0, 0, 0, NULL, NULL, NULL, NULL, NULL, NULL, '0.00', 0),
(930, 5, 20, 'PRO-PF 50-421', 'Nut', 21, 0, 0, 0, 0, NULL, NULL, NULL, NULL, NULL, NULL, '0.00', 0),
(931, 5, 20, 'PRO-PF 50-422', 'Threaded Taper Pin', 21, 0, 0, 0, 0, NULL, NULL, NULL, NULL, NULL, NULL, '0.00', 0),
(932, 5, 20, 'PRO-PF 50-423', 'Bolt', 21, 0, 0, 0, 0, NULL, NULL, NULL, NULL, NULL, NULL, '0.00', 0),
(933, 5, 20, 'PRO-PF 50-424', 'Washer', 21, 0, 0, 0, 0, NULL, NULL, NULL, NULL, NULL, NULL, '0.00', 0),
(934, 5, 20, 'PRO-PF 50-427', 'Bolt/Locking Bolt', 21, 0, 0, 0, 0, NULL, NULL, NULL, NULL, NULL, NULL, '0.00', 0),
(935, 5, 20, 'PRO-PF 50-438', 'Cylinder', 21, 0, 0, 0, 0, NULL, NULL, NULL, NULL, NULL, NULL, '0.00', 0),
(936, 5, 20, 'PRO-PF 50-439', 'Spool Valve', 21, 0, 0, 0, 0, NULL, NULL, NULL, NULL, NULL, NULL, '0.00', 0),
(937, 5, 20, 'PRO-PF 50-440', 'Pin', 21, 0, 0, 0, 0, NULL, NULL, NULL, NULL, NULL, NULL, '0.00', 0),
(938, 5, 20, 'PRO-PF 50-441', 'Plug', 21, 0, 0, 0, 0, NULL, NULL, NULL, NULL, NULL, NULL, '0.00', 0),
(939, 5, 20, 'PRO-PF 50-442', 'Set Screw', 21, 0, 0, 0, 0, NULL, NULL, NULL, NULL, NULL, NULL, '0.00', 0),
(940, 5, 20, 'PRO-PF 50-443', 'Bolt', 21, 0, 0, 0, 0, NULL, NULL, NULL, NULL, NULL, NULL, '0.00', 0),
(941, 5, 20, 'PRO-PF 50-445', 'Taper Pin', 21, 0, 0, 0, 0, NULL, NULL, NULL, NULL, NULL, NULL, '0.00', 0),
(942, 5, 20, 'PRO-PF 50-447', 'Accumulator', 21, 0, 0, 0, 0, NULL, NULL, NULL, NULL, NULL, NULL, '0.00', 0),
(943, 5, 20, 'PRO-PF 50-454', 'Level Gauge', 21, 0, 0, 0, 0, NULL, NULL, NULL, NULL, NULL, NULL, '0.00', 0),
(944, 5, 20, 'PRO-PF 50-455', 'Connection', 21, 0, 0, 0, 0, NULL, NULL, NULL, NULL, NULL, NULL, '0.00', 0),
(945, 5, 20, 'PRO-PF 50-457', 'Copper Packing', 21, 0, 0, 0, 0, NULL, NULL, NULL, NULL, NULL, NULL, '0.00', 0),
(946, 5, 20, 'PRO-PF 50-458', 'Copper Packing', 21, 0, 0, 0, 0, NULL, NULL, NULL, NULL, NULL, NULL, '0.00', 0),
(947, 5, 20, 'PRO-PF 50-459', 'Plug', 21, 0, 0, 0, 0, NULL, NULL, NULL, NULL, NULL, NULL, '0.00', 0),
(948, 5, 20, 'PRO-PF 50-460', 'Plug', 21, 0, 0, 0, 0, NULL, NULL, NULL, NULL, NULL, NULL, '0.00', 0),
(949, 5, 20, 'PRO-PF 50-461', 'Left Hand Pipe', 21, 0, 0, 0, 0, NULL, NULL, NULL, NULL, NULL, NULL, '0.00', 0),
(950, 5, 20, 'PRO-PF 50-464', 'Right Hand Pipe', 21, 0, 0, 0, 0, NULL, NULL, NULL, NULL, NULL, NULL, '0.00', 0),
(951, 5, 20, 'PRO-PF 50-467', 'Packing', 21, 0, 0, 0, 0, NULL, NULL, NULL, NULL, NULL, NULL, '0.00', 0),
(952, 5, 20, 'PRO-PF 50-468', 'Bolt', 21, 0, 0, 0, 0, NULL, NULL, NULL, NULL, NULL, NULL, '0.00', 0),
(953, 5, 20, 'PRO-PF 50-471', 'Crosshead Pin', 21, 0, 0, 0, 0, NULL, NULL, NULL, NULL, NULL, NULL, '0.00', 0),
(954, 5, 20, 'PRO-PF 50-483', 'Union', 21, 0, 0, 0, 0, NULL, NULL, NULL, NULL, NULL, NULL, '0.00', 0),
(955, 5, 20, 'PRO-PF 50-484', 'Bolt', 21, 0, 0, 0, 0, NULL, NULL, NULL, NULL, NULL, NULL, '0.00', 0),
(956, 5, 20, 'PRO-PF 50-486', 'Cover', 21, 0, 0, 0, 0, NULL, NULL, NULL, NULL, NULL, NULL, '0.00', 0),
(957, 5, 20, 'PRO-PF 50-577', 'Lever Support (left)', 21, 0, 0, 0, 0, NULL, NULL, NULL, NULL, NULL, NULL, '0.00', 0),
(958, 5, 20, 'PRO-PF 50-578', 'Lever Support (right)', 21, 0, 0, 0, 0, NULL, NULL, NULL, NULL, NULL, NULL, '0.00', 0),
(959, 5, 20, 'PRO-PF 50-861', 'Left Hand Pipe', 21, 0, 0, 0, 0, NULL, NULL, NULL, NULL, NULL, NULL, '0.00', 0),
(960, 5, 20, 'PRO-PF 50-917', 'Copper Packing', 21, 0, 0, 0, 0, NULL, NULL, NULL, NULL, NULL, NULL, '0.00', 0),
(961, 5, 20, 'PRO-PF 50-918', 'Copper Packing', 21, 0, 0, 0, 0, NULL, NULL, NULL, NULL, NULL, NULL, '0.00', 0),
(962, 5, 20, 'PRO-PF 50-920', 'Copper Packing', 21, 0, 0, 0, 0, NULL, NULL, NULL, NULL, NULL, NULL, '0.00', 0),
(963, 5, 20, 'PRO-PF 50-922', 'O-ring', 21, 0, 0, 0, 0, NULL, NULL, NULL, NULL, NULL, NULL, '0.00', 0),
(964, 5, 20, 'PRO-PF 50-937', 'Plate', 21, 0, 0, 0, 0, NULL, NULL, NULL, NULL, NULL, NULL, '0.00', 0),
(965, 5, 20, 'PRO-PF 50-945', 'Bolt', 21, 0, 0, 0, 0, NULL, NULL, NULL, NULL, NULL, NULL, '0.00', 0),
(966, 5, 20, 'PRO-PF 50-946', 'Nut', 21, 0, 0, 0, 0, NULL, NULL, NULL, NULL, NULL, NULL, '0.00', 0),
(967, 5, 20, 'PRO-PF 50-947', 'Accumulator', 21, 0, 0, 0, 0, NULL, NULL, NULL, NULL, NULL, NULL, '0.00', 0),
(968, 5, 20, 'PRO-PF 50-954', 'Oil Gauge', 21, 0, 0, 0, 0, NULL, NULL, NULL, NULL, NULL, NULL, '0.00', 0),
(969, 5, 20, 'PRO-PF 50-955', 'Plug', 21, 0, 0, 0, 0, NULL, NULL, NULL, NULL, NULL, NULL, '0.00', 0),
(970, 5, 20, 'PRO-PF 50-956', 'Head Piece', 21, 0, 0, 0, 0, NULL, NULL, NULL, NULL, NULL, NULL, '0.00', 0),
(971, 5, 20, 'PRO-PF 50-957', 'Plug', 21, 0, 0, 0, 0, NULL, NULL, NULL, NULL, NULL, NULL, '0.00', 0),
(972, 5, 20, 'PRO-PF 52-2', 'Crank Shaft Gear', 21, 0, 0, 0, 0, NULL, NULL, NULL, NULL, NULL, NULL, '0.00', 0),
(973, 5, 20, 'PRO-PF 52-4', 'Intermediate Gear', 21, 0, 0, 0, 0, NULL, NULL, NULL, NULL, NULL, NULL, '0.00', 0),
(974, 5, 20, 'PRO-PF 52-7', 'Intermediate Pinion', 21, 0, 0, 0, 0, NULL, NULL, NULL, NULL, NULL, NULL, '0.00', 0),
(975, 5, 20, 'PRO-PF 52-8', 'Intermediate Shaft', 21, 0, 0, 0, 0, NULL, NULL, NULL, NULL, NULL, NULL, '0.00', 0),
(976, 5, 20, 'PRO-PF 52-9', 'Support of Intermediate Shaft', 21, 0, 0, 0, 0, NULL, NULL, NULL, NULL, NULL, NULL, '0.00', 0),
(977, 5, 20, 'PRO-PF 52-10', 'Intermediate Shaft', 21, 0, 0, 0, 0, NULL, NULL, NULL, NULL, NULL, NULL, '0.00', 0),
(978, 5, 20, 'PRO-PF 52-13', 'Disc', 21, 0, 0, 0, 0, NULL, NULL, NULL, NULL, NULL, NULL, '0.00', 0),
(979, 5, 20, 'PRO-PF 52-15', 'Molykote', 21, 0, 0, 0, 0, NULL, NULL, NULL, NULL, NULL, NULL, '0.00', 0),
(980, 5, 20, 'PRO-PF 52-23', 'Camshaft Damper Body', 21, 0, 0, 0, 0, NULL, NULL, NULL, NULL, NULL, NULL, '0.00', 0),
(981, 5, 20, 'PRO-PF 52-24', 'Bearing Strip', 21, 0, 0, 0, 0, NULL, NULL, NULL, NULL, NULL, NULL, '0.00', 0),
(982, 5, 20, 'PRO-PF 52-25', 'Camshaft Gear', 21, 0, 0, 0, 0, NULL, NULL, NULL, NULL, NULL, NULL, '0.00', 0),
(983, 5, 20, 'PRO-PF 52-27', 'Locating Screw', 21, 0, 0, 0, 0, NULL, NULL, NULL, NULL, NULL, NULL, '0.00', 0),
(984, 5, 20, 'PRO-PF 52-30', 'Bolt', 21, 0, 0, 0, 0, NULL, NULL, NULL, NULL, NULL, NULL, '0.00', 0),
(985, 5, 20, 'PRO-PF 52-34', 'Conical Ring (Male)', 21, 0, 0, 0, 0, NULL, NULL, NULL, NULL, NULL, NULL, '0.00', 0),
(986, 5, 20, 'PRO-PF 52-35', 'Conical Ring (female)', 21, 0, 0, 0, 0, NULL, NULL, NULL, NULL, NULL, NULL, '0.00', 0),
(987, 5, 20, 'PRO-PF 52-39', 'Nut', 21, 0, 0, 0, 0, NULL, NULL, NULL, NULL, NULL, NULL, '0.00', 0),
(988, 5, 20, 'PRO-PF 52-41', 'Locking Wire', 21, 0, 0, 0, 0, NULL, NULL, NULL, NULL, NULL, NULL, '0.00', 0),
(989, 5, 20, 'PRO-PF 52-42', 'Dowel Pin', 21, 0, 0, 0, 0, NULL, NULL, NULL, NULL, NULL, NULL, '0.00', 0),
(990, 5, 20, 'PRO-PF 52-43', 'O-ring', 21, 0, 0, 0, 0, NULL, NULL, NULL, NULL, NULL, NULL, '0.00', 0),
(991, 5, 20, 'PRO-PF 52-45', 'Spring Pin', 21, 0, 0, 0, 0, NULL, NULL, NULL, NULL, NULL, NULL, '0.00', 0),
(992, 5, 20, 'PRO-PF 52-47', 'Nut', 21, 0, 0, 0, 0, NULL, NULL, NULL, NULL, NULL, NULL, '0.00', 0),
(993, 5, 20, 'PRO-PF 52-48', 'Fitted Bolt', 21, 0, 0, 0, 0, NULL, NULL, NULL, NULL, NULL, NULL, '0.00', 0),
(994, 5, 20, 'PRO-PF 52-49', 'Fitted Bolt', 21, 0, 0, 0, 0, NULL, NULL, NULL, NULL, NULL, NULL, '0.00', 0),
(995, 5, 20, 'PRO-PF 52-51', 'Floating Pin', 21, 0, 0, 0, 0, NULL, NULL, NULL, NULL, NULL, NULL, '0.00', 0),
(996, 5, 20, 'PRO-PF 52-52', 'Slotted Nut', 21, 0, 0, 0, 0, NULL, NULL, NULL, NULL, NULL, NULL, '0.00', 0),
(997, 5, 20, 'PRO-PF 52-53', 'Bolt', 21, 0, 0, 0, 0, NULL, NULL, NULL, NULL, NULL, NULL, '0.00', 0),
(998, 5, 20, 'PRO-PF 52-54', 'Copper Packing/Copper Joint', 21, 0, 0, 0, 0, NULL, NULL, NULL, NULL, NULL, NULL, '0.00', 0),
(999, 5, 20, 'PRO-PF 52-55', 'Loctite', 21, 0, 0, 0, 0, NULL, NULL, NULL, NULL, NULL, NULL, '0.00', 0),
(1000, 5, 20, 'PRO-PF 52-56', 'Slotted Nut', 21, 0, 0, 0, 0, NULL, NULL, NULL, NULL, NULL, NULL, '0.00', 0),
(1001, 5, 20, 'PRO-PF 52-57', 'Split Pin', 21, 0, 0, 0, 0, NULL, NULL, NULL, NULL, NULL, NULL, '0.00', 0),
(1002, 5, 20, 'PRO-PF 52-58', 'Split Pin', 21, 0, 0, 0, 0, NULL, NULL, NULL, NULL, NULL, NULL, '0.00', 0),
(1003, 5, 20, 'PRO-PF 54-1A', 'Bracket', 21, 0, 0, 0, 0, NULL, NULL, NULL, NULL, NULL, NULL, '0.00', 0),
(1004, 5, 20, 'PRO-PF 54-1B', 'Body', 21, 0, 0, 0, 0, NULL, NULL, NULL, NULL, NULL, NULL, '0.00', 0),
(1005, 5, 20, 'PRO-PF 54-2', 'Main Starting Valve Lever', 21, 0, 0, 0, 0, NULL, NULL, NULL, NULL, NULL, NULL, '0.00', 0),
(1006, 5, 20, 'PRO-PF 54-3', 'Inlet Flange', 21, 0, 0, 0, 0, NULL, NULL, NULL, NULL, NULL, NULL, '0.00', 0),
(1007, 5, 20, 'PRO-PF 54-4', 'Bush', 21, 0, 0, 0, 0, NULL, NULL, NULL, NULL, NULL, NULL, '0.00', 0),
(1008, 5, 20, 'PRO-PF 54-5', 'Valve Seat', 21, 0, 0, 0, 0, NULL, NULL, NULL, NULL, NULL, NULL, '0.00', 0),
(1009, 5, 20, 'PRO-PF 54-26', 'Oring ', 21, 0, 0, 0, 0, NULL, NULL, NULL, NULL, NULL, NULL, '0.00', 0),
(1010, 5, 20, 'PRO-PF 54-27', 'Oring ', 21, 0, 0, 0, 0, NULL, NULL, NULL, NULL, NULL, NULL, '0.00', 0),
(1011, 5, 20, 'PRO-PF 54-31', 'Oring ', 21, 0, 0, 0, 0, NULL, NULL, NULL, NULL, NULL, NULL, '0.00', 0),
(1012, 5, 20, 'PRO-PF 54-33', 'Lock Washer', 21, 0, 0, 0, 0, NULL, NULL, NULL, NULL, NULL, NULL, '0.00', 0),
(1013, 5, 20, 'PRO-PF 54-51', 'Copper Washer', 21, 0, 0, 0, 0, NULL, NULL, NULL, NULL, NULL, NULL, '0.00', 0),
(1014, 5, 20, 'PRO-PF 54-52', 'Junction', 21, 0, 0, 0, 0, NULL, NULL, NULL, NULL, NULL, NULL, '0.00', 0),
(1015, 5, 20, 'PRO-PF 54-57', 'Ring Packing For Starting Air Apparatus', 21, 0, 0, 0, 0, NULL, NULL, NULL, NULL, NULL, NULL, '0.00', 0),
(1016, 5, 20, 'PRO-PF 54-107', 'Cover', 21, 0, 0, 0, 0, NULL, NULL, NULL, NULL, NULL, NULL, '0.00', 0),
(1017, 5, 20, 'PRO-PF 54-109', 'Drain', 21, 0, 0, 0, 0, NULL, NULL, NULL, NULL, NULL, NULL, '0.00', 0),
(1018, 5, 20, 'PRO-PF 54-113', 'Plug', 21, 0, 0, 0, 0, NULL, NULL, NULL, NULL, NULL, NULL, '0.00', 0),
(1019, 5, 20, 'PRO-PF 54-119', 'Spring Heat', 21, 0, 0, 0, 0, NULL, NULL, NULL, NULL, NULL, NULL, '0.00', 0),
(1020, 5, 20, 'PRO-PF 54-124', 'Pin', 21, 0, 0, 0, 0, NULL, NULL, NULL, NULL, NULL, NULL, '0.00', 0),
(1021, 5, 20, 'PRO-PF 54-125', 'Lever', 21, 0, 0, 0, 0, NULL, NULL, NULL, NULL, NULL, NULL, '0.00', 0),
(1022, 5, 20, 'PRO-PF 54-128', 'Lock Washer', 21, 0, 0, 0, 0, NULL, NULL, NULL, NULL, NULL, NULL, '0.00', 0),
(1023, 5, 20, 'PRO-PF 54-134', 'Lock Washer', 21, 0, 0, 0, 0, NULL, NULL, NULL, NULL, NULL, NULL, '0.00', 0),
(1024, 5, 20, 'PRO-PF 57-5', 'Oil Seal', 21, 0, 0, 0, 0, NULL, NULL, NULL, NULL, NULL, NULL, '0.00', 0),
(1025, 5, 20, 'PRO-PF 57-6', 'Bush', 21, 0, 0, 0, 0, NULL, NULL, NULL, NULL, NULL, NULL, '0.00', 0),
(1026, 5, 20, 'PRO-PF 57-9', 'Flange', 21, 0, 0, 0, 0, NULL, NULL, NULL, NULL, NULL, NULL, '0.00', 0),
(1027, 5, 20, 'PRO-PF 57-10', 'Cover', 21, 0, 0, 0, 0, NULL, NULL, NULL, NULL, NULL, NULL, '0.00', 0),
(1028, 5, 20, 'PRO-PF 57-11', 'Bolt', 21, 0, 0, 0, 0, NULL, NULL, NULL, NULL, NULL, NULL, '0.00', 0),
(1029, 5, 20, 'PRO-PF 57-12', 'Spring Washer', 21, 0, 0, 0, 0, NULL, NULL, NULL, NULL, NULL, NULL, '0.00', 0),
(1030, 5, 20, 'PRO-PF 57-13', 'Stud Bolt', 21, 0, 0, 0, 0, NULL, NULL, NULL, NULL, NULL, NULL, '0.00', 0),
(1031, 5, 20, 'PRO-PF 57-14', 'Washer', 21, 0, 0, 0, 0, NULL, NULL, NULL, NULL, NULL, NULL, '0.00', 0),
(1032, 5, 20, 'PRO-PF 57-15', 'Nut', 21, 0, 0, 0, 0, NULL, NULL, NULL, NULL, NULL, NULL, '0.00', 0),
(1033, 5, 20, 'PRO-PF 57-16', 'Packing', 21, 0, 0, 0, 0, NULL, NULL, NULL, NULL, NULL, NULL, '0.00', 0),
(1034, 5, 20, 'PRO-PF 57-17', 'Stud Bolt', 21, 0, 0, 0, 0, NULL, NULL, NULL, NULL, NULL, NULL, '0.00', 0),
(1035, 5, 20, 'PRO-PF 57-18', 'Nut', 21, 0, 0, 0, 0, NULL, NULL, NULL, NULL, NULL, NULL, '0.00', 0),
(1036, 5, 20, 'PRO-PF 57-19', 'Washer', 21, 0, 0, 0, 0, NULL, NULL, NULL, NULL, NULL, NULL, '0.00', 0),
(1037, 5, 20, 'PRO-PF 57-201', 'Worm Shaft', 21, 0, 0, 0, 0, NULL, NULL, NULL, NULL, NULL, NULL, '0.00', 0),
(1038, 5, 20, 'PRO-PF 59-1A', 'Body', 21, 0, 0, 0, 0, NULL, NULL, NULL, NULL, NULL, NULL, '0.00', 0),
(1039, 5, 20, 'PRO-PF 59-2A', 'Spring Pin', 21, 0, 0, 0, 0, NULL, NULL, NULL, NULL, NULL, NULL, '0.00', 0),
(1040, 5, 20, 'PRO-PF 59-3A', 'Taper Pin', 21, 0, 0, 0, 0, NULL, NULL, NULL, NULL, NULL, NULL, '0.00', 0),
(1041, 5, 20, 'PRO-PF 59-4A', 'Set Screw', 21, 0, 0, 0, 0, NULL, NULL, NULL, NULL, NULL, NULL, '0.00', 0),
(1042, 5, 20, 'PRO-PF 59-5A', 'Spring Pin', 21, 0, 0, 0, 0, NULL, NULL, NULL, NULL, NULL, NULL, '0.00', 0),
(1043, 5, 20, 'PRO-PF 59-6A', 'Hexagonal Socket Head Screw', 21, 0, 0, 0, 0, NULL, NULL, NULL, NULL, NULL, NULL, '0.00', 0),
(1044, 5, 20, 'PRO-PF 59-7A', 'Stopper', 21, 0, 0, 0, 0, NULL, NULL, NULL, NULL, NULL, NULL, '0.00', 0),
(1045, 5, 20, 'PRO-PF 59-8A', 'Collar', 21, 0, 0, 0, 0, NULL, NULL, NULL, NULL, NULL, NULL, '0.00', 0),
(1046, 5, 20, 'PRO-PF 59-10A', 'Key', 21, 0, 0, 0, 0, NULL, NULL, NULL, NULL, NULL, NULL, '0.00', 0),
(1047, 5, 20, 'PRO-PF 59-11A', 'Stopper Shaft', 21, 0, 0, 0, 0, NULL, NULL, NULL, NULL, NULL, NULL, '0.00', 0),
(1048, 5, 20, 'PRO-PF 59-12A', 'Rotator', 21, 0, 0, 0, 0, NULL, NULL, NULL, NULL, NULL, NULL, '0.00', 0),
(1049, 5, 20, 'PRO-PF 59-15A', 'Relief Valve', 21, 0, 0, 0, 0, NULL, NULL, NULL, NULL, NULL, NULL, '0.00', 0),
(1050, 5, 20, 'PRO-PF 59-16A', 'Relief Valve Spring', 21, 0, 0, 0, 0, NULL, NULL, NULL, NULL, NULL, NULL, '0.00', 0),
(1051, 5, 20, 'PRO-PF 59-17A', 'Relief Valve Button', 21, 0, 0, 0, 0, NULL, NULL, NULL, NULL, NULL, NULL, '0.00', 0),
(1052, 5, 20, 'PRO-PF 59-18A', 'Spring Pin', 21, 0, 0, 0, 0, NULL, NULL, NULL, NULL, NULL, NULL, '0.00', 0),
(1053, 5, 20, 'PRO-PF 59-19A', 'Packing/Gasket', 21, 0, 0, 0, 0, NULL, NULL, NULL, NULL, NULL, NULL, '0.00', 0),
(1054, 5, 20, 'PRO-PF 59-20A', 'Packing/Gasket', 21, 0, 0, 0, 0, NULL, NULL, NULL, NULL, NULL, NULL, '0.00', 0),
(1055, 5, 20, 'PRO-PF 59-21A', 'Cover ', 21, 0, 0, 0, 0, NULL, NULL, NULL, NULL, NULL, NULL, '0.00', 0),
(1056, 5, 20, 'PRO-PF 59-22A', 'O-ring', 21, 0, 0, 0, 0, NULL, NULL, NULL, NULL, NULL, NULL, '0.00', 0),
(1057, 5, 20, 'PRO-PF 59-23A', 'Bolt', 21, 0, 0, 0, 0, NULL, NULL, NULL, NULL, NULL, NULL, '0.00', 0),
(1058, 5, 20, 'PRO-PF 59-24A', 'Weight', 21, 0, 0, 0, 0, NULL, NULL, NULL, NULL, NULL, NULL, '0.00', 0),
(1059, 5, 20, 'PRO-PF 59-25A', 'Nut', 21, 0, 0, 0, 0, NULL, NULL, NULL, NULL, NULL, NULL, '0.00', 0),
(1060, 5, 20, 'PRO-PF 59-26A', 'Spring', 21, 0, 0, 0, 0, NULL, NULL, NULL, NULL, NULL, NULL, '0.00', 0),
(1061, 5, 20, 'PRO-PF 59-27A', 'Hexagonal Socket Head Screw', 21, 0, 0, 0, 0, NULL, NULL, NULL, NULL, NULL, NULL, '0.00', 0),
(1062, 5, 20, 'PRO-PF 59-28A', 'Spring Washer', 21, 0, 0, 0, 0, NULL, NULL, NULL, NULL, NULL, NULL, '0.00', 0),
(1063, 5, 20, 'PRO-PF 59-29A', 'Dowel Pin', 21, 0, 0, 0, 0, NULL, NULL, NULL, NULL, NULL, NULL, '0.00', 0),
(1064, 5, 20, 'PRO-PF 59-30A', 'Union Joint', 21, 0, 0, 0, 0, NULL, NULL, NULL, NULL, NULL, NULL, '0.00', 0),
(1065, 5, 20, 'PRO-PF 59-31A', 'Copper Packing, 24mmx18.3mmdiax1mmT', 21, 0, 0, 0, 0, NULL, NULL, NULL, NULL, NULL, NULL, '0.00', 0),
(1066, 5, 20, 'PRO-PF 59-32A', 'Adjusting Screw', 21, 0, 0, 0, 0, NULL, NULL, NULL, NULL, NULL, NULL, '0.00', 0),
(1067, 5, 20, 'PRO-PF 59-33A', 'Joint, PN E-41419200', 21, 0, 0, 0, 0, NULL, NULL, NULL, NULL, NULL, NULL, '0.00', 0),
(1068, 5, 20, 'PRO-PF 59-34A', 'Spring Pin', 21, 0, 0, 0, 0, NULL, NULL, NULL, NULL, NULL, NULL, '0.00', 0),
(1069, 5, 20, 'PRO-PF 59-35A', 'Tab Washer, PN A40301001', 21, 0, 0, 0, 0, NULL, NULL, NULL, NULL, NULL, NULL, '0.00', 0),
(1070, 5, 20, 'PRO-PF 59-36A', 'Spring Washer', 21, 0, 0, 0, 0, NULL, NULL, NULL, NULL, NULL, NULL, '0.00', 0),
(1071, 5, 20, 'PRO-PF 59-37A', 'Air Vent Pipe', 21, 0, 0, 0, 0, NULL, NULL, NULL, NULL, NULL, NULL, '0.00', 0),
(1072, 5, 20, 'PRO-PF 59-38A', 'Support', 21, 0, 0, 0, 0, NULL, NULL, NULL, NULL, NULL, NULL, '0.00', 0),
(1073, 5, 20, 'PRO-PF 59-113A', 'Thrust Ball Bearing', 21, 0, 0, 0, 0, NULL, NULL, NULL, NULL, NULL, NULL, '0.00', 0),
(1074, 5, 20, 'PRO-PF 59-1B', 'Axle', 21, 0, 0, 0, 0, NULL, NULL, NULL, NULL, NULL, NULL, '0.00', 0),
(1075, 5, 20, 'PRO-PF 59-2B', 'Button', 21, 0, 0, 0, 0, NULL, NULL, NULL, NULL, NULL, NULL, '0.00', 0),
(1076, 5, 20, 'PRO-PF 59-3B', 'Support', 21, 0, 0, 0, 0, NULL, NULL, NULL, NULL, NULL, NULL, '0.00', 0),
(1077, 5, 20, 'PRO-PF 59-4B', 'Switch', 21, 0, 0, 0, 0, NULL, NULL, NULL, NULL, NULL, NULL, '0.00', 0),
(1078, 5, 20, 'PRO-PF 59-5B', 'Plate', 21, 0, 0, 0, 0, NULL, NULL, NULL, NULL, NULL, NULL, '0.00', 0),
(1079, 5, 20, 'PRO-PF 59-6B', 'Lower Tie-Rod', 21, 0, 0, 0, 0, NULL, NULL, NULL, NULL, NULL, NULL, '0.00', 0),
(1080, 5, 20, 'PRO-PF 59-7B', 'Upper Tie-Rod', 21, 0, 0, 0, 0, NULL, NULL, NULL, NULL, NULL, NULL, '0.00', 0),
(1081, 5, 20, 'PRO-PF 59-8B', 'Screw', 21, 0, 0, 0, 0, NULL, NULL, NULL, NULL, NULL, NULL, '0.00', 0),
(1082, 5, 20, 'PRO-PF 59-9B', 'Screw', 21, 0, 0, 0, 0, NULL, NULL, NULL, NULL, NULL, NULL, '0.00', 0),
(1083, 5, 20, 'PRO-PF 59-10B', 'Nut', 21, 0, 0, 0, 0, NULL, NULL, NULL, NULL, NULL, NULL, '0.00', 0),
(1084, 5, 20, 'PRO-PF 59-11B', 'Washer', 21, 0, 0, 0, 0, NULL, NULL, NULL, NULL, NULL, NULL, '0.00', 0),
(1085, 5, 20, 'PRO-PF 59-12B', 'Nut', 21, 0, 0, 0, 0, NULL, NULL, NULL, NULL, NULL, NULL, '0.00', 0),
(1086, 5, 20, 'PRO-PF 59-13B', 'Washer', 21, 0, 0, 0, 0, NULL, NULL, NULL, NULL, NULL, NULL, '0.00', 0),
(1087, 5, 20, 'PRO-PF 60-1', 'Bearing Support', 21, 0, 0, 0, 0, NULL, NULL, NULL, NULL, NULL, NULL, '0.00', 0),
(1088, 5, 20, 'PRO-PF 60-2', 'Gear Box/Gear Box (with L.O Pump)', 21, 0, 0, 0, 0, NULL, NULL, NULL, NULL, NULL, NULL, '0.00', 0),
(1089, 5, 20, 'PRO-PF 60-3', 'Casing', 21, 0, 0, 0, 0, NULL, NULL, NULL, NULL, NULL, NULL, '0.00', 0),
(1090, 5, 20, 'PRO-PF 60-11', 'Governor Support', 21, 0, 0, 0, 0, NULL, NULL, NULL, NULL, NULL, NULL, '0.00', 0),
(1091, 5, 20, 'PRO-PF 60-12', 'Cover', 21, 0, 0, 0, 0, NULL, NULL, NULL, NULL, NULL, NULL, '0.00', 0),
(1092, 5, 20, 'PRO-PF 60-15', 'Adjusting Shim', 21, 0, 0, 0, 0, NULL, NULL, NULL, NULL, NULL, NULL, '0.00', 0),
(1093, 5, 20, 'PRO-PF 60-21', 'Pinion', 21, 0, 0, 0, 0, NULL, NULL, NULL, NULL, NULL, NULL, '0.00', 0),
(1094, 5, 20, 'PRO-PF 60-22', 'Pinion', 21, 0, 0, 0, 0, NULL, NULL, NULL, NULL, NULL, NULL, '0.00', 0),
(1095, 5, 20, 'PRO-PF 60-25', 'Helical Pinion', 21, 0, 0, 0, 0, NULL, NULL, NULL, NULL, NULL, NULL, '0.00', 0),
(1096, 5, 20, 'PRO-PF 60-26', 'Spline/Serrated Socket', 21, 0, 0, 0, 0, NULL, NULL, NULL, NULL, NULL, NULL, '0.00', 0),
(1097, 5, 20, 'PRO-PF 60-27', 'Key', 21, 0, 0, 0, 0, NULL, NULL, NULL, NULL, NULL, NULL, '0.00', 0),
(1098, 5, 20, 'PRO-PF 60-29', 'Packing/Gasket', 21, 0, 0, 0, 0, NULL, NULL, NULL, NULL, NULL, NULL, '0.00', 0),
(1099, 5, 20, 'PRO-PF 60-30', 'Packing/Gasket', 21, 0, 0, 0, 0, NULL, NULL, NULL, NULL, NULL, NULL, '0.00', 0),
(1100, 5, 20, 'PRO-PF 60-31', 'Adjusting Shim', 21, 0, 0, 0, 0, NULL, NULL, NULL, NULL, NULL, NULL, '0.00', 0),
(1101, 5, 20, 'PRO-PF 60-32', 'Copper Packing', 21, 0, 0, 0, 0, NULL, NULL, NULL, NULL, NULL, NULL, '0.00', 0),
(1102, 5, 20, 'PRO-PF 60-33', 'Loctite Product', 21, 0, 0, 0, 0, NULL, NULL, NULL, NULL, NULL, NULL, '0.00', 0),
(1103, 5, 20, 'PRO-PF 60-34', 'Copper/Ring Packing', 21, 0, 0, 0, 0, NULL, NULL, NULL, NULL, NULL, NULL, '0.00', 0),
(1104, 5, 20, 'PRO-PF 60-35', 'Plug', 21, 0, 0, 0, 0, NULL, NULL, NULL, NULL, NULL, NULL, '0.00', 0),
(1105, 5, 20, 'PRO-PF 60-36', 'Plug', 21, 0, 0, 0, 0, NULL, NULL, NULL, NULL, NULL, NULL, '0.00', 0),
(1106, 5, 20, 'PRO-PF 60-37', 'Taper Pin', 21, 0, 0, 0, 0, NULL, NULL, NULL, NULL, NULL, NULL, '0.00', 0),
(1107, 5, 20, 'PRO-PF 60-38', 'Dowel Pin', 21, 0, 0, 0, 0, NULL, NULL, NULL, NULL, NULL, NULL, '0.00', 0),
(1108, 5, 20, 'PRO-PF 60-39', 'Locking Washer', 21, 0, 0, 0, 0, NULL, NULL, NULL, NULL, NULL, NULL, '0.00', 0),
(1109, 5, 20, 'PRO-PF 60-40', 'Bolt', 21, 0, 0, 0, 0, NULL, NULL, NULL, NULL, NULL, NULL, '0.00', 0),
(1110, 5, 20, 'PRO-PF 60-41', 'Taper Pin', 21, 0, 0, 0, 0, NULL, NULL, NULL, NULL, NULL, NULL, '0.00', 0),
(1111, 5, 20, 'PRO-PF 60-42', 'Set Screw', 21, 0, 0, 0, 0, NULL, NULL, NULL, NULL, NULL, NULL, '0.00', 0),
(1112, 5, 20, 'PRO-PF 60-43', 'Set Screw', 21, 0, 0, 0, 0, NULL, NULL, NULL, NULL, NULL, NULL, '0.00', 0),
(1113, 5, 20, 'PRO-PF 60-44', 'Bolt', 21, 0, 0, 0, 0, NULL, NULL, NULL, NULL, NULL, NULL, '0.00', 0),
(1114, 5, 20, 'PRO-PF 60-45', 'Bolt', 21, 0, 0, 0, 0, NULL, NULL, NULL, NULL, NULL, NULL, '0.00', 0),
(1115, 5, 20, 'PRO-PF 60-46', 'Tongued Washer', 21, 0, 0, 0, 0, NULL, NULL, NULL, NULL, NULL, NULL, '0.00', 0),
(1116, 5, 20, 'PRO-PF 60-47', 'Bolt', 21, 0, 0, 0, 0, NULL, NULL, NULL, NULL, NULL, NULL, '0.00', 0),
(1117, 5, 20, 'PRO-PF 60-48', 'Slotted Nut', 21, 0, 0, 0, 0, NULL, NULL, NULL, NULL, NULL, NULL, '0.00', 0),
(1118, 5, 20, 'PRO-PF 60-49', 'Split Pin', 21, 0, 0, 0, 0, NULL, NULL, NULL, NULL, NULL, NULL, '0.00', 0),
(1119, 5, 20, 'PRO-PF 60-50', 'Bolt', 21, 0, 0, 0, 0, NULL, NULL, NULL, NULL, NULL, NULL, '0.00', 0),
(1120, 5, 20, 'PRO-PF 60-51', 'Tongued Washer', 21, 0, 0, 0, 0, NULL, NULL, NULL, NULL, NULL, NULL, '0.00', 0),
(1121, 5, 20, 'PRO-PF 60-52', 'Screw', 21, 0, 0, 0, 0, NULL, NULL, NULL, NULL, NULL, NULL, '0.00', 0),
(1122, 5, 20, 'PRO-PF 60-102', 'Gear Box (no L.O Pump)', 21, 0, 0, 0, 0, NULL, NULL, NULL, NULL, NULL, NULL, '0.00', 0),
(1123, 5, 20, 'PRO-PF 60-221', 'Packing', 21, 0, 0, 0, 0, NULL, NULL, NULL, NULL, NULL, NULL, '0.00', 0),
(1124, 5, 20, 'PRO-PF 60-222', 'Cover ', 21, 0, 0, 0, 0, NULL, NULL, NULL, NULL, NULL, NULL, '0.00', 0),
(1125, 5, 20, 'PRO-PF 60-224', 'Distance Piece', 21, 0, 0, 0, 0, NULL, NULL, NULL, NULL, NULL, NULL, '0.00', 0),
(1126, 5, 20, 'PRO-PF 60-225', 'Bolt', 21, 0, 0, 0, 0, NULL, NULL, NULL, NULL, NULL, NULL, '0.00', 0),
(1127, 5, 20, 'PRO-PF 60-226', 'Bolt', 21, 0, 0, 0, 0, NULL, NULL, NULL, NULL, NULL, NULL, '0.00', 0),
(1128, 5, 20, 'PRO-PF 60-227', 'Tongued Washer', 21, 0, 0, 0, 0, NULL, NULL, NULL, NULL, NULL, NULL, '0.00', 0),
(1129, 5, 20, 'PRO-PF 60-228', 'Tongued Washer', 21, 0, 0, 0, 0, NULL, NULL, NULL, NULL, NULL, NULL, '0.00', 0),
(1130, 5, 20, 'PRO-PF 62-1A', 'Woodward Governor UG40', 21, 0, 0, 0, 0, NULL, NULL, NULL, NULL, NULL, NULL, '0.00', 0),
(1131, 5, 20, 'PRO-PF 62-1B', 'Battery', 21, 0, 0, 0, 0, NULL, NULL, NULL, NULL, NULL, NULL, '0.00', 0),
(1132, 5, 20, 'PRO-PF 62-2', 'Tube', 21, 0, 0, 0, 0, NULL, NULL, NULL, NULL, NULL, NULL, '0.00', 0),
(1133, 5, 20, 'PRO-PF 62-3A', 'Bolt', 21, 0, 0, 0, 0, NULL, NULL, NULL, NULL, NULL, NULL, '0.00', 0),
(1134, 5, 20, 'PRO-PF 62-3B', 'Tube', 21, 0, 0, 0, 0, NULL, NULL, NULL, NULL, NULL, NULL, '0.00', 0),
(1135, 5, 20, 'PRO-PF 62-4A', 'Tongued Washer', 21, 0, 0, 0, 0, NULL, NULL, NULL, NULL, NULL, NULL, '0.00', 0),
(1136, 5, 20, 'PRO-PF 62-4B', 'Tube', 21, 0, 0, 0, 0, NULL, NULL, NULL, NULL, NULL, NULL, '0.00', 0),
(1137, 5, 20, 'PRO-PF 62-5A', 'Packing', 21, 0, 0, 0, 0, NULL, NULL, NULL, NULL, NULL, NULL, '0.00', 0),
(1138, 5, 20, 'PRO-PF 62-5B', 'Tube', 21, 0, 0, 0, 0, NULL, NULL, NULL, NULL, NULL, NULL, '0.00', 0),
(1139, 5, 20, 'PRO-PF 62-6A', 'Screw', 21, 0, 0, 0, 0, NULL, NULL, NULL, NULL, NULL, NULL, '0.00', 0),
(1140, 5, 20, 'PRO-PF 62-6B', 'Union', 21, 0, 0, 0, 0, NULL, NULL, NULL, NULL, NULL, NULL, '0.00', 0),
(1141, 5, 20, 'PRO-PF 62-07', 'Male Union', 21, 0, 0, 0, 0, NULL, NULL, NULL, NULL, NULL, NULL, '0.00', 0),
(1142, 5, 20, 'PRO-PF 62-08', 'Male Union', 21, 0, 0, 0, 0, NULL, NULL, NULL, NULL, NULL, NULL, '0.00', 0),
(1143, 5, 20, 'PRO-PF 62-09', 'Set Screw', 21, 0, 0, 0, 0, NULL, NULL, NULL, NULL, NULL, NULL, '0.00', 0),
(1144, 5, 20, 'PRO-PF 62-10', 'Lock Washer', 21, 0, 0, 0, 0, NULL, NULL, NULL, NULL, NULL, NULL, '0.00', 0),
(1145, 5, 20, 'PRO-PF 62-11', 'Extension', 21, 0, 0, 0, 0, NULL, NULL, NULL, NULL, NULL, NULL, '0.00', 0),
(1146, 5, 20, 'PRO-PF 62-12', 'Junction', 21, 0, 0, 0, 0, NULL, NULL, NULL, NULL, NULL, NULL, '0.00', 0),
(1147, 5, 20, 'PRO-PF 62-13', 'Screw', 21, 0, 0, 0, 0, NULL, NULL, NULL, NULL, NULL, NULL, '0.00', 0),
(1148, 5, 20, 'PRO-PF 62-14', 'Screw', 21, 0, 0, 0, 0, NULL, NULL, NULL, NULL, NULL, NULL, '0.00', 0),
(1149, 5, 20, 'PRO-PF 62-15', 'Washer', 21, 0, 0, 0, 0, NULL, NULL, NULL, NULL, NULL, NULL, '0.00', 0),
(1150, 5, 20, 'PRO-PF 62-16', 'Collar', 21, 0, 0, 0, 0, NULL, NULL, NULL, NULL, NULL, NULL, '0.00', 0),
(1151, 5, 20, 'PRO-PF 62-18', 'Collar', 21, 0, 0, 0, 0, NULL, NULL, NULL, NULL, NULL, NULL, '0.00', 0),
(1152, 5, 20, 'PRO-PF 62-19', 'Collar', 21, 0, 0, 0, 0, NULL, NULL, NULL, NULL, NULL, NULL, '0.00', 0),
(1153, 5, 20, 'PRO-PF 62-20', 'Collar', 21, 0, 0, 0, 0, NULL, NULL, NULL, NULL, NULL, NULL, '0.00', 0),
(1154, 5, 20, 'PRO-PF 62-21', 'Plate', 21, 0, 0, 0, 0, NULL, NULL, NULL, NULL, NULL, NULL, '0.00', 0),
(1155, 5, 20, 'PRO-PF 62-22', 'Plate', 21, 0, 0, 0, 0, NULL, NULL, NULL, NULL, NULL, NULL, '0.00', 0),
(1156, 5, 20, 'PRO-PF 62-23', 'Plate', 21, 0, 0, 0, 0, NULL, NULL, NULL, NULL, NULL, NULL, '0.00', 0),
(1157, 5, 20, 'PRO-PF 62-24', 'Lead Packing', 21, 0, 0, 0, 0, NULL, NULL, NULL, NULL, NULL, NULL, '0.00', 0),
(1158, 5, 20, 'PRO-PF 62-48', '3039-48 Power Link', 21, 0, 0, 0, 0, NULL, NULL, NULL, NULL, NULL, NULL, '0.00', 0),
(1159, 5, 20, 'PRO-PF 62-49', '3039-49 Pin', 21, 0, 0, 0, 0, NULL, NULL, NULL, NULL, NULL, NULL, '0.00', 0),
(1160, 5, 20, 'PRO-PF 65-1', 'Drive Shaft', 21, 0, 0, 0, 0, NULL, NULL, NULL, NULL, NULL, NULL, '0.00', 0),
(1161, 5, 20, 'PRO-PF 65-2', 'Water Pump Drive Shaft (R)', 21, 0, 0, 0, 0, NULL, NULL, NULL, NULL, NULL, NULL, '0.00', 0),
(1162, 5, 20, 'PRO-PF 65-3', 'Water Pump Drive Shaft (L)', 21, 0, 0, 0, 0, NULL, NULL, NULL, NULL, NULL, NULL, '0.00', 0),
(1163, 5, 20, 'PRO-PF 65-4', 'Drive Gear', 21, 0, 0, 0, 0, NULL, NULL, NULL, NULL, NULL, NULL, '0.00', 0),
(1164, 5, 20, 'PRO-PF 65-6', 'Bearing', 21, 0, 0, 0, 0, NULL, NULL, NULL, NULL, NULL, NULL, '0.00', 0),
(1165, 5, 20, 'PRO-PF 65-9', 'Bush', 21, 0, 0, 0, 0, NULL, NULL, NULL, NULL, NULL, NULL, '0.00', 0),
(1166, 5, 20, 'PRO-PF 65-11', 'Plug', 21, 0, 0, 0, 0, NULL, NULL, NULL, NULL, NULL, NULL, '0.00', 0),
(1167, 5, 20, 'PRO-PF 65-13', 'Packing/Gasket', 21, 0, 0, 0, 0, NULL, NULL, NULL, NULL, NULL, NULL, '0.00', 0),
(1168, 5, 20, 'PRO-PF 65-17', 'Set Screw', 21, 0, 0, 0, 0, NULL, NULL, NULL, NULL, NULL, NULL, '0.00', 0),
(1169, 5, 20, 'PRO-PF 65-19', 'Bolt', 21, 0, 0, 0, 0, NULL, NULL, NULL, NULL, NULL, NULL, '0.00', 0),
(1170, 5, 20, 'PRO-PF 65-20', 'Slotted Nut', 21, 0, 0, 0, 0, NULL, NULL, NULL, NULL, NULL, NULL, '0.00', 0),
(1171, 5, 20, 'PRO-PF 65-21', 'Split Pin', 21, 0, 0, 0, 0, NULL, NULL, NULL, NULL, NULL, NULL, '0.00', 0),
(1172, 5, 20, 'PRO-PF 65-22', 'Tongued Washer', 21, 0, 0, 0, 0, NULL, NULL, NULL, NULL, NULL, NULL, '0.00', 0),
(1173, 5, 20, 'PRO-PF 65-23', 'Fitted Bolt', 21, 0, 0, 0, 0, NULL, NULL, NULL, NULL, NULL, NULL, '0.00', 0),
(1174, 5, 20, 'PRO-PF 65-29', 'Locking', 21, 0, 0, 0, 0, NULL, NULL, NULL, NULL, NULL, NULL, '0.00', 0),
(1175, 5, 20, 'PRO-PF 65-204', 'Toothed Wheel right', 21, 0, 0, 0, 0, NULL, NULL, NULL, NULL, NULL, NULL, '0.00', 0),
(1176, 5, 20, 'PRO-PF 65-205', 'Toothed Wheel left', 21, 0, 0, 0, 0, NULL, NULL, NULL, NULL, NULL, NULL, '0.00', 0),
(1177, 5, 20, 'PRO-PF 65-72', 'Gasket', 21, 0, 0, 0, 0, NULL, NULL, NULL, NULL, NULL, NULL, '0.00', 0),
(1178, 5, 20, 'PRO-PF 65-301', 'Bearing', 21, 0, 0, 0, 0, NULL, NULL, NULL, NULL, NULL, NULL, '0.00', 0),
(1179, 5, 20, 'PRO-PF 65-302', 'Shaft', 21, 0, 0, 0, 0, NULL, NULL, NULL, NULL, NULL, NULL, '0.00', 0),
(1180, 5, 20, 'PRO-PF 65-303', 'Shim', 21, 0, 0, 0, 0, NULL, NULL, NULL, NULL, NULL, NULL, '0.00', 0),
(1181, 5, 20, 'PRO-PF 65-305', 'Crosspiece', 21, 0, 0, 0, 0, NULL, NULL, NULL, NULL, NULL, NULL, '0.00', 0),
(1182, 5, 20, 'PRO-PF 65-308', 'Screw', 21, 0, 0, 0, 0, NULL, NULL, NULL, NULL, NULL, NULL, '0.00', 0),
(1183, 5, 20, 'PRO-PF 65-309', 'Screw', 21, 0, 0, 0, 0, NULL, NULL, NULL, NULL, NULL, NULL, '0.00', 0),
(1184, 5, 20, 'PRO-PF 65-312', 'Rolled "Mecanindus" Pin', 21, 0, 0, 0, 0, NULL, NULL, NULL, NULL, NULL, NULL, '0.00', 0),
(1185, 5, 20, 'PRO-PF 65-313', 'Rolled "Mecanindus" Pin', 21, 0, 0, 0, 0, NULL, NULL, NULL, NULL, NULL, NULL, '0.00', 0),
(1186, 5, 20, 'PRO-PF 65-314', 'Rolled "Mecanindus" Pin', 21, 0, 0, 0, 0, NULL, NULL, NULL, NULL, NULL, NULL, '0.00', 0),
(1187, 5, 20, 'PRO-PF 65-315', 'Rolled "Mecanindus" Pin', 21, 0, 0, 0, 0, NULL, NULL, NULL, NULL, NULL, NULL, '0.00', 0),
(1188, 5, 20, 'PRO-PF 65-318', 'Lockwire', 21, 0, 0, 0, 0, NULL, NULL, NULL, NULL, NULL, NULL, '0.00', 0),
(1189, 5, 20, 'PRO-PF 65-319', 'Oring', 21, 0, 0, 0, 0, NULL, NULL, NULL, NULL, NULL, NULL, '0.00', 0),
(1190, 5, 20, 'PRO-PF 65-320', 'Orifice', 21, 0, 0, 0, 0, NULL, NULL, NULL, NULL, NULL, NULL, '0.00', 0),
(1191, 5, 20, 'PRO-PF 68-101', 'Valve', 21, 0, 0, 0, 0, NULL, NULL, NULL, NULL, NULL, NULL, '0.00', 0),
(1192, 5, 20, 'PRO-PF 68-102', 'Bracket', 21, 0, 0, 0, 0, NULL, NULL, NULL, NULL, NULL, NULL, '0.00', 0),
(1193, 5, 20, 'PRO-PF 68-103', 'Plate', 21, 0, 0, 0, 0, NULL, NULL, NULL, NULL, NULL, NULL, '0.00', 0),
(1194, 5, 20, 'PRO-PF 68-104', 'Screw', 21, 0, 0, 0, 0, NULL, NULL, NULL, NULL, NULL, NULL, '0.00', 0),
(1195, 5, 20, 'PRO-PF 68-105', 'Screw', 21, 0, 0, 0, 0, NULL, NULL, NULL, NULL, NULL, NULL, '0.00', 0),
(1196, 5, 20, 'PRO-PF 68-106', 'Tab Washer', 21, 0, 0, 0, 0, NULL, NULL, NULL, NULL, NULL, NULL, '0.00', 0),
(1197, 5, 20, 'PRO-PF 68-107', 'Screw', 21, 0, 0, 0, 0, NULL, NULL, NULL, NULL, NULL, NULL, '0.00', 0),
(1198, 5, 20, 'PRO-PF 68-108', 'Star Washer', 21, 0, 0, 0, 0, NULL, NULL, NULL, NULL, NULL, NULL, '0.00', 0),
(1199, 5, 20, 'PRO-PF 68-109', 'Male Union Single', 21, 0, 0, 0, 0, NULL, NULL, NULL, NULL, NULL, NULL, '0.00', 0),
(1200, 5, 20, 'PRO-PF 68-110', 'Joint', 21, 0, 0, 0, 0, NULL, NULL, NULL, NULL, NULL, NULL, '0.00', 0),
(1201, 5, 20, 'PRO-PF 68-2', 'Bracket', 21, 0, 0, 0, 0, NULL, NULL, NULL, NULL, NULL, NULL, '0.00', 0),
(1202, 5, 20, 'PRO-PF 68-1', 'Switch', 21, 0, 0, 0, 0, NULL, NULL, NULL, NULL, NULL, NULL, '0.00', 0),
(1203, 5, 20, 'PRO-PF 68-3', 'Screw', 21, 0, 0, 0, 0, NULL, NULL, NULL, NULL, NULL, NULL, '0.00', 0),
(1204, 5, 20, 'PRO-PF 68-4', 'Nut', 21, 0, 0, 0, 0, NULL, NULL, NULL, NULL, NULL, NULL, '0.00', 0),
(1205, 5, 20, 'PRO-PF 68-5', 'Washer', 21, 0, 0, 0, 0, NULL, NULL, NULL, NULL, NULL, NULL, '0.00', 0),
(1206, 5, 20, 'PRO-PF 70-1', 'Bearing Housing (Bottom)', 21, 0, 0, 0, 0, NULL, NULL, NULL, NULL, NULL, NULL, '0.00', 0),
(1207, 5, 20, 'PRO-PF 70-6', 'Bearing cap (Top)', 21, 0, 0, 0, 0, NULL, NULL, NULL, NULL, NULL, NULL, '0.00', 0),
(1208, 5, 20, 'PRO-PF 70-9', 'Fitted Bolt', 21, 0, 0, 0, 0, NULL, NULL, NULL, NULL, NULL, NULL, '0.00', 0),
(1209, 5, 20, 'PRO-PF 70-11', 'Fitted Bolt', 21, 0, 0, 0, 0, NULL, NULL, NULL, NULL, NULL, NULL, '0.00', 0),
(1210, 5, 20, 'PRO-PF 70-12', 'Bolt', 21, 0, 0, 0, 0, NULL, NULL, NULL, NULL, NULL, NULL, '0.00', 0),
(1211, 5, 20, 'PRO-PF 70-13', 'Copper Packing', 21, 0, 0, 0, 0, NULL, NULL, NULL, NULL, NULL, NULL, '0.00', 0),
(1212, 5, 20, 'PRO-PF 70-15', 'Bolt', 21, 0, 0, 0, 0, NULL, NULL, NULL, NULL, NULL, NULL, '0.00', 0),
(1213, 5, 20, 'PRO-PF 70-16', 'Slotted Nut', 21, 0, 0, 0, 0, NULL, NULL, NULL, NULL, NULL, NULL, '0.00', 0),
(1214, 5, 20, 'PRO-PF 70-17', 'Slotted Nut', 21, 0, 0, 0, 0, NULL, NULL, NULL, NULL, NULL, NULL, '0.00', 0),
(1215, 5, 20, 'PRO-PF 70-18', 'Split Pin', 21, 0, 0, 0, 0, NULL, NULL, NULL, NULL, NULL, NULL, '0.00', 0),
(1216, 5, 20, 'PRO-PF 70-20', 'Plug', 21, 0, 0, 0, 0, NULL, NULL, NULL, NULL, NULL, NULL, '0.00', 0),
(1217, 5, 20, 'PRO-PF 70-21', 'Copper Packing', 21, 0, 0, 0, 0, NULL, NULL, NULL, NULL, NULL, NULL, '0.00', 0),
(1218, 5, 20, 'PRO-PF 70-23', 'Split Pin', 21, 0, 0, 0, 0, NULL, NULL, NULL, NULL, NULL, NULL, '0.00', 0),
(1219, 5, 20, 'PRO-PF 71-1', 'Bearing Housing (Bottom Half)', 21, 0, 0, 0, 0, NULL, NULL, NULL, NULL, NULL, NULL, '0.00', 0),
(1220, 5, 20, 'PRO-PF 71-2', 'Bearing Cap (Top)', 21, 0, 0, 0, 0, NULL, NULL, NULL, NULL, NULL, NULL, '0.00', 0),
(1221, 5, 20, 'PRO-PF 71-3', 'Bearing Housing (Top Half)', 21, 0, 0, 0, 0, NULL, NULL, NULL, NULL, NULL, NULL, '0.00', 0),
(1222, 5, 20, 'PRO-PF 71-6', 'Bolt', 21, 0, 0, 0, 0, NULL, NULL, NULL, NULL, NULL, NULL, '0.00', 0),
(1223, 5, 20, 'PRO-PF 71-7', 'Bolt/Positioning Pin for Bearing', 21, 0, 0, 1027, 0, 0, '', '', NULL, NULL, NULL, '0.00', 0),
(1224, 5, 20, 'PRO-PF 71-8', 'Threaded Taper Pin', 21, 0, 0, 0, 0, NULL, NULL, NULL, NULL, NULL, NULL, '0.00', 0),
(1225, 5, 20, 'PRO-PF 71-9', 'Positioning Pin for Bearing/Nut Locking Clamp', 21, 0, 0, 1028, 0, 0, '', '', NULL, NULL, NULL, '0.00', 0),
(1226, 5, 20, 'PRO-PF 71-10', 'Screw CHC/Spring Pin', 21, 0, 0, 1018, 0, 0, '', '', NULL, NULL, NULL, '0.00', 0),
(1227, 5, 20, 'PRO-PF 71-11', 'Bolt/Locking Wire', 21, 0, 0, 0, 0, NULL, NULL, NULL, NULL, NULL, NULL, '0.00', 0),
(1228, 5, 20, 'PRO-PF 71-12', 'Threaded Taper Pin/Bolt', 21, 0, 0, 0, 0, NULL, NULL, NULL, NULL, NULL, NULL, '0.00', 0),
(1229, 5, 20, 'PRO-PF 71-13', 'Nut/Fitted Bolt', 21, 0, 0, 0, 0, NULL, NULL, NULL, NULL, NULL, NULL, '0.00', 0),
(1230, 5, 20, 'PRO-PF 71-15', 'Fitted Bolt/Nut', 21, 0, 0, 1029, 0, 0, '', '', NULL, NULL, NULL, '0.00', 0),
(1231, 5, 20, 'PRO-PF 71-16', 'Bolt/Slotted Nut', 21, 0, 0, 0, 0, NULL, NULL, NULL, NULL, NULL, NULL, '0.00', 0),
(1232, 5, 20, 'PRO-PF 71-18', 'Bolt/Split Pin', 21, 0, 0, 0, 0, NULL, NULL, NULL, NULL, NULL, NULL, '0.00', 0),
(1233, 5, 20, 'PRO-PF 71-19', 'Slotted Nut/Split Pin', 21, 0, 0, 0, 0, NULL, NULL, NULL, NULL, NULL, NULL, '0.00', 0),
(1234, 5, 20, 'PRO-PF 71-20', 'Slotted Nut/Spring Pin', 21, 0, 0, 0, 0, NULL, NULL, NULL, NULL, NULL, NULL, '0.00', 0),
(1235, 5, 20, 'PRO-PF 71-21', 'Split Pin/Plug', 21, 0, 0, 0, 0, NULL, NULL, NULL, NULL, NULL, NULL, '0.00', 0),
(1236, 5, 20, 'PRO-PF 71-22', 'Copper Washer/Copper Packing', 21, 0, 0, 0, 0, NULL, NULL, NULL, NULL, NULL, NULL, '0.00', 0),
(1237, 5, 20, 'PRO-PF 71-23', 'Plug/Copper Packing', 21, 0, 0, 0, 0, NULL, NULL, NULL, NULL, NULL, NULL, '0.00', 0),
(1238, 5, 20, 'PRO-PF 71-24', 'Copper Packing, PF 71-24', 21, 0, 0, 1019, 0, 0, '', '', NULL, NULL, NULL, '0.00', 0),
(1239, 5, 20, 'PRO-PF 71-25', 'Split Pin', 21, 0, 0, 0, 0, NULL, NULL, NULL, NULL, NULL, NULL, '0.00', 0),
(1240, 5, 20, 'PRO-PF 71-26', 'Locking Wire', 21, 0, 0, 0, 0, NULL, NULL, NULL, NULL, NULL, NULL, '0.00', 0),
(1241, 5, 20, 'PRO-PF 71-104', 'Bottom Half Shell', 21, 0, 0, 0, 0, NULL, NULL, NULL, NULL, NULL, NULL, '0.00', 0),
(1242, 5, 20, 'PRO-PF 71-105', 'Top Half Shell', 21, 0, 0, 0, 0, NULL, NULL, NULL, NULL, NULL, NULL, '0.00', 0),
(1243, 5, 20, 'PRO-PF 72-23', 'Cover ', 21, 0, 0, 0, 0, NULL, NULL, NULL, NULL, NULL, NULL, '0.00', 0),
(1244, 5, 20, 'PRO-PF 72-28', 'Cover ', 21, 0, 0, 0, 0, NULL, NULL, NULL, NULL, NULL, NULL, '0.00', 0),
(1245, 5, 20, 'PRO-PF 72-51', 'Cover ', 21, 0, 0, 0, 0, NULL, NULL, NULL, NULL, NULL, NULL, '0.00', 0),
(1246, 5, 20, 'PRO-PF 72-52', 'Packing', 21, 0, 0, 0, 0, NULL, NULL, NULL, NULL, NULL, NULL, '0.00', 0),
(1247, 5, 20, 'PRO-PF 72-53', 'Packing', 21, 0, 0, 0, 0, NULL, NULL, NULL, NULL, NULL, NULL, '0.00', 0),
(1248, 5, 20, 'PRO-PF 72-59', 'Packing', 21, 0, 0, 0, 0, NULL, NULL, NULL, NULL, NULL, NULL, '0.00', 0),
(1249, 5, 20, 'PRO-PF 72-62', 'Packing', 21, 0, 0, 0, 0, NULL, NULL, NULL, NULL, NULL, NULL, '0.00', 0),
(1250, 5, 20, 'PRO-PF 72-63', 'Packing', 21, 0, 0, 0, 0, NULL, NULL, NULL, NULL, NULL, NULL, '0.00', 0),
(1251, 5, 20, 'PRO-PF 72-64', 'Packing', 21, 0, 0, 0, 0, NULL, NULL, NULL, NULL, NULL, NULL, '0.00', 0),
(1252, 5, 20, 'PRO-PF 72-70', 'Bolt', 21, 0, 0, 0, 0, NULL, NULL, NULL, NULL, NULL, NULL, '0.00', 0),
(1253, 5, 20, 'PRO-PF 72-71', 'Bolt', 21, 0, 0, 0, 0, NULL, NULL, NULL, NULL, NULL, NULL, '0.00', 0),
(1254, 5, 20, 'PRO-PF 72-72', 'Bolt', 21, 0, 0, 0, 0, NULL, NULL, NULL, NULL, NULL, NULL, '0.00', 0),
(1255, 5, 20, 'PRO-PF 72-75', 'Copper Packing', 21, 0, 0, 0, 0, NULL, NULL, NULL, NULL, NULL, NULL, '0.00', 0),
(1256, 5, 20, 'PRO-PF 72-76', 'Copper Packing', 21, 0, 0, 0, 0, NULL, NULL, NULL, NULL, NULL, NULL, '0.00', 0),
(1257, 5, 20, 'PRO-PF 72-80', 'Bolt', 21, 0, 0, 0, 0, NULL, NULL, NULL, NULL, NULL, NULL, '0.00', 0),
(1258, 5, 20, 'PRO-PF 72-83', 'Nock Pin', 21, 0, 0, 0, 0, NULL, NULL, NULL, NULL, NULL, NULL, '0.00', 0),
(1259, 5, 20, 'PRO-PF 72-84', 'Bolt', 21, 0, 0, 0, 0, NULL, NULL, NULL, NULL, NULL, NULL, '0.00', 0),
(1260, 5, 20, 'PRO-PF 72-85', 'Cover ', 21, 0, 0, 0, 0, NULL, NULL, NULL, NULL, NULL, NULL, '0.00', 0),
(1261, 5, 20, 'PRO-PF 72-86', 'Packing', 21, 0, 0, 0, 0, NULL, NULL, NULL, NULL, NULL, NULL, '0.00', 0),
(1262, 5, 20, 'PRO-PF 72-401', 'Cover ', 21, 0, 0, 0, 0, NULL, NULL, NULL, NULL, NULL, NULL, '0.00', 0),
(1263, 5, 20, 'PRO-PF 72-501', 'Cover ', 21, 0, 0, 0, 0, NULL, NULL, NULL, NULL, NULL, NULL, '0.00', 0),
(1264, 5, 20, 'PRO-PF 73-1', 'Top Half Cover', 21, 0, 0, 0, 0, NULL, NULL, NULL, NULL, NULL, NULL, '0.00', 0),
(1265, 5, 20, 'PRO-PF 73-2', 'Bottom Half Cover', 21, 0, 0, 0, 0, NULL, NULL, NULL, NULL, NULL, NULL, '0.00', 0),
(1266, 5, 20, 'PRO-PF 73-3', 'Top Half Cover', 21, 0, 0, 0, 0, NULL, NULL, NULL, NULL, NULL, NULL, '0.00', 0),
(1267, 5, 20, 'PRO-PF 73-4', 'Bottom Half Cover ', 21, 0, 0, 0, 0, NULL, NULL, NULL, NULL, NULL, NULL, '0.00', 0),
(1268, 5, 20, 'PRO-PF 73-7', 'Packing, Coupling Oil Seal', 21, 0, 0, 0, 0, NULL, NULL, NULL, NULL, NULL, NULL, '0.00', 0),
(1269, 5, 20, 'PRO-PF 73-8', 'V Packing', 21, 0, 0, 0, 0, NULL, NULL, NULL, NULL, NULL, NULL, '0.00', 0),
(1270, 5, 20, 'PRO-PF 73-9', 'Wire/Clamping Wire', 21, 0, 0, 1020, 0, 0, '', '', NULL, NULL, NULL, '0.00', 0),
(1271, 5, 20, 'PRO-PF 73-10A', 'Bottom Half Cover', 21, 55, 0, 1030, 0, 0, '', '', NULL, NULL, NULL, '0.00', 0),
(1272, 5, 20, 'PRO-PF 73-11', 'Bolt', 21, 0, 0, 1031, 0, 0, '', '', NULL, NULL, NULL, '0.00', 0),
(1273, 5, 20, 'PRO-PF 73-12', 'Hexagonal Socket Head Screw                                                                                                                                                                                                                                    ', 21, 0, 0, 1032, 0, 0, '', '', NULL, NULL, NULL, '0.00', 0),
(1274, 5, 20, 'PRO-PF 73-13A', 'Oil Seal', 21, 0, 0, 0, 0, NULL, NULL, NULL, NULL, NULL, NULL, '0.00', 0),
(1275, 5, 20, 'PRO-PF 73-13B', 'Set Screw/Bolt', 21, 0, 0, 1034, 0, 0, '', '', NULL, NULL, NULL, '0.00', 0),
(1276, 5, 20, 'PRO-PF 73-14', 'Bolt', 21, 134, 0, 1035, 0, 0, '', '', NULL, NULL, NULL, '0.00', 0),
(1277, 5, 20, 'PRO-PF 73-15 (A)', 'Top Half Ring', 21, 0, 0, 0, 0, NULL, NULL, NULL, NULL, NULL, NULL, '0.00', 0),
(1278, 5, 20, 'PRO-PF 73-15 (B)', 'Fitted Bolt', 21, 0, 0, 0, 0, NULL, NULL, NULL, NULL, NULL, NULL, '0.00', 0),
(1279, 5, 20, 'PRO-PF 73-16', 'Nut/Slotted Nut', 21, 0, 0, 0, 0, NULL, NULL, NULL, NULL, NULL, NULL, '0.00', 0),
(1280, 5, 20, 'PRO-PF 73-18', 'Union', 21, 0, 0, 0, 0, NULL, NULL, NULL, NULL, NULL, NULL, '0.00', 0),
(1281, 5, 20, 'PRO-PF 73-19', 'Bottom Half Ring', 21, 0, 0, 0, 0, NULL, NULL, NULL, NULL, NULL, NULL, '0.00', 0),
(1282, 5, 20, 'PRO-PF 73-20', 'Tightness', 21, 0, 0, 0, 0, NULL, NULL, NULL, NULL, NULL, NULL, '0.00', 0),
(1283, 5, 20, 'PRO-PF 73-26', 'Bolt', 21, 0, 0, 0, 0, NULL, NULL, NULL, NULL, NULL, NULL, '0.00', 0),
(1284, 5, 20, 'PRO-PF 73-27', 'Bolt', 21, 0, 0, 0, 0, NULL, NULL, NULL, NULL, NULL, NULL, '0.00', 0),
(1285, 5, 20, 'PRO-PF 73-28', 'Bolt', 21, 0, 0, 0, 0, NULL, NULL, NULL, NULL, NULL, NULL, '0.00', 0),
(1286, 5, 20, 'PRO-PF 73-30', 'Fitted Bolt', 21, 0, 0, 0, 0, NULL, NULL, NULL, NULL, NULL, NULL, '0.00', 0),
(1287, 5, 20, 'PRO-PF 73-31', 'Slotted Nut', 21, 0, 0, 0, 0, NULL, NULL, NULL, NULL, NULL, NULL, '0.00', 0),
(1288, 5, 20, 'PRO-PF 73-32', 'Split Pin', 21, 0, 0, 0, 0, NULL, NULL, NULL, NULL, NULL, NULL, '0.00', 0),
(1289, 5, 20, 'PRO-PF 73-33', 'Union', 21, 0, 0, 0, 0, NULL, NULL, NULL, NULL, NULL, NULL, '0.00', 0),
(1290, 5, 20, 'PRO-PF 73-34', 'Hexagonal Socket Head Screw', 21, 0, 0, 0, 0, NULL, NULL, NULL, NULL, NULL, NULL, '0.00', 0),
(1291, 5, 20, 'PRO-PF 73-36', 'Cover', 21, 0, 0, 0, 0, NULL, NULL, NULL, NULL, NULL, NULL, '0.00', 0),
(1292, 5, 20, 'PRO-PF 73-41', 'Clamping Wire, PN 41330719', 21, 0, 0, 0, 0, NULL, NULL, NULL, NULL, NULL, NULL, '0.00', 0),
(1293, 5, 20, 'PRO-PF 73-50', 'Flange', 21, 0, 0, 0, 0, NULL, NULL, NULL, NULL, NULL, NULL, '0.00', 0),
(1294, 5, 20, 'PRO-PF 73-52', 'Oil Seal', 21, 0, 0, 0, 0, NULL, NULL, NULL, NULL, NULL, NULL, '0.00', 0),
(1295, 5, 20, 'PRO-PF 73-53', 'Copper Packing', 21, 0, 0, 0, 0, NULL, NULL, NULL, NULL, NULL, NULL, '0.00', 0),
(1296, 5, 20, 'PRO-PF 73-54', 'Packing', 21, 0, 0, 0, 0, NULL, NULL, NULL, NULL, NULL, NULL, '0.00', 0),
(1297, 5, 20, 'PRO-PF 73-55', 'Dowel Pin', 21, 0, 0, 0, 0, NULL, NULL, NULL, NULL, NULL, NULL, '0.00', 0),
(1298, 5, 20, 'PRO-PF 73-56', 'Bolt', 21, 0, 0, 0, 0, NULL, NULL, NULL, NULL, NULL, NULL, '0.00', 0),
(1299, 5, 20, 'PRO-PF 75-1A', 'L.O Pipe', 21, 0, 0, 0, 0, NULL, NULL, NULL, NULL, NULL, NULL, '0.00', 0),
(1300, 5, 20, 'PRO-PF 75-1B', 'Casing for barring gear', 21, 0, 0, 0, 0, NULL, NULL, NULL, NULL, NULL, NULL, '0.00', 0),
(1301, 5, 20, 'PRO-PF 75-1C', 'Switch Support', 21, 0, 0, 0, 0, NULL, NULL, NULL, NULL, NULL, NULL, '0.00', 0),
(1302, 5, 20, 'PRO-PF 75-2A', 'Stopper', 21, 0, 0, 0, 0, NULL, NULL, NULL, NULL, NULL, NULL, '0.00', 0),
(1303, 5, 20, 'PRO-PF 75-2B', 'L.O Pipe', 21, 0, 0, 0, 0, NULL, NULL, NULL, NULL, NULL, NULL, '0.00', 0),
(1304, 5, 20, 'PRO-PF 75-2C', 'Switch', 21, 0, 0, 0, 0, NULL, NULL, NULL, NULL, NULL, NULL, '0.00', 0),
(1305, 5, 20, 'PRO-PF 75-3A', 'L.O Pipe', 21, 0, 0, 0, 0, NULL, NULL, NULL, NULL, NULL, NULL, '0.00', 0),
(1306, 5, 20, 'PRO-PF 75-3B', 'Key', 21, 0, 0, 0, 0, NULL, NULL, NULL, NULL, NULL, NULL, '0.00', 0),
(1307, 5, 20, 'PRO-PF 75-4A', 'L.O Pipe', 21, 0, 0, 0, 0, NULL, NULL, NULL, NULL, NULL, NULL, '0.00', 0),
(1308, 5, 20, 'PRO-PF 75-4B', 'Spring', 21, 0, 0, 0, 0, NULL, NULL, NULL, NULL, NULL, NULL, '0.00', 0),
(1309, 5, 20, 'PRO-PF 75-5A', 'Boss', 21, 0, 0, 0, 0, NULL, NULL, NULL, NULL, NULL, NULL, '0.00', 0),
(1310, 5, 20, 'PRO-PF 75-5B', 'L.O Pipe', 21, 0, 0, 0, 0, NULL, NULL, NULL, NULL, NULL, NULL, '0.00', 0),
(1311, 5, 20, 'PRO-PF 75-5C', 'Finger', 21, 0, 0, 0, 0, NULL, NULL, NULL, NULL, NULL, NULL, '0.00', 0),
(1312, 5, 20, 'PRO-PF 75-6', 'Safety Box', 21, 0, 0, 0, 0, NULL, NULL, NULL, NULL, NULL, NULL, '0.00', 0),
(1313, 5, 20, 'PRO-PF 75-7A', 'Union Joint', 21, 0, 0, 0, 0, NULL, NULL, NULL, NULL, NULL, NULL, '0.00', 0),
(1314, 5, 20, 'PRO-PF 75-7B', 'Plug', 21, 0, 0, 0, 0, NULL, NULL, NULL, NULL, NULL, NULL, '0.00', 0),
(1315, 5, 20, 'PRO-PF 75-8A', 'Copper Packing', 21, 0, 0, 0, 0, NULL, NULL, NULL, NULL, NULL, NULL, '0.00', 0),
(1316, 5, 20, 'PRO-PF 75-8B', 'Piston', 21, 0, 0, 0, 0, NULL, NULL, NULL, NULL, NULL, NULL, '0.00', 0),
(1317, 5, 20, 'PRO-PF 75-9A', 'Plug', 21, 0, 0, 0, 0, NULL, NULL, NULL, NULL, NULL, NULL, '0.00', 0),
(1318, 5, 20, 'PRO-PF 75-9B', 'Screw', 21, 0, 0, 0, 0, NULL, NULL, NULL, NULL, NULL, NULL, '0.00', 0),
(1319, 5, 20, 'PRO-PF 75-10A', 'Support Bolt', 21, 0, 0, 0, 0, NULL, NULL, NULL, NULL, NULL, NULL, '0.00', 0),
(1320, 5, 20, 'PRO-PF 75-10B', 'Screw', 21, 0, 0, 0, 0, NULL, NULL, NULL, NULL, NULL, NULL, '0.00', 0),
(1321, 5, 20, 'PRO-PF 75-11A', 'Copper Packing', 21, 0, 0, 0, 0, NULL, NULL, NULL, NULL, NULL, NULL, '0.00', 0),
(1322, 5, 20, 'PRO-PF 75-11B', 'Nut', 21, 0, 0, 0, 0, NULL, NULL, NULL, NULL, NULL, NULL, '0.00', 0),
(1323, 5, 20, 'PRO-PF 75-12A', 'Bolt', 21, 0, 0, 0, 0, NULL, NULL, NULL, NULL, NULL, NULL, '0.00', 0),
(1324, 5, 20, 'PRO-PF 75-12B', 'Washer', 21, 0, 0, 0, 0, NULL, NULL, NULL, NULL, NULL, NULL, '0.00', 0),
(1325, 5, 20, 'PRO-PF 75-13A', 'Band', 21, 0, 0, 0, 0, NULL, NULL, NULL, NULL, NULL, NULL, '0.00', 0),
(1326, 5, 20, 'PRO-PF 75-13B', 'Ring', 21, 0, 0, 0, 0, NULL, NULL, NULL, NULL, NULL, NULL, '0.00', 0),
(1327, 5, 20, 'PRO-PF 75-14', 'Washer', 21, 0, 0, 0, 0, NULL, NULL, NULL, NULL, NULL, NULL, '0.00', 0),
(1328, 5, 20, 'PRO-PF 75-15', 'Screw', 21, 0, 0, 0, 0, NULL, NULL, NULL, NULL, NULL, NULL, '0.00', 0),
(1329, 5, 20, 'PRO-PF 75-16', 'Pin', 21, 0, 0, 0, 0, NULL, NULL, NULL, NULL, NULL, NULL, '0.00', 0),
(1330, 5, 20, 'PRO-PF 75-17', 'Screw', 21, 0, 0, 0, 0, NULL, NULL, NULL, NULL, NULL, NULL, '0.00', 0),
(1331, 5, 20, 'PRO-PF 75-18A', 'Gasket/Packing/Joint, 00684880110', 21, 0, 0, 0, 0, NULL, NULL, NULL, NULL, NULL, NULL, '0.00', 0),
(1332, 5, 20, 'PRO-PF 75-18B', 'Tab Washer', 21, 0, 0, 0, 0, NULL, NULL, NULL, NULL, NULL, NULL, '0.00', 0),
(1333, 5, 20, 'PRO-PF 75-19', 'Big Disk Cover', 21, 0, 0, 0, 0, NULL, NULL, NULL, NULL, NULL, NULL, '0.00', 0),
(1334, 5, 20, 'PRO-PF 75-20', 'Packing', 21, 0, 0, 0, 0, NULL, NULL, NULL, NULL, NULL, NULL, '0.00', 0),
(1335, 5, 20, 'PRO-PF 75-21', 'Small Disk Cover', 21, 0, 0, 0, 0, NULL, NULL, NULL, NULL, NULL, NULL, '0.00', 0),
(1336, 5, 20, 'PRO-PF 75-22', 'Gear Wheel Rim', 21, 0, 0, 0, 0, NULL, NULL, NULL, NULL, NULL, NULL, '0.00', 0),
(1337, 5, 20, 'PRO-PF 75-23', 'Driving Pin', 21, 0, 0, 0, 0, NULL, NULL, NULL, NULL, NULL, NULL, '0.00', 0),
(1338, 5, 20, 'PRO-PF 75-24', 'Slide Pinion', 21, 0, 0, 0, 0, NULL, NULL, NULL, NULL, NULL, NULL, '0.00', 0),
(1339, 5, 20, 'PRO-PF 75-25', 'Final Shaft', 21, 0, 0, 0, 0, NULL, NULL, NULL, NULL, NULL, NULL, '0.00', 0),
(1340, 5, 20, 'PRO-PF 75-26', 'Gear Wheel For Final Shaft', 21, 0, 0, 0, 0, NULL, NULL, NULL, NULL, NULL, NULL, '0.00', 0),
(1341, 5, 20, 'PRO-PF 75-27A', 'Dowel Pin', 21, 0, 0, 0, 0, NULL, NULL, NULL, NULL, NULL, NULL, '0.00', 0),
(1342, 5, 20, 'PRO-PF 75-27B', 'Circlip', 21, 0, 0, 0, 0, NULL, NULL, NULL, NULL, NULL, NULL, '0.00', 0),
(1343, 5, 20, 'PRO-PF 75-28', 'Bush Housing', 21, 0, 0, 0, 0, NULL, NULL, NULL, NULL, NULL, NULL, '0.00', 0),
(1344, 5, 20, 'PRO-PF 75-29', 'Plug', 21, 0, 0, 0, 0, NULL, NULL, NULL, NULL, NULL, NULL, '0.00', 0),
(1345, 5, 20, 'PRO-PF 75-30', 'Packing/Gasket/Joint, 00681102011', 21, 0, 0, 0, 0, NULL, NULL, NULL, NULL, NULL, NULL, '0.00', 0),
(1346, 5, 20, 'PRO-PF 75-31', 'Cover', 21, 0, 0, 0, 0, NULL, NULL, NULL, NULL, NULL, NULL, '0.00', 0),
(1347, 5, 20, 'PRO-PF 75-32', 'Intermediate Gear Shaft', 21, 0, 0, 0, 0, NULL, NULL, NULL, NULL, NULL, NULL, '0.00', 0),
(1348, 5, 20, 'PRO-PF 75-33', 'Intermediate Gear ', 21, 0, 0, 0, 0, NULL, NULL, NULL, NULL, NULL, NULL, '0.00', 0),
(1349, 5, 20, 'PRO-PF 75-34', 'Bush Housing', 21, 0, 0, 0, 0, NULL, NULL, NULL, NULL, NULL, NULL, '0.00', 0),
(1350, 5, 20, 'PRO-PF 75-35', 'First Pinion Shaft', 21, 0, 0, 0, 0, NULL, NULL, NULL, NULL, NULL, NULL, '0.00', 0),
(1351, 5, 20, 'PRO-PF 75-36', 'Sleeve for First Pinion Shaft', 21, 0, 0, 0, 0, NULL, NULL, NULL, NULL, NULL, NULL, '0.00', 0),
(1352, 5, 20, 'PRO-PF 75-37', 'Engaging Lever Shaft Housing', 21, 0, 0, 0, 0, NULL, NULL, NULL, NULL, NULL, NULL, '0.00', 0),
(1353, 5, 20, 'PRO-PF 75-40', 'Packing', 21, 0, 0, 0, 0, NULL, NULL, NULL, NULL, NULL, NULL, '0.00', 0);
INSERT INTO `items` (`item_id`, `category_id`, `subcat_id`, `original_pn`, `item_name`, `unit_id`, `group_id`, `location_id`, `bin_id`, `warehouse_id`, `rack_id`, `barcode`, `expiration`, `picture1`, `picture2`, `picture3`, `min_qty`, `damage`) VALUES
(1354, 5, 20, 'PRO-PF 75-41', 'Safety Device Housing', 21, 0, 0, 0, 0, NULL, NULL, NULL, NULL, NULL, NULL, '0.00', 0),
(1355, 5, 20, 'PRO-PF 75-42', 'Engaging Lever Shaft ', 21, 0, 0, 0, 0, NULL, NULL, NULL, NULL, NULL, NULL, '0.00', 0),
(1356, 5, 20, 'PRO-PF 75-43', 'Piston', 21, 0, 0, 0, 0, NULL, NULL, NULL, NULL, NULL, NULL, '0.00', 0),
(1357, 5, 20, 'PRO-PF 75-44', 'Spring', 21, 0, 0, 0, 0, NULL, NULL, NULL, NULL, NULL, NULL, '0.00', 0),
(1358, 5, 20, 'PRO-PF 75-45', 'Engaging Lever', 21, 0, 0, 0, 0, NULL, NULL, NULL, NULL, NULL, NULL, '0.00', 0),
(1359, 5, 20, 'PRO-PF 75-46', 'Flanged Dowel pin', 21, 0, 0, 0, 0, NULL, NULL, NULL, NULL, NULL, NULL, '0.00', 0),
(1360, 5, 20, 'PRO-PF 75-47', 'Engaging Piece', 21, 0, 0, 0, 0, NULL, NULL, NULL, NULL, NULL, NULL, '0.00', 0),
(1361, 5, 20, 'PRO-PF 75-48', 'Engaging Handle', 21, 0, 0, 0, 0, NULL, NULL, NULL, NULL, NULL, NULL, '0.00', 0),
(1362, 5, 20, 'PRO-PF 75-53', 'Pin', 21, 0, 0, 0, 0, NULL, NULL, NULL, NULL, NULL, NULL, '0.00', 0),
(1363, 5, 20, 'PRO-PF 75-55', 'Cover', 21, 0, 0, 0, 0, NULL, NULL, NULL, NULL, NULL, NULL, '0.00', 0),
(1364, 5, 20, 'PRO-PF 75-57', 'Bolt', 21, 0, 0, 0, 0, NULL, NULL, NULL, NULL, NULL, NULL, '0.00', 0),
(1365, 5, 20, 'PRO-PF 75-58', 'Piston', 21, 0, 0, 0, 0, NULL, NULL, NULL, NULL, NULL, NULL, '0.00', 0),
(1366, 5, 20, 'PRO-PF 75-59', 'Pin', 21, 0, 0, 0, 0, NULL, NULL, NULL, NULL, NULL, NULL, '0.00', 0),
(1367, 5, 20, 'PRO-PF 75-60', 'Headless Screw', 21, 0, 0, 0, 0, NULL, NULL, NULL, NULL, NULL, NULL, '0.00', 0),
(1368, 5, 20, 'PRO-PF 75-61', 'Set Screw', 21, 0, 0, 0, 0, NULL, NULL, NULL, NULL, NULL, NULL, '0.00', 0),
(1369, 5, 20, 'PRO-PF 75-62', 'Bolt', 21, 0, 0, 0, 0, NULL, NULL, NULL, NULL, NULL, NULL, '0.00', 0),
(1370, 5, 20, 'PRO-PF 75-63', 'Bolt', 21, 0, 0, 0, 0, NULL, NULL, NULL, NULL, NULL, NULL, '0.00', 0),
(1371, 5, 20, 'PRO-PF 75-64', 'Bolt', 21, 0, 0, 0, 0, NULL, NULL, NULL, NULL, NULL, NULL, '0.00', 0),
(1372, 5, 20, 'PRO-PF 75-65', 'Bolt', 21, 0, 0, 0, 0, NULL, NULL, NULL, NULL, NULL, NULL, '0.00', 0),
(1373, 5, 20, 'PRO-PF 75-66', 'Bolt', 21, 0, 0, 0, 0, NULL, NULL, NULL, NULL, NULL, NULL, '0.00', 0),
(1374, 5, 20, 'PRO-PF 75-67', 'Bolt', 21, 0, 0, 0, 0, NULL, NULL, NULL, NULL, NULL, NULL, '0.00', 0),
(1375, 5, 20, 'PRO-PF 75-68', 'Loctite', 21, 0, 0, 0, 0, NULL, NULL, NULL, NULL, NULL, NULL, '0.00', 0),
(1376, 5, 20, 'PRO-PF 75-70', 'Tightness', 21, 0, 0, 0, 0, NULL, NULL, NULL, NULL, NULL, NULL, '0.00', 0),
(1377, 5, 20, 'PRO-PF 75-72', 'Taper Pin', 21, 0, 0, 0, 0, NULL, NULL, NULL, NULL, NULL, NULL, '0.00', 0),
(1378, 5, 20, 'PRO-PF 75-73', 'Taper Pin', 21, 0, 0, 0, 0, NULL, NULL, NULL, NULL, NULL, NULL, '0.00', 0),
(1379, 5, 20, 'PRO-PF 75-76', 'Key', 21, 0, 0, 0, 0, NULL, NULL, NULL, NULL, NULL, NULL, '0.00', 0),
(1380, 5, 20, 'PRO-PF 75-77', 'Key', 21, 0, 0, 0, 0, NULL, NULL, NULL, NULL, NULL, NULL, '0.00', 0),
(1381, 5, 20, 'PRO-PF 75-78', 'Key', 21, 0, 0, 0, 0, NULL, NULL, NULL, NULL, NULL, NULL, '0.00', 0),
(1382, 5, 20, 'PRO-PF 75-79', 'Plug', 21, 0, 0, 0, 0, NULL, NULL, NULL, NULL, NULL, NULL, '0.00', 0),
(1383, 5, 20, 'PRO-PF 75-80', 'Threaded Taper Pin', 21, 0, 0, 0, 0, NULL, NULL, NULL, NULL, NULL, NULL, '0.00', 0),
(1384, 5, 20, 'PRO-PF 75-81', 'Nob for Engaging/Safety Box', 21, 0, 0, 0, 0, NULL, NULL, NULL, NULL, NULL, NULL, '0.00', 0),
(1385, 5, 20, 'PRO-PF 75-85', 'Knob for Engaging Handle', 21, 0, 0, 0, 0, NULL, NULL, NULL, NULL, NULL, NULL, '0.00', 0),
(1386, 5, 20, 'PRO-PF 75-87', 'Bush', 21, 0, 0, 0, 0, NULL, NULL, NULL, NULL, NULL, NULL, '0.00', 0),
(1387, 5, 20, 'PRO-PF 75-88', 'Bush', 21, 0, 0, 0, 0, NULL, NULL, NULL, NULL, NULL, NULL, '0.00', 0),
(1388, 5, 20, 'PRO-PF 75-89', 'Bush', 21, 0, 0, 0, 0, NULL, NULL, NULL, NULL, NULL, NULL, '0.00', 0),
(1389, 5, 20, 'PRO-PF 75-90', 'Spring Pin', 21, 0, 0, 0, 0, NULL, NULL, NULL, NULL, NULL, NULL, '0.00', 0),
(1390, 5, 20, 'PRO-PF 75-92', 'Washer', 21, 0, 0, 0, 0, NULL, NULL, NULL, NULL, NULL, NULL, '0.00', 0),
(1391, 5, 20, 'PRO-PF 75-93', 'Nut', 21, 0, 0, 0, 0, NULL, NULL, NULL, NULL, NULL, NULL, '0.00', 0),
(1392, 5, 20, 'PRO-PF 75-94', 'Tab Washer', 21, 0, 0, 0, 0, NULL, NULL, NULL, NULL, NULL, NULL, '0.00', 0),
(1393, 5, 20, 'PRO-PF 75-95', 'Molykote', 21, 0, 0, 0, 0, NULL, NULL, NULL, NULL, NULL, NULL, '0.00', 0),
(1394, 5, 20, 'PRO-PF 75-99', 'Stopper', 21, 0, 0, 0, 0, NULL, NULL, NULL, NULL, NULL, NULL, '0.00', 0),
(1395, 5, 20, 'PRO-PF 75-101', 'Turning Device Housing/Turning Cover', 21, 0, 0, 0, 0, NULL, NULL, NULL, NULL, NULL, NULL, '0.00', 0),
(1396, 5, 20, 'PRO-PF 75-120', 'Plug', 21, 0, 0, 0, 0, NULL, NULL, NULL, NULL, NULL, NULL, '0.00', 0),
(1397, 5, 20, 'PRO-PF 75-121', 'Packing', 21, 0, 0, 0, 0, NULL, NULL, NULL, NULL, NULL, NULL, '0.00', 0),
(1398, 5, 20, 'PRO-PF 75-201', 'Gear Box (right)', 21, 0, 0, 0, 0, NULL, NULL, NULL, NULL, NULL, NULL, '0.00', 0),
(1399, 5, 20, 'PRO-PF 75-203', 'Whorm Wheel', 21, 0, 0, 0, 0, NULL, NULL, NULL, NULL, NULL, NULL, '0.00', 0),
(1400, 5, 20, 'PRO-PF 75-204', 'Whorm Wheel Shaft', 21, 0, 0, 0, 0, NULL, NULL, NULL, NULL, NULL, NULL, '0.00', 0),
(1401, 5, 20, 'PRO-PF 75-205', 'Gear Box Cover (right)', 21, 0, 0, 0, 0, NULL, NULL, NULL, NULL, NULL, NULL, '0.00', 0),
(1402, 5, 20, 'PRO-PF 75-207', 'Oil Seal', 21, 0, 0, 0, 0, NULL, NULL, NULL, NULL, NULL, NULL, '0.00', 0),
(1403, 5, 20, 'PRO-PF 75-208', 'Worm Wheel Bearing', 21, 0, 0, 0, 0, NULL, NULL, NULL, NULL, NULL, NULL, '0.00', 0),
(1404, 5, 20, 'PRO-PF 75-209', 'Bush', 21, 0, 0, 0, 0, NULL, NULL, NULL, NULL, NULL, NULL, '0.00', 0),
(1405, 5, 20, 'PRO-PF 75-211', 'Bush', 21, 0, 0, 0, 0, NULL, NULL, NULL, NULL, NULL, NULL, '0.00', 0),
(1406, 5, 20, 'PRO-PF 75-212', 'Bush', 21, 0, 0, 0, 0, NULL, NULL, NULL, NULL, NULL, NULL, '0.00', 0),
(1407, 5, 20, 'PRO-PF 75-212-5', 'Plug', 21, 0, 0, 0, 0, NULL, NULL, NULL, NULL, NULL, NULL, '0.00', 0),
(1408, 5, 20, 'PRO-PF 75-212-6', 'Copper Packing', 21, 0, 0, 0, 0, NULL, NULL, NULL, NULL, NULL, NULL, '0.00', 0),
(1409, 5, 20, 'PRO-PF 75-217', 'Cover', 21, 0, 0, 0, 0, NULL, NULL, NULL, NULL, NULL, NULL, '0.00', 0),
(1410, 5, 20, 'PRO-PF 75-218', 'Dowel Pin/Flanged Dowel Pin', 21, 0, 0, 0, 0, NULL, NULL, NULL, NULL, NULL, NULL, '0.00', 0),
(1411, 5, 20, 'PRO-PF 75-219', 'Stopper', 21, 0, 0, 0, 0, NULL, NULL, NULL, NULL, NULL, NULL, '0.00', 0),
(1412, 5, 20, 'PRO-PF 75-220', 'Stopper Handle/Button', 21, 0, 0, 0, 0, NULL, NULL, NULL, NULL, NULL, NULL, '0.00', 0),
(1413, 5, 20, 'PRO-PF 75-221', 'Spring', 21, 0, 0, 0, 0, NULL, NULL, NULL, NULL, NULL, NULL, '0.00', 0),
(1414, 5, 20, 'PRO-PF 75-222', 'Washer', 21, 0, 0, 0, 0, NULL, NULL, NULL, NULL, NULL, NULL, '0.00', 0),
(1415, 5, 20, 'PRO-PF 75-223', 'Split Pin', 21, 0, 0, 0, 0, NULL, NULL, NULL, NULL, NULL, NULL, '0.00', 0),
(1416, 5, 20, 'PRO-PF 75-224', 'Taper Pin', 21, 0, 0, 0, 0, NULL, NULL, NULL, NULL, NULL, NULL, '0.00', 0),
(1417, 5, 20, 'PRO-PF 75-227', 'Motor', 21, 0, 0, 0, 0, NULL, NULL, NULL, NULL, NULL, NULL, '0.00', 0),
(1418, 5, 20, 'PRO-PF 75-228', 'Ball Bearing ', 21, 0, 0, 0, 0, NULL, NULL, NULL, NULL, NULL, NULL, '0.00', 0),
(1419, 5, 20, 'PRO-PF 75-231', 'Split Pin', 21, 0, 0, 0, 0, NULL, NULL, NULL, NULL, NULL, NULL, '0.00', 0),
(1420, 5, 20, 'PRO-PF 75-232', 'Bolt', 21, 0, 0, 0, 0, NULL, NULL, NULL, NULL, NULL, NULL, '0.00', 0),
(1421, 5, 20, 'PRO-PF 75-233', 'Plug', 21, 0, 0, 0, 0, NULL, NULL, NULL, NULL, NULL, NULL, '0.00', 0),
(1422, 5, 20, 'PRO-PF 75-234', 'Copper Packing', 21, 0, 0, 0, 0, NULL, NULL, NULL, NULL, NULL, NULL, '0.00', 0),
(1423, 5, 20, 'PRO-PF 75-235', 'Bolt', 21, 0, 0, 0, 0, NULL, NULL, NULL, NULL, NULL, NULL, '0.00', 0),
(1424, 5, 20, 'PRO-PF 75-237', 'Bolt', 21, 0, 0, 0, 0, NULL, NULL, NULL, NULL, NULL, NULL, '0.00', 0),
(1425, 5, 20, 'PRO-PF 75-238', 'Bolt', 21, 0, 0, 0, 0, NULL, NULL, NULL, NULL, NULL, NULL, '0.00', 0),
(1426, 5, 20, 'PRO-PF 75-239', 'Stud Bolt', 21, 0, 0, 0, 0, NULL, NULL, NULL, NULL, NULL, NULL, '0.00', 0),
(1427, 5, 20, 'PRO-PF 75-240', 'Nut', 21, 0, 0, 0, 0, NULL, NULL, NULL, NULL, NULL, NULL, '0.00', 0),
(1428, 5, 20, 'PRO-PF 75-242', 'Lock Washer', 21, 0, 0, 0, 0, NULL, NULL, NULL, NULL, NULL, NULL, '0.00', 0),
(1429, 5, 20, 'PRO-PF 75-243', 'Lock Washer', 21, 0, 0, 0, 0, NULL, NULL, NULL, NULL, NULL, NULL, '0.00', 0),
(1430, 5, 20, 'PRO-PF 75-244', 'Lock Washer', 21, 0, 0, 0, 0, NULL, NULL, NULL, NULL, NULL, NULL, '0.00', 0),
(1431, 5, 20, 'PRO-PF 75-245', 'Worm', 21, 0, 0, 0, 0, NULL, NULL, NULL, NULL, NULL, NULL, '0.00', 0),
(1432, 5, 20, 'PRO-PF 75-246', 'Thrust Collar', 21, 0, 0, 0, 0, NULL, NULL, NULL, NULL, NULL, NULL, '0.00', 0),
(1433, 5, 20, 'PRO-PF 75-247', 'Slotted Nut', 21, 0, 0, 0, 0, NULL, NULL, NULL, NULL, NULL, NULL, '0.00', 0),
(1434, 5, 20, 'PRO-PF 75-248', 'Bolt', 21, 0, 0, 0, 0, NULL, NULL, NULL, NULL, NULL, NULL, '0.00', 0),
(1435, 5, 20, 'PRO-PF 75-249', 'Oil Cup', 21, 0, 0, 0, 0, NULL, NULL, NULL, NULL, NULL, NULL, '0.00', 0),
(1436, 5, 20, 'PRO-PF 75-253', 'Nut', 21, 0, 0, 0, 0, NULL, NULL, NULL, NULL, NULL, NULL, '0.00', 0),
(1437, 5, 20, 'PRO-PF 75-254', 'Bolt', 21, 0, 0, 0, 0, NULL, NULL, NULL, NULL, NULL, NULL, '0.00', 0),
(1438, 5, 20, 'PRO-PF 75-255', 'Motor Support', 21, 0, 0, 0, 0, NULL, NULL, NULL, NULL, NULL, NULL, '0.00', 0),
(1439, 5, 20, 'PRO-PF 75-345', 'Screw', 21, 0, 0, 0, 0, NULL, NULL, NULL, NULL, NULL, NULL, '0.00', 0),
(1440, 5, 20, 'PRO-PF 75-360', 'Packing', 21, 0, 0, 0, 0, NULL, NULL, NULL, NULL, NULL, NULL, '0.00', 0),
(1441, 5, 20, 'PRO-PF 80-00', 'Copper Packing', 21, 0, 0, 0, 0, NULL, NULL, NULL, NULL, NULL, NULL, '0.00', 0),
(1442, 5, 20, 'PRO-PF 80-2', 'Plug', 21, 0, 0, 0, 0, NULL, NULL, NULL, NULL, NULL, NULL, '0.00', 0),
(1443, 5, 20, 'PRO-PF 80-3', 'Plug', 21, 0, 0, 0, 0, NULL, NULL, NULL, NULL, NULL, NULL, '0.00', 0),
(1444, 5, 20, 'PRO-PF 80-4', 'Locking Wire', 21, 0, 0, 0, 0, NULL, NULL, NULL, NULL, NULL, NULL, '0.00', 0),
(1445, 5, 20, 'PRO-PF 80-6', 'Plug', 21, 0, 0, 0, 0, NULL, NULL, NULL, NULL, NULL, NULL, '0.00', 0),
(1446, 5, 20, 'PRO-PF 80-7', 'Copper Packing', 21, 0, 0, 0, 0, NULL, NULL, NULL, NULL, NULL, NULL, '0.00', 0),
(1447, 5, 20, 'PRO-PF 80-30', 'Niigata Joint, PN 41216100', 21, 0, 0, 0, 0, NULL, NULL, NULL, NULL, NULL, NULL, '0.00', 0),
(1448, 5, 20, 'PRO-PF 80-301', 'Crank Shaft', 21, 0, 0, 0, 0, NULL, NULL, NULL, NULL, NULL, NULL, '0.00', 0),
(1449, 5, 20, 'PRO-PF 82-1', 'Balance Weight', 21, 0, 0, 0, 0, NULL, NULL, NULL, NULL, NULL, NULL, '0.00', 0),
(1450, 5, 20, 'PRO-PF 82-4', 'Bolt', 21, 0, 0, 0, 0, NULL, NULL, NULL, NULL, NULL, NULL, '0.00', 0),
(1451, 5, 20, 'PRO-PF 82-5', 'Tab Washer', 21, 0, 0, 0, 0, NULL, NULL, NULL, NULL, NULL, NULL, '0.00', 0),
(1452, 5, 20, 'PRO-PF 82-20', 'Plug', 21, 0, 0, 0, 0, NULL, NULL, NULL, NULL, NULL, NULL, '0.00', 0),
(1453, 5, 20, 'PRO-PF 92-1', 'Tube ', 21, 0, 0, 0, 0, NULL, NULL, NULL, NULL, NULL, NULL, '0.00', 0),
(1454, 5, 20, 'PRO-PF 92-2', 'End Piece', 21, 0, 0, 0, 0, NULL, NULL, NULL, NULL, NULL, NULL, '0.00', 0),
(1455, 5, 20, 'PRO-PF 92-3', 'Male Union', 21, 0, 0, 0, 0, NULL, NULL, NULL, NULL, NULL, NULL, '0.00', 0),
(1456, 5, 20, 'PRO-PF 92-4', 'Joint', 21, 0, 0, 0, 0, NULL, NULL, NULL, NULL, NULL, NULL, '0.00', 0),
(1457, 5, 20, 'PRO-PF 92-16', 'Flange', 21, 0, 0, 0, 0, NULL, NULL, NULL, NULL, NULL, NULL, '0.00', 0),
(1458, 5, 20, 'PRO-PF 92-17', 'Copper Washer', 21, 0, 0, 0, 0, NULL, NULL, NULL, NULL, NULL, NULL, '0.00', 0),
(1459, 5, 20, 'PRO-PF 92-18', 'Sealing Product', 21, 0, 0, 0, 0, NULL, NULL, NULL, NULL, NULL, NULL, '0.00', 0),
(1460, 5, 20, 'PRO-PF 92-20', 'Gasket', 21, 0, 0, 0, 0, NULL, NULL, NULL, NULL, NULL, NULL, '0.00', 0),
(1461, 5, 20, 'PRO-PF 92-22', 'Locking', 21, 0, 0, 0, 0, NULL, NULL, NULL, NULL, NULL, NULL, '0.00', 0),
(1462, 5, 20, 'PRO-PF 92-23', 'Screw', 21, 0, 0, 0, 0, NULL, NULL, NULL, NULL, NULL, NULL, '0.00', 0),
(1463, 5, 20, 'PRO-PF 92-25', 'Taper Pin', 21, 0, 0, 0, 0, NULL, NULL, NULL, NULL, NULL, NULL, '0.00', 0),
(1464, 5, 20, 'PRO-PF 92-26', 'Plug', 21, 0, 0, 0, 0, NULL, NULL, NULL, NULL, NULL, NULL, '0.00', 0),
(1465, 5, 20, 'PRO-PF 92-27', 'Gasket', 21, 0, 0, 0, 0, NULL, NULL, NULL, NULL, NULL, NULL, '0.00', 0),
(1466, 5, 20, 'PRO-PF 92-32', 'Welded Assembly', 21, 0, 0, 0, 0, NULL, NULL, NULL, NULL, NULL, NULL, '0.00', 0),
(1467, 5, 20, 'PRO-PF 92-115', 'Flange', 21, 0, 0, 0, 0, NULL, NULL, NULL, NULL, NULL, NULL, '0.00', 0),
(1468, 5, 20, 'PRO-PF 92-120', 'Gasket', 21, 0, 0, 0, 0, NULL, NULL, NULL, NULL, NULL, NULL, '0.00', 0),
(1469, 5, 20, 'PRO-PF 92-121', 'Screw', 21, 0, 0, 0, 0, NULL, NULL, NULL, NULL, NULL, NULL, '0.00', 0),
(1470, 5, 20, 'PRO-PF 92-132', 'Welded Assembly', 21, 0, 0, 0, 0, NULL, NULL, NULL, NULL, NULL, NULL, '0.00', 0),
(1471, 5, 20, 'PRO-PF 92-220', 'Gasket', 21, 0, 0, 0, 0, NULL, NULL, NULL, NULL, NULL, NULL, '0.00', 0),
(1472, 5, 20, 'PRO-PF 92-232', 'Welded Assembly', 21, 0, 0, 0, 0, NULL, NULL, NULL, NULL, NULL, NULL, '0.00', 0),
(1473, 5, 20, 'PRO-PF 92-320', 'Gasket', 21, 0, 0, 0, 0, NULL, NULL, NULL, NULL, NULL, NULL, '0.00', 0),
(1474, 5, 20, 'PRO-PF 92-332', 'Welded Assembly', 21, 0, 0, 0, 0, NULL, NULL, NULL, NULL, NULL, NULL, '0.00', 0),
(1475, 5, 20, 'PRO-PF 92-420', 'Gasket', 21, 0, 0, 0, 0, NULL, NULL, NULL, NULL, NULL, NULL, '0.00', 0),
(1476, 5, 20, 'PRO-PF 92-432', 'Welded Assembly', 21, 0, 0, 0, 0, NULL, NULL, NULL, NULL, NULL, NULL, '0.00', 0),
(1477, 5, 20, 'PRO-PF 92-532', 'Welded Assembly', 21, 0, 0, 0, 0, NULL, NULL, NULL, NULL, NULL, NULL, '0.00', 0),
(1478, 5, 20, 'PRO-PF 95-4', 'Key', 21, 0, 0, 0, 0, NULL, NULL, NULL, NULL, NULL, NULL, '0.00', 0),
(1479, 5, 20, 'PRO-PF 95-5', 'Key', 21, 0, 0, 0, 0, NULL, NULL, NULL, NULL, NULL, NULL, '0.00', 0),
(1480, 5, 20, 'PRO-PF 95-11', 'Key', 21, 0, 0, 0, 0, NULL, NULL, NULL, NULL, NULL, NULL, '0.00', 0),
(1481, 5, 20, 'PRO-PF 95-27', 'Key', 21, 0, 0, 0, 0, NULL, NULL, NULL, NULL, NULL, NULL, '0.00', 0),
(1482, 5, 20, 'PRO-PF 95-116', 'Slotted Set Screw', 21, 0, 0, 0, 0, NULL, NULL, NULL, NULL, NULL, NULL, '0.00', 0),
(1483, 5, 20, 'PRO-PF 95-125', 'Cam Shaft (right)', 21, 0, 0, 0, 0, NULL, NULL, NULL, NULL, NULL, NULL, '0.00', 0),
(1484, 5, 20, 'PRO-PF 95-126', 'Cam Shaft (left)', 21, 0, 0, 0, 0, NULL, NULL, NULL, NULL, NULL, NULL, '0.00', 0),
(1485, 5, 20, 'PRO-PF 95-127', 'Cam Shaft (right)', 21, 0, 0, 0, 0, NULL, NULL, NULL, NULL, NULL, NULL, '0.00', 0),
(1486, 5, 20, 'PRO-PF 95-128', 'Cam Shaft (left)', 21, 0, 0, 0, 0, NULL, NULL, NULL, NULL, NULL, NULL, '0.00', 0),
(1487, 5, 20, 'PRO-PF 95-165', 'Cam Shaft (right)', 21, 0, 0, 0, 0, NULL, NULL, NULL, NULL, NULL, NULL, '0.00', 0),
(1488, 5, 20, 'PRO-PF 95-166', 'Cam Shaft (left)', 21, 0, 0, 0, 0, NULL, NULL, NULL, NULL, NULL, NULL, '0.00', 0),
(1489, 5, 20, 'PRO-PF 95-167', 'Cam Shaft (right)', 21, 0, 0, 0, 0, NULL, NULL, NULL, NULL, NULL, NULL, '0.00', 0),
(1490, 5, 20, 'PRO-PF 95-168', 'Cam Shaft (left)', 21, 0, 0, 0, 0, NULL, NULL, NULL, NULL, NULL, NULL, '0.00', 0),
(1491, 5, 20, 'PRO-PF 95-241', 'Cam Shaft (right)', 21, 0, 0, 0, 0, NULL, NULL, NULL, NULL, NULL, NULL, '0.00', 0),
(1492, 5, 20, 'PRO-PF 95-242', 'Cam Shaft (left)', 21, 0, 0, 0, 0, NULL, NULL, NULL, NULL, NULL, NULL, '0.00', 0),
(1493, 5, 20, 'PRO-PF 95-281', 'Cam Shaft (right)', 21, 0, 0, 0, 0, NULL, NULL, NULL, NULL, NULL, NULL, '0.00', 0),
(1494, 5, 20, 'PRO-PF 95-282', 'Cam Shaft (left)', 21, 0, 0, 0, 0, NULL, NULL, NULL, NULL, NULL, NULL, '0.00', 0),
(1495, 5, 20, 'PRO-PF 95-341', 'Cam Shaft (right)', 21, 0, 0, 0, 0, NULL, NULL, NULL, NULL, NULL, NULL, '0.00', 0),
(1496, 5, 20, 'PRO-PF 95-342', 'Cam Shaft (left)', 21, 0, 0, 0, 0, NULL, NULL, NULL, NULL, NULL, NULL, '0.00', 0),
(1497, 5, 20, 'PRO-PF 95-481', 'Cam Shaft (right)', 21, 0, 0, 0, 0, NULL, NULL, NULL, NULL, NULL, NULL, '0.00', 0),
(1498, 5, 20, 'PRO-PF 95-482', 'Cam Shaft (left)', 21, 0, 0, 0, 0, NULL, NULL, NULL, NULL, NULL, NULL, '0.00', 0),
(1499, 5, 20, 'PRO-PF 96-2', 'Sleeve', 21, 0, 0, 0, 0, NULL, NULL, NULL, NULL, NULL, NULL, '0.00', 0),
(1500, 5, 20, 'PRO-PF 96-3', 'Sleeve', 21, 0, 0, 0, 0, NULL, NULL, NULL, NULL, NULL, NULL, '0.00', 0),
(1501, 5, 20, 'PRO-PF 96-4', 'Sleeve', 21, 0, 0, 0, 0, NULL, NULL, NULL, NULL, NULL, NULL, '0.00', 0),
(1502, 5, 20, 'PRO-PF 96-6', 'Connection Piece', 21, 0, 0, 0, 0, NULL, NULL, NULL, NULL, NULL, NULL, '0.00', 0),
(1503, 5, 20, 'PRO-PF 96-7', 'Bush', 21, 0, 0, 0, 0, NULL, NULL, NULL, NULL, NULL, NULL, '0.00', 0),
(1504, 5, 20, 'PRO-PF 96-8', 'Bush', 21, 0, 0, 0, 0, NULL, NULL, NULL, NULL, NULL, NULL, '0.00', 0),
(1505, 5, 20, 'PRO-PF 96-9', 'Bush', 21, 0, 0, 0, 0, NULL, NULL, NULL, NULL, NULL, NULL, '0.00', 0),
(1506, 5, 20, 'PRO-PF 96-10', 'Fitted Bolt', 21, 0, 0, 0, 0, NULL, NULL, NULL, NULL, NULL, NULL, '0.00', 0),
(1507, 5, 20, 'PRO-PF 96-11', 'Nut', 21, 0, 0, 0, 0, NULL, NULL, NULL, NULL, NULL, NULL, '0.00', 0),
(1508, 5, 20, 'PRO-PF 96-12', 'Cotter Pin', 21, 0, 0, 0, 0, NULL, NULL, NULL, NULL, NULL, NULL, '0.00', 0),
(1509, 5, 20, 'PRO-PF 96-13', 'Screw', 21, 0, 0, 0, 0, NULL, NULL, NULL, NULL, NULL, NULL, '0.00', 0),
(1510, 5, 20, 'PRO-PF 96-14', 'Lock Washer, PF 96-14', 21, 72, 62, 774, 2, 96, '', '', NULL, NULL, NULL, '0.00', 0),
(1511, 5, 20, 'PRO-PF 96-15', 'Screw', 21, 0, 0, 0, 0, NULL, NULL, NULL, NULL, NULL, NULL, '0.00', 0),
(1512, 5, 20, 'PRO-PF 96-16', 'Lock Washer', 21, 0, 0, 0, 0, NULL, NULL, NULL, NULL, NULL, NULL, '0.00', 0),
(1513, 5, 20, 'PRO-PF 96-17', 'Circlip', 21, 0, 0, 0, 0, NULL, NULL, NULL, NULL, NULL, NULL, '0.00', 0),
(1514, 5, 20, 'PRO-PF 96-18', 'Joint', 21, 0, 0, 0, 0, NULL, NULL, NULL, NULL, NULL, NULL, '0.00', 0),
(1515, 5, 20, 'PRO-PF 96-97', 'Adjusting Shim', 21, 0, 0, 0, 0, NULL, NULL, NULL, NULL, NULL, NULL, '0.00', 0),
(1516, 5, 20, 'PRO-PF 96-117', 'Threaded Taper Pin', 21, 0, 0, 0, 0, NULL, NULL, NULL, NULL, NULL, NULL, '0.00', 0),
(1517, 5, 20, 'PRO-PF 96-202A', 'Screw', 21, 0, 0, 0, 0, NULL, NULL, NULL, NULL, NULL, NULL, '0.00', 0),
(1518, 5, 20, 'PRO-PF 96-202B', 'Set Screw', 21, 0, 0, 0, 0, NULL, NULL, NULL, NULL, NULL, NULL, '0.00', 0),
(1519, 5, 20, 'PRO-PF 96-203', 'Cover', 21, 0, 0, 0, 0, NULL, NULL, NULL, NULL, NULL, NULL, '0.00', 0),
(1520, 5, 20, 'PRO-PF 96-206', 'Gasket', 21, 0, 0, 0, 0, NULL, NULL, NULL, NULL, NULL, NULL, '0.00', 0),
(1521, 5, 20, 'PRO-PF 96-207', 'Gasket', 21, 0, 0, 0, 0, NULL, NULL, NULL, NULL, NULL, NULL, '0.00', 0),
(1522, 5, 20, 'PRO-PF 96-209', 'Bush', 21, 0, 0, 0, 0, NULL, NULL, NULL, NULL, NULL, NULL, '0.00', 0),
(1523, 5, 20, 'PRO-PF 96-210', 'Bolt', 21, 0, 0, 0, 0, NULL, NULL, NULL, NULL, NULL, NULL, '0.00', 0),
(1524, 5, 20, 'PRO-PF 96-211', 'Bolt', 21, 0, 0, 0, 0, NULL, NULL, NULL, NULL, NULL, NULL, '0.00', 0),
(1525, 5, 20, 'PRO-PF 96-212', 'Threaded Taper Pin', 21, 0, 0, 0, 0, NULL, NULL, NULL, NULL, NULL, NULL, '0.00', 0),
(1526, 5, 20, 'PRO-PF 96-213', 'Lock Washer', 21, 0, 0, 952, 0, 0, '', '', '15261.jpg', NULL, NULL, '0.00', 0),
(1527, 5, 20, 'PRO-PF 96-214', 'Tounged Washer', 21, 0, 0, 0, 0, NULL, NULL, NULL, NULL, NULL, NULL, '0.00', 0),
(1528, 5, 20, 'PRO-PF 96-303', 'Moulded Protection Casing', 21, 0, 0, 0, 0, NULL, NULL, NULL, NULL, NULL, NULL, '0.00', 0),
(1529, 5, 20, 'PRO-PF 96-314', 'Oring', 21, 0, 0, 0, 0, NULL, NULL, NULL, NULL, NULL, NULL, '0.00', 0),
(1530, 5, 20, 'PRO-PF 96-315', 'Bolt', 21, 0, 0, 0, 0, NULL, NULL, NULL, NULL, NULL, NULL, '0.00', 0),
(1531, 5, 20, 'PRO-PF 96-321', 'Tightness', 21, 0, 0, 0, 0, NULL, NULL, NULL, NULL, NULL, NULL, '0.00', 0),
(1532, 5, 20, 'PRO-PF 96-322', 'Bearing Stopper', 21, 0, 0, 0, 0, NULL, NULL, NULL, NULL, NULL, NULL, '0.00', 0),
(1533, 5, 20, 'PRO-PF 96-401', 'Right Bearing', 21, 0, 0, 0, 0, NULL, NULL, NULL, NULL, NULL, NULL, '0.00', 0),
(1534, 5, 20, 'PRO-PF 96-402', 'Left Bearing', 21, 0, 0, 0, 0, NULL, NULL, NULL, NULL, NULL, NULL, '0.00', 0),
(1535, 5, 20, 'PRO-PF 96-407', 'Cover', 21, 0, 0, 0, 0, NULL, NULL, NULL, NULL, NULL, NULL, '0.00', 0),
(1536, 5, 20, 'PRO-PF 96-418', 'Bolt', 21, 0, 0, 0, 0, NULL, NULL, NULL, NULL, NULL, NULL, '0.00', 0),
(1537, 5, 20, 'PRO-PF 96-427', 'Adjusting Shim', 21, 0, 0, 0, 0, NULL, NULL, NULL, NULL, NULL, NULL, '0.00', 0),
(1538, 5, 20, 'PRO-PF 96-428', 'Slotted Nut', 21, 0, 0, 0, 0, NULL, NULL, NULL, NULL, NULL, NULL, '0.00', 0),
(1539, 5, 20, 'PRO-PF 96-429', 'Split Pin', 21, 0, 0, 0, 0, NULL, NULL, NULL, NULL, NULL, NULL, '0.00', 0),
(1540, 5, 20, 'PRO-PF 96-501', 'Supplementary Bearing Housing', 21, 0, 0, 0, 0, NULL, NULL, NULL, NULL, NULL, NULL, '0.00', 0),
(1541, 5, 20, 'PRO-PF 97-1A', 'Cover Plate for 8-10V', 21, 0, 0, 0, 0, NULL, NULL, NULL, NULL, NULL, NULL, '0.00', 0),
(1542, 5, 20, 'PRO-PF 97-1B', 'Cover Plate for 12-14V', 21, 0, 0, 0, 0, NULL, NULL, NULL, NULL, NULL, NULL, '0.00', 0),
(1543, 5, 20, 'PRO-PF 97-1C', 'Cover Plate for 16-18V', 21, 0, 0, 0, 0, NULL, NULL, NULL, NULL, NULL, NULL, '0.00', 0),
(1544, 5, 20, 'PRO-PF 97-1D', 'Cover Plate for 12, 14, 16, 18V', 21, 0, 0, 0, 0, NULL, NULL, NULL, NULL, NULL, NULL, '0.00', 0),
(1545, 5, 20, 'PRO-PF 97-3A', 'Cover Plate for 12-14V', 21, 0, 0, 0, 0, NULL, NULL, NULL, NULL, NULL, NULL, '0.00', 0),
(1546, 5, 20, 'PRO-PF 97-3B', 'Cover Plate for 16-18V', 21, 0, 0, 0, 0, NULL, NULL, NULL, NULL, NULL, NULL, '0.00', 0),
(1547, 5, 20, 'PRO-PF 97-3C', 'Cover Plate for 12,16, 18V', 21, 0, 0, 0, 0, NULL, NULL, NULL, NULL, NULL, NULL, '0.00', 0),
(1548, 5, 20, 'PRO-PF 97-4A', 'Cover Plate for 8-10V', 21, 0, 0, 0, 0, NULL, NULL, NULL, NULL, NULL, NULL, '0.00', 0),
(1549, 5, 20, 'PRO-PF 97-4B', 'Cover Plate for 12-14V', 21, 0, 0, 0, 0, NULL, NULL, NULL, NULL, NULL, NULL, '0.00', 0),
(1550, 5, 20, 'PRO-PF 97-4C', 'Cover Plate for 16-18V', 21, 0, 0, 0, 0, NULL, NULL, NULL, NULL, NULL, NULL, '0.00', 0),
(1551, 5, 20, 'PRO-PF 97-4D', 'Cover Plate for 14, 16V', 21, 0, 0, 0, 0, NULL, NULL, NULL, NULL, NULL, NULL, '0.00', 0),
(1552, 5, 20, 'PRO-PF 97-7B', 'Cover Plate for 12-14V', 21, 0, 0, 0, 0, NULL, NULL, NULL, NULL, NULL, NULL, '0.00', 0),
(1553, 5, 20, 'PRO-PF 97-7C', 'Cover Plate for 12-14V', 21, 0, 0, 0, 0, NULL, NULL, NULL, NULL, NULL, NULL, '0.00', 0),
(1554, 5, 20, 'PRO-PF 97-8A', 'Cover Plate for 8-10V', 21, 0, 0, 0, 0, NULL, NULL, NULL, NULL, NULL, NULL, '0.00', 0),
(1555, 5, 20, 'PRO-PF 97-8B', 'Cover Plate for 16-18V', 21, 0, 0, 0, 0, NULL, NULL, NULL, NULL, NULL, NULL, '0.00', 0),
(1556, 5, 20, 'PRO-PF 97-8C', 'Cover Plate for 12, 14, 16, 18V', 21, 0, 0, 0, 0, NULL, NULL, NULL, NULL, NULL, NULL, '0.00', 0),
(1557, 5, 20, 'PRO-PF 97-10B', 'Cover Plate for 12-14V', 21, 0, 0, 0, 0, NULL, NULL, NULL, NULL, NULL, NULL, '0.00', 0),
(1558, 5, 20, 'PRO-PF 97-10C', 'Cover Plate for 16-18V', 21, 0, 0, 0, 0, NULL, NULL, NULL, NULL, NULL, NULL, '0.00', 0),
(1559, 5, 20, 'PRO-PF 97-10D', 'Cover Plate for 12, 16, 18V', 21, 0, 0, 0, 0, NULL, NULL, NULL, NULL, NULL, NULL, '0.00', 0),
(1560, 5, 20, 'PRO-PF 97-12A', 'Cover Plate for 8-10V', 21, 0, 0, 0, 0, NULL, NULL, NULL, NULL, NULL, NULL, '0.00', 0),
(1561, 5, 20, 'PRO-PF 97-12B', 'Cover Plate for 12-14V', 21, 0, 0, 0, 0, NULL, NULL, NULL, NULL, NULL, NULL, '0.00', 0),
(1562, 5, 20, 'PRO-PF 97-12C', 'Cover Plate for 14V', 21, 0, 0, 0, 0, NULL, NULL, NULL, NULL, NULL, NULL, '0.00', 0),
(1563, 5, 20, 'PRO-PF 97-14', 'Connection Piece/Joint, PN 312249601 ( NIIGATA )', 21, 0, 0, 0, 0, NULL, NULL, NULL, NULL, NULL, NULL, '0.00', 0),
(1564, 5, 20, 'PRO-PF 97-16', 'Packing 18V', 21, 0, 0, 0, 0, NULL, NULL, NULL, NULL, NULL, NULL, '0.00', 0),
(1565, 5, 20, 'PRO-PF 97-17', 'Packing 18V', 21, 0, 0, 0, 0, NULL, NULL, NULL, NULL, NULL, NULL, '0.00', 0),
(1566, 5, 20, 'PRO-PF 97-18', 'Packing 18V', 21, 0, 0, 0, 0, NULL, NULL, NULL, NULL, NULL, NULL, '0.00', 0),
(1567, 5, 20, 'PRO-PF 97-19', 'Packing 18V', 21, 0, 0, 0, 0, NULL, NULL, NULL, NULL, NULL, NULL, '0.00', 0),
(1568, 5, 20, 'PRO-PF 97-20A', 'Packing', 21, 0, 0, 0, 0, NULL, NULL, NULL, NULL, NULL, NULL, '0.00', 0),
(1569, 5, 20, 'PRO-PF 97-20B', 'Packing 18V', 21, 0, 0, 0, 0, NULL, NULL, NULL, NULL, NULL, NULL, '0.00', 0),
(1570, 5, 20, 'PRO-PF 97-21', 'Packing 16V', 21, 0, 0, 0, 0, NULL, NULL, NULL, NULL, NULL, NULL, '0.00', 0),
(1571, 5, 20, 'PRO-PF 97-22', 'Packing 16V', 21, 0, 0, 0, 0, NULL, NULL, NULL, NULL, NULL, NULL, '0.00', 0),
(1572, 5, 20, 'PRO-PF 97-23', 'Packing 16V', 21, 0, 0, 0, 0, NULL, NULL, NULL, NULL, NULL, NULL, '0.00', 0),
(1573, 5, 20, 'PRO-PF 97-24A', 'Packing  (PC-01525 12V, 14V)', 21, 0, 0, 0, 0, NULL, NULL, NULL, NULL, NULL, NULL, '0.00', 0),
(1574, 5, 20, 'PRO-PF 97-24B', 'Packing 14V', 21, 0, 0, 0, 0, NULL, NULL, NULL, NULL, NULL, NULL, '0.00', 0),
(1575, 5, 20, 'PRO-PF 97-25', 'Packing 14V', 21, 0, 0, 0, 0, NULL, NULL, NULL, NULL, NULL, NULL, '0.00', 0),
(1576, 5, 20, 'PRO-PF 97-26', 'Packing 14V', 21, 0, 0, 0, 0, NULL, NULL, NULL, NULL, NULL, NULL, '0.00', 0),
(1577, 5, 20, 'PRO-PF 97-27', 'Packing 14V', 21, 0, 0, 0, 0, NULL, NULL, NULL, NULL, NULL, NULL, '0.00', 0),
(1578, 5, 20, 'PRO-PF 97-28', 'Packing 12V', 21, 0, 0, 0, 0, NULL, NULL, NULL, NULL, NULL, NULL, '0.00', 0),
(1579, 5, 20, 'PRO-PF 97-29', 'Packing 12V', 21, 0, 0, 0, 0, NULL, NULL, NULL, NULL, NULL, NULL, '0.00', 0),
(1580, 5, 20, 'PRO-PF 97-29/30', 'Upper Longitudinal Joint', 21, 0, 0, 0, 0, NULL, NULL, NULL, NULL, NULL, NULL, '0.00', 0),
(1581, 5, 20, 'PRO-PF 97-30', 'Packing 12V', 21, 0, 0, 0, 0, NULL, NULL, NULL, NULL, NULL, NULL, '0.00', 0),
(1582, 5, 20, 'PRO-PF 97-31', 'Packing 12V', 21, 0, 0, 0, 0, NULL, NULL, NULL, NULL, NULL, NULL, '0.00', 0),
(1583, 5, 20, 'PRO-PF 97-32', 'Packing', 21, 0, 0, 0, 0, NULL, NULL, NULL, NULL, NULL, NULL, '0.00', 0),
(1584, 5, 20, 'PRO-PF 97-33', 'Sealing Product', 21, 0, 0, 0, 0, NULL, NULL, NULL, NULL, NULL, NULL, '0.00', 0),
(1585, 5, 20, 'PRO-PF 97-36', 'Packing', 21, 0, 0, 0, 0, NULL, NULL, NULL, NULL, NULL, NULL, '0.00', 0),
(1586, 5, 20, 'PRO-PF 97-40', 'Packing', 21, 0, 0, 0, 0, NULL, NULL, NULL, NULL, NULL, NULL, '0.00', 0),
(1587, 5, 20, 'PRO-PF 97-41', 'Packing', 21, 0, 0, 0, 0, NULL, NULL, NULL, NULL, NULL, NULL, '0.00', 0),
(1588, 5, 20, 'PRO-PF 97-42', 'Packing', 21, 0, 0, 0, 0, NULL, NULL, NULL, NULL, NULL, NULL, '0.00', 0),
(1589, 5, 20, 'PRO-PF 97-44', 'Packing', 21, 0, 0, 0, 0, NULL, NULL, NULL, NULL, NULL, NULL, '0.00', 0),
(1590, 5, 20, 'PRO-PF 97-46', 'Connection Piece', 21, 0, 0, 0, 0, NULL, NULL, NULL, NULL, NULL, NULL, '0.00', 0),
(1591, 5, 20, 'PRO-PF 97-47', 'Connection Piece', 21, 0, 0, 0, 0, NULL, NULL, NULL, NULL, NULL, NULL, '0.00', 0),
(1592, 5, 20, 'PRO-PF 97-48', 'Inspection Hole Packing', 21, 0, 0, 0, 0, NULL, NULL, NULL, NULL, NULL, NULL, '0.00', 0),
(1593, 5, 20, 'PRO-PF 97-49', 'Inspection Hole Cover', 21, 0, 0, 0, 0, NULL, NULL, NULL, NULL, NULL, NULL, '0.00', 0),
(1594, 5, 20, 'PRO-PF 97-50', 'Inspection Hole Flange', 21, 0, 0, 0, 0, NULL, NULL, NULL, NULL, NULL, NULL, '0.00', 0),
(1595, 5, 20, 'PRO-PF 97-52', 'Bolt', 21, 0, 0, 0, 0, NULL, NULL, NULL, NULL, NULL, NULL, '0.00', 0),
(1596, 5, 20, 'PRO-PF 97-53', 'Bolt', 21, 0, 0, 0, 0, NULL, NULL, NULL, NULL, NULL, NULL, '0.00', 0),
(1597, 5, 20, 'PRO-PF 97-54', 'Stud Bolt', 21, 0, 0, 0, 0, NULL, NULL, NULL, NULL, NULL, NULL, '0.00', 0),
(1598, 5, 20, 'PRO-PF 97-55', 'Nut', 21, 0, 0, 0, 0, NULL, NULL, NULL, NULL, NULL, NULL, '0.00', 0),
(1599, 5, 20, 'PRO-PF 97-92', 'Plug', 21, 0, 0, 0, 0, NULL, NULL, NULL, NULL, NULL, NULL, '0.00', 0),
(1600, 5, 20, 'PRO-PF 97-93', 'Copper Packing', 21, 0, 0, 0, 0, NULL, NULL, NULL, NULL, NULL, NULL, '0.00', 0),
(1601, 5, 20, 'PRO-PF 97-101', 'Spacer', 21, 0, 0, 0, 0, NULL, NULL, NULL, NULL, NULL, NULL, '0.00', 0),
(1602, 5, 20, 'PRO-PF 97-103', 'Door Coupling Side', 21, 0, 0, 0, 0, NULL, NULL, NULL, NULL, NULL, NULL, '0.00', 0),
(1603, 5, 20, 'PRO-PF 97-105', 'Door Opposit Coupling Side', 21, 0, 0, 0, 0, NULL, NULL, NULL, NULL, NULL, NULL, '0.00', 0),
(1604, 5, 20, 'PRO-PF 97-129', 'Left Upper Joint', 21, 0, 0, 0, 0, NULL, NULL, NULL, NULL, NULL, NULL, '0.00', 0),
(1605, 5, 20, 'PRO-PF 97-130', 'Right Upper Joint', 21, 0, 0, 0, 0, NULL, NULL, NULL, NULL, NULL, NULL, '0.00', 0),
(1606, 5, 20, 'PRO-PF 97-131', 'Left Lower Joint', 21, 0, 0, 0, 0, NULL, NULL, NULL, NULL, NULL, NULL, '0.00', 0),
(1607, 5, 20, 'PRO-PF 97-132', 'Right Lower Joint', 21, 0, 0, 0, 0, NULL, NULL, NULL, NULL, NULL, NULL, '0.00', 0),
(1608, 5, 20, 'PRO-PF 97-134', 'Screw', 21, 0, 0, 0, 0, NULL, NULL, NULL, NULL, NULL, NULL, '0.00', 0),
(1609, 5, 20, 'PRO-PF 97-136', 'Screw', 21, 0, 0, 0, 0, NULL, NULL, NULL, NULL, NULL, NULL, '0.00', 0),
(1610, 5, 20, 'PRO-PF 97-137', 'Locking', 21, 0, 0, 0, 0, NULL, NULL, NULL, NULL, NULL, NULL, '0.00', 0),
(1611, 5, 20, 'PRO-PF 97-201', 'Normal Door', 21, 0, 0, 0, 0, NULL, NULL, NULL, NULL, NULL, NULL, '0.00', 0),
(1612, 5, 20, 'PRO-PF 97-202', 'Half Door', 21, 0, 0, 0, 0, NULL, NULL, NULL, NULL, NULL, NULL, '0.00', 0),
(1613, 5, 20, 'PRO-PF 97-204', 'Door Opposit Coupling Side', 21, 0, 0, 0, 0, NULL, NULL, NULL, NULL, NULL, NULL, '0.00', 0),
(1614, 5, 20, 'PRO-PF 97-229', 'Left Upper Joint', 21, 0, 0, 0, 0, NULL, NULL, NULL, NULL, NULL, NULL, '0.00', 0),
(1615, 5, 20, 'PRO-PF 97-230', 'Right Upper Joint', 21, 0, 0, 0, 0, NULL, NULL, NULL, NULL, NULL, NULL, '0.00', 0),
(1616, 5, 20, 'PRO-PF 97-231', 'Left Lower Joint', 21, 0, 0, 0, 0, NULL, NULL, NULL, NULL, NULL, NULL, '0.00', 0),
(1617, 5, 20, 'PRO-PF 97-232', 'Right Lower Joint', 21, 0, 0, 0, 0, NULL, NULL, NULL, NULL, NULL, NULL, '0.00', 0),
(1618, 5, 20, 'PRO-PF 97-234', 'Screw', 21, 0, 0, 0, 0, NULL, NULL, NULL, NULL, NULL, NULL, '0.00', 0),
(1619, 5, 20, 'PRO-PF 97-238', 'Lock Wire', 21, 0, 0, 0, 0, NULL, NULL, NULL, NULL, NULL, NULL, '0.00', 0),
(1620, 5, 20, 'PRO-PF 97-282', 'Joint', 21, 0, 0, 0, 0, NULL, NULL, NULL, NULL, NULL, NULL, '0.00', 0),
(1621, 5, 20, 'PRO-PF 97-283', 'Washer', 21, 0, 0, 0, 0, NULL, NULL, NULL, NULL, NULL, NULL, '0.00', 0),
(1622, 5, 20, 'PRO-PF 97-284', 'Screw', 21, 0, 0, 0, 0, NULL, NULL, NULL, NULL, NULL, NULL, '0.00', 0),
(1623, 5, 20, 'PRO-PF 97-329', 'Left Upper Joint', 21, 0, 0, 0, 0, NULL, NULL, NULL, NULL, NULL, NULL, '0.00', 0),
(1624, 5, 20, 'PRO-PF 97-330', 'Right Upper Joint', 21, 0, 0, 0, 0, NULL, NULL, NULL, NULL, NULL, NULL, '0.00', 0),
(1625, 5, 20, 'PRO-PF 97-331', 'Left Lower Joint', 21, 0, 0, 0, 0, NULL, NULL, NULL, NULL, NULL, NULL, '0.00', 0),
(1626, 5, 20, 'PRO-PF 97-332', 'Right Lower Joint', 21, 0, 0, 0, 0, NULL, NULL, NULL, NULL, NULL, NULL, '0.00', 0),
(1627, 5, 20, 'PRO-PF 97-381', 'Cover', 21, 0, 0, 0, 0, NULL, NULL, NULL, NULL, NULL, NULL, '0.00', 0),
(1628, 5, 20, 'PRO-PF 97-401', 'Left Upper Joint, PN 112250341 ( NIIGATA )', 21, 0, 0, 0, 0, NULL, NULL, NULL, NULL, NULL, NULL, '0.00', 0),
(1629, 5, 20, 'PRO-PF 97-402', 'Left Upper Joint, PN 112249241 ( NIIGATA )', 21, 0, 0, 0, 0, NULL, NULL, NULL, NULL, NULL, NULL, '0.00', 0),
(1630, 5, 20, 'PRO-PF 97-403', 'Left Upper Lower', 21, 0, 0, 0, 0, NULL, NULL, NULL, NULL, NULL, NULL, '0.00', 0),
(1631, 5, 20, 'PRO-PF 97-404', 'Left Upper Joint, PN 112250241 ( NIIGATA )', 21, 0, 0, 0, 0, NULL, NULL, NULL, NULL, NULL, NULL, '0.00', 0),
(1632, 5, 20, 'PRO-PF 97-429', 'Left Upper Joint', 21, 0, 0, 0, 0, NULL, NULL, NULL, NULL, NULL, NULL, '0.00', 0),
(1633, 5, 20, 'PRO-PF 97-430', 'Right Upper Joint', 21, 0, 0, 0, 0, NULL, NULL, NULL, NULL, NULL, NULL, '0.00', 0),
(1634, 5, 20, 'PRO-PF 97-431', 'Right Lower Joint', 21, 0, 0, 0, 0, NULL, NULL, NULL, NULL, NULL, NULL, '0.00', 0),
(1635, 5, 20, 'PRO-PF 97-432', 'Right Lower Joint', 21, 0, 0, 0, 0, NULL, NULL, NULL, NULL, NULL, NULL, '0.00', 0),
(1636, 5, 20, 'PRO-PF 97-529', 'Left Upper Joint', 21, 0, 0, 0, 0, NULL, NULL, NULL, NULL, NULL, NULL, '0.00', 0),
(1637, 5, 20, 'PRO-PF 97-530', 'Right Upper Joint', 21, 0, 0, 0, 0, NULL, NULL, NULL, NULL, NULL, NULL, '0.00', 0),
(1638, 5, 20, 'PRO-PF 97-531', 'Left Lower Joint', 21, 0, 0, 0, 0, NULL, NULL, NULL, NULL, NULL, NULL, '0.00', 0),
(1639, 5, 20, 'PRO-PF 97-532', 'Right Lower Joint', 21, 0, 0, 0, 0, NULL, NULL, NULL, NULL, NULL, NULL, '0.00', 0),
(1640, 5, 20, 'PRO-PF 97-535', 'Joint', 21, 0, 0, 0, 0, NULL, NULL, NULL, NULL, NULL, NULL, '0.00', 0),
(1641, 5, 20, 'PRO-PF 97-536', 'Safety Valve', 21, 0, 0, 0, 0, NULL, NULL, NULL, NULL, NULL, NULL, '0.00', 0),
(1642, 5, 20, 'PRO-PF 100-366', 'Threaded Taper Pin', 21, 0, 0, 0, 0, NULL, NULL, NULL, NULL, NULL, NULL, '0.00', 0),
(1643, 5, 20, 'PRO-PF 100-368', 'Copper Washer', 21, 0, 0, 0, 0, NULL, NULL, NULL, NULL, NULL, NULL, '0.00', 0),
(1644, 5, 20, 'PRO-PF 100-370', 'Bolt', 21, 0, 0, 0, 0, NULL, NULL, NULL, NULL, NULL, NULL, '0.00', 0),
(1645, 5, 20, 'PRO-PF 100-371', 'Nut', 21, 0, 0, 0, 0, NULL, NULL, NULL, NULL, NULL, NULL, '0.00', 0),
(1646, 5, 20, 'PRO-PF 100-459', 'Cover', 21, 0, 0, 0, 0, NULL, NULL, NULL, NULL, NULL, NULL, '0.00', 0),
(1647, 5, 20, 'PRO-PF 100-603', 'Cover (left)', 21, 0, 0, 0, 0, NULL, NULL, NULL, NULL, NULL, NULL, '0.00', 0),
(1648, 5, 20, 'PRO-PF 100-604', 'Cover (right)', 21, 0, 0, 0, 0, NULL, NULL, NULL, NULL, NULL, NULL, '0.00', 0),
(1649, 5, 20, 'PRO-PF 100-801', 'Cover (right)', 21, 0, 0, 0, 0, NULL, NULL, NULL, NULL, NULL, NULL, '0.00', 0),
(1650, 5, 20, 'PRO-PF 100-802', 'Cover (left)', 21, 0, 0, 0, 0, NULL, NULL, NULL, NULL, NULL, NULL, '0.00', 0),
(1651, 5, 20, 'PRO-PF 100-810', 'Plug', 21, 0, 0, 0, 0, NULL, NULL, NULL, NULL, NULL, NULL, '0.00', 0),
(1652, 5, 20, 'PRO-PF 100-811', 'Copper Packing', 21, 0, 0, 0, 0, NULL, NULL, NULL, NULL, NULL, NULL, '0.00', 0),
(1653, 5, 20, 'PRO-PF 100-903', 'Cover (left)', 21, 0, 0, 0, 0, NULL, NULL, NULL, NULL, NULL, NULL, '0.00', 0),
(1654, 5, 20, 'PRO-PF 100-904', 'Cover (right)', 21, 0, 0, 0, 0, NULL, NULL, NULL, NULL, NULL, NULL, '0.00', 0),
(1655, 5, 20, 'PRO-PF 101-057', 'Bolt', 21, 0, 0, 0, 0, NULL, NULL, NULL, NULL, NULL, NULL, '0.00', 0),
(1656, 5, 20, 'PRO-PF 101-120', 'Plug', 21, 0, 0, 0, 0, NULL, NULL, NULL, NULL, NULL, NULL, '0.00', 0),
(1657, 5, 20, 'PRO-PF 101-121', 'Copper Packing', 21, 0, 0, 0, 0, NULL, NULL, NULL, NULL, NULL, NULL, '0.00', 0),
(1658, 5, 20, 'PRO-PF 101-212', 'Cover', 21, 0, 0, 0, 0, NULL, NULL, NULL, NULL, NULL, NULL, '0.00', 0),
(1659, 5, 20, 'PRO-PF 101-360', 'Packing', 21, 0, 0, 0, 0, NULL, NULL, NULL, NULL, NULL, NULL, '0.00', 0),
(1660, 5, 20, 'PRO-PF 102-1', 'Lever/Pipe', 21, 0, 0, 0, 0, NULL, NULL, NULL, NULL, NULL, NULL, '0.00', 0),
(1661, 5, 20, 'PRO-PF 102-4', 'Bush', 21, 0, 0, 0, 0, NULL, NULL, NULL, NULL, NULL, NULL, '0.00', 0),
(1662, 5, 20, 'PRO-PF 102-5', 'Bush', 21, 0, 0, 0, 0, NULL, NULL, NULL, NULL, NULL, NULL, '0.00', 0),
(1663, 5, 20, 'PRO-PF 102-6', 'Plug', 21, 0, 0, 0, 0, NULL, NULL, NULL, NULL, NULL, NULL, '0.00', 0),
(1664, 5, 20, 'PRO-PF 102-7', 'Bolt', 21, 0, 0, 0, 0, NULL, NULL, NULL, NULL, NULL, NULL, '0.00', 0),
(1665, 5, 20, 'PRO-PF 102-8A', 'Lever Shaft', 21, 0, 0, 0, 0, NULL, NULL, NULL, NULL, NULL, NULL, '0.00', 0),
(1666, 5, 20, 'PRO-PF 102-8B', 'Grease Nipple', 21, 0, 0, 0, 0, NULL, NULL, NULL, NULL, NULL, NULL, '0.00', 0),
(1667, 5, 20, 'PRO-PF 102-9', 'Bush ', 21, 0, 0, 0, 0, NULL, NULL, NULL, NULL, NULL, NULL, '0.00', 0),
(1668, 5, 20, 'PRO-PF 102-9', 'Bolt', 21, 0, 0, 0, 0, NULL, NULL, NULL, NULL, NULL, NULL, '0.00', 0),
(1669, 5, 20, 'PRO-PF 102-10', 'Lever', 21, 0, 0, 0, 0, NULL, NULL, NULL, NULL, NULL, NULL, '0.00', 0),
(1670, 5, 20, 'PRO-PF 102-11A', 'Fan Gear', 21, 0, 0, 0, 0, NULL, NULL, NULL, NULL, NULL, NULL, '0.00', 0),
(1671, 5, 20, 'PRO-PF 102-11B', 'Bolt', 21, 0, 0, 0, 0, NULL, NULL, NULL, NULL, NULL, NULL, '0.00', 0),
(1672, 5, 20, 'PRO-PF 102-12', 'Protector', 21, 0, 0, 0, 0, NULL, NULL, NULL, NULL, NULL, NULL, '0.00', 0),
(1673, 5, 20, 'PRO-PF 102-13A', 'Bearing Support', 21, 0, 0, 0, 0, NULL, NULL, NULL, NULL, NULL, NULL, '0.00', 0),
(1674, 5, 20, 'PRO-PF 102-13B', 'Washer', 21, 0, 0, 0, 0, NULL, NULL, NULL, NULL, NULL, NULL, '0.00', 0),
(1675, 5, 20, 'PRO-PF 102-14', 'Toothed Washer', 21, 0, 0, 0, 0, NULL, NULL, NULL, NULL, NULL, NULL, '0.00', 0),
(1676, 5, 20, 'PRO-PF 102-15', 'Bearing Support', 21, 0, 0, 0, 0, NULL, NULL, NULL, NULL, NULL, NULL, '0.00', 0),
(1677, 5, 20, 'PRO-PF 102-21', 'Bush', 21, 0, 0, 0, 0, NULL, NULL, NULL, NULL, NULL, NULL, '0.00', 0),
(1678, 5, 20, 'PRO-PF 102-20', 'Lever', 21, 0, 0, 0, 0, NULL, NULL, NULL, NULL, NULL, NULL, '0.00', 0),
(1679, 5, 20, 'PRO-PF 102-22', 'Sleeve', 21, 0, 0, 0, 0, NULL, NULL, NULL, NULL, NULL, NULL, '0.00', 0),
(1680, 5, 20, 'PRO-PF 102-23', 'Shaft', 21, 0, 0, 0, 0, NULL, NULL, NULL, NULL, NULL, NULL, '0.00', 0),
(1681, 5, 20, 'PRO-PF 102-24', 'Shaft', 21, 0, 0, 0, 0, NULL, NULL, NULL, NULL, NULL, NULL, '0.00', 0),
(1682, 5, 20, 'PRO-PF 102-25', 'Pin', 21, 0, 0, 0, 0, NULL, NULL, NULL, NULL, NULL, NULL, '0.00', 0),
(1683, 5, 20, 'PRO-PF 102-28', 'Connecting Rod', 21, 0, 0, 0, 0, NULL, NULL, NULL, NULL, NULL, NULL, '0.00', 0),
(1684, 5, 20, 'PRO-PF 102-31', 'Sleeve', 21, 0, 0, 0, 0, NULL, NULL, NULL, NULL, NULL, NULL, '0.00', 0),
(1685, 5, 20, 'PRO-PF 102-34', 'Plug', 21, 0, 0, 0, 0, NULL, NULL, NULL, NULL, NULL, NULL, '0.00', 0),
(1686, 5, 20, 'PRO-PF 102-35', 'Rod', 21, 0, 0, 0, 0, NULL, NULL, NULL, NULL, NULL, NULL, '0.00', 0),
(1687, 5, 20, 'PRO-PF 102-38', 'Outer Spring', 21, 0, 0, 0, 0, NULL, NULL, NULL, NULL, NULL, NULL, '0.00', 0),
(1688, 5, 20, 'PRO-PF 102-39', 'Spring Collar', 21, 0, 0, 0, 0, NULL, NULL, NULL, NULL, NULL, NULL, '0.00', 0),
(1689, 5, 20, 'PRO-PF 102-40', 'Shaft', 21, 0, 0, 0, 0, NULL, NULL, NULL, NULL, NULL, NULL, '0.00', 0),
(1690, 5, 20, 'PRO-PF 102-43', 'Lever', 21, 0, 0, 0, 0, NULL, NULL, NULL, NULL, NULL, NULL, '0.00', 0),
(1691, 5, 20, 'PRO-PF 102-48', 'Plate', 21, 0, 0, 0, 0, NULL, NULL, NULL, NULL, NULL, NULL, '0.00', 0),
(1692, 5, 20, 'PRO-PF 102-51', 'Lever', 21, 0, 0, 0, 0, NULL, NULL, NULL, NULL, NULL, NULL, '0.00', 0),
(1693, 5, 20, 'PRO-PF 102-54', 'Connection Piece', 21, 0, 0, 0, 0, NULL, NULL, NULL, NULL, NULL, NULL, '0.00', 0),
(1694, 5, 20, 'PRO-PF 102-55', 'Pin', 21, 0, 0, 0, 0, NULL, NULL, NULL, NULL, NULL, NULL, '0.00', 0),
(1695, 5, 20, 'PRO-PF 102-66', 'Pin', 21, 0, 0, 0, 0, NULL, NULL, NULL, NULL, NULL, NULL, '0.00', 0),
(1696, 5, 20, 'PRO-PF 102-69', 'Connecting Pipe', 21, 0, 0, 0, 0, NULL, NULL, NULL, NULL, NULL, NULL, '0.00', 0),
(1697, 5, 20, 'PRO-PF 102-71', 'Spring Collar', 21, 0, 0, 967, 0, 0, '', '', '16971.jpg', NULL, NULL, '0.00', 0),
(1698, 5, 20, 'PRO-PF 102-76', 'Spring Guide', 21, 0, 0, 0, 0, NULL, NULL, NULL, NULL, NULL, NULL, '0.00', 0),
(1699, 5, 20, 'PRO-PF 102-79', 'Washer', 21, 0, 0, 0, 0, NULL, NULL, NULL, NULL, NULL, NULL, '0.00', 0),
(1700, 5, 20, 'PRO-PF 102-80', 'Split Pin', 21, 0, 0, 0, 0, NULL, NULL, NULL, NULL, NULL, NULL, '0.00', 0),
(1701, 5, 20, 'PRO-PF 102-88', 'Tongued Washer', 21, 0, 0, 0, 0, NULL, NULL, NULL, NULL, NULL, NULL, '0.00', 0),
(1702, 5, 20, 'PRO-PF 102-90', 'Spring', 21, 0, 0, 0, 0, NULL, NULL, NULL, NULL, NULL, NULL, '0.00', 0),
(1703, 5, 20, 'PRO-PF 102-102', 'Bolt', 21, 0, 0, 0, 0, NULL, NULL, NULL, NULL, NULL, NULL, '0.00', 0),
(1704, 5, 20, 'PRO-PF 102-109', 'Washer', 21, 0, 0, 0, 0, NULL, NULL, NULL, NULL, NULL, NULL, '0.00', 0),
(1705, 5, 20, 'PRO-PF 102-117', 'Spring Pin', 21, 0, 0, 0, 0, NULL, NULL, NULL, NULL, NULL, NULL, '0.00', 0),
(1706, 5, 20, 'PRO-PF 102-160', 'Spring Collar', 21, 0, 0, 0, 0, NULL, NULL, NULL, NULL, NULL, NULL, '0.00', 0),
(1707, 5, 20, 'PRO-PF 102-200', 'Handle/Lever', 21, 0, 0, 0, 0, NULL, NULL, NULL, NULL, NULL, NULL, '0.00', 0),
(1708, 5, 20, 'PRO-PF 102-201', 'Grease Nipple', 21, 0, 0, 0, 0, NULL, NULL, NULL, NULL, NULL, NULL, '0.00', 0),
(1709, 5, 20, 'PRO-PF 102-202', 'Key', 21, 0, 0, 0, 0, NULL, NULL, NULL, NULL, NULL, NULL, '0.00', 0),
(1710, 5, 20, 'PRO-PF 102-203', 'Bolt', 21, 0, 0, 0, 0, NULL, NULL, NULL, NULL, NULL, NULL, '0.00', 0),
(1711, 5, 20, 'PRO-PF 102-204', 'Bolt', 21, 0, 0, 0, 0, NULL, NULL, NULL, NULL, NULL, NULL, '0.00', 0),
(1712, 5, 20, 'PRO-PF 102-206', 'Bolt', 21, 0, 0, 0, 0, NULL, NULL, NULL, NULL, NULL, NULL, '0.00', 0),
(1713, 5, 20, 'PRO-PF 102-207', 'Bolt', 21, 0, 0, 0, 0, NULL, NULL, NULL, NULL, NULL, NULL, '0.00', 0),
(1714, 5, 20, 'PRO-PF 102-208', 'Hexagonal Socket Head Screw', 21, 0, 0, 0, 0, NULL, NULL, NULL, NULL, NULL, NULL, '0.00', 0),
(1715, 5, 20, 'PRO-PF 102-209', 'Set Screw', 21, 0, 0, 0, 0, NULL, NULL, NULL, NULL, NULL, NULL, '0.00', 0),
(1716, 5, 20, 'PRO-PF 102-210', 'Tongued Washer', 21, 0, 0, 0, 0, NULL, NULL, NULL, NULL, NULL, NULL, '0.00', 0),
(1717, 5, 20, 'PRO-PF 102-211', 'Bolt', 21, 0, 0, 0, 0, NULL, NULL, NULL, NULL, NULL, NULL, '0.00', 0),
(1718, 5, 20, 'PRO-PF 102-212', 'Circlip', 21, 0, 0, 0, 0, NULL, NULL, NULL, NULL, NULL, NULL, '0.00', 0),
(1719, 5, 20, 'PRO-PF 102-213', 'Circlip', 21, 0, 0, 0, 0, NULL, NULL, NULL, NULL, NULL, NULL, '0.00', 0),
(1720, 5, 20, 'PRO-PF 102-215', 'Washer', 21, 0, 0, 0, 0, NULL, NULL, NULL, NULL, NULL, NULL, '0.00', 0),
(1721, 5, 20, 'PRO-PF 102-216', 'Taper Pin', 21, 0, 0, 0, 0, NULL, NULL, NULL, NULL, NULL, NULL, '0.00', 0),
(1722, 5, 20, 'PRO-PF 102-217', 'Taper Pin', 21, 0, 0, 0, 0, NULL, NULL, NULL, NULL, NULL, NULL, '0.00', 0),
(1723, 5, 20, 'PRO-PF 102-218', 'Taper Pin', 21, 0, 0, 0, 0, NULL, NULL, NULL, NULL, NULL, NULL, '0.00', 0),
(1724, 5, 20, 'PRO-PF 102-219', 'Spring Pin', 21, 0, 0, 0, 0, NULL, NULL, NULL, NULL, NULL, NULL, '0.00', 0),
(1725, 5, 20, 'PRO-PF 102-220', 'Spring Pin', 21, 0, 0, 0, 0, NULL, NULL, NULL, NULL, NULL, NULL, '0.00', 0),
(1726, 5, 20, 'PRO-PF 102-225', 'Spring Pin', 21, 0, 0, 0, 0, NULL, NULL, NULL, NULL, NULL, NULL, '0.00', 0),
(1727, 5, 20, 'PRO-PF 102-257', 'Stand', 21, 0, 0, 0, 0, NULL, NULL, NULL, NULL, NULL, NULL, '0.00', 0),
(1728, 5, 20, 'PRO-PF 102-310', 'Lever', 21, 0, 0, 0, 0, NULL, NULL, NULL, NULL, NULL, NULL, '0.00', 0),
(1729, 5, 20, 'PRO-PF 102-312', 'Plate', 21, 0, 0, 0, 0, NULL, NULL, NULL, NULL, NULL, NULL, '0.00', 0),
(1730, 5, 20, 'PRO-PF 102-317', 'Threaded Taper Pin', 21, 0, 0, 0, 0, NULL, NULL, NULL, NULL, NULL, NULL, '0.00', 0),
(1731, 5, 20, 'PRO-PF 102-320', 'Lever', 21, 0, 0, 0, 0, NULL, NULL, NULL, NULL, NULL, NULL, '0.00', 0),
(1732, 5, 20, 'PRO-PF 102-322', 'Sleeve', 21, 0, 0, 0, 0, NULL, NULL, NULL, NULL, NULL, NULL, '0.00', 0),
(1733, 5, 20, 'PRO-PF 102-325', 'Plug', 21, 0, 0, 0, 0, NULL, NULL, NULL, NULL, NULL, NULL, '0.00', 0),
(1734, 5, 20, 'PRO-PF 102-326', 'Link', 21, 0, 0, 0, 0, NULL, NULL, NULL, NULL, NULL, NULL, '0.00', 0),
(1735, 5, 20, 'PRO-PF 102-328', 'Bearing', 21, 0, 0, 0, 0, NULL, NULL, NULL, NULL, NULL, NULL, '0.00', 0),
(1736, 5, 20, 'PRO-PF 102-348', 'Plate', 21, 0, 0, 0, 0, NULL, NULL, NULL, NULL, NULL, NULL, '0.00', 0),
(1737, 5, 20, 'PRO-PF 102-357', 'Stand', 21, 0, 0, 0, 0, NULL, NULL, NULL, NULL, NULL, NULL, '0.00', 0),
(1738, 5, 20, 'PRO-PF 102-407', 'Lever Stopper', 21, 0, 0, 0, 0, NULL, NULL, NULL, NULL, NULL, NULL, '0.00', 0),
(1739, 5, 20, 'PRO-PF 102-425A', 'Lever', 21, 0, 0, 0, 0, NULL, NULL, NULL, NULL, NULL, NULL, '0.00', 0),
(1740, 5, 20, 'PRO-PF 102-425B', 'Plug', 21, 0, 0, 0, 0, NULL, NULL, NULL, NULL, NULL, NULL, '0.00', 0),
(1741, 5, 20, 'PRO-PF 102-457', 'Stand', 21, 0, 0, 0, 0, NULL, NULL, NULL, NULL, NULL, NULL, '0.00', 0),
(1742, 5, 20, 'PRO-PF 102-548', 'Plate', 21, 0, 0, 0, 0, NULL, NULL, NULL, NULL, NULL, NULL, '0.00', 0),
(1743, 5, 20, 'PRO-PF 102-648', 'Plate', 21, 0, 0, 0, 0, NULL, NULL, NULL, NULL, NULL, NULL, '0.00', 0),
(1744, 5, 20, 'PRO-PF 102-848', 'Plate', 21, 0, 0, 0, 0, NULL, NULL, NULL, NULL, NULL, NULL, '0.00', 0),
(1745, 5, 20, 'PRO-PF 102-942', 'Tongued Washer', 21, 0, 0, 0, 0, NULL, NULL, NULL, NULL, NULL, NULL, '0.00', 0),
(1746, 5, 20, 'PRO-PF 102-943', 'Nut', 21, 0, 0, 0, 0, NULL, NULL, NULL, NULL, NULL, NULL, '0.00', 0),
(1747, 5, 20, 'PRO-PF 102-977', 'Stopper', 21, 0, 0, 0, 0, NULL, NULL, NULL, NULL, NULL, NULL, '0.00', 0),
(1748, 5, 20, 'PRO-PF 103-1A', 'Cylinder', 21, 0, 0, 0, 0, NULL, NULL, NULL, NULL, NULL, NULL, '0.00', 0),
(1749, 5, 20, 'PRO-PF 103-1B', 'Screw', 21, 0, 0, 0, 0, NULL, NULL, NULL, NULL, NULL, NULL, '0.00', 0),
(1750, 5, 20, 'PRO-PF 103-1C', 'Pipe', 21, 0, 0, 0, 0, NULL, NULL, NULL, NULL, NULL, NULL, '0.00', 0),
(1751, 5, 20, 'PRO-PF 103-1D', 'Body', 21, 0, 0, 0, 0, NULL, NULL, NULL, NULL, NULL, NULL, '0.00', 0),
(1752, 5, 20, 'PRO-PF 103-2A', 'Bolt', 21, 0, 0, 0, 0, NULL, NULL, NULL, NULL, NULL, NULL, '0.00', 0),
(1753, 5, 20, 'PRO-PF 103-2B', 'Pipe', 21, 0, 0, 0, 0, NULL, NULL, NULL, NULL, NULL, NULL, '0.00', 0),
(1754, 5, 20, 'PRO-PF 103-3A', 'Screw', 21, 0, 0, 0, 0, NULL, NULL, NULL, NULL, NULL, NULL, '0.00', 0),
(1755, 5, 20, 'PRO-PF 103-3B', 'Pipe', 21, 0, 0, 0, 0, NULL, NULL, NULL, NULL, NULL, NULL, '0.00', 0),
(1756, 5, 20, 'PRO-PF 103-4A', 'Cover', 21, 0, 0, 0, 0, NULL, NULL, NULL, NULL, NULL, NULL, '0.00', 0),
(1757, 5, 20, 'PRO-PF 103-4B', 'Union', 21, 0, 0, 0, 0, NULL, NULL, NULL, NULL, NULL, NULL, '0.00', 0),
(1758, 5, 20, 'PRO-PF 103-5A', 'Piston', 21, 0, 0, 0, 0, NULL, NULL, NULL, NULL, NULL, NULL, '0.00', 0),
(1759, 5, 20, 'PRO-PF 103-5B', 'Union', 21, 0, 0, 0, 0, NULL, NULL, NULL, NULL, NULL, NULL, '0.00', 0),
(1760, 5, 20, 'PRO-PF 103-6A', 'Stopper Piece', 21, 0, 0, 0, 0, NULL, NULL, NULL, NULL, NULL, NULL, '0.00', 0),
(1761, 5, 20, 'PRO-PF 103-6B', 'Union', 21, 0, 0, 0, 0, NULL, NULL, NULL, NULL, NULL, NULL, '0.00', 0),
(1762, 5, 20, 'PRO-PF 103-7A', 'Libe', 21, 0, 0, 0, 0, NULL, NULL, NULL, NULL, NULL, NULL, '0.00', 0),
(1763, 5, 20, 'PRO-PF 103-7B', 'Copper Packing', 21, 0, 0, 0, 0, NULL, NULL, NULL, NULL, NULL, NULL, '0.00', 0),
(1764, 5, 20, 'PRO-PF 103-8', 'Band', 21, 0, 0, 0, 0, NULL, NULL, NULL, NULL, NULL, NULL, '0.00', 0),
(1765, 5, 20, 'PRO-PF 103-9', 'Band', 21, 0, 0, 0, 0, NULL, NULL, NULL, NULL, NULL, NULL, '0.00', 0),
(1766, 5, 20, 'PRO-PF 103-10A', 'Piston', 21, 0, 0, 0, 0, NULL, NULL, NULL, NULL, NULL, NULL, '0.00', 0),
(1767, 5, 20, 'PRO-PF 103-10B', 'Support', 21, 0, 0, 0, 0, NULL, NULL, NULL, NULL, NULL, NULL, '0.00', 0),
(1768, 5, 20, 'PRO-PF 103-11A', 'Spring Retainer', 21, 0, 0, 0, 0, NULL, NULL, NULL, NULL, NULL, NULL, '0.00', 0),
(1769, 5, 20, 'PRO-PF 103-11B', 'Band', 21, 0, 0, 0, 0, NULL, NULL, NULL, NULL, NULL, NULL, '0.00', 0),
(1770, 5, 20, 'PRO-PF 103-12A', 'Piston', 21, 0, 0, 0, 0, NULL, NULL, NULL, NULL, NULL, NULL, '0.00', 0),
(1771, 5, 20, 'PRO-PF 103-12B', 'Bolt', 21, 0, 0, 0, 0, NULL, NULL, NULL, NULL, NULL, NULL, '0.00', 0),
(1772, 5, 20, 'PRO-PF 103-13A', 'Spring', 21, 0, 0, 0, 0, NULL, NULL, NULL, NULL, NULL, NULL, '0.00', 0),
(1773, 5, 20, 'PRO-PF 103-13B', 'Bolt', 21, 0, 0, 0, 0, NULL, NULL, NULL, NULL, NULL, NULL, '0.00', 0),
(1774, 5, 20, 'PRO-PF 103-14A', 'Sleeve', 21, 0, 0, 0, 0, NULL, NULL, NULL, NULL, NULL, NULL, '0.00', 0),
(1775, 5, 20, 'PRO-PF 103-14B', 'Nut', 21, 0, 0, 0, 0, NULL, NULL, NULL, NULL, NULL, NULL, '0.00', 0),
(1776, 5, 20, 'PRO-PF 103-25', 'Stopper', 21, 0, 0, 0, 0, NULL, NULL, NULL, NULL, NULL, NULL, '0.00', 0),
(1777, 5, 20, 'PRO-PF 103-26', 'Positioning Bolt', 21, 0, 0, 0, 0, NULL, NULL, NULL, NULL, NULL, NULL, '0.00', 0),
(1778, 5, 20, 'PRO-PF 103-27', 'Packing', 21, 0, 0, 0, 0, NULL, NULL, NULL, NULL, NULL, NULL, '0.00', 0),
(1779, 5, 20, 'PRO-PF 103-28', 'Plug', 21, 0, 0, 0, 0, NULL, NULL, NULL, NULL, NULL, NULL, '0.00', 0),
(1780, 5, 20, 'PRO-PF 103-29', 'Copper Gasket', 21, 0, 0, 0, 0, NULL, NULL, NULL, NULL, NULL, NULL, '0.00', 0),
(1781, 5, 20, 'PRO-PF 103-38', 'O-ring', 21, 0, 0, 0, 0, NULL, NULL, NULL, NULL, NULL, NULL, '0.00', 0),
(1782, 5, 20, 'PRO-PF 103-39', 'O-ring', 21, 0, 0, 0, 0, NULL, NULL, NULL, NULL, NULL, NULL, '0.00', 0),
(1783, 5, 20, 'PRO-PF 103-40', 'Lock Nut', 21, 0, 0, 0, 0, NULL, NULL, NULL, NULL, NULL, NULL, '0.00', 0),
(1784, 5, 20, 'PRO-PF 103-43', 'Bolt', 21, 0, 0, 0, 0, NULL, NULL, NULL, NULL, NULL, NULL, '0.00', 0),
(1785, 5, 20, 'PRO-PF 103-44', 'Bolt', 21, 0, 0, 0, 0, NULL, NULL, NULL, NULL, NULL, NULL, '0.00', 0),
(1786, 5, 20, 'PRO-PF 103-45', 'Taper Pin', 21, 0, 0, 0, 0, NULL, NULL, NULL, NULL, NULL, NULL, '0.00', 0),
(1787, 5, 20, 'PRO-PF 103-47', 'Union', 21, 0, 0, 0, 0, NULL, NULL, NULL, NULL, NULL, NULL, '0.00', 0),
(1788, 5, 20, 'PRO-PF 103-48', 'Copper Packing', 21, 0, 0, 0, 0, NULL, NULL, NULL, NULL, NULL, NULL, '0.00', 0),
(1789, 5, 20, 'PRO-PF 103-49', 'Set Screw', 21, 0, 0, 0, 0, NULL, NULL, NULL, NULL, NULL, NULL, '0.00', 0),
(1790, 5, 20, 'PRO-PF 103-50', 'Lock Nut', 21, 0, 0, 0, 0, NULL, NULL, NULL, NULL, NULL, NULL, '0.00', 0),
(1791, 5, 20, 'PRO-PF 103-51', 'Spring Washer', 21, 0, 0, 0, 0, NULL, NULL, NULL, NULL, NULL, NULL, '0.00', 0),
(1792, 5, 20, 'PRO-PF 103-52', 'Tongued Washer, "NIIGATA"', 21, 0, 0, 0, 0, NULL, NULL, NULL, NULL, NULL, NULL, '0.00', 0),
(1793, 5, 20, 'PRO-PF 103-72', 'Adjusting Nut', 21, 0, 0, 0, 0, NULL, NULL, NULL, NULL, NULL, NULL, '0.00', 0),
(1794, 5, 20, 'PRO-PF 103-73', 'Lock Nut', 21, 0, 0, 0, 0, NULL, NULL, NULL, NULL, NULL, NULL, '0.00', 0),
(1795, 5, 20, 'PRO-PF 103-75', 'Locking Wire', 21, 0, 0, 0, 0, NULL, NULL, NULL, NULL, NULL, NULL, '0.00', 0),
(1796, 5, 20, 'PRO-PF 103-77', 'Bolt', 21, 0, 0, 0, 0, NULL, NULL, NULL, NULL, NULL, NULL, '0.00', 0),
(1797, 5, 20, 'PRO-PF 103-101', 'Tripcylinder', 21, 0, 0, 0, 0, NULL, NULL, NULL, NULL, NULL, NULL, '0.00', 0),
(1798, 5, 20, 'PRO-PF 103-102', 'Support Plate', 21, 0, 0, 0, 0, NULL, NULL, NULL, NULL, NULL, NULL, '0.00', 0),
(1799, 5, 20, 'PRO-PF 103-104', 'Pin', 21, 0, 0, 0, 0, NULL, NULL, NULL, NULL, NULL, NULL, '0.00', 0),
(1800, 5, 20, 'PRO-PF 103-105', 'Roller', 21, 0, 0, 0, 0, NULL, NULL, NULL, NULL, NULL, NULL, '0.00', 0),
(1801, 5, 20, 'PRO-PF 103-106', 'Bush', 21, 0, 0, 0, 0, NULL, NULL, NULL, NULL, NULL, NULL, '0.00', 0),
(1802, 5, 20, 'PRO-PF 103-107A', 'Plug', 21, 0, 0, 0, 0, NULL, NULL, NULL, NULL, NULL, NULL, '0.00', 0),
(1803, 5, 20, 'PRO-PF 103-107B', 'Washer', 21, 0, 0, 0, 0, NULL, NULL, NULL, NULL, NULL, NULL, '0.00', 0),
(1804, 5, 20, 'PRO-PF 103-108', 'Circlip', 21, 0, 0, 0, 0, NULL, NULL, NULL, NULL, NULL, NULL, '0.00', 0),
(1805, 5, 20, 'PRO-PF 103-109', 'Spring Pin', 21, 0, 0, 0, 0, NULL, NULL, NULL, NULL, NULL, NULL, '0.00', 0),
(1806, 5, 20, 'PRO-PF 103-110A', 'Cover', 21, 0, 0, 0, 0, NULL, NULL, NULL, NULL, NULL, NULL, '0.00', 0),
(1807, 5, 20, 'PRO-PF 103-110B', 'Shaft', 21, 0, 0, 0, 0, NULL, NULL, NULL, NULL, NULL, NULL, '0.00', 0),
(1808, 5, 20, 'PRO-PF 103-111A', 'Cover', 21, 0, 0, 0, 0, NULL, NULL, NULL, NULL, NULL, NULL, '0.00', 0),
(1809, 5, 20, 'PRO-PF 103-111B', 'Screw', 21, 0, 0, 0, 0, NULL, NULL, NULL, NULL, NULL, NULL, '0.00', 0),
(1810, 5, 20, 'PRO-PF 103-112A', 'Piston', 21, 0, 0, 0, 0, NULL, NULL, NULL, NULL, NULL, NULL, '0.00', 0),
(1811, 5, 20, 'PRO-PF 103-112B', 'Slotted Set Screw', 21, 0, 0, 0, 0, NULL, NULL, NULL, NULL, NULL, NULL, '0.00', 0),
(1812, 5, 20, 'PRO-PF 103-113', 'Spring Washer', 21, 0, 0, 0, 0, NULL, NULL, NULL, NULL, NULL, NULL, '0.00', 0),
(1813, 5, 20, 'PRO-PF 103-114', 'Spring Pin', 21, 0, 0, 0, 0, NULL, NULL, NULL, NULL, NULL, NULL, '0.00', 0),
(1814, 5, 20, 'PRO-PF 103-115A', 'Plug', 21, 0, 0, 0, 0, NULL, NULL, NULL, NULL, NULL, NULL, '0.00', 0),
(1815, 5, 20, 'PRO-PF 103-115B', 'Bolt', 21, 0, 0, 0, 0, NULL, NULL, NULL, NULL, NULL, NULL, '0.00', 0),
(1816, 5, 20, 'PRO-PF 103-116A', 'Plug', 21, 0, 0, 0, 0, NULL, NULL, NULL, NULL, NULL, NULL, '0.00', 0);
INSERT INTO `items` (`item_id`, `category_id`, `subcat_id`, `original_pn`, `item_name`, `unit_id`, `group_id`, `location_id`, `bin_id`, `warehouse_id`, `rack_id`, `barcode`, `expiration`, `picture1`, `picture2`, `picture3`, `min_qty`, `damage`) VALUES
(1817, 5, 20, 'PRO-PF 103-116B', 'Spring Washer', 21, 0, 0, 0, 0, NULL, NULL, NULL, NULL, NULL, NULL, '0.00', 0),
(1818, 5, 20, 'PRO-PF 103-117', 'Copper Packing, 24mm x 18.3mm x 1mmT', 21, 0, 0, 0, 0, NULL, NULL, NULL, NULL, NULL, NULL, '0.00', 0),
(1819, 5, 20, 'PRO-PF 103-118', 'Copper Washer', 21, 0, 0, 0, 0, NULL, NULL, NULL, NULL, NULL, NULL, '0.00', 0),
(1820, 5, 20, 'PRO-PF 103-303', 'Cover', 21, 0, 0, 0, 0, NULL, NULL, NULL, NULL, NULL, NULL, '0.00', 0),
(1821, 5, 20, 'PRO-PF 103-901', 'Cylinder', 21, 0, 0, 0, 0, NULL, NULL, NULL, NULL, NULL, NULL, '0.00', 0),
(1822, 5, 20, 'PRO-PF 103-902', 'Actuator', 21, 0, 0, 0, 0, NULL, NULL, NULL, NULL, NULL, NULL, '0.00', 0),
(1823, 5, 20, 'PRO-PF 103-906', 'Cover', 21, 0, 0, 0, 0, NULL, NULL, NULL, NULL, NULL, NULL, '0.00', 0),
(1824, 5, 20, 'PRO-PF 103-915', 'Control Valve', 21, 0, 0, 0, 0, NULL, NULL, NULL, NULL, NULL, NULL, '0.00', 0),
(1825, 5, 20, 'PRO-PF 103-980', 'Control Valve', 21, 0, 0, 0, 0, NULL, NULL, NULL, NULL, NULL, NULL, '0.00', 0),
(1826, 5, 20, 'PRO-PF 103-981', 'Bracket', 21, 0, 0, 0, 0, NULL, NULL, NULL, NULL, NULL, NULL, '0.00', 0),
(1827, 5, 20, 'PRO-PF 103-982', 'Nut', 21, 0, 0, 0, 0, NULL, NULL, NULL, NULL, NULL, NULL, '0.00', 0),
(1828, 5, 20, 'PRO-PF 103-983', 'Spring Washer', 21, 0, 0, 0, 0, NULL, NULL, NULL, NULL, NULL, NULL, '0.00', 0),
(1829, 5, 20, 'PRO-PF 125-1A', 'Connection Pipe', 21, 0, 0, 0, 0, NULL, NULL, NULL, NULL, NULL, NULL, '0.00', 0),
(1830, 5, 20, 'PRO-PF 125-1B', 'Joint', 21, 0, 0, 0, 0, NULL, NULL, NULL, NULL, NULL, NULL, '0.00', 0),
(1831, 5, 20, 'PRO-PF 125-2A', 'Connection Pipe', 21, 0, 0, 0, 0, NULL, NULL, NULL, NULL, NULL, NULL, '0.00', 0),
(1832, 5, 20, 'PRO-PF 125-2B', 'Plug', 21, 0, 0, 0, 0, NULL, NULL, NULL, NULL, NULL, NULL, '0.00', 0),
(1833, 5, 20, 'PRO-PF 125-3', 'Stay', 21, 0, 0, 0, 0, NULL, NULL, NULL, NULL, NULL, NULL, '0.00', 0),
(1834, 5, 20, 'PRO-PF 125-5', 'Packing', 21, 0, 0, 0, 0, NULL, NULL, NULL, NULL, NULL, NULL, '0.00', 0),
(1835, 5, 20, 'PRO-PF 125-6', 'Bolt', 21, 0, 0, 0, 0, NULL, NULL, NULL, NULL, NULL, NULL, '0.00', 0),
(1836, 5, 20, 'PRO-PF 125-7', 'Bolt', 21, 0, 0, 0, 0, NULL, NULL, NULL, NULL, NULL, NULL, '0.00', 0),
(1837, 5, 20, 'PRO-PF 125-8', 'Bolt', 21, 0, 0, 0, 0, NULL, NULL, NULL, NULL, NULL, NULL, '0.00', 0),
(1838, 5, 20, 'PRO-PF 125-9', 'Bolt', 21, 0, 0, 0, 0, NULL, NULL, NULL, NULL, NULL, NULL, '0.00', 0),
(1839, 5, 20, 'PRO-PF 125-10', 'U Bolt', 21, 0, 0, 0, 0, NULL, NULL, NULL, NULL, NULL, NULL, '0.00', 0),
(1840, 5, 20, 'PRO-PF 125-44', 'Ring', 21, 0, 0, 0, 0, NULL, NULL, NULL, NULL, NULL, NULL, '0.00', 0),
(1841, 5, 20, 'PRO-PF 125-45', 'Band', 21, 0, 0, 0, 0, NULL, NULL, NULL, NULL, NULL, NULL, '0.00', 0),
(1842, 5, 20, 'PRO-PF 125-46', 'Cover', 21, 0, 0, 0, 0, NULL, NULL, NULL, NULL, NULL, NULL, '0.00', 0),
(1843, 5, 20, 'PRO-PF 125-47', 'Hexagonal Socket Head Screw', 21, 0, 0, 0, 0, NULL, NULL, NULL, NULL, NULL, NULL, '0.00', 0),
(1844, 5, 20, 'PRO-PF 125-48', 'Hexagonal Socket Head Bolt', 21, 0, 0, 0, 0, NULL, NULL, NULL, NULL, NULL, NULL, '0.00', 0),
(1845, 5, 20, 'PRO-PF 125-49', 'Bolt/ Screw', 21, 0, 0, 0, 0, NULL, NULL, NULL, NULL, NULL, NULL, '0.00', 0),
(1846, 5, 20, 'PRO-PF 125-52', 'Bolt', 21, 0, 0, 0, 0, NULL, NULL, NULL, NULL, NULL, NULL, '0.00', 0),
(1847, 5, 20, 'PRO-PF 125-53', 'Mecanindus Pin', 21, 0, 0, 0, 0, NULL, NULL, NULL, NULL, NULL, NULL, '0.00', 0),
(1848, 5, 20, 'PRO-PF 125-55', 'Copper Gasket', 21, 0, 0, 0, 0, NULL, NULL, NULL, NULL, NULL, NULL, '0.00', 0),
(1849, 5, 20, 'PRO-PF 125-119A', 'Bronze Cock (6A)', 21, 0, 0, 0, 0, NULL, NULL, NULL, NULL, NULL, NULL, '0.00', 0),
(1850, 5, 20, 'PRO-PF 125-119B', 'Plug', 21, 0, 0, 0, 0, NULL, NULL, NULL, NULL, NULL, NULL, '0.00', 0),
(1851, 5, 20, 'PRO-PF 125-120', 'Collar', 21, 0, 0, 0, 0, NULL, NULL, NULL, NULL, NULL, NULL, '0.00', 0),
(1852, 5, 20, 'PRO-PF 125-121', 'Half Stop Plate', 21, 0, 0, 0, 0, NULL, NULL, NULL, NULL, NULL, NULL, '0.00', 0),
(1853, 5, 20, 'PRO-PF 125-122', 'Screw', 21, 0, 0, 0, 0, NULL, NULL, NULL, NULL, NULL, NULL, '0.00', 0),
(1854, 5, 20, 'PRO-PF 125-141', 'Manifold', 21, 0, 0, 0, 0, NULL, NULL, NULL, NULL, NULL, NULL, '0.00', 0),
(1855, 5, 20, 'PRO-PF 125-142', 'Manifold', 21, 0, 0, 0, 0, NULL, NULL, NULL, NULL, NULL, NULL, '0.00', 0),
(1856, 5, 20, 'PRO-PF 125-143', 'Manifold', 21, 0, 0, 0, 0, NULL, NULL, NULL, NULL, NULL, NULL, '0.00', 0),
(1857, 5, 20, 'PRO-PF 125-144', 'Manifold', 21, 0, 0, 0, 0, NULL, NULL, NULL, NULL, NULL, NULL, '0.00', 0),
(1858, 5, 20, 'PRO-PF 125-145', 'Manifold', 21, 0, 0, 0, 0, NULL, NULL, NULL, NULL, NULL, NULL, '0.00', 0),
(1859, 5, 20, 'PRO-PF 125-146', 'Manifold (Left Hand)', 21, 0, 0, 0, 0, NULL, NULL, NULL, NULL, NULL, NULL, '0.00', 0),
(1860, 5, 20, 'PRO-PF 125-147', 'Manifold (right Hand)', 21, 0, 0, 0, 0, NULL, NULL, NULL, NULL, NULL, NULL, '0.00', 0),
(1861, 5, 20, 'PRO-PF 125-283', 'Copper Packing, 24mm dia x 18.25mm dia x 1mmT', 21, 0, 0, 0, 0, NULL, NULL, NULL, NULL, NULL, NULL, '0.00', 0),
(1862, 5, 20, 'PRO-PF 125-301', 'Thermometer', 21, 0, 0, 0, 0, NULL, NULL, NULL, NULL, NULL, NULL, '0.00', 0),
(1863, 5, 20, 'PRO-PF 125-302', 'Helicoil-insert', 21, 0, 0, 0, 0, NULL, NULL, NULL, NULL, NULL, NULL, '0.00', 0),
(1864, 5, 20, 'PRO-PF 125-303', 'Joint', 21, 0, 0, 0, 0, NULL, NULL, NULL, NULL, NULL, NULL, '0.00', 0),
(1865, 5, 20, 'PRO-PF 125-314', 'O-ring', 21, 0, 0, 0, 0, NULL, NULL, NULL, NULL, NULL, NULL, '0.00', 0),
(1866, 5, 20, 'PRO-PF 125-315', 'Rubber Plate, PN V77617330', 21, 0, 0, 0, 0, NULL, NULL, NULL, NULL, NULL, NULL, '0.00', 0),
(1867, 5, 20, 'PRO-PF 125-321', 'Copper Packing', 21, 0, 0, 0, 0, NULL, NULL, NULL, NULL, NULL, NULL, '0.00', 0),
(1868, 5, 20, 'PRO-PF 125-901', 'Bolt', 21, 0, 0, 0, 0, NULL, NULL, NULL, NULL, NULL, NULL, '0.00', 0),
(1869, 5, 20, 'PRO-PF 125-902', 'Cover', 21, 0, 0, 0, 0, NULL, NULL, NULL, NULL, NULL, NULL, '0.00', 0),
(1870, 5, 20, 'PRO-PF 125-903', 'Packing', 21, 0, 0, 0, 0, NULL, NULL, NULL, NULL, NULL, NULL, '0.00', 0),
(1871, 5, 20, 'PRO-PF 125-904', 'Bolt', 21, 0, 0, 0, 0, NULL, NULL, NULL, NULL, NULL, NULL, '0.00', 0),
(1872, 5, 20, 'PRO-PF 125-905', 'Nut', 21, 0, 0, 0, 0, NULL, NULL, NULL, NULL, NULL, NULL, '0.00', 0),
(1873, 5, 20, 'PRO-PF 125-906', 'Washer', 21, 0, 0, 0, 0, NULL, NULL, NULL, NULL, NULL, NULL, '0.00', 0),
(1874, 5, 20, 'PRO-PF 125-919', 'Plug', 21, 0, 0, 0, 0, NULL, NULL, NULL, NULL, NULL, NULL, '0.00', 0),
(1875, 5, 20, 'PRO-PF 125-921', 'Copper Packing', 21, 0, 0, 0, 0, NULL, NULL, NULL, NULL, NULL, NULL, '0.00', 0),
(1876, 5, 20, 'PRO-PF 125-929', 'Plug', 21, 0, 0, 0, 0, NULL, NULL, NULL, NULL, NULL, NULL, '0.00', 0),
(1877, 5, 20, 'PRO-PF 125-941', 'Air Intake Manifold', 21, 0, 0, 971, 0, 0, '', '', '18771.jpg', NULL, NULL, '0.00', 0),
(1878, 5, 20, 'PRO-PF 128-Fab.', 'Fabricated Exhaust Gas Manifold Segments with Flanges', 21, 0, 0, 0, 0, NULL, NULL, NULL, NULL, NULL, NULL, '0.00', 0),
(1879, 5, 20, 'PRO-PF 128-Nut', 'Nut for Bolt 8-63A-42, PN A31101200, M12 x 1.75', 21, 0, 0, 0, 0, NULL, NULL, NULL, NULL, NULL, NULL, '0.00', 0),
(1880, 5, 20, 'PRO-PF 128-1A', 'Water Inlet Pipe', 21, 0, 0, 0, 0, NULL, NULL, NULL, NULL, NULL, NULL, '0.00', 0),
(1881, 5, 20, 'PRO-PF 128-1B', 'Bend Pipe on T.B', 21, 0, 0, 0, 0, NULL, NULL, NULL, NULL, NULL, NULL, '0.00', 0),
(1882, 5, 20, 'PRO-PF 128-2', 'Bend Pipe on T.B', 21, 0, 0, 0, 0, NULL, NULL, NULL, NULL, NULL, NULL, '0.00', 0),
(1883, 5, 20, 'PRO-PF 128-3', 'Top Branch Pipe', 21, 0, 0, 0, 0, NULL, NULL, NULL, NULL, NULL, NULL, '0.00', 0),
(1884, 5, 20, 'PRO-PF 128-4A', 'Bolt', 21, 0, 0, 0, 0, NULL, NULL, NULL, NULL, NULL, NULL, '0.00', 0),
(1885, 5, 20, 'PRO-PF 128-4B', 'Air Inlet Pipe', 21, 0, 0, 0, 0, NULL, NULL, NULL, NULL, NULL, NULL, '0.00', 0),
(1886, 5, 20, 'PRO-PF 128-5A', 'Washer', 21, 0, 0, 0, 0, NULL, NULL, NULL, NULL, NULL, NULL, '0.00', 0),
(1887, 5, 20, 'PRO-PF 128-5B', 'Air Inlet Pipe', 21, 0, 0, 0, 0, NULL, NULL, NULL, NULL, NULL, NULL, '0.00', 0),
(1888, 5, 20, 'PRO-PF 128-5C', 'Top Bend', 21, 0, 0, 0, 0, NULL, NULL, NULL, NULL, NULL, NULL, '0.00', 0),
(1889, 5, 20, 'PRO-PF 128-6A', 'Cylinder Drain Pipe (right)', 21, 0, 0, 0, 0, NULL, NULL, NULL, NULL, NULL, NULL, '0.00', 0),
(1890, 5, 20, 'PRO-PF 128-7A', 'Cylinder Drain Pipe (leftt)', 21, 0, 0, 0, 0, NULL, NULL, NULL, NULL, NULL, NULL, '0.00', 0),
(1891, 5, 20, 'PRO-PF 128-7B', 'Draining Pipe', 21, 0, 0, 0, 0, NULL, NULL, NULL, NULL, NULL, NULL, '0.00', 0),
(1892, 5, 20, 'PRO-PF 128-7C', 'Lower Branch Pipe', 21, 0, 0, 0, 0, NULL, NULL, NULL, NULL, NULL, NULL, '0.00', 0),
(1893, 5, 20, 'PRO-PF 128-8A', 'Pipe', 21, 0, 0, 0, 0, NULL, NULL, NULL, NULL, NULL, NULL, '0.00', 0),
(1894, 5, 20, 'PRO-PF 128-8B', 'Lower Bend', 21, 0, 0, 0, 0, NULL, NULL, NULL, NULL, NULL, NULL, '0.00', 0),
(1895, 5, 20, 'PRO-PF 128-8C', 'Male Female Union', 21, 0, 0, 0, 0, NULL, NULL, NULL, NULL, NULL, NULL, '0.00', 0),
(1896, 5, 20, 'PRO-PF 128-9A', 'Top Branch Pipe', 21, 0, 0, 0, 0, NULL, NULL, NULL, NULL, NULL, NULL, '0.00', 0),
(1897, 5, 20, 'PRO-PF 128-9B', 'Equal Tee', 21, 0, 0, 0, 0, NULL, NULL, NULL, NULL, NULL, NULL, '0.00', 0),
(1898, 5, 20, 'PRO-PF 128-10', 'Top Branch Pipe', 21, 0, 0, 0, 0, NULL, NULL, NULL, NULL, NULL, NULL, '0.00', 0),
(1899, 5, 20, 'PRO-PF 128-11A', 'Plate', 21, 0, 0, 0, 0, NULL, NULL, NULL, NULL, NULL, NULL, '0.00', 0),
(1900, 5, 20, 'PRO-PF 128-11B', 'Top Bend', 21, 0, 0, 0, 0, NULL, NULL, NULL, NULL, NULL, NULL, '0.00', 0),
(1901, 5, 20, 'PRO-PF 128-11C', 'Single Male Union', 21, 0, 0, 0, 0, NULL, NULL, NULL, NULL, NULL, NULL, '0.00', 0),
(1902, 5, 20, 'PRO-PF 128-12A', 'Support Plate', 21, 0, 0, 0, 0, NULL, NULL, NULL, NULL, NULL, NULL, '0.00', 0),
(1903, 5, 20, 'PRO-PF 128-12B', 'Lower Branch Pipe', 21, 0, 0, 0, 0, NULL, NULL, NULL, NULL, NULL, NULL, '0.00', 0),
(1904, 5, 20, 'PRO-PF 128-12C', 'Single Male Union', 21, 0, 0, 0, 0, NULL, NULL, NULL, NULL, NULL, NULL, '0.00', 0),
(1905, 5, 20, 'PRO-PF 128-13', 'Lower Branch Pipe', 21, 0, 0, 0, 0, NULL, NULL, NULL, NULL, NULL, NULL, '0.00', 0),
(1906, 5, 20, 'PRO-PF 128-14A', 'Lower Bend', 21, 0, 0, 0, 0, NULL, NULL, NULL, NULL, NULL, NULL, '0.00', 0),
(1907, 5, 20, 'PRO-PF 128-14B', 'Non Return Valve', 21, 0, 0, 0, 0, NULL, NULL, NULL, NULL, NULL, NULL, '0.00', 0),
(1908, 5, 20, 'PRO-PF 128-15', 'Double Nipple', 21, 0, 0, 0, 0, NULL, NULL, NULL, NULL, NULL, NULL, '0.00', 0),
(1909, 5, 20, 'PRO-PF 128-16', 'Jet', 21, 0, 0, 0, 0, NULL, NULL, NULL, NULL, NULL, NULL, '0.00', 0),
(1910, 5, 20, 'PRO-PF 128-17', 'Compensator ', 21, 0, 0, 0, 0, NULL, NULL, NULL, NULL, NULL, NULL, '0.00', 0),
(1911, 5, 20, 'PRO-PF 128-19A', 'Screw', 21, 0, 0, 0, 0, NULL, NULL, NULL, NULL, NULL, NULL, '0.00', 0),
(1912, 5, 20, 'PRO-PF 128-19B', 'Cock', 21, 0, 0, 0, 0, NULL, NULL, NULL, NULL, NULL, NULL, '0.00', 0),
(1913, 5, 20, 'PRO-PF 128-20A', 'Seal on Cylinder Head', 21, 0, 0, 0, 0, NULL, NULL, NULL, NULL, NULL, NULL, '0.00', 0),
(1914, 5, 20, 'PRO-PF 128-20B', 'Cock', 21, 0, 0, 0, 0, NULL, NULL, NULL, NULL, NULL, NULL, '0.00', 0),
(1915, 5, 20, 'PRO-PF 128-21A', 'Bellows', 21, 0, 0, 0, 0, NULL, NULL, NULL, NULL, NULL, NULL, '0.00', 0),
(1916, 5, 20, 'PRO-PF 128-21B', 'Collar', 21, 0, 0, 0, 0, NULL, NULL, NULL, NULL, NULL, NULL, '0.00', 0),
(1917, 5, 20, 'PRO-PF 128-22C', 'Fixation Plate', 21, 0, 0, 0, 0, NULL, NULL, NULL, NULL, NULL, NULL, '0.00', 0),
(1918, 5, 20, 'PRO-PF 128-22D', 'Support', 21, 0, 0, 0, 0, NULL, NULL, NULL, NULL, NULL, NULL, '0.00', 0),
(1919, 5, 20, 'PRO-PF 128-23A', 'Packing', 21, 0, 0, 0, 0, NULL, NULL, NULL, NULL, NULL, NULL, '0.00', 0),
(1920, 5, 20, 'PRO-PF 128-23B', 'Pipe Clip', 21, 0, 0, 0, 0, NULL, NULL, NULL, NULL, NULL, NULL, '0.00', 0),
(1921, 5, 20, 'PRO-PF 128-23C', 'Collar', 21, 0, 0, 0, 0, NULL, NULL, NULL, NULL, NULL, NULL, '0.00', 0),
(1922, 5, 20, 'PRO-PF 128-24A', 'Plug', 21, 0, 0, 0, 0, NULL, NULL, NULL, NULL, NULL, NULL, '0.00', 0),
(1923, 5, 20, 'PRO-PF 128-24B', 'Pipe Clip', 21, 0, 0, 0, 0, NULL, NULL, NULL, NULL, NULL, NULL, '0.00', 0),
(1924, 5, 20, 'PRO-PF 128-24C', 'Support', 21, 0, 0, 0, 0, NULL, NULL, NULL, NULL, NULL, NULL, '0.00', 0),
(1925, 5, 20, 'PRO-PF 128-25', 'Copper Packing, 18 x 22 x 1.5mm', 21, 0, 0, 0, 0, NULL, NULL, NULL, NULL, NULL, NULL, '0.00', 0),
(1926, 5, 20, 'PRO-PF 128-26A', 'Lagging', 21, 0, 0, 0, 0, NULL, NULL, NULL, NULL, NULL, NULL, '0.00', 0),
(1927, 5, 20, 'PRO-PF 128-26B', 'Junction Pipe', 21, 0, 0, 0, 0, NULL, NULL, NULL, NULL, NULL, NULL, '0.00', 0),
(1928, 5, 20, 'PRO-PF 128-27A', 'Wire Net', 21, 0, 0, 0, 0, NULL, NULL, NULL, NULL, NULL, NULL, '0.00', 0),
(1929, 5, 20, 'PRO-PF 128-27B', 'Seal Manifold', 21, 0, 0, 0, 0, NULL, NULL, NULL, NULL, NULL, NULL, '0.00', 0),
(1930, 5, 20, 'PRO-PF 128-27C', 'Single Swivel Connect', 21, 0, 0, 0, 0, NULL, NULL, NULL, NULL, NULL, NULL, '0.00', 0),
(1931, 5, 20, 'PRO-PF 128-28A', 'Wire ', 21, 0, 0, 0, 0, NULL, NULL, NULL, NULL, NULL, NULL, '0.00', 0),
(1932, 5, 20, 'PRO-PF 128-28B', 'Equal Square', 21, 0, 0, 0, 0, NULL, NULL, NULL, NULL, NULL, NULL, '0.00', 0),
(1933, 5, 20, 'PRO-PF 128-29B', 'Junction Pipe', 21, 0, 0, 0, 0, NULL, NULL, NULL, NULL, NULL, NULL, '0.00', 0),
(1934, 5, 20, 'PRO-PF 128-30A', 'Bolt', 21, 0, 0, 0, 0, NULL, NULL, NULL, NULL, NULL, NULL, '0.00', 0),
(1935, 5, 20, 'PRO-PF 128-30B', 'Nut', 21, 0, 0, 0, 0, NULL, NULL, NULL, NULL, NULL, NULL, '0.00', 0),
(1936, 5, 20, 'PRO-PF 128-30C', '"Express" Union', 21, 0, 0, 0, 0, NULL, NULL, NULL, NULL, NULL, NULL, '0.00', 0),
(1937, 5, 20, 'PRO-PF 128-31A', 'Nut', 21, 0, 0, 0, 0, NULL, NULL, NULL, NULL, NULL, NULL, '0.00', 0),
(1938, 5, 20, 'PRO-PF 128-31B', 'Plug', 21, 0, 0, 0, 0, NULL, NULL, NULL, NULL, NULL, NULL, '0.00', 0),
(1939, 5, 20, 'PRO-PF 128-33A', 'Bellow', 21, 0, 0, 0, 0, NULL, NULL, NULL, NULL, NULL, NULL, '0.00', 0),
(1940, 5, 20, 'PRO-PF 128-33B', 'Screw', 21, 0, 0, 0, 0, NULL, NULL, NULL, NULL, NULL, NULL, '0.00', 0),
(1941, 5, 20, 'PRO-PF 128-33C', 'Joint', 21, 0, 0, 0, 0, NULL, NULL, NULL, NULL, NULL, NULL, '0.00', 0),
(1942, 5, 20, 'PRO-PF 128-34A', 'Bellow', 21, 0, 0, 0, 0, NULL, NULL, NULL, NULL, NULL, NULL, '0.00', 0),
(1943, 5, 20, 'PRO-PF 128-34B', 'Gauze Wire Plain Cloth', 21, 0, 0, 0, 0, NULL, NULL, NULL, NULL, NULL, NULL, '0.00', 0),
(1944, 5, 20, 'PRO-PF 128-34C', 'Joint', 21, 0, 0, 0, 0, NULL, NULL, NULL, NULL, NULL, NULL, '0.00', 0),
(1945, 5, 20, 'PRO-PF 128-35A', 'Band', 21, 0, 0, 0, 0, NULL, NULL, NULL, NULL, NULL, NULL, '0.00', 0),
(1946, 5, 20, 'PRO-PF 128-35B', 'Support', 21, 0, 0, 0, 0, NULL, NULL, NULL, NULL, NULL, NULL, '0.00', 0),
(1947, 5, 20, 'PRO-PF 128-35C', 'Branch Pipe Insulation', 21, 0, 0, 0, 0, NULL, NULL, NULL, NULL, NULL, NULL, '0.00', 0),
(1948, 5, 20, 'PRO-PF 128-36A', 'Support', 21, 0, 0, 0, 0, NULL, NULL, NULL, NULL, NULL, NULL, '0.00', 0),
(1949, 5, 20, 'PRO-PF 128-36B', 'Packing', 21, 0, 0, 0, 0, NULL, NULL, NULL, NULL, NULL, NULL, '0.00', 0),
(1950, 5, 20, 'PRO-PF 128-36C', 'Wire', 21, 0, 0, 0, 0, NULL, NULL, NULL, NULL, NULL, NULL, '0.00', 0),
(1951, 5, 20, 'PRO-PF 128-38A', 'Cover', 21, 0, 0, 0, 0, NULL, NULL, NULL, NULL, NULL, NULL, '0.00', 0),
(1952, 5, 20, 'PRO-PF 128-38B', 'Screw', 21, 0, 0, 0, 0, NULL, NULL, NULL, NULL, NULL, NULL, '0.00', 0),
(1953, 5, 20, 'PRO-PF 128-39A', 'Nut', 21, 0, 0, 0, 0, NULL, NULL, NULL, NULL, NULL, NULL, '0.00', 0),
(1954, 5, 20, 'PRO-PF 128-39B', 'Screw', 21, 0, 0, 0, 0, NULL, NULL, NULL, NULL, NULL, NULL, '0.00', 0),
(1955, 5, 20, 'PRO-PF 128-40A', 'Bolt', 21, 0, 0, 0, 0, NULL, NULL, NULL, NULL, NULL, NULL, '0.00', 0),
(1956, 5, 20, 'PRO-PF 128-40B', 'Nut', 21, 0, 0, 0, 0, NULL, NULL, NULL, NULL, NULL, NULL, '0.00', 0),
(1957, 5, 20, 'PRO-PF 128-40C', 'Seal on T.B', 21, 0, 0, 0, 0, NULL, NULL, NULL, NULL, NULL, NULL, '0.00', 0),
(1958, 5, 20, 'PRO-PF 128-41B', 'Nut', 21, 0, 0, 0, 0, NULL, NULL, NULL, NULL, NULL, NULL, '0.00', 0),
(1959, 5, 20, 'PRO-PF 128-41C', 'Support Plate ', 21, 0, 0, 0, 0, NULL, NULL, NULL, NULL, NULL, NULL, '0.00', 0),
(1960, 5, 20, 'PRO-PF 128-42A', 'Tounged Washer', 21, 0, 0, 0, 0, NULL, NULL, NULL, NULL, NULL, NULL, '0.00', 0),
(1961, 5, 20, 'PRO-PF 128-42B', 'Support Plate', 21, 0, 0, 0, 0, NULL, NULL, NULL, NULL, NULL, NULL, '0.00', 0),
(1962, 5, 20, 'PRO-PF 128-43', 'Bolt', 21, 0, 0, 0, 0, NULL, NULL, NULL, NULL, NULL, NULL, '0.00', 0),
(1963, 5, 20, 'PRO-PF 128-44', 'Bolt', 21, 0, 0, 0, 0, NULL, NULL, NULL, NULL, NULL, NULL, '0.00', 0),
(1964, 5, 20, 'PRO-PF 128-45', 'Bolt', 21, 0, 0, 0, 0, NULL, NULL, NULL, NULL, NULL, NULL, '0.00', 0),
(1965, 5, 20, 'PRO-PF 128-46', 'Bolt', 21, 0, 0, 0, 0, NULL, NULL, NULL, NULL, NULL, NULL, '0.00', 0),
(1966, 5, 20, 'PRO-PF 128-47', 'Bolt', 21, 0, 0, 0, 0, NULL, NULL, NULL, NULL, NULL, NULL, '0.00', 0),
(1967, 5, 20, 'PRO-PF 128-48', 'Nut', 21, 0, 0, 0, 0, NULL, NULL, NULL, NULL, NULL, NULL, '0.00', 0),
(1968, 5, 20, 'PRO-PF 128-49', 'Nut', 21, 0, 0, 0, 0, NULL, NULL, NULL, NULL, NULL, NULL, '0.00', 0),
(1969, 5, 20, 'PRO-PF 128-50', 'Washer', 21, 0, 0, 0, 0, NULL, NULL, NULL, NULL, NULL, NULL, '0.00', 0),
(1970, 5, 20, 'PRO-PF 128-51', 'Tongued Washer', 21, 0, 0, 0, 0, NULL, NULL, NULL, NULL, NULL, NULL, '0.00', 0),
(1971, 5, 20, 'PRO-PF 128-52', 'Tongued Washer', 21, 0, 0, 0, 0, NULL, NULL, NULL, NULL, NULL, NULL, '0.00', 0),
(1972, 5, 20, 'PRO-PF 128-53', 'Washer', 21, 0, 0, 0, 0, NULL, NULL, NULL, NULL, NULL, NULL, '0.00', 0),
(1973, 5, 20, 'PRO-PF 128-56', 'Spring Washer', 21, 0, 0, 0, 0, NULL, NULL, NULL, NULL, NULL, NULL, '0.00', 0),
(1974, 5, 20, 'PRO-PF 128-58', 'Hexagonal Socket Head Screw', 21, 0, 0, 0, 0, NULL, NULL, NULL, NULL, NULL, NULL, '0.00', 0),
(1975, 5, 20, 'PRO-PF 128-59A', 'Bolt', 21, 0, 0, 0, 0, NULL, NULL, NULL, NULL, NULL, NULL, '0.00', 0),
(1976, 5, 20, 'PRO-PF 128-59B', 'Lagging', 21, 0, 0, 0, 0, NULL, NULL, NULL, NULL, NULL, NULL, '0.00', 0),
(1977, 5, 20, 'PRO-PF 128-101', 'Support', 21, 0, 0, 0, 0, NULL, NULL, NULL, NULL, NULL, NULL, '0.00', 0),
(1978, 5, 20, 'PRO-PF 128-102', 'Support', 21, 0, 0, 0, 0, NULL, NULL, NULL, NULL, NULL, NULL, '0.00', 0),
(1979, 5, 20, 'PRO-PF 128-103', 'Support', 21, 0, 0, 0, 0, NULL, NULL, NULL, NULL, NULL, NULL, '0.00', 0),
(1980, 5, 20, 'PRO-PF 128-110', 'Packing', 21, 0, 0, 0, 0, NULL, NULL, NULL, NULL, NULL, NULL, '0.00', 0),
(1981, 5, 20, 'PRO-PF 128-111', 'Bolt', 21, 0, 0, 0, 0, NULL, NULL, NULL, NULL, NULL, NULL, '0.00', 0),
(1982, 5, 20, 'PRO-PF 128-112', 'Spring Washer', 21, 0, 0, 0, 0, NULL, NULL, NULL, NULL, NULL, NULL, '0.00', 0),
(1983, 5, 20, 'PRO-PF 128-113', 'Angle Bar', 21, 0, 0, 0, 0, NULL, NULL, NULL, NULL, NULL, NULL, '0.00', 0),
(1984, 5, 20, 'PRO-PF 128-115', 'Nut', 21, 0, 0, 0, 0, NULL, NULL, NULL, NULL, NULL, NULL, '0.00', 0),
(1985, 5, 20, 'PRO-PF 128-116', 'Nut', 21, 0, 0, 0, 0, NULL, NULL, NULL, NULL, NULL, NULL, '0.00', 0),
(1986, 5, 20, 'PRO-PF 128-124', 'Plug', 21, 0, 0, 0, 0, NULL, NULL, NULL, NULL, NULL, NULL, '0.00', 0),
(1987, 5, 20, 'PRO-PF 128-125', 'Copper Packing', 21, 0, 0, 0, 0, NULL, NULL, NULL, NULL, NULL, NULL, '0.00', 0),
(1988, 5, 20, 'PRO-PF 128-126', 'Copper Packing', 21, 0, 0, 0, 0, NULL, NULL, NULL, NULL, NULL, NULL, '0.00', 0),
(1989, 5, 20, 'PRO-PF 128-131', 'Cover', 21, 0, 0, 0, 0, NULL, NULL, NULL, NULL, NULL, NULL, '0.00', 0),
(1990, 5, 20, 'PRO-PF 128-132', 'Cover', 21, 0, 0, 0, 0, NULL, NULL, NULL, NULL, NULL, NULL, '0.00', 0),
(1991, 5, 20, 'PRO-PF 128-133', 'Cover', 21, 0, 0, 0, 0, NULL, NULL, NULL, NULL, NULL, NULL, '0.00', 0),
(1992, 5, 20, 'PRO-PF 128-134', 'Cover', 21, 0, 0, 0, 0, NULL, NULL, NULL, NULL, NULL, NULL, '0.00', 0),
(1993, 5, 20, 'PRO-PF 128-145', 'Lagging', 21, 0, 0, 0, 0, NULL, NULL, NULL, NULL, NULL, NULL, '0.00', 0),
(1994, 5, 20, 'PRO-PF 128-154', 'Packing', 21, 0, 0, 0, 0, NULL, NULL, NULL, NULL, NULL, NULL, '0.00', 0),
(1995, 5, 20, 'PRO-PF 128-226', 'Lagging', 21, 0, 0, 0, 0, NULL, NULL, NULL, NULL, NULL, NULL, '0.00', 0),
(1996, 5, 20, 'PRO-PF 128-230', 'Bolt', 21, 0, 0, 0, 0, NULL, NULL, NULL, NULL, NULL, NULL, '0.00', 0),
(1997, 5, 20, 'PRO-PF 128-241', 'Bellows', 21, 0, 0, 0, 0, NULL, NULL, NULL, NULL, NULL, NULL, '0.00', 0),
(1998, 5, 20, 'PRO-PF 128-326', 'Lagging', 21, 0, 0, 0, 0, NULL, NULL, NULL, NULL, NULL, NULL, '0.00', 0),
(1999, 5, 20, 'PRO-PF 128-341', 'Bellows', 21, 0, 0, 0, 0, NULL, NULL, NULL, NULL, NULL, NULL, '0.00', 0),
(2000, 5, 20, 'PRO-PF 128-352', 'Exhaust Gas Manifold', 21, 0, 0, 0, 0, NULL, NULL, NULL, NULL, NULL, NULL, '0.00', 0),
(2001, 5, 20, 'PRO-PF 128-353', 'Exhaust Gas Manifold', 21, 0, 0, 0, 0, NULL, NULL, NULL, NULL, NULL, NULL, '0.00', 0),
(2002, 5, 20, 'PRO-PF 128-403', 'Exhaust Gas Manifold', 21, 0, 0, 0, 0, NULL, NULL, NULL, NULL, NULL, NULL, '0.00', 0),
(2003, 5, 20, 'PRO-PF 128-404', 'Exhaust Gas Manifold', 21, 0, 0, 0, 0, NULL, NULL, NULL, NULL, NULL, NULL, '0.00', 0),
(2004, 5, 20, 'PRO-PF 128-405', 'Exhaust Gas Manifold', 21, 0, 0, 0, 0, NULL, NULL, NULL, NULL, NULL, NULL, '0.00', 0),
(2005, 5, 20, 'PRO-PF 128-406', 'Exhaust Gas Manifold', 21, 0, 0, 0, 0, NULL, NULL, NULL, NULL, NULL, NULL, '0.00', 0),
(2006, 5, 20, 'PRO-PF 128-407', 'Exhaust Gas Manifold', 21, 0, 0, 0, 0, NULL, NULL, NULL, NULL, NULL, NULL, '0.00', 0),
(2007, 5, 20, 'PRO-PF 128-408', 'Exhaust Gas Manifold', 21, 0, 0, 0, 0, NULL, NULL, NULL, NULL, NULL, NULL, '0.00', 0),
(2008, 5, 20, 'PRO-PF 128-409', 'Exhaust Gas Manifold', 21, 0, 0, 0, 0, NULL, NULL, NULL, NULL, NULL, NULL, '0.00', 0),
(2009, 5, 20, 'PRO-PF 128-410', 'Exhaust Gas Manifold', 21, 0, 0, 0, 0, NULL, NULL, NULL, NULL, NULL, NULL, '0.00', 0),
(2010, 5, 20, 'PRO-PF 128-416', 'Exhaust Gas Manifold', 21, 0, 0, 0, 0, NULL, NULL, NULL, NULL, NULL, NULL, '0.00', 0),
(2011, 5, 20, 'PRO-PF 128-417', 'Exhaust Gas Manifold', 21, 0, 0, 0, 0, NULL, NULL, NULL, NULL, NULL, NULL, '0.00', 0),
(2012, 5, 20, 'PRO-PF 128-418', 'Exhaust Gas Manifold', 21, 0, 0, 0, 0, NULL, NULL, NULL, NULL, NULL, NULL, '0.00', 0),
(2013, 5, 20, 'PRO-PF 128-419', 'Exhaust Gas Manifold', 21, 0, 0, 0, 0, NULL, NULL, NULL, NULL, NULL, NULL, '0.00', 0),
(2014, 5, 20, 'PRO-PF 128-420', 'Exhaust Gas Manifold', 21, 0, 0, 0, 0, NULL, NULL, NULL, NULL, NULL, NULL, '0.00', 0),
(2015, 5, 20, 'PRO-PF 128-441', 'Bellows', 21, 0, 0, 0, 0, NULL, NULL, NULL, NULL, NULL, NULL, '0.00', 0),
(2016, 5, 20, 'PRO-PF 128-505', 'Exhaust Gas Manifold', 21, 0, 0, 0, 0, NULL, NULL, NULL, NULL, NULL, NULL, '0.00', 0),
(2017, 5, 20, 'PRO-PF 128-508', 'Exhaust Gas Manifold', 21, 0, 0, 0, 0, NULL, NULL, NULL, NULL, NULL, NULL, '0.00', 0),
(2018, 5, 20, 'PRO-PF 128-582', 'Plate', 21, 0, 0, 0, 0, NULL, NULL, NULL, NULL, NULL, NULL, '0.00', 0),
(2019, 5, 20, 'PRO-PF 128-601A', 'Plate', 21, 0, 0, 0, 0, NULL, NULL, NULL, NULL, NULL, NULL, '0.00', 0),
(2020, 5, 20, 'PRO-PF 128-601B', 'Exhaust Gas Manifold', 21, 0, 0, 0, 0, NULL, NULL, NULL, NULL, NULL, NULL, '0.00', 0),
(2021, 5, 20, 'PRO-PF 128-602A', 'Plate', 21, 0, 0, 0, 0, NULL, NULL, NULL, NULL, NULL, NULL, '0.00', 0),
(2022, 5, 20, 'PRO-PF 128-602B', 'Exhaust Gas Manifold', 21, 0, 0, 0, 0, NULL, NULL, NULL, NULL, NULL, NULL, '0.00', 0),
(2023, 5, 20, 'PRO-PF 128-603', 'Plate', 21, 0, 0, 0, 0, NULL, NULL, NULL, NULL, NULL, NULL, '0.00', 0),
(2024, 5, 20, 'PRO-PF 128-604A', 'Plate', 21, 0, 0, 0, 0, NULL, NULL, NULL, NULL, NULL, NULL, '0.00', 0),
(2025, 5, 20, 'PRO-PF 128-604B', 'Exhaust Gas Manifold', 21, 0, 0, 0, 0, NULL, NULL, NULL, NULL, NULL, NULL, '0.00', 0),
(2026, 5, 20, 'PRO-PF 128-605A', 'Support', 21, 0, 0, 0, 0, NULL, NULL, NULL, NULL, NULL, NULL, '0.00', 0),
(2027, 5, 20, 'PRO-PF 128-605B', 'Exhaust Gas Manifold', 21, 0, 0, 0, 0, NULL, NULL, NULL, NULL, NULL, NULL, '0.00', 0),
(2028, 5, 20, 'PRO-PF 128-606A', 'Support', 21, 0, 0, 0, 0, NULL, NULL, NULL, NULL, NULL, NULL, '0.00', 0),
(2029, 5, 20, 'PRO-PF 128-606B', 'Exhaust Gas Manifold', 21, 0, 0, 0, 0, NULL, NULL, NULL, NULL, NULL, NULL, '0.00', 0),
(2030, 5, 20, 'PRO-PF 128-607A', 'Tie Bolt', 21, 0, 0, 0, 0, NULL, NULL, NULL, NULL, NULL, NULL, '0.00', 0),
(2031, 5, 20, 'PRO-PF 128-607B', 'Exhaust Gas Manifold', 21, 0, 0, 0, 0, NULL, NULL, NULL, NULL, NULL, NULL, '0.00', 0),
(2032, 5, 20, 'PRO-PF 128-608A', 'Tie Bolt', 21, 0, 0, 0, 0, NULL, NULL, NULL, NULL, NULL, NULL, '0.00', 0),
(2033, 5, 20, 'PRO-PF 128-608B', 'Exhaust Gas Manifold', 21, 0, 0, 0, 0, NULL, NULL, NULL, NULL, NULL, NULL, '0.00', 0),
(2034, 5, 20, 'PRO-PF 128-609', 'Exhaust Gas Manifold', 21, 0, 0, 0, 0, NULL, NULL, NULL, NULL, NULL, NULL, '0.00', 0),
(2035, 5, 20, 'PRO-PF 128-610', 'Exhaust Gas Manifold', 21, 0, 0, 0, 0, NULL, NULL, NULL, NULL, NULL, NULL, '0.00', 0),
(2036, 5, 20, 'PRO-PF 128-611', 'Exhaust Gas Manifold', 21, 0, 0, 0, 0, NULL, NULL, NULL, NULL, NULL, NULL, '0.00', 0),
(2037, 5, 20, 'PRO-PF 128-612', 'Exhaust Gas Manifold', 21, 0, 0, 0, 0, NULL, NULL, NULL, NULL, NULL, NULL, '0.00', 0),
(2038, 5, 20, 'PRO-PF 128-613', 'Exhaust Gas Manifold', 21, 0, 0, 0, 0, NULL, NULL, NULL, NULL, NULL, NULL, '0.00', 0),
(2039, 5, 20, 'PRO-PF 128-614', 'Exhaust Gas Manifold', 21, 0, 0, 0, 0, NULL, NULL, NULL, NULL, NULL, NULL, '0.00', 0),
(2040, 5, 20, 'PRO-PF 128-615', 'Exhaust Gas Manifold', 21, 0, 0, 0, 0, NULL, NULL, NULL, NULL, NULL, NULL, '0.00', 0),
(2041, 5, 20, 'PRO-PF 128-616', 'Exhaust Gas Manifold', 21, 0, 0, 0, 0, NULL, NULL, NULL, NULL, NULL, NULL, '0.00', 0),
(2042, 5, 20, 'PRO-PF 128-617', 'Exhaust Gas Manifold', 21, 0, 0, 0, 0, NULL, NULL, NULL, NULL, NULL, NULL, '0.00', 0),
(2043, 5, 20, 'PRO-PF 128-618', 'Exhaust Gas Manifold', 21, 0, 0, 0, 0, NULL, NULL, NULL, NULL, NULL, NULL, '0.00', 0),
(2044, 5, 20, 'PRO-PF 128-619', 'Exhaust Gas Manifold', 21, 0, 0, 0, 0, NULL, NULL, NULL, NULL, NULL, NULL, '0.00', 0),
(2045, 5, 20, 'PRO-PF 128-620', 'Exhaust Gas Manifold', 21, 0, 0, 0, 0, NULL, NULL, NULL, NULL, NULL, NULL, '0.00', 0),
(2046, 5, 20, 'PRO-PF 128-621', 'Exhaust Gas Manifold', 21, 0, 0, 0, 0, NULL, NULL, NULL, NULL, NULL, NULL, '0.00', 0),
(2047, 5, 20, 'PRO-PF 128-622', 'Exhaust Gas Manifold', 21, 0, 0, 0, 0, NULL, NULL, NULL, NULL, NULL, NULL, '0.00', 0),
(2048, 5, 20, 'PRO-PF 128-625', 'Stay', 21, 0, 0, 0, 0, NULL, NULL, NULL, NULL, NULL, NULL, '0.00', 0),
(2049, 5, 20, 'PRO-PF 128-630A', 'Support', 21, 0, 0, 0, 0, NULL, NULL, NULL, NULL, NULL, NULL, '0.00', 0),
(2050, 5, 20, 'PRO-PF 128-630B', 'Stay', 21, 0, 0, 0, 0, NULL, NULL, NULL, NULL, NULL, NULL, '0.00', 0),
(2051, 5, 20, 'PRO-PF 128-631', 'Stay', 21, 0, 0, 0, 0, NULL, NULL, NULL, NULL, NULL, NULL, '0.00', 0),
(2052, 5, 20, 'PRO-PF 128-632A', 'Stay', 21, 0, 0, 0, 0, NULL, NULL, NULL, NULL, NULL, NULL, '0.00', 0),
(2053, 5, 20, 'PRO-PF 128-632B', 'Lagging', 21, 0, 0, 0, 0, NULL, NULL, NULL, NULL, NULL, NULL, '0.00', 0),
(2054, 5, 20, 'PRO-PF 128-633', 'Stay', 21, 0, 0, 0, 0, NULL, NULL, NULL, NULL, NULL, NULL, '0.00', 0),
(2055, 5, 20, 'PRO-PF 128-634', 'Stay', 21, 0, 0, 0, 0, NULL, NULL, NULL, NULL, NULL, NULL, '0.00', 0),
(2056, 5, 20, 'PRO-PF 128-635A', 'Stay', 21, 0, 0, 0, 0, NULL, NULL, NULL, NULL, NULL, NULL, '0.00', 0),
(2057, 5, 20, 'PRO-PF 128-635B', 'Support', 21, 0, 0, 0, 0, NULL, NULL, NULL, NULL, NULL, NULL, '0.00', 0),
(2058, 5, 20, 'PRO-PF 128-636', 'Tie Bolt', 21, 0, 0, 0, 0, NULL, NULL, NULL, NULL, NULL, NULL, '0.00', 0),
(2059, 5, 20, 'PRO-PF 128-637', 'Tie Bolt', 21, 0, 0, 0, 0, NULL, NULL, NULL, NULL, NULL, NULL, '0.00', 0),
(2060, 5, 20, 'PRO-PF 128-638A', 'Tie Bolt', 21, 0, 0, 0, 0, NULL, NULL, NULL, NULL, NULL, NULL, '0.00', 0),
(2061, 5, 20, 'PRO-PF 128-638B', 'Stay', 21, 0, 0, 0, 0, NULL, NULL, NULL, NULL, NULL, NULL, '0.00', 0),
(2062, 5, 20, 'PRO-PF 128-639', 'Tie Bolt', 21, 0, 0, 0, 0, NULL, NULL, NULL, NULL, NULL, NULL, '0.00', 0),
(2063, 5, 20, 'PRO-PF 128-640', 'Nut', 21, 0, 0, 0, 0, NULL, NULL, NULL, NULL, NULL, NULL, '0.00', 0),
(2064, 5, 20, 'PRO-PF 128-641', 'Nut', 21, 0, 0, 0, 0, NULL, NULL, NULL, NULL, NULL, NULL, '0.00', 0),
(2065, 5, 20, 'PRO-PF 128-642', 'Washer', 21, 0, 0, 0, 0, NULL, NULL, NULL, NULL, NULL, NULL, '0.00', 0),
(2066, 5, 20, 'PRO-PF 128-643A', 'Washer', 21, 0, 0, 0, 0, NULL, NULL, NULL, NULL, NULL, NULL, '0.00', 0),
(2067, 5, 20, 'PRO-PF 128-643B', 'Stay', 21, 0, 0, 0, 0, NULL, NULL, NULL, NULL, NULL, NULL, '0.00', 0),
(2068, 5, 20, 'PRO-PF 128-644', 'Washer', 21, 0, 0, 0, 0, NULL, NULL, NULL, NULL, NULL, NULL, '0.00', 0),
(2069, 5, 20, 'PRO-PF 128-645A', 'Bolt', 21, 0, 0, 0, 0, NULL, NULL, NULL, NULL, NULL, NULL, '0.00', 0),
(2070, 5, 20, 'PRO-PF 128-645B', 'Support Bolt', 21, 0, 0, 0, 0, NULL, NULL, NULL, NULL, NULL, NULL, '0.00', 0),
(2071, 5, 20, 'PRO-PF 128-646A', 'Bolt', 21, 0, 0, 0, 0, NULL, NULL, NULL, NULL, NULL, NULL, '0.00', 0),
(2072, 5, 20, 'PRO-PF 128-646B', 'Stud Bolt', 21, 0, 0, 0, 0, NULL, NULL, NULL, NULL, NULL, NULL, '0.00', 0),
(2073, 5, 20, 'PRO-PF 128-648', 'Spring Collar', 21, 0, 0, 0, 0, NULL, NULL, NULL, NULL, NULL, NULL, '0.00', 0),
(2074, 5, 20, 'PRO-PF 128-649', 'Sping ', 21, 0, 0, 0, 0, NULL, NULL, NULL, NULL, NULL, NULL, '0.00', 0),
(2075, 5, 20, 'PRO-PF 128-650', 'Sping Pin', 21, 0, 0, 0, 0, NULL, NULL, NULL, NULL, NULL, NULL, '0.00', 0),
(2076, 5, 20, 'PRO-PF 128-651A', 'Sping Pin', 21, 0, 0, 0, 0, NULL, NULL, NULL, NULL, NULL, NULL, '0.00', 0),
(2077, 5, 20, 'PRO-PF 128-651B', 'Nut', 21, 0, 0, 0, 0, NULL, NULL, NULL, NULL, NULL, NULL, '0.00', 0),
(2078, 5, 20, 'PRO-PF 128-652', 'Washer', 21, 0, 0, 0, 0, NULL, NULL, NULL, NULL, NULL, NULL, '0.00', 0),
(2079, 5, 20, 'PRO-PF 128-655', 'Plate', 21, 0, 0, 0, 0, NULL, NULL, NULL, NULL, NULL, NULL, '0.00', 0),
(2080, 5, 20, 'PRO-PF 128-680A', 'Plate', 21, 0, 0, 0, 0, NULL, NULL, NULL, NULL, NULL, NULL, '0.00', 0),
(2081, 5, 20, 'PRO-PF 128-680B', 'Support', 21, 0, 0, 0, 0, NULL, NULL, NULL, NULL, NULL, NULL, '0.00', 0),
(2082, 5, 20, 'PRO-PF 128-714', 'Plate', 21, 0, 0, 0, 0, NULL, NULL, NULL, NULL, NULL, NULL, '0.00', 0),
(2083, 5, 20, 'PRO-PF 128-715', 'Plate', 21, 0, 0, 0, 0, NULL, NULL, NULL, NULL, NULL, NULL, '0.00', 0),
(2084, 5, 20, 'PRO-PF 128-716', 'Support', 21, 0, 0, 0, 0, NULL, NULL, NULL, NULL, NULL, NULL, '0.00', 0),
(2085, 5, 20, 'PRO-PF 128-720', 'Tie Bolt', 21, 0, 0, 0, 0, NULL, NULL, NULL, NULL, NULL, NULL, '0.00', 0),
(2086, 5, 20, 'PRO-PF 128-721', 'Tie Bolt', 21, 0, 0, 0, 0, NULL, NULL, NULL, NULL, NULL, NULL, '0.00', 0),
(2087, 5, 20, 'PRO-PF 128-806', 'Exhaust Gas Manifold', 21, 0, 0, 0, 0, NULL, NULL, NULL, NULL, NULL, NULL, '0.00', 0),
(2088, 5, 20, 'PRO-PF 128-810', 'Exhaust Gas Manifold', 21, 0, 0, 0, 0, NULL, NULL, NULL, NULL, NULL, NULL, '0.00', 0),
(2089, 5, 20, 'PRO-PF 128-811', 'Exhaust Gas Manifold', 21, 0, 0, 0, 0, NULL, NULL, NULL, NULL, NULL, NULL, '0.00', 0),
(2090, 5, 20, 'PRO-PF 128-813', 'Exhaust Gas Manifold', 21, 0, 0, 0, 0, NULL, NULL, NULL, NULL, NULL, NULL, '0.00', 0),
(2091, 5, 20, 'PRO-PF 128-814A', 'Exhaust Gas Manifold', 21, 0, 0, 0, 0, NULL, NULL, NULL, NULL, NULL, NULL, '0.00', 0),
(2092, 5, 20, 'PRO-PF 128-814B', 'Plate', 21, 0, 0, 0, 0, NULL, NULL, NULL, NULL, NULL, NULL, '0.00', 0),
(2093, 5, 20, 'PRO-PF 128-815A', 'Exhaust Gas Manifold', 21, 0, 0, 0, 0, NULL, NULL, NULL, NULL, NULL, NULL, '0.00', 0),
(2094, 5, 20, 'PRO-PF 128-815B', 'Plate', 21, 0, 0, 0, 0, NULL, NULL, NULL, NULL, NULL, NULL, '0.00', 0),
(2095, 5, 20, 'PRO-PF 128-816A', 'Exhaust Gas Manifold', 21, 0, 0, 0, 0, NULL, NULL, NULL, NULL, NULL, NULL, '0.00', 0),
(2096, 5, 20, 'PRO-PF 128-816B', 'Support', 21, 0, 0, 0, 0, NULL, NULL, NULL, NULL, NULL, NULL, '0.00', 0),
(2097, 5, 20, 'PRO-PF 128-830', 'Support', 21, 0, 0, 0, 0, NULL, NULL, NULL, NULL, NULL, NULL, '0.00', 0),
(2098, 5, 20, 'PRO-PF 128-901', 'Exhaust Gas Manifold', 21, 0, 0, 0, 0, NULL, NULL, NULL, NULL, NULL, NULL, '0.00', 0),
(2099, 5, 20, 'PRO-PF 128-902', 'Exhaust Gas Manifold', 21, 0, 0, 0, 0, NULL, NULL, NULL, NULL, NULL, NULL, '0.00', 0),
(2100, 5, 20, 'PRO-PF 128-903', 'Exhaust Gas Manifold', 21, 0, 0, 0, 0, NULL, NULL, NULL, NULL, NULL, NULL, '0.00', 0),
(2101, 5, 20, 'PRO-PF 128-904', 'Exhaust Gas Manifold', 21, 0, 0, 0, 0, NULL, NULL, NULL, NULL, NULL, NULL, '0.00', 0),
(2102, 5, 20, 'PRO-PF 128-905', 'Exhaust Gas Manifold', 21, 0, 0, 0, 0, NULL, NULL, NULL, NULL, NULL, NULL, '0.00', 0),
(2103, 5, 20, 'PRO-PF 128-906', 'Exhaust Gas Manifold', 21, 0, 0, 0, 0, NULL, NULL, NULL, NULL, NULL, NULL, '0.00', 0),
(2104, 5, 20, 'PRO-PF 128-907', 'Exhaust Gas Manifold', 21, 0, 0, 0, 0, NULL, NULL, NULL, NULL, NULL, NULL, '0.00', 0),
(2105, 5, 20, 'PRO-PF 128-908', 'Exhaust Gas Manifold', 21, 0, 0, 0, 0, NULL, NULL, NULL, NULL, NULL, NULL, '0.00', 0),
(2106, 5, 20, 'PRO-PF 128-909', 'Exhaust Gas Manifold', 21, 0, 0, 0, 0, NULL, NULL, NULL, NULL, NULL, NULL, '0.00', 0),
(2107, 5, 20, 'PRO-PF 128-910', 'Exhaust Gas Manifold', 21, 0, 0, 0, 0, NULL, NULL, NULL, NULL, NULL, NULL, '0.00', 0),
(2108, 5, 20, 'PRO-PF 128-911', 'Exhaust Gas Manifold', 21, 0, 0, 0, 0, NULL, NULL, NULL, NULL, NULL, NULL, '0.00', 0),
(2109, 5, 20, 'PRO-PF 128-912', 'Exhaust Gas Manifold', 21, 0, 0, 0, 0, NULL, NULL, NULL, NULL, NULL, NULL, '0.00', 0),
(2110, 5, 20, 'PRO-PF 128-913', 'Exhaust Gas Manifold', 21, 0, 0, 0, 0, NULL, NULL, NULL, NULL, NULL, NULL, '0.00', 0),
(2111, 5, 20, 'PRO-PF 128-914', 'Exhaust Gas Manifold', 21, 0, 0, 0, 0, NULL, NULL, NULL, NULL, NULL, NULL, '0.00', 0),
(2112, 5, 20, 'PRO-PF 128-915A', 'Exhaust Gas Manifold', 21, 0, 0, 0, 0, NULL, NULL, NULL, NULL, NULL, NULL, '0.00', 0),
(2113, 5, 20, 'PRO-PF 128-915B', 'Plate', 21, 0, 0, 0, 0, NULL, NULL, NULL, NULL, NULL, NULL, '0.00', 0),
(2114, 5, 20, 'PRO-PF 128-916', 'Exhaust Gas Manifold', 21, 0, 0, 0, 0, NULL, NULL, NULL, NULL, NULL, NULL, '0.00', 0),
(2115, 5, 20, 'PRO-PF 128-917', 'Exhaust Gas Manifold', 21, 0, 0, 0, 0, NULL, NULL, NULL, NULL, NULL, NULL, '0.00', 0),
(2116, 5, 20, 'PRO-PF 128-919', 'Short Pipe', 21, 0, 0, 0, 0, NULL, NULL, NULL, NULL, NULL, NULL, '0.00', 0),
(2117, 5, 20, 'PRO-PF 128-930', 'Bolt', 21, 0, 0, 0, 0, NULL, NULL, NULL, NULL, NULL, NULL, '0.00', 0),
(2118, 5, 20, 'PRO-PF 128-936', 'Exhaust Gas Manifold', 21, 0, 0, 0, 0, NULL, NULL, NULL, NULL, NULL, NULL, '0.00', 0),
(2119, 5, 20, 'PRO-PF 128-937', 'Exhaust Gas Manifold', 21, 0, 0, 0, 0, NULL, NULL, NULL, NULL, NULL, NULL, '0.00', 0),
(2120, 5, 20, 'PRO-PF 128-954', 'Exhaust Gas Manifold', 21, 0, 0, 0, 0, NULL, NULL, NULL, NULL, NULL, NULL, '0.00', 0),
(2121, 5, 20, 'PRO-PF 128-956', 'Exhaust Gas Manifold', 21, 0, 0, 0, 0, NULL, NULL, NULL, NULL, NULL, NULL, '0.00', 0),
(2122, 5, 20, 'PRO-PF 128-958', 'Exhaust Gas Manifold', 21, 0, 0, 0, 0, NULL, NULL, NULL, NULL, NULL, NULL, '0.00', 0),
(2123, 5, 20, 'PRO-PF 128-962', 'Exhaust Gas Manifold', 21, 0, 0, 0, 0, NULL, NULL, NULL, NULL, NULL, NULL, '0.00', 0),
(2124, 5, 20, 'PRO-PF 128-971', 'Exhaust Gas Manifold', 21, 0, 0, 0, 0, NULL, NULL, NULL, NULL, NULL, NULL, '0.00', 0),
(2125, 5, 20, 'PRO-PF 128-973', 'Exhaust Gas Manifold', 21, 0, 0, 0, 0, NULL, NULL, NULL, NULL, NULL, NULL, '0.00', 0),
(2126, 5, 20, 'PRO-PF 128-975', 'Exhaust Gas Manifold', 21, 0, 0, 0, 0, NULL, NULL, NULL, NULL, NULL, NULL, '0.00', 0),
(2127, 5, 20, 'PRO-PF 128-979', 'Exhaust Gas Manifold', 21, 0, 0, 0, 0, NULL, NULL, NULL, NULL, NULL, NULL, '0.00', 0),
(2128, 5, 20, 'PRO-PF 128-980', 'Support Bolt', 21, 0, 0, 0, 0, NULL, NULL, NULL, NULL, NULL, NULL, '0.00', 0),
(2129, 5, 20, 'PRO-PF 128-981', 'Support Bolt', 21, 0, 0, 0, 0, NULL, NULL, NULL, NULL, NULL, NULL, '0.00', 0),
(2130, 5, 20, 'PRO-PF 128-982', 'Bolt', 21, 0, 0, 0, 0, NULL, NULL, NULL, NULL, NULL, NULL, '0.00', 0),
(2131, 5, 20, 'PRO-PF 128-983', 'Bolt', 21, 0, 0, 0, 0, NULL, NULL, NULL, NULL, NULL, NULL, '0.00', 0),
(2132, 5, 20, 'PRO-PF 129-1', 'Top Lagging Cover', 21, 0, 0, 0, 0, NULL, NULL, NULL, NULL, NULL, NULL, '0.00', 0),
(2133, 5, 20, 'PRO-PF 129-2', 'Top Lagging Cover', 21, 0, 0, 0, 0, NULL, NULL, NULL, NULL, NULL, NULL, '0.00', 0),
(2134, 5, 20, 'PRO-PF 129-3', 'Top Lagging Cover', 21, 0, 0, 0, 0, NULL, NULL, NULL, NULL, NULL, NULL, '0.00', 0),
(2135, 5, 20, 'PRO-PF 129-4', 'Lower Lagging Cover', 21, 0, 0, 0, 0, NULL, NULL, NULL, NULL, NULL, NULL, '0.00', 0),
(2136, 5, 20, 'PRO-PF 129-5', 'Lower Lagging Cover', 21, 0, 0, 0, 0, NULL, NULL, NULL, NULL, NULL, NULL, '0.00', 0),
(2137, 5, 20, 'PRO-PF 129-6', 'Lower Lagging Cover', 21, 0, 0, 0, 0, NULL, NULL, NULL, NULL, NULL, NULL, '0.00', 0),
(2138, 5, 20, 'PRO-PF 129-7', 'Lower Lagging Cover', 21, 0, 0, 0, 0, NULL, NULL, NULL, NULL, NULL, NULL, '0.00', 0),
(2139, 5, 20, 'PRO-PF 129-8', 'Cover', 21, 0, 0, 0, 0, NULL, NULL, NULL, NULL, NULL, NULL, '0.00', 0),
(2140, 5, 20, 'PRO-PF 129-10', 'Strap', 21, 0, 0, 0, 0, NULL, NULL, NULL, NULL, NULL, NULL, '0.00', 0),
(2141, 5, 20, 'PRO-PF 129-11', 'Strap', 21, 0, 0, 0, 0, NULL, NULL, NULL, NULL, NULL, NULL, '0.00', 0),
(2142, 5, 20, 'PRO-PF 129-12', 'Strap', 21, 0, 0, 0, 0, NULL, NULL, NULL, NULL, NULL, NULL, '0.00', 0),
(2143, 5, 20, 'PRO-PF 129-13', 'Lagging Cover', 21, 0, 0, 0, 0, NULL, NULL, NULL, NULL, NULL, NULL, '0.00', 0),
(2144, 5, 20, 'PRO-PF 129-14', 'Lagging Cover', 21, 0, 0, 0, 0, NULL, NULL, NULL, NULL, NULL, NULL, '0.00', 0),
(2145, 5, 20, 'PRO-PF 129-15', 'Lagging Cover', 21, 0, 0, 0, 0, NULL, NULL, NULL, NULL, NULL, NULL, '0.00', 0),
(2146, 5, 20, 'PRO-PF 129-17', 'Cover', 21, 0, 0, 0, 0, NULL, NULL, NULL, NULL, NULL, NULL, '0.00', 0),
(2147, 5, 20, 'PRO-PF 129-18', 'Flange Lagging', 21, 0, 0, 0, 0, NULL, NULL, NULL, NULL, NULL, NULL, '0.00', 0),
(2148, 5, 20, 'PRO-PF 129-20', 'Spacer Tube', 21, 0, 0, 0, 0, NULL, NULL, NULL, NULL, NULL, NULL, '0.00', 0),
(2149, 5, 20, 'PRO-PF 129-21', 'Spacer Tube', 21, 0, 0, 0, 0, NULL, NULL, NULL, NULL, NULL, NULL, '0.00', 0),
(2150, 5, 20, 'PRO-PF 129-22', 'Stud', 21, 0, 0, 0, 0, NULL, NULL, NULL, NULL, NULL, NULL, '0.00', 0),
(2151, 5, 20, 'PRO-PF 129-23', 'Stud', 21, 0, 0, 0, 0, NULL, NULL, NULL, NULL, NULL, NULL, '0.00', 0),
(2152, 5, 20, 'PRO-PF 129-24', 'Lock-Wire', 21, 0, 0, 0, 0, NULL, NULL, NULL, NULL, NULL, NULL, '0.00', 0),
(2153, 5, 20, 'PRO-PF 129-25', 'Strap Pin', 21, 0, 0, 0, 0, NULL, NULL, NULL, NULL, NULL, NULL, '0.00', 0),
(2154, 5, 20, 'PRO-PF 129-26', 'Strap Pin', 21, 0, 0, 0, 0, NULL, NULL, NULL, NULL, NULL, NULL, '0.00', 0),
(2155, 5, 20, 'PRO-PF 129-27', 'Strap Screw', 21, 0, 0, 0, 0, NULL, NULL, NULL, NULL, NULL, NULL, '0.00', 0),
(2156, 5, 20, 'PRO-PF 129-28', 'Strap Screw', 21, 0, 0, 0, 0, NULL, NULL, NULL, NULL, NULL, NULL, '0.00', 0),
(2157, 5, 20, 'PRO-PF 129-29', 'Nut', 21, 0, 0, 0, 0, NULL, NULL, NULL, NULL, NULL, NULL, '0.00', 0),
(2158, 5, 20, 'PRO-PF 129-30', 'Star Washer', 21, 0, 0, 0, 0, NULL, NULL, NULL, NULL, NULL, NULL, '0.00', 0),
(2159, 5, 20, 'PRO-PF 129-31', 'Screw', 21, 0, 0, 0, 0, NULL, NULL, NULL, NULL, NULL, NULL, '0.00', 0),
(2160, 5, 20, 'PRO-PF 130-1B', 'Thermometer', 21, 0, 0, 0, 0, NULL, NULL, NULL, NULL, NULL, NULL, '0.00', 0),
(2161, 5, 20, 'PRO-PF 130-1C', 'Manifold Branch Pipe', 21, 0, 0, 0, 0, NULL, NULL, NULL, NULL, NULL, NULL, '0.00', 0),
(2162, 5, 20, 'PRO-PF 130-1D', 'Inlet Pipe to T.B', 21, 0, 0, 0, 0, NULL, NULL, NULL, NULL, NULL, NULL, '0.00', 0),
(2163, 5, 20, 'PRO-PF 130-2A', 'Cooling Water Pipe', 21, 0, 0, 0, 0, NULL, NULL, NULL, NULL, NULL, NULL, '0.00', 0),
(2164, 5, 20, 'PRO-PF 130-2B', 'Joint', 21, 0, 0, 0, 0, NULL, NULL, NULL, NULL, NULL, NULL, '0.00', 0),
(2165, 5, 20, 'PRO-PF 130-2C', 'Inlet Pipe to T.B', 21, 0, 0, 0, 0, NULL, NULL, NULL, NULL, NULL, NULL, '0.00', 0),
(2166, 5, 20, 'PRO-PF 130-3A', 'Cooling Water Pipe', 21, 0, 0, 0, 0, NULL, NULL, NULL, NULL, NULL, NULL, '0.00', 0),
(2167, 5, 20, 'PRO-PF 130-3B', 'Inlet Water Branch Pipe', 21, 0, 0, 0, 0, NULL, NULL, NULL, NULL, NULL, NULL, '0.00', 0),
(2168, 5, 20, 'PRO-PF 130-3C', 'Junction Pipe', 21, 0, 0, 0, 0, NULL, NULL, NULL, NULL, NULL, NULL, '0.00', 0),
(2169, 5, 20, 'PRO-PF 130-4A', 'Cooling Water Pipe', 21, 0, 0, 0, 0, NULL, NULL, NULL, NULL, NULL, NULL, '0.00', 0),
(2170, 5, 20, 'PRO-PF 130-4B', 'Manifold Branch Pipe', 21, 0, 0, 0, 0, NULL, NULL, NULL, NULL, NULL, NULL, '0.00', 0),
(2171, 5, 20, 'PRO-PF 130-5', 'Cooling Water Pipe', 21, 0, 0, 0, 0, NULL, NULL, NULL, NULL, NULL, NULL, '0.00', 0),
(2172, 5, 20, 'PRO-PF 130-6A', 'Cooling Water Pipe', 21, 0, 0, 0, 0, NULL, NULL, NULL, NULL, NULL, NULL, '0.00', 0),
(2173, 5, 20, 'PRO-PF 130-6B', 'End Cover', 21, 0, 0, 0, 0, NULL, NULL, NULL, NULL, NULL, NULL, '0.00', 0),
(2174, 5, 20, 'PRO-PF 130-6C', 'T.B Water Inlet', 21, 0, 0, 0, 0, NULL, NULL, NULL, NULL, NULL, NULL, '0.00', 0),
(2175, 5, 20, 'PRO-PF 130-7A', 'Cooling Water Pipe', 21, 0, 0, 0, 0, NULL, NULL, NULL, NULL, NULL, NULL, '0.00', 0),
(2176, 5, 20, 'PRO-PF 130-7B', 'End Cover', 21, 0, 0, 0, 0, NULL, NULL, NULL, NULL, NULL, NULL, '0.00', 0),
(2177, 5, 20, 'PRO-PF 130-7C', 'Engine Water Outlet', 21, 0, 0, 0, 0, NULL, NULL, NULL, NULL, NULL, NULL, '0.00', 0),
(2178, 5, 20, 'PRO-PF 130-8A', 'Cooling Water Pipe', 21, 0, 0, 0, 0, NULL, NULL, NULL, NULL, NULL, NULL, '0.00', 0),
(2179, 5, 20, 'PRO-PF 130-8B', 'Engine Water Outlet', 21, 0, 0, 0, 0, NULL, NULL, NULL, NULL, NULL, NULL, '0.00', 0),
(2180, 5, 20, 'PRO-PF 130-9A', 'Flange', 21, 0, 0, 0, 0, NULL, NULL, NULL, NULL, NULL, NULL, '0.00', 0),
(2181, 5, 20, 'PRO-PF 130-9B', 'Cooling Water Pipe', 21, 0, 0, 0, 0, NULL, NULL, NULL, NULL, NULL, NULL, '0.00', 0),
(2182, 5, 20, 'PRO-PF 130-9C', 'Round Flange', 21, 0, 0, 0, 0, NULL, NULL, NULL, NULL, NULL, NULL, '0.00', 0),
(2183, 5, 20, 'PRO-PF 130-10A', 'Cooling Water Pipe', 21, 0, 0, 0, 0, NULL, NULL, NULL, NULL, NULL, NULL, '0.00', 0),
(2184, 5, 20, 'PRO-PF 130-10B', 'Degassing Tank', 21, 0, 0, 0, 0, NULL, NULL, NULL, NULL, NULL, NULL, '0.00', 0),
(2185, 5, 20, 'PRO-PF 130-11A', 'Cooling Water Pipe', 21, 0, 0, 0, 0, NULL, NULL, NULL, NULL, NULL, NULL, '0.00', 0),
(2186, 5, 20, 'PRO-PF 130-11B', 'Plug', 21, 0, 0, 0, 0, NULL, NULL, NULL, NULL, NULL, NULL, '0.00', 0),
(2187, 5, 20, 'PRO-PF 130-11C', 'T.B Water Outlet', 21, 0, 0, 0, 0, NULL, NULL, NULL, NULL, NULL, NULL, '0.00', 0),
(2188, 5, 20, 'PRO-PF 130-12A', 'Joint', 21, 0, 0, 0, 0, NULL, NULL, NULL, NULL, NULL, NULL, '0.00', 0),
(2189, 5, 20, 'PRO-PF 130-12B', 'T.B Water Outlet', 21, 0, 0, 0, 0, NULL, NULL, NULL, NULL, NULL, NULL, '0.00', 0),
(2190, 5, 20, 'PRO-PF 130-13A', 'Stay', 21, 0, 0, 0, 0, NULL, NULL, NULL, NULL, NULL, NULL, '0.00', 0),
(2191, 5, 20, 'PRO-PF 130-13B', 'T.B Water Outlet', 21, 0, 0, 0, 0, NULL, NULL, NULL, NULL, NULL, NULL, '0.00', 0),
(2192, 5, 20, 'PRO-PF 130-15A', 'Cock', 21, 0, 0, 0, 0, NULL, NULL, NULL, NULL, NULL, NULL, '0.00', 0),
(2193, 5, 20, 'PRO-PF 130-15B', 'T.B Water Outlet', 21, 0, 0, 0, 0, NULL, NULL, NULL, NULL, NULL, NULL, '0.00', 0),
(2194, 5, 20, 'PRO-PF 130-16', 'T.B Water Outlet', 21, 0, 0, 0, 0, NULL, NULL, NULL, NULL, NULL, NULL, '0.00', 0),
(2195, 5, 20, 'PRO-PF 130-17', 'Joint', 21, 0, 0, 0, 0, NULL, NULL, NULL, NULL, NULL, NULL, '0.00', 0),
(2196, 5, 20, 'PRO-PF 130-18', 'T.B Water Outlet', 21, 0, 0, 0, 0, NULL, NULL, NULL, NULL, NULL, NULL, '0.00', 0),
(2197, 5, 20, 'PRO-PF 130-19A', 'Screw', 21, 0, 0, 0, 0, NULL, NULL, NULL, NULL, NULL, NULL, '0.00', 0),
(2198, 5, 20, 'PRO-PF 130-19B', 'T.B Water Outlet', 21, 0, 0, 0, 0, NULL, NULL, NULL, NULL, NULL, NULL, '0.00', 0),
(2199, 5, 20, 'PRO-PF 130-20A', 'Screw', 21, 0, 0, 0, 0, NULL, NULL, NULL, NULL, NULL, NULL, '0.00', 0),
(2200, 5, 20, 'PRO-PF 130-20B', 'Main Branch Pipe', 21, 0, 0, 0, 0, NULL, NULL, NULL, NULL, NULL, NULL, '0.00', 0),
(2201, 5, 20, 'PRO-PF 130-21', 'Screw', 21, 0, 0, 0, 0, NULL, NULL, NULL, NULL, NULL, NULL, '0.00', 0),
(2202, 5, 20, 'PRO-PF 130-22A', 'Bolt', 21, 0, 0, 0, 0, NULL, NULL, NULL, NULL, NULL, NULL, '0.00', 0),
(2203, 5, 20, 'PRO-PF 130-22B', 'Nut', 21, 0, 0, 0, 0, NULL, NULL, NULL, NULL, NULL, NULL, '0.00', 0),
(2204, 5, 20, 'PRO-PF 130-22C', 'Support Plate', 21, 0, 0, 0, 0, NULL, NULL, NULL, NULL, NULL, NULL, '0.00', 0),
(2205, 5, 20, 'PRO-PF 130-23A', 'Marine Bronze Screwed Cock', 21, 0, 0, 0, 0, NULL, NULL, NULL, NULL, NULL, NULL, '0.00', 0),
(2206, 5, 20, 'PRO-PF 130-23B', 'Pipe Clip', 21, 0, 0, 0, 0, NULL, NULL, NULL, NULL, NULL, NULL, '0.00', 0),
(2207, 5, 20, 'PRO-PF 130-25', 'Holding Plate', 21, 0, 0, 0, 0, NULL, NULL, NULL, NULL, NULL, NULL, '0.00', 0),
(2208, 5, 20, 'PRO-PF 130-26', 'Holding Plate', 21, 0, 0, 0, 0, NULL, NULL, NULL, NULL, NULL, NULL, '0.00', 0),
(2209, 5, 20, 'PRO-PF 130-27', 'Holding Plate', 21, 0, 0, 0, 0, NULL, NULL, NULL, NULL, NULL, NULL, '0.00', 0),
(2210, 5, 20, 'PRO-PF 130-28', 'Support Plate', 21, 0, 0, 0, 0, NULL, NULL, NULL, NULL, NULL, NULL, '0.00', 0),
(2211, 5, 20, 'PRO-PF 130-29', 'Gate Valve', 21, 0, 0, 0, 0, NULL, NULL, NULL, NULL, NULL, NULL, '0.00', 0),
(2212, 5, 20, 'PRO-PF 130-30', 'Union Elbow', 21, 0, 0, 0, 0, NULL, NULL, NULL, NULL, NULL, NULL, '0.00', 0),
(2213, 5, 20, 'PRO-PF 130-31A', 'Bolt', 21, 0, 0, 0, 0, NULL, NULL, NULL, NULL, NULL, NULL, '0.00', 0),
(2214, 5, 20, 'PRO-PF 130-31B', 'Square Seal', 21, 0, 0, 0, 0, NULL, NULL, NULL, NULL, NULL, NULL, '0.00', 0),
(2215, 5, 20, 'PRO-PF 130-32A', 'Water Pump Degassing', 21, 0, 0, 0, 0, NULL, NULL, NULL, NULL, NULL, NULL, '0.00', 0),
(2216, 5, 20, 'PRO-PF 130-32B', 'Square Seal', 21, 0, 0, 0, 0, NULL, NULL, NULL, NULL, NULL, NULL, '0.00', 0),
(2217, 5, 20, 'PRO-PF 130-33', 'Seal', 21, 0, 0, 0, 0, NULL, NULL, NULL, NULL, NULL, NULL, '0.00', 0),
(2218, 5, 20, 'PRO-PF 130-35A', 'Water Pump Degassing', 21, 0, 0, 0, 0, NULL, NULL, NULL, NULL, NULL, NULL, '0.00', 0),
(2219, 5, 20, 'PRO-PF 130-35B', 'Round Seal', 21, 0, 0, 0, 0, NULL, NULL, NULL, NULL, NULL, NULL, '0.00', 0),
(2220, 5, 20, 'PRO-PF 130-37A', 'Collar', 21, 0, 0, 0, 0, NULL, NULL, NULL, NULL, NULL, NULL, '0.00', 0),
(2221, 5, 20, 'PRO-PF 130-37B', 'Round Flange', 21, 0, 0, 0, 0, NULL, NULL, NULL, NULL, NULL, NULL, '0.00', 0),
(2222, 5, 20, 'PRO-PF 130-38A', 'Hollow Screw', 21, 0, 0, 0, 0, NULL, NULL, NULL, NULL, NULL, NULL, '0.00', 0),
(2223, 5, 20, 'PRO-PF 130-38B', 'Seal', 21, 0, 0, 0, 0, NULL, NULL, NULL, NULL, NULL, NULL, '0.00', 0),
(2224, 5, 20, 'PRO-PF 130-39A', 'Water Pump Degassing', 21, 0, 0, 0, 0, NULL, NULL, NULL, NULL, NULL, NULL, '0.00', 0),
(2225, 5, 20, 'PRO-PF 130-39B', 'Diaphragm', 21, 0, 0, 0, 0, NULL, NULL, NULL, NULL, NULL, NULL, '0.00', 0),
(2226, 5, 20, 'PRO-PF 130-40', 'Diaphragm', 21, 0, 0, 0, 0, NULL, NULL, NULL, NULL, NULL, NULL, '0.00', 0),
(2227, 5, 20, 'PRO-PF 130-41', 'Diaphragm', 21, 0, 0, 0, 0, NULL, NULL, NULL, NULL, NULL, NULL, '0.00', 0),
(2228, 5, 20, 'PRO-PF 130-42A', 'Bolt', 21, 0, 0, 0, 0, NULL, NULL, NULL, NULL, NULL, NULL, '0.00', 0),
(2229, 5, 20, 'PRO-PF 130-42B', 'Water Pump Degassing', 21, 0, 0, 0, 0, NULL, NULL, NULL, NULL, NULL, NULL, '0.00', 0),
(2230, 5, 20, 'PRO-PF 130-42C', 'Diaphragm', 21, 0, 0, 0, 0, NULL, NULL, NULL, NULL, NULL, NULL, '0.00', 0),
(2231, 5, 20, 'PRO-PF 130-44A', 'Locking', 21, 0, 0, 0, 0, NULL, NULL, NULL, NULL, NULL, NULL, '0.00', 0),
(2232, 5, 20, 'PRO-PF 130-44B', 'Plug', 21, 0, 0, 0, 0, NULL, NULL, NULL, NULL, NULL, NULL, '0.00', 0),
(2233, 5, 20, 'PRO-PF 130-45', 'Single Male Union', 21, 0, 0, 0, 0, NULL, NULL, NULL, NULL, NULL, NULL, '0.00', 0),
(2234, 5, 20, 'PRO-PF 130-46A', 'Packing', 21, 0, 0, 0, 0, NULL, NULL, NULL, NULL, NULL, NULL, '0.00', 0),
(2235, 5, 20, 'PRO-PF 130-46B', 'Seal', 21, 0, 0, 0, 0, NULL, NULL, NULL, NULL, NULL, NULL, '0.00', 0),
(2236, 5, 20, 'PRO-PF 130-47A', 'Bronze Screwed Globe Valve', 21, 0, 0, 0, 0, NULL, NULL, NULL, NULL, NULL, NULL, '0.00', 0),
(2237, 5, 20, 'PRO-PF 130-47B', 'Nut', 21, 0, 0, 0, 0, NULL, NULL, NULL, NULL, NULL, NULL, '0.00', 0),
(2238, 5, 20, 'PRO-PF 130-48', 'Copper Washer', 21, 0, 0, 0, 0, NULL, NULL, NULL, NULL, NULL, NULL, '0.00', 0),
(2239, 5, 20, 'PRO-PF 130-49A', 'Orifice', 21, 0, 0, 0, 0, NULL, NULL, NULL, NULL, NULL, NULL, '0.00', 0),
(2240, 5, 20, 'PRO-PF 130-49B', 'Screw', 21, 0, 0, 0, 0, NULL, NULL, NULL, NULL, NULL, NULL, '0.00', 0),
(2241, 5, 20, 'PRO-PF 130-50', 'Screw', 21, 0, 0, 0, 0, NULL, NULL, NULL, NULL, NULL, NULL, '0.00', 0),
(2242, 5, 20, 'PRO-PF 130-51', 'Screw', 21, 0, 0, 0, 0, NULL, NULL, NULL, NULL, NULL, NULL, '0.00', 0),
(2243, 5, 20, 'PRO-PF 130-52', 'Screw', 21, 0, 0, 0, 0, NULL, NULL, NULL, NULL, NULL, NULL, '0.00', 0),
(2244, 5, 20, 'PRO-PF 130-53', 'Screw', 21, 0, 0, 0, 0, NULL, NULL, NULL, NULL, NULL, NULL, '0.00', 0),
(2245, 5, 20, 'PRO-PF 130-54', 'Screw', 21, 0, 0, 0, 0, NULL, NULL, NULL, NULL, NULL, NULL, '0.00', 0),
(2246, 5, 20, 'PRO-PF 130-55', 'Screw', 21, 0, 0, 0, 0, NULL, NULL, NULL, NULL, NULL, NULL, '0.00', 0),
(2247, 5, 20, 'PRO-PF 130-56', 'Screw', 21, 0, 0, 0, 0, NULL, NULL, NULL, NULL, NULL, NULL, '0.00', 0),
(2248, 5, 20, 'PRO-PF 130-57', 'Screw', 21, 0, 0, 0, 0, NULL, NULL, NULL, NULL, NULL, NULL, '0.00', 0),
(2249, 5, 20, 'PRO-PF 130-58', 'Flat Washer', 21, 0, 0, 0, 0, NULL, NULL, NULL, NULL, NULL, NULL, '0.00', 0),
(2250, 5, 20, 'PRO-PF 130-59', 'Nut', 21, 0, 0, 0, 0, NULL, NULL, NULL, NULL, NULL, NULL, '0.00', 0),
(2251, 5, 20, 'PRO-PF 130-60', 'Nut', 21, 0, 0, 0, 0, NULL, NULL, NULL, NULL, NULL, NULL, '0.00', 0),
(2252, 5, 20, 'PRO-PF 130-61', 'Screw', 21, 0, 0, 0, 0, NULL, NULL, NULL, NULL, NULL, NULL, '0.00', 0),
(2253, 5, 20, 'PRO-PF 130-62', 'Nut', 21, 0, 0, 0, 0, NULL, NULL, NULL, NULL, NULL, NULL, '0.00', 0),
(2254, 5, 20, 'PRO-PF 130-85', 'Packing', 21, 0, 0, 0, 0, NULL, NULL, NULL, NULL, NULL, NULL, '0.00', 0),
(2255, 5, 20, 'PRO-PF 130-86', 'Copper Packing', 21, 0, 0, 0, 0, NULL, NULL, NULL, NULL, NULL, NULL, '0.00', 0),
(2256, 5, 20, 'PRO-PF 130-87', 'Packing', 21, 0, 0, 0, 0, NULL, NULL, NULL, NULL, NULL, NULL, '0.00', 0),
(2257, 5, 20, 'PRO-PF 130-88', 'Packing', 21, 0, 0, 0, 0, NULL, NULL, NULL, NULL, NULL, NULL, '0.00', 0),
(2258, 5, 20, 'PRO-PF 130-94', 'Plug', 21, 0, 0, 0, 0, NULL, NULL, NULL, NULL, NULL, NULL, '0.00', 0),
(2259, 5, 20, 'PRO-PF 130-95', 'Bolt', 21, 0, 0, 0, 0, NULL, NULL, NULL, NULL, NULL, NULL, '0.00', 0),
(2260, 5, 20, 'PRO-PF 130-96', 'Bolt', 21, 0, 0, 0, 0, NULL, NULL, NULL, NULL, NULL, NULL, '0.00', 0),
(2261, 5, 20, 'PRO-PF 130-97', 'Bolt', 21, 0, 0, 0, 0, NULL, NULL, NULL, NULL, NULL, NULL, '0.00', 0),
(2262, 5, 20, 'PRO-PF 130-99', 'Bolt', 21, 0, 0, 0, 0, NULL, NULL, NULL, NULL, NULL, NULL, '0.00', 0),
(2263, 5, 20, 'PRO-PF 130-102', 'Joint', 21, 0, 0, 0, 0, NULL, NULL, NULL, NULL, NULL, NULL, '0.00', 0),
(2264, 5, 20, 'PRO-PF 130-103', 'Thermometer', 21, 0, 0, 0, 0, NULL, NULL, NULL, NULL, NULL, NULL, '0.00', 0),
(2265, 5, 20, 'PRO-PF 130-104', 'U Bolt', 21, 0, 0, 0, 0, NULL, NULL, NULL, NULL, NULL, NULL, '0.00', 0),
(2266, 5, 20, 'PRO-PF 130-105', 'Nut', 21, 0, 0, 0, 0, NULL, NULL, NULL, NULL, NULL, NULL, '0.00', 0),
(2267, 5, 20, 'PRO-PF 130-106', 'Nut', 21, 0, 0, 0, 0, NULL, NULL, NULL, NULL, NULL, NULL, '0.00', 0),
(2268, 5, 20, 'PRO-PF 130-108', 'Nut', 21, 0, 0, 0, 0, NULL, NULL, NULL, NULL, NULL, NULL, '0.00', 0),
(2269, 5, 20, 'PRO-PF 130-122', 'Support', 21, 0, 0, 0, 0, NULL, NULL, NULL, NULL, NULL, NULL, '0.00', 0),
(2270, 5, 20, 'PRO-PF 130-123', 'Support', 21, 0, 0, 0, 0, NULL, NULL, NULL, NULL, NULL, NULL, '0.00', 0),
(2271, 5, 20, 'PRO-PF 130-136A', 'Cooling Water Pipe', 21, 0, 0, 0, 0, NULL, NULL, NULL, NULL, NULL, NULL, '0.00', 0),
(2272, 5, 20, 'PRO-PF 130-136B', 'Support', 21, 0, 0, 0, 0, NULL, NULL, NULL, NULL, NULL, NULL, '0.00', 0);
INSERT INTO `items` (`item_id`, `category_id`, `subcat_id`, `original_pn`, `item_name`, `unit_id`, `group_id`, `location_id`, `bin_id`, `warehouse_id`, `rack_id`, `barcode`, `expiration`, `picture1`, `picture2`, `picture3`, `min_qty`, `damage`) VALUES
(2273, 5, 20, 'PRO-PF 130-137', 'Support', 21, 0, 0, 0, 0, NULL, NULL, NULL, NULL, NULL, NULL, '0.00', 0),
(2274, 5, 20, 'PRO-PF 130-201A', 'Cooling Water Pipe', 21, 0, 0, 0, 0, NULL, NULL, NULL, NULL, NULL, NULL, '0.00', 0),
(2275, 5, 20, 'PRO-PF 130-201B', 'Boss', 21, 0, 0, 0, 0, NULL, NULL, NULL, NULL, NULL, NULL, '0.00', 0),
(2276, 5, 20, 'PRO-PF 130-237', 'Cooling Water Outlet Pipe  (left)', 21, 0, 0, 0, 0, NULL, NULL, NULL, NULL, NULL, NULL, '0.00', 0),
(2277, 5, 20, 'PRO-PF 130-337', 'Cooling Water Outlet Pipe  (left)', 21, 0, 0, 0, 0, NULL, NULL, NULL, NULL, NULL, NULL, '0.00', 0),
(2278, 5, 20, 'PRO-PF 130-440', 'Cooling Water Outlet Pipe  (right)', 21, 0, 0, 0, 0, NULL, NULL, NULL, NULL, NULL, NULL, '0.00', 0),
(2279, 5, 20, 'PRO-PF 130-806', 'Copper Packing', 21, 0, 0, 0, 0, NULL, NULL, NULL, NULL, NULL, NULL, '0.00', 0),
(2280, 5, 20, 'PRO-PF 130-813', 'Nut', 21, 0, 0, 0, 0, NULL, NULL, NULL, NULL, NULL, NULL, '0.00', 0),
(2281, 5, 20, 'PRO-PF 130-857', 'Cooling Water Inlet Pipe for left Side T/C', 21, 0, 0, 0, 0, NULL, NULL, NULL, NULL, NULL, NULL, '0.00', 0),
(2282, 5, 20, 'PRO-PF 130-901', 'Support', 21, 0, 0, 0, 0, NULL, NULL, NULL, NULL, NULL, NULL, '0.00', 0),
(2283, 5, 20, 'PRO-PF 130-902', 'Pipe Band', 21, 0, 0, 0, 0, NULL, NULL, NULL, NULL, NULL, NULL, '0.00', 0),
(2284, 5, 20, 'PRO-PF 130-903', 'Bolt', 21, 0, 0, 0, 0, NULL, NULL, NULL, NULL, NULL, NULL, '0.00', 0),
(2285, 5, 20, 'PRO-PF 130-904', 'Support', 21, 0, 0, 0, 0, NULL, NULL, NULL, NULL, NULL, NULL, '0.00', 0),
(2286, 5, 20, 'PRO-PF 130-905A', 'Plug', 21, 0, 0, 0, 0, NULL, NULL, NULL, NULL, NULL, NULL, '0.00', 0),
(2287, 5, 20, 'PRO-PF 130-905B', 'Support', 21, 0, 0, 0, 0, NULL, NULL, NULL, NULL, NULL, NULL, '0.00', 0),
(2288, 5, 20, 'PRO-PF 130-906', 'Copper Packing', 21, 0, 0, 0, 0, NULL, NULL, NULL, NULL, NULL, NULL, '0.00', 0),
(2289, 5, 20, 'PRO-PF 130-908', 'Drain Pipe (right)', 21, 0, 0, 0, 0, NULL, NULL, NULL, NULL, NULL, NULL, '0.00', 0),
(2290, 5, 20, 'PRO-PF 130-912', 'Drain Pipe (left)', 21, 0, 0, 0, 0, NULL, NULL, NULL, NULL, NULL, NULL, '0.00', 0),
(2291, 5, 20, 'PRO-PF 130-914', 'Stay', 21, 0, 0, 0, 0, NULL, NULL, NULL, NULL, NULL, NULL, '0.00', 0),
(2292, 5, 20, 'PRO-PF 130-917', 'Cramp', 21, 0, 0, 0, 0, NULL, NULL, NULL, NULL, NULL, NULL, '0.00', 0),
(2293, 5, 20, 'PRO-PF 130-918', 'Bolt', 21, 0, 0, 0, 0, NULL, NULL, NULL, NULL, NULL, NULL, '0.00', 0),
(2294, 5, 20, 'PRO-PF 130-919', 'Nut', 21, 0, 0, 0, 0, NULL, NULL, NULL, NULL, NULL, NULL, '0.00', 0),
(2295, 5, 20, 'PRO-PF 130-923', 'Plug', 21, 0, 0, 0, 0, NULL, NULL, NULL, NULL, NULL, NULL, '0.00', 0),
(2296, 5, 20, 'PRO-PF 130-924', 'Copper Packing', 21, 0, 0, 0, 0, NULL, NULL, NULL, NULL, NULL, NULL, '0.00', 0),
(2297, 5, 20, 'PRO-PF 130-933', 'Cooling Water Outlet Pipe (right)', 21, 0, 0, 0, 0, NULL, NULL, NULL, NULL, NULL, NULL, '0.00', 0),
(2298, 5, 20, 'PRO-PF 130-942', 'Bolt', 21, 0, 0, 0, 0, NULL, NULL, NULL, NULL, NULL, NULL, '0.00', 0),
(2299, 5, 20, 'PRO-PF 130-957', 'Cooling Water Inlet Pipe for left Side T/C', 21, 0, 0, 0, 0, NULL, NULL, NULL, NULL, NULL, NULL, '0.00', 0),
(2300, 5, 20, 'PRO-PF 130-958', 'Cooling Water Inlet Pipe for T/C', 21, 0, 0, 0, 0, NULL, NULL, NULL, NULL, NULL, NULL, '0.00', 0),
(2301, 5, 20, 'PRO-PF 134-1', 'Boss', 21, 0, 0, 0, 0, NULL, NULL, NULL, NULL, NULL, NULL, '0.00', 0),
(2302, 5, 20, 'PRO-PF 134-2A', 'Circlip-LOP', 21, 0, 0, 0, 0, NULL, NULL, NULL, NULL, NULL, NULL, '0.00', 0),
(2303, 5, 20, 'PRO-PF 134-2B', 'Joint', 21, 0, 0, 0, 0, NULL, NULL, NULL, NULL, NULL, NULL, '0.00', 0),
(2304, 5, 20, 'PRO-PF 134-3', 'Plug', 21, 0, 0, 0, 0, NULL, NULL, NULL, NULL, NULL, NULL, '0.00', 0),
(2305, 5, 20, 'PRO-PF 134-4A', 'Round Flange', 21, 0, 0, 0, 0, NULL, NULL, NULL, NULL, NULL, NULL, '0.00', 0),
(2306, 5, 20, 'PRO-PF 134-4B', 'Thermometer', 21, 0, 0, 0, 0, NULL, NULL, NULL, NULL, NULL, NULL, '0.00', 0),
(2307, 5, 20, 'PRO-PF 134-17', 'Nut', 21, 0, 0, 0, 0, NULL, NULL, NULL, NULL, NULL, NULL, '0.00', 0),
(2308, 5, 20, 'PRO-PF 134-19', 'Union', 21, 0, 0, 0, 0, NULL, NULL, NULL, NULL, NULL, NULL, '0.00', 0),
(2309, 5, 20, 'PRO-PF 134-20', 'Reducting Piece', 21, 0, 0, 0, 0, NULL, NULL, NULL, NULL, NULL, NULL, '0.00', 0),
(2310, 5, 20, 'PRO-PF 134-24A', 'First Berg Feed Pipe', 21, 0, 0, 0, 0, NULL, NULL, NULL, NULL, NULL, NULL, '0.00', 0),
(2311, 5, 20, 'PRO-PF 134-24B', 'Feed Pipe', 21, 0, 0, 0, 0, NULL, NULL, NULL, NULL, NULL, NULL, '0.00', 0),
(2312, 5, 20, 'PRO-PF 134-28', 'Male Union', 21, 0, 0, 0, 0, NULL, NULL, NULL, NULL, NULL, NULL, '0.00', 0),
(2313, 5, 20, 'PRO-PF 134-29', 'Bronze Screwed Cock', 21, 0, 0, 0, 0, NULL, NULL, NULL, NULL, NULL, NULL, '0.00', 0),
(2314, 5, 20, 'PRO-PF 134-30', 'Union', 21, 0, 0, 0, 0, NULL, NULL, NULL, NULL, NULL, NULL, '0.00', 0),
(2315, 5, 20, 'PRO-PF 134-32', 'Junction Pipe', 21, 0, 0, 0, 0, NULL, NULL, NULL, NULL, NULL, NULL, '0.00', 0),
(2316, 5, 20, 'PRO-PF 134-37', 'Plug', 21, 0, 0, 0, 0, NULL, NULL, NULL, NULL, NULL, NULL, '0.00', 0),
(2317, 5, 20, 'PRO-PF 134-46', 'Union', 21, 0, 0, 0, 0, NULL, NULL, NULL, NULL, NULL, NULL, '0.00', 0),
(2318, 5, 20, 'PRO-PF 134-47', 'Union', 21, 0, 0, 0, 0, NULL, NULL, NULL, NULL, NULL, NULL, '0.00', 0),
(2319, 5, 20, 'PRO-PF 134-48', 'Male Union', 21, 0, 0, 0, 0, NULL, NULL, NULL, NULL, NULL, NULL, '0.00', 0),
(2320, 5, 20, 'PRO-PF 134-51A', 'L.O Pipe', 21, 0, 0, 0, 0, NULL, NULL, NULL, NULL, NULL, NULL, '0.00', 0),
(2321, 5, 20, 'PRO-PF 134-55', 'L.O Pipe', 21, 0, 0, 0, 0, NULL, NULL, NULL, NULL, NULL, NULL, '0.00', 0),
(2322, 5, 20, 'PRO-PF 134-56', 'Connection Piece', 21, 0, 0, 0, 0, NULL, NULL, NULL, NULL, NULL, NULL, '0.00', 0),
(2323, 5, 20, 'PRO-PF 134-57', 'Connection Piece', 21, 0, 0, 0, 0, NULL, NULL, NULL, NULL, NULL, NULL, '0.00', 0),
(2324, 5, 20, 'PRO-PF 134-59', 'Equal Tee', 21, 0, 0, 0, 0, NULL, NULL, NULL, NULL, NULL, NULL, '0.00', 0),
(2325, 5, 20, 'PRO-PF 134-62', 'Plug', 21, 0, 0, 0, 0, NULL, NULL, NULL, NULL, NULL, NULL, '0.00', 0),
(2326, 5, 20, 'PRO-PF 134-64', 'Fixing Lug', 21, 0, 0, 0, 0, NULL, NULL, NULL, NULL, NULL, NULL, '0.00', 0),
(2327, 5, 20, 'PRO-PF 134-67', 'Double Nipple', 21, 0, 0, 0, 0, NULL, NULL, NULL, NULL, NULL, NULL, '0.00', 0),
(2328, 5, 20, 'PRO-PF 134-68', 'Cock', 21, 0, 0, 0, 0, NULL, NULL, NULL, NULL, NULL, NULL, '0.00', 0),
(2329, 5, 20, 'PRO-PF 134-69', 'Male Union', 21, 0, 0, 0, 0, NULL, NULL, NULL, NULL, NULL, NULL, '0.00', 0),
(2330, 5, 20, 'PRO-PF 134-70', 'Connection Pipe', 21, 0, 0, 0, 0, NULL, NULL, NULL, NULL, NULL, NULL, '0.00', 0),
(2331, 5, 20, 'PRO-PF 134-83', 'Union Joint', 21, 0, 0, 0, 0, NULL, NULL, NULL, NULL, NULL, NULL, '0.00', 0),
(2332, 5, 20, 'PRO-PF 134-90A', 'Union Bolt', 21, 0, 0, 0, 0, NULL, NULL, NULL, NULL, NULL, NULL, '0.00', 0),
(2333, 5, 20, 'PRO-PF 134-90B', 'Hollow Setscrew', 21, 0, 0, 0, 0, NULL, NULL, NULL, NULL, NULL, NULL, '0.00', 0),
(2334, 5, 20, 'PRO-PF 134-108', 'Support Bearing Lubricating', 21, 0, 0, 0, 0, NULL, NULL, NULL, NULL, NULL, NULL, '0.00', 0),
(2335, 5, 20, 'PRO-PF 134-110', 'Filter Support', 21, 0, 0, 0, 0, NULL, NULL, NULL, NULL, NULL, NULL, '0.00', 0),
(2336, 5, 20, 'PRO-PF 134-112', 'Bearing Lubricating', 21, 0, 0, 0, 0, NULL, NULL, NULL, NULL, NULL, NULL, '0.00', 0),
(2337, 5, 20, 'PRO-PF 134-113', 'Collar', 21, 0, 0, 0, 0, NULL, NULL, NULL, NULL, NULL, NULL, '0.00', 0),
(2338, 5, 20, 'PRO-PF 134-114', 'Overspeed Safety Device Outlet', 21, 0, 0, 0, 0, NULL, NULL, NULL, NULL, NULL, NULL, '0.00', 0),
(2339, 5, 20, 'PRO-PF 134-115', 'Return to the Sump', 21, 0, 0, 0, 0, NULL, NULL, NULL, NULL, NULL, NULL, '0.00', 0),
(2340, 5, 20, 'PRO-PF 134-116', 'Return to the Sump', 21, 0, 0, 0, 0, NULL, NULL, NULL, NULL, NULL, NULL, '0.00', 0),
(2341, 5, 20, 'PRO-PF 134-117', 'Bolt', 21, 0, 0, 0, 0, NULL, NULL, NULL, NULL, NULL, NULL, '0.00', 0),
(2342, 5, 20, 'PRO-PF 134-118A', 'Union Bolt', 21, 0, 0, 0, 0, NULL, NULL, NULL, NULL, NULL, NULL, '0.00', 0),
(2343, 5, 20, 'PRO-PF 134-118B', 'Hollow Setscrew', 21, 0, 0, 0, 0, NULL, NULL, NULL, NULL, NULL, NULL, '0.00', 0),
(2344, 5, 20, 'PRO-PF 134-119A', 'Union Bolt', 21, 0, 0, 0, 0, NULL, NULL, NULL, NULL, NULL, NULL, '0.00', 0),
(2345, 5, 20, 'PRO-PF 134-119B', 'Hollow Setscrew', 21, 0, 0, 0, 0, NULL, NULL, NULL, NULL, NULL, NULL, '0.00', 0),
(2346, 5, 20, 'PRO-PF 134-120A', 'L. O Pipe', 21, 0, 0, 0, 0, NULL, NULL, NULL, NULL, NULL, NULL, '0.00', 0),
(2347, 5, 20, 'PRO-PF 134-120B', 'Left Bearing Lubricating ', 21, 0, 0, 0, 0, NULL, NULL, NULL, NULL, NULL, NULL, '0.00', 0),
(2348, 5, 20, 'PRO-PF 134-122', 'Oil Pump Drain', 21, 0, 0, 0, 0, NULL, NULL, NULL, NULL, NULL, NULL, '0.00', 0),
(2349, 5, 20, 'PRO-PF 134-125', 'L. O Pipe', 21, 0, 0, 0, 0, NULL, NULL, NULL, NULL, NULL, NULL, '0.00', 0),
(2350, 5, 20, 'PRO-PF 134-128', 'Right Bearing Lubricating ', 21, 0, 0, 0, 0, NULL, NULL, NULL, NULL, NULL, NULL, '0.00', 0),
(2351, 5, 20, 'PRO-PF 134-130', 'Male Union', 21, 0, 0, 0, 0, NULL, NULL, NULL, NULL, NULL, NULL, '0.00', 0),
(2352, 5, 20, 'PRO-PF 134-131', 'Filter', 21, 0, 0, 0, 0, NULL, NULL, NULL, NULL, NULL, NULL, '0.00', 0),
(2353, 5, 20, 'PRO-PF 134-132', 'Left Filter Inlet Pipe', 21, 0, 0, 0, 0, NULL, NULL, NULL, NULL, NULL, NULL, '0.00', 0),
(2354, 5, 20, 'PRO-PF 134-133', 'Right Filter Inlet Pipe', 21, 0, 0, 0, 0, NULL, NULL, NULL, NULL, NULL, NULL, '0.00', 0),
(2355, 5, 20, 'PRO-PF 134-135', 'Right Filter Outlet Pipe', 21, 0, 0, 0, 0, NULL, NULL, NULL, NULL, NULL, NULL, '0.00', 0),
(2356, 5, 20, 'PRO-PF 134-141', 'Left Filter Outlet', 21, 0, 0, 0, 0, NULL, NULL, NULL, NULL, NULL, NULL, '0.00', 0),
(2357, 5, 20, 'PRO-PF 134-147', 'Shaft Bearing Lubricating', 21, 0, 0, 0, 0, NULL, NULL, NULL, NULL, NULL, NULL, '0.00', 0),
(2358, 5, 20, 'PRO-PF 134-152', 'Water Pump Drive Lubricating', 21, 0, 0, 0, 0, NULL, NULL, NULL, NULL, NULL, NULL, '0.00', 0),
(2359, 5, 20, 'PRO-PF 134-158', 'Fixing Lug', 21, 0, 0, 0, 0, NULL, NULL, NULL, NULL, NULL, NULL, '0.00', 0),
(2360, 5, 20, 'PRO-PF 134-159', 'Water Pump Drive Lubricating', 21, 0, 0, 0, 0, NULL, NULL, NULL, NULL, NULL, NULL, '0.00', 0),
(2361, 5, 20, 'PRO-PF 134-166A', 'Orifice', 21, 0, 0, 0, 0, NULL, NULL, NULL, NULL, NULL, NULL, '0.00', 0),
(2362, 5, 20, 'PRO-PF 134-166B', 'Joint', 21, 0, 0, 0, 0, NULL, NULL, NULL, NULL, NULL, NULL, '0.00', 0),
(2363, 5, 20, 'PRO-PF 134-166C', 'Diaphragm', 21, 0, 0, 0, 0, NULL, NULL, NULL, NULL, NULL, NULL, '0.00', 0),
(2364, 5, 20, 'PRO-PF 134-168', 'O ring', 21, 0, 0, 0, 0, NULL, NULL, NULL, NULL, NULL, NULL, '0.00', 0),
(2365, 5, 20, 'PRO-PF 134-170', 'Spring Pin', 21, 0, 0, 0, 0, NULL, NULL, NULL, NULL, NULL, NULL, '0.00', 0),
(2366, 5, 20, 'PRO-PF 134-171A', 'Circlip ', 21, 0, 0, 0, 0, NULL, NULL, NULL, NULL, NULL, NULL, '0.00', 0),
(2367, 5, 20, 'PRO-PF 134-171B', 'Elastic Ring', 21, 0, 0, 0, 0, NULL, NULL, NULL, NULL, NULL, NULL, '0.00', 0),
(2368, 5, 20, 'PRO-PF 134-172', 'Packing', 21, 0, 0, 0, 0, NULL, NULL, NULL, NULL, NULL, NULL, '0.00', 0),
(2369, 5, 20, 'PRO-PF 134-176', 'Packing', 21, 0, 0, 0, 0, NULL, NULL, NULL, NULL, NULL, NULL, '0.00', 0),
(2370, 5, 20, 'PRO-PF 134-177', 'O ring', 21, 0, 0, 0, 0, NULL, NULL, NULL, NULL, NULL, NULL, '0.00', 0),
(2371, 5, 20, 'PRO-PF 134-183', 'Union', 21, 0, 0, 0, 0, NULL, NULL, NULL, NULL, NULL, NULL, '0.00', 0),
(2372, 5, 20, 'PRO-PF 134-184', 'Male Union', 21, 0, 0, 0, 0, NULL, NULL, NULL, NULL, NULL, NULL, '0.00', 0),
(2373, 5, 20, 'PRO-PF 134-185', 'Packing', 21, 0, 0, 0, 0, NULL, NULL, NULL, NULL, NULL, NULL, '0.00', 0),
(2374, 5, 20, 'PRO-PF 134-187', 'Copper Joint', 21, 0, 0, 0, 0, NULL, NULL, NULL, NULL, NULL, NULL, '0.00', 0),
(2375, 5, 20, 'PRO-PF 134-188', 'Copper Packing', 21, 0, 0, 0, 0, NULL, NULL, NULL, NULL, NULL, NULL, '0.00', 0),
(2376, 5, 20, 'PRO-PF 134-189', 'Copper Joint', 21, 0, 0, 0, 0, NULL, NULL, NULL, NULL, NULL, NULL, '0.00', 0),
(2377, 5, 20, 'PRO-PF 134-190', 'Copper Packing', 21, 0, 0, 0, 0, NULL, NULL, NULL, NULL, NULL, NULL, '0.00', 0),
(2378, 5, 20, 'PRO-PF 134-191', 'Copper Packing', 21, 0, 0, 0, 0, NULL, NULL, NULL, NULL, NULL, NULL, '0.00', 0),
(2379, 5, 20, 'PRO-PF 134-192', 'Copper Packing', 21, 0, 0, 0, 0, NULL, NULL, NULL, NULL, NULL, NULL, '0.00', 0),
(2380, 5, 20, 'PRO-PF 134-193', 'Copper Packing', 21, 0, 0, 0, 0, NULL, NULL, NULL, NULL, NULL, NULL, '0.00', 0),
(2381, 5, 20, 'PRO-PF 134-194B', 'Copper Joint', 21, 0, 0, 0, 0, NULL, NULL, NULL, NULL, NULL, NULL, '0.00', 0),
(2382, 5, 20, 'PRO-PF 134-195', 'Screw', 21, 0, 0, 0, 0, NULL, NULL, NULL, NULL, NULL, NULL, '0.00', 0),
(2383, 5, 20, 'PRO-PF 134-196A', 'Bolt', 21, 0, 0, 0, 0, NULL, NULL, NULL, NULL, NULL, NULL, '0.00', 0),
(2384, 5, 20, 'PRO-PF 134-196B', 'Setscrew', 21, 0, 0, 0, 0, NULL, NULL, NULL, NULL, NULL, NULL, '0.00', 0),
(2385, 5, 20, 'PRO-PF 134-197A', 'Bolt', 21, 0, 0, 0, 0, NULL, NULL, NULL, NULL, NULL, NULL, '0.00', 0),
(2386, 5, 20, 'PRO-PF 134-197B', 'Setscrew', 21, 0, 0, 0, 0, NULL, NULL, NULL, NULL, NULL, NULL, '0.00', 0),
(2387, 5, 20, 'PRO-PF 134-198A', 'Bolt', 21, 0, 0, 0, 0, NULL, NULL, NULL, NULL, NULL, NULL, '0.00', 0),
(2388, 5, 20, 'PRO-PF 134-198B', 'Setscrew', 21, 0, 0, 0, 0, NULL, NULL, NULL, NULL, NULL, NULL, '0.00', 0),
(2389, 5, 20, 'PRO-PF 134-199A', 'Bolt', 21, 0, 0, 0, 0, NULL, NULL, NULL, NULL, NULL, NULL, '0.00', 0),
(2390, 5, 20, 'PRO-PF 134-199B', 'Setscrew', 21, 0, 0, 0, 0, NULL, NULL, NULL, NULL, NULL, NULL, '0.00', 0),
(2391, 5, 20, 'PRO-PF 134-201', 'Main L. O Pipe', 21, 0, 0, 0, 0, NULL, NULL, NULL, NULL, NULL, NULL, '0.00', 0),
(2392, 5, 20, 'PRO-PF 134-205A', 'Bolt', 21, 0, 0, 0, 0, NULL, NULL, NULL, NULL, NULL, NULL, '0.00', 0),
(2393, 5, 20, 'PRO-PF 134-205B', 'Setscrew', 21, 0, 0, 0, 0, NULL, NULL, NULL, NULL, NULL, NULL, '0.00', 0),
(2394, 5, 20, 'PRO-PF 134-212', 'Nut', 21, 0, 0, 0, 0, NULL, NULL, NULL, NULL, NULL, NULL, '0.00', 0),
(2395, 5, 20, 'PRO-PF 134-213', 'Nut', 21, 0, 0, 0, 0, NULL, NULL, NULL, NULL, NULL, NULL, '0.00', 0),
(2396, 5, 20, 'PRO-PF 134-214', 'Nut', 21, 0, 0, 0, 0, NULL, NULL, NULL, NULL, NULL, NULL, '0.00', 0),
(2397, 5, 20, 'PRO-PF 134-217', 'Tab Washer', 21, 0, 0, 0, 0, NULL, NULL, NULL, NULL, NULL, NULL, '0.00', 0),
(2398, 5, 20, 'PRO-PF 134-219', 'Thrust Berg Leak Oil Pipe', 21, 0, 0, 0, 0, NULL, NULL, NULL, NULL, NULL, NULL, '0.00', 0),
(2399, 5, 20, 'PRO-PF 134-237', 'Hollow Setscrew', 21, 0, 0, 0, 0, NULL, NULL, NULL, NULL, NULL, NULL, '0.00', 0),
(2400, 5, 20, 'PRO-PF 134-238A', 'Thrust Berg Feed pipe', 21, 0, 0, 0, 0, NULL, NULL, NULL, NULL, NULL, NULL, '0.00', 0),
(2401, 5, 20, 'PRO-PF 134-238B', 'Bearing Lubricating', 21, 0, 0, 0, 0, NULL, NULL, NULL, NULL, NULL, NULL, '0.00', 0),
(2402, 5, 20, 'PRO-PF 134-241A', 'Bolt', 21, 0, 0, 0, 0, NULL, NULL, NULL, NULL, NULL, NULL, '0.00', 0),
(2403, 5, 20, 'PRO-PF 134-241B', 'Setscrew', 21, 0, 0, 0, 0, NULL, NULL, NULL, NULL, NULL, NULL, '0.00', 0),
(2404, 5, 20, 'PRO-PF 134-264A', 'Support', 21, 0, 0, 0, 0, NULL, NULL, NULL, NULL, NULL, NULL, '0.00', 0),
(2405, 5, 20, 'PRO-PF 134-264B', 'U Bolt', 21, 0, 0, 0, 0, NULL, NULL, NULL, NULL, NULL, NULL, '0.00', 0),
(2406, 5, 20, 'PRO-PF 134-276', 'Packing', 21, 0, 0, 0, 0, NULL, NULL, NULL, NULL, NULL, NULL, '0.00', 0),
(2407, 5, 20, 'PRO-PF 134-283', 'Plug', 21, 0, 0, 0, 0, NULL, NULL, NULL, NULL, NULL, NULL, '0.00', 0),
(2408, 5, 20, 'PRO-PF 134-300', 'Fixing Lug', 21, 0, 0, 0, 0, NULL, NULL, NULL, NULL, NULL, NULL, '0.00', 0),
(2409, 5, 20, 'PRO-PF 134-301', 'Main L. O Pipe', 21, 0, 0, 0, 0, NULL, NULL, NULL, NULL, NULL, NULL, '0.00', 0),
(2410, 5, 20, 'PRO-PF 134-329', 'Tightness', 21, 0, 0, 0, 0, NULL, NULL, NULL, NULL, NULL, NULL, '0.00', 0),
(2411, 5, 20, 'PRO-PF 134-330', 'Locking', 21, 0, 0, 0, 0, NULL, NULL, NULL, NULL, NULL, NULL, '0.00', 0),
(2412, 5, 20, 'PRO-PF 134-340', 'Distribution Plug', 21, 0, 0, 0, 0, NULL, NULL, NULL, NULL, NULL, NULL, '0.00', 0),
(2413, 5, 20, 'PRO-PF 134-354', 'Joint Piece', 21, 0, 0, 0, 0, NULL, NULL, NULL, NULL, NULL, NULL, '0.00', 0),
(2414, 5, 20, 'PRO-PF 134-374A', 'L.O Pipe', 21, 0, 0, 0, 0, NULL, NULL, NULL, NULL, NULL, NULL, '0.00', 0),
(2415, 5, 20, 'PRO-PF 134-374B', 'Inlet Pipe to Timing Gear', 21, 0, 0, 0, 0, NULL, NULL, NULL, NULL, NULL, NULL, '0.00', 0),
(2416, 5, 20, 'PRO-PF 134-378', 'Oil Inlet', 21, 0, 0, 0, 0, NULL, NULL, NULL, NULL, NULL, NULL, '0.00', 0),
(2417, 5, 20, 'PRO-PF 134-401A', 'Main L. O Pipe', 21, 0, 0, 0, 0, NULL, NULL, NULL, NULL, NULL, NULL, '0.00', 0),
(2418, 5, 20, 'PRO-PF 134-401B', 'Boss', 21, 0, 0, 0, 0, NULL, NULL, NULL, NULL, NULL, NULL, '0.00', 0),
(2419, 5, 20, 'PRO-PF 134-402', 'Joint', 21, 0, 0, 0, 0, NULL, NULL, NULL, NULL, NULL, NULL, '0.00', 0),
(2420, 5, 20, 'PRO-PF 134-403A', 'L.O Pipe', 21, 0, 0, 0, 0, NULL, NULL, NULL, NULL, NULL, NULL, '0.00', 0),
(2421, 5, 20, 'PRO-PF 134-403B', 'Plug', 21, 0, 0, 0, 0, NULL, NULL, NULL, NULL, NULL, NULL, '0.00', 0),
(2422, 5, 20, 'PRO-PF 134-404', 'Thermometer', 21, 0, 0, 0, 0, NULL, NULL, NULL, NULL, NULL, NULL, '0.00', 0),
(2423, 5, 20, 'PRO-PF 134-405A', 'Pipe', 21, 0, 0, 0, 0, NULL, NULL, NULL, NULL, NULL, NULL, '0.00', 0),
(2424, 5, 20, 'PRO-PF 134-405B', 'Feed Main Right Hand', 21, 0, 0, 0, 0, NULL, NULL, NULL, NULL, NULL, NULL, '0.00', 0),
(2425, 5, 20, 'PRO-PF 134-410', 'Support Plate', 21, 0, 0, 0, 0, NULL, NULL, NULL, NULL, NULL, NULL, '0.00', 0),
(2426, 5, 20, 'PRO-PF 134-440', 'Connection Pipe', 21, 0, 0, 0, 0, NULL, NULL, NULL, NULL, NULL, NULL, '0.00', 0),
(2427, 5, 20, 'PRO-PF 134-465A', 'Support', 21, 0, 0, 0, 0, NULL, NULL, NULL, NULL, NULL, NULL, '0.00', 0),
(2428, 5, 20, 'PRO-PF 134-465B', 'Stay', 21, 0, 0, 0, 0, NULL, NULL, NULL, NULL, NULL, NULL, '0.00', 0),
(2429, 5, 20, 'PRO-PF 134-481', 'Lub - Oil Pipe', 21, 0, 0, 0, 0, NULL, NULL, NULL, NULL, NULL, NULL, '0.00', 0),
(2430, 5, 20, 'PRO-PF 134-501', 'Main L. O Pipe', 21, 0, 0, 0, 0, NULL, NULL, NULL, NULL, NULL, NULL, '0.00', 0),
(2431, 5, 20, 'PRO-PF 134-540', 'Tube', 21, 0, 0, 0, 0, NULL, NULL, NULL, NULL, NULL, NULL, '0.00', 0),
(2432, 5, 20, 'PRO-PF 134-543', 'Camshaft Lubricating', 21, 0, 0, 0, 0, NULL, NULL, NULL, NULL, NULL, NULL, '0.00', 0),
(2433, 5, 20, 'PRO-PF 134-581', 'L.O Main Pipe', 21, 0, 0, 0, 0, NULL, NULL, NULL, NULL, NULL, NULL, '0.00', 0),
(2434, 5, 20, 'PRO-PF 134-634', 'Connection Pipe', 21, 0, 0, 0, 0, NULL, NULL, NULL, NULL, NULL, NULL, '0.00', 0),
(2435, 5, 20, 'PRO-PF 134-642', 'Timing Gear End Lubricating', 21, 0, 0, 0, 0, NULL, NULL, NULL, NULL, NULL, NULL, '0.00', 0),
(2436, 5, 20, 'PRO-PF 134-691', 'Left Intermediate Lubricating', 21, 0, 0, 0, 0, NULL, NULL, NULL, NULL, NULL, NULL, '0.00', 0),
(2437, 5, 20, 'PRO-PF 134-742', 'Timing Gear End Feed Pipe', 21, 0, 0, 0, 0, NULL, NULL, NULL, NULL, NULL, NULL, '0.00', 0),
(2438, 5, 20, 'PRO-PF 134-834', 'Junction Pipe', 21, 0, 0, 0, 0, NULL, NULL, NULL, NULL, NULL, NULL, '0.00', 0),
(2439, 5, 20, 'PRO-PF 134-904', 'Plug', 21, 0, 0, 0, 0, NULL, NULL, NULL, NULL, NULL, NULL, '0.00', 0),
(2440, 5, 20, 'PRO-PF 134-905', 'Copper Packing', 21, 0, 0, 0, 0, NULL, NULL, NULL, NULL, NULL, NULL, '0.00', 0),
(2441, 5, 20, 'PRO-PF 134-981', 'No. 1 L.O Main Pipe', 21, 0, 0, 0, 0, NULL, NULL, NULL, NULL, NULL, NULL, '0.00', 0),
(2442, 5, 20, 'PRO-PF 135-65', 'Plug', 21, 0, 0, 0, 0, NULL, NULL, NULL, NULL, NULL, NULL, '0.00', 0),
(2443, 5, 20, 'PRO-PF 135-79', 'Copper Packing', 21, 0, 0, 0, 0, NULL, NULL, NULL, NULL, NULL, NULL, '0.00', 0),
(2444, 5, 20, 'PRO-PF 135-91', 'Hollow Screw', 21, 0, 0, 0, 0, NULL, NULL, NULL, NULL, NULL, NULL, '0.00', 0),
(2445, 5, 20, 'PRO-PF 135-112', 'Nut', 21, 0, 0, 0, 0, NULL, NULL, NULL, NULL, NULL, NULL, '0.00', 0),
(2446, 5, 20, 'PRO-PF 135-119', 'Packing', 21, 0, 0, 0, 0, NULL, NULL, NULL, NULL, NULL, NULL, '0.00', 0),
(2447, 5, 20, 'PRO-PF 135-123', 'Connection', 21, 0, 0, 0, 0, NULL, NULL, NULL, NULL, NULL, NULL, '0.00', 0),
(2448, 5, 20, 'PRO-PF 135-124', 'Bolt', 21, 0, 0, 0, 0, NULL, NULL, NULL, NULL, NULL, NULL, '0.00', 0),
(2449, 5, 20, 'PRO-PF 135-126', 'Union Bolt', 21, 0, 0, 0, 0, NULL, NULL, NULL, NULL, NULL, NULL, '0.00', 0),
(2450, 5, 20, 'PRO-PF 135-161', 'Screw', 21, 0, 0, 0, 0, NULL, NULL, NULL, NULL, NULL, NULL, '0.00', 0),
(2451, 5, 20, 'PRO-PF 135-164', 'Bolt', 21, 0, 0, 0, 0, NULL, NULL, NULL, NULL, NULL, NULL, '0.00', 0),
(2452, 5, 20, 'PRO-PF 135-213', 'Bolt', 21, 0, 0, 0, 0, NULL, NULL, NULL, NULL, NULL, NULL, '0.00', 0),
(2453, 5, 20, 'PRO-PF 135-270B', 'Hollow Screw', 21, 0, 0, 0, 0, NULL, NULL, NULL, NULL, NULL, NULL, '0.00', 0),
(2454, 5, 20, 'PRO-PF 135-319', 'Tightness', 21, 0, 0, 0, 0, NULL, NULL, NULL, NULL, NULL, NULL, '0.00', 0),
(2455, 5, 20, 'PRO-PF 135-320', 'O ring', 21, 0, 0, 0, 0, NULL, NULL, NULL, NULL, NULL, NULL, '0.00', 0),
(2456, 5, 20, 'PRO-PF 135-367', 'Round Joint', 21, 0, 0, 0, 0, NULL, NULL, NULL, NULL, NULL, NULL, '0.00', 0),
(2457, 5, 20, 'PRO-PF 135-380', 'Lub. Oil Inlet Pipe (left)', 21, 0, 0, 0, 0, NULL, NULL, NULL, NULL, NULL, NULL, '0.00', 0),
(2458, 5, 20, 'PRO-PF 135-381', 'Junction Feed Pipe', 21, 0, 0, 0, 0, NULL, NULL, NULL, NULL, NULL, NULL, '0.00', 0),
(2459, 5, 20, 'PRO-PF 135-388', 'Flange', 21, 0, 0, 0, 0, NULL, NULL, NULL, NULL, NULL, NULL, '0.00', 0),
(2460, 5, 20, 'PRO-PF 135-470', 'Lub. Oil Branch Pipe', 21, 0, 0, 0, 0, NULL, NULL, NULL, NULL, NULL, NULL, '0.00', 0),
(2461, 5, 20, 'PRO-PF 135-475', 'Lub. Oil Drain Pipe', 21, 0, 0, 0, 0, NULL, NULL, NULL, NULL, NULL, NULL, '0.00', 0),
(2462, 5, 20, 'PRO-PF 135-477', 'Return Pipe to Tank', 21, 0, 0, 0, 0, NULL, NULL, NULL, NULL, NULL, NULL, '0.00', 0),
(2463, 5, 20, 'PRO-PF 135-480', 'Lub. Oil Inlet Pipe (right)', 21, 0, 0, 0, 0, NULL, NULL, NULL, NULL, NULL, NULL, '0.00', 0),
(2464, 5, 20, 'PRO-PF 135-483', 'Feed Main 8 Cyl.', 21, 0, 0, 0, 0, NULL, NULL, NULL, NULL, NULL, NULL, '0.00', 0),
(2465, 5, 20, 'PRO-PF 135-485', 'Feed Main 8 Cyl.', 21, 0, 0, 0, 0, NULL, NULL, NULL, NULL, NULL, NULL, '0.00', 0),
(2466, 5, 20, 'PRO-PF 135-488', 'Return Main 8 Cyl.', 21, 0, 0, 0, 0, NULL, NULL, NULL, NULL, NULL, NULL, '0.00', 0),
(2467, 5, 20, 'PRO-PF 135-492', 'Return Main 8 Cyl.', 21, 0, 0, 0, 0, NULL, NULL, NULL, NULL, NULL, NULL, '0.00', 0),
(2468, 5, 20, 'PRO-PF 135-511', 'Support', 21, 0, 0, 0, 0, NULL, NULL, NULL, NULL, NULL, NULL, '0.00', 0),
(2469, 5, 20, 'PRO-PF 135-568', 'Lub. Oil Outlet Pipe', 21, 0, 0, 0, 0, NULL, NULL, NULL, NULL, NULL, NULL, '0.00', 0),
(2470, 5, 20, 'PRO-PF 135-570', 'Junction Pipe', 21, 0, 0, 0, 0, NULL, NULL, NULL, NULL, NULL, NULL, '0.00', 0),
(2471, 5, 20, 'PRO-PF 135-572', 'Junction Pipe', 21, 0, 0, 0, 0, NULL, NULL, NULL, NULL, NULL, NULL, '0.00', 0),
(2472, 5, 20, 'PRO-PF 135-575', 'Tee', 21, 0, 0, 0, 0, NULL, NULL, NULL, NULL, NULL, NULL, '0.00', 0),
(2473, 5, 20, 'PRO-PF 135-578', 'Oil Return Pipe to tank', 21, 0, 0, 0, 0, NULL, NULL, NULL, NULL, NULL, NULL, '0.00', 0),
(2474, 5, 20, 'PRO-PF 135-581', 'Pipe Clip', 21, 0, 0, 0, 0, NULL, NULL, NULL, NULL, NULL, NULL, '0.00', 0),
(2475, 5, 20, 'PRO-PF 135-582', 'Plate', 21, 0, 0, 0, 0, NULL, NULL, NULL, NULL, NULL, NULL, '0.00', 0),
(2476, 5, 20, 'PRO-PF 135-583', 'Feed Main 10 Cyl.', 21, 0, 0, 0, 0, NULL, NULL, NULL, NULL, NULL, NULL, '0.00', 0),
(2477, 5, 20, 'PRO-PF 135-585A', 'Feed Main 10 Cyl.', 21, 0, 0, 0, 0, NULL, NULL, NULL, NULL, NULL, NULL, '0.00', 0),
(2478, 5, 20, 'PRO-PF 135-585B', 'Screw', 21, 0, 0, 0, 0, NULL, NULL, NULL, NULL, NULL, NULL, '0.00', 0),
(2479, 5, 20, 'PRO-PF 135-588', 'Return Main 10 Cyl.', 21, 0, 0, 0, 0, NULL, NULL, NULL, NULL, NULL, NULL, '0.00', 0),
(2480, 5, 20, 'PRO-PF 135-590', 'Screw', 21, 0, 0, 0, 0, NULL, NULL, NULL, NULL, NULL, NULL, '0.00', 0),
(2481, 5, 20, 'PRO-PF 135-592', 'Return Main 10 Cyl.', 21, 0, 0, 0, 0, NULL, NULL, NULL, NULL, NULL, NULL, '0.00', 0),
(2482, 5, 20, 'PRO-PF 135-594', 'Round Flange', 21, 0, 0, 0, 0, NULL, NULL, NULL, NULL, NULL, NULL, '0.00', 0),
(2483, 5, 20, 'PRO-PF 135-596', 'Screw', 21, 0, 0, 0, 0, NULL, NULL, NULL, NULL, NULL, NULL, '0.00', 0),
(2484, 5, 20, 'PRO-PF 135-624', 'Copper Packing', 21, 0, 0, 0, 0, NULL, NULL, NULL, NULL, NULL, NULL, '0.00', 0),
(2485, 5, 20, 'PRO-PF 135-668', 'Lub. Oil Outlet Pipe', 21, 0, 0, 0, 0, NULL, NULL, NULL, NULL, NULL, NULL, '0.00', 0),
(2486, 5, 20, 'PRO-PF 135-670', 'Angle Bracket', 21, 0, 0, 0, 0, NULL, NULL, NULL, NULL, NULL, NULL, '0.00', 0),
(2487, 5, 20, 'PRO-PF 135-671', 'Stay/Bracket', 21, 0, 0, 0, 0, NULL, NULL, NULL, NULL, NULL, NULL, '0.00', 0),
(2488, 5, 20, 'PRO-PF 135-674', 'Clamp', 21, 0, 0, 0, 0, NULL, NULL, NULL, NULL, NULL, NULL, '0.00', 0),
(2489, 5, 20, 'PRO-PF 135-675', 'Pipe Clip', 21, 0, 0, 0, 0, NULL, NULL, NULL, NULL, NULL, NULL, '0.00', 0),
(2490, 5, 20, 'PRO-PF 135-676', 'Pipe Clip', 21, 0, 0, 0, 0, NULL, NULL, NULL, NULL, NULL, NULL, '0.00', 0),
(2491, 5, 20, 'PRO-PF 135-677', 'Pipe Clip', 21, 0, 0, 0, 0, NULL, NULL, NULL, NULL, NULL, NULL, '0.00', 0),
(2492, 5, 20, 'PRO-PF 135-678', 'Diaphragm', 21, 0, 0, 0, 0, NULL, NULL, NULL, NULL, NULL, NULL, '0.00', 0),
(2493, 5, 20, 'PRO-PF 135-680', 'Plate', 21, 0, 0, 0, 0, NULL, NULL, NULL, NULL, NULL, NULL, '0.00', 0),
(2494, 5, 20, 'PRO-PF 135-681', 'Nut', 21, 0, 0, 0, 0, NULL, NULL, NULL, NULL, NULL, NULL, '0.00', 0),
(2495, 5, 20, 'PRO-PF 135-682', 'Stay/Pipe Clip', 21, 0, 0, 0, 0, NULL, NULL, NULL, NULL, NULL, NULL, '0.00', 0),
(2496, 5, 20, 'PRO-PF 135-683A', 'Lub. Oil Inlet Pipe for 12V Right Bank', 21, 0, 0, 0, 0, NULL, NULL, NULL, NULL, NULL, NULL, '0.00', 0),
(2497, 5, 20, 'PRO-PF 135-683B', 'Feed Main 12 Cyl.', 21, 0, 0, 0, 0, NULL, NULL, NULL, NULL, NULL, NULL, '0.00', 0),
(2498, 5, 20, 'PRO-PF 135-685A', 'Lub. Oil Inlet Pipe for 12V Left Bank', 21, 0, 0, 0, 0, NULL, NULL, NULL, NULL, NULL, NULL, '0.00', 0),
(2499, 5, 20, 'PRO-PF 135-685B', 'Feed Main 12 Cyl.', 21, 0, 0, 0, 0, NULL, NULL, NULL, NULL, NULL, NULL, '0.00', 0),
(2500, 5, 20, 'PRO-PF 135-687', 'Feed Pipe', 21, 0, 0, 0, 0, NULL, NULL, NULL, NULL, NULL, NULL, '0.00', 0),
(2501, 5, 20, 'PRO-PF 135-688A', 'Lub. Oil Inlet Pipe for 12V Right Bank', 21, 0, 0, 0, 0, NULL, NULL, NULL, NULL, NULL, NULL, '0.00', 0),
(2502, 5, 20, 'PRO-PF 135-688B', 'Return Main 12 Cyl.', 21, 0, 0, 0, 0, NULL, NULL, NULL, NULL, NULL, NULL, '0.00', 0),
(2503, 5, 20, 'PRO-PF 135-690', 'Aeroquip Coupling', 21, 0, 0, 0, 0, NULL, NULL, NULL, NULL, NULL, NULL, '0.00', 0),
(2504, 5, 20, 'PRO-PF 135-691', 'Double Union', 21, 0, 0, 0, 0, NULL, NULL, NULL, NULL, NULL, NULL, '0.00', 0),
(2505, 5, 20, 'PRO-PF 135-692A', 'Lub. Oil Inlet Pipe for 12V Left Bank', 21, 0, 0, 0, 0, NULL, NULL, NULL, NULL, NULL, NULL, '0.00', 0),
(2506, 5, 20, 'PRO-PF 135-692B', 'Return Main 12 Cyl.', 21, 0, 0, 0, 0, NULL, NULL, NULL, NULL, NULL, NULL, '0.00', 0),
(2507, 5, 20, 'PRO-PF 135-694', 'Bolt', 21, 0, 0, 0, 0, NULL, NULL, NULL, NULL, NULL, NULL, '0.00', 0),
(2508, 5, 20, 'PRO-PF 135-695', 'Screw', 21, 0, 0, 0, 0, NULL, NULL, NULL, NULL, NULL, NULL, '0.00', 0),
(2509, 5, 20, 'PRO-PF 135-696', 'Screw', 21, 0, 0, 0, 0, NULL, NULL, NULL, NULL, NULL, NULL, '0.00', 0),
(2510, 5, 20, 'PRO-PF 135-697', 'Washer', 21, 0, 0, 0, 0, NULL, NULL, NULL, NULL, NULL, NULL, '0.00', 0),
(2511, 5, 20, 'PRO-PF 135-698', 'Screw', 21, 0, 0, 0, 0, NULL, NULL, NULL, NULL, NULL, NULL, '0.00', 0),
(2512, 5, 20, 'PRO-PF 135-700', 'Support', 21, 0, 0, 0, 0, NULL, NULL, NULL, NULL, NULL, NULL, '0.00', 0),
(2513, 5, 20, 'PRO-PF 135-783A', 'Lub. Oil Inlet Pipe for 14V Right Bank', 21, 0, 0, 0, 0, NULL, NULL, NULL, NULL, NULL, NULL, '0.00', 0),
(2514, 5, 20, 'PRO-PF 135-783B', 'Feed Main 14 Cyl.', 21, 0, 0, 0, 0, NULL, NULL, NULL, NULL, NULL, NULL, '0.00', 0),
(2515, 5, 20, 'PRO-PF 135-785A', 'Lub. Oil Inlet Pipe for 14V Left Bank', 21, 0, 0, 0, 0, NULL, NULL, NULL, NULL, NULL, NULL, '0.00', 0),
(2516, 5, 20, 'PRO-PF 135-785B', 'Feed Main 14 Cyl.', 21, 0, 0, 0, 0, NULL, NULL, NULL, NULL, NULL, NULL, '0.00', 0),
(2517, 5, 20, 'PRO-PF 135-788A', 'Lub. Oil Outlet Pipe for 14V Right Bank', 21, 0, 0, 0, 0, NULL, NULL, NULL, NULL, NULL, NULL, '0.00', 0),
(2518, 5, 20, 'PRO-PF 135-788B', 'Return Main 14 Cyl.', 21, 0, 0, 0, 0, NULL, NULL, NULL, NULL, NULL, NULL, '0.00', 0),
(2519, 5, 20, 'PRO-PF 135-792A', 'Lub. Oil Outlet Pipe for 14V Left Bank', 21, 0, 0, 0, 0, NULL, NULL, NULL, NULL, NULL, NULL, '0.00', 0),
(2520, 5, 20, 'PRO-PF 135-792B', 'Return Main 14 Cyl.', 21, 0, 0, 0, 0, NULL, NULL, NULL, NULL, NULL, NULL, '0.00', 0),
(2521, 5, 20, 'PRO-PF 135-883A', 'Lub. Oil Inlet Pipe for 16V Right Bank', 21, 0, 0, 0, 0, NULL, NULL, NULL, NULL, NULL, NULL, '0.00', 0),
(2522, 5, 20, 'PRO-PF 135-883B', 'Feed Main 16 Cyl.', 21, 0, 0, 0, 0, NULL, NULL, NULL, NULL, NULL, NULL, '0.00', 0),
(2523, 5, 20, 'PRO-PF 135-885A', 'Lub. Oil Inlet Pipe for 16V Left Bank', 21, 0, 0, 0, 0, NULL, NULL, NULL, NULL, NULL, NULL, '0.00', 0),
(2524, 5, 20, 'PRO-PF 135-885B', 'Feed Main 16 Cyl.', 21, 0, 0, 0, 0, NULL, NULL, NULL, NULL, NULL, NULL, '0.00', 0),
(2525, 5, 20, 'PRO-PF 135-888A', 'Lub. Oil Outlet Pipe for 16V Right Bank', 21, 0, 0, 0, 0, NULL, NULL, NULL, NULL, NULL, NULL, '0.00', 0),
(2526, 5, 20, 'PRO-PF 135-888B', 'Return Main 16 Cyl.', 21, 0, 0, 0, 0, NULL, NULL, NULL, NULL, NULL, NULL, '0.00', 0),
(2527, 5, 20, 'PRO-PF 135-892A', 'Lub. Oil Outlet Pipe for 16V Left Bank', 21, 0, 0, 0, 0, NULL, NULL, NULL, NULL, NULL, NULL, '0.00', 0),
(2528, 5, 20, 'PRO-PF 135-892B', 'Return Main 16 Cyl.', 21, 0, 0, 0, 0, NULL, NULL, NULL, NULL, NULL, NULL, '0.00', 0),
(2529, 5, 20, 'PRO-PF 135-901', 'U Bolt', 21, 0, 0, 0, 0, NULL, NULL, NULL, NULL, NULL, NULL, '0.00', 0),
(2530, 5, 20, 'PRO-PF 135-902', 'Stay', 21, 0, 0, 0, 0, NULL, NULL, NULL, NULL, NULL, NULL, '0.00', 0),
(2531, 5, 20, 'PRO-PF 135-903', 'Clamp', 21, 0, 0, 0, 0, NULL, NULL, NULL, NULL, NULL, NULL, '0.00', 0),
(2532, 5, 20, 'PRO-PF 135-904', 'Nut', 21, 0, 0, 0, 0, NULL, NULL, NULL, NULL, NULL, NULL, '0.00', 0),
(2533, 5, 20, 'PRO-PF 135-918', 'Marine Bronze Screwed Cock', 21, 0, 0, 0, 0, NULL, NULL, NULL, NULL, NULL, NULL, '0.00', 0),
(2534, 5, 20, 'PRO-PF 135-945', 'Packing', 21, 0, 0, 0, 0, NULL, NULL, NULL, NULL, NULL, NULL, '0.00', 0),
(2535, 5, 20, 'PRO-PF 135-946', 'Cover', 21, 0, 0, 0, 0, NULL, NULL, NULL, NULL, NULL, NULL, '0.00', 0),
(2536, 5, 20, 'PRO-PF 135-983A', 'Lub. Oil Inlet Pipe for 18V Right Bank', 21, 0, 0, 0, 0, NULL, NULL, NULL, NULL, NULL, NULL, '0.00', 0),
(2537, 5, 20, 'PRO-PF 135-983B', 'Feed Main 18 Cyl.', 21, 0, 0, 0, 0, NULL, NULL, NULL, NULL, NULL, NULL, '0.00', 0),
(2538, 5, 20, 'PRO-PF 135-985A', 'Lub. Oil Inlet Pipe for 18V Left Bank', 21, 0, 0, 0, 0, NULL, NULL, NULL, NULL, NULL, NULL, '0.00', 0),
(2539, 5, 20, 'PRO-PF 135-985B', 'Feed Main 18 Cyl.', 21, 0, 0, 0, 0, NULL, NULL, NULL, NULL, NULL, NULL, '0.00', 0),
(2540, 5, 20, 'PRO-PF 135-988A', 'Lub. Oil Inlet Pipe for 18V Right Bank', 21, 0, 0, 0, 0, NULL, NULL, NULL, NULL, NULL, NULL, '0.00', 0),
(2541, 5, 20, 'PRO-PF 135-988B', 'Return Main 18 Cyl.', 21, 0, 0, 0, 0, NULL, NULL, NULL, NULL, NULL, NULL, '0.00', 0),
(2542, 5, 20, 'PRO-PF 135-992A', 'Lub. Oil Inlet Pipe for 18V Left Bank', 21, 0, 0, 0, 0, NULL, NULL, NULL, NULL, NULL, NULL, '0.00', 0),
(2543, 5, 20, 'PRO-PF 135-992B', 'Return Main 18 Cyl.', 21, 0, 0, 0, 0, NULL, NULL, NULL, NULL, NULL, NULL, '0.00', 0),
(2544, 5, 20, 'PRO-PF 136-1', 'End Cover', 21, 0, 0, 0, 0, NULL, NULL, NULL, NULL, NULL, NULL, '0.00', 0),
(2545, 5, 20, 'PRO-PF 136-2', 'End Cover', 21, 0, 0, 0, 0, NULL, NULL, NULL, NULL, NULL, NULL, '0.00', 0),
(2546, 5, 20, 'PRO-PF 136-3', 'Main 12 Cyl.', 21, 0, 0, 0, 0, NULL, NULL, NULL, NULL, NULL, NULL, '0.00', 0),
(2547, 5, 20, 'PRO-PF 136-4A', 'Main 14 Cyl.', 21, 0, 0, 0, 0, NULL, NULL, NULL, NULL, NULL, NULL, '0.00', 0),
(2548, 5, 20, 'PRO-PF 136-4B', 'Washer', 21, 0, 0, 0, 0, NULL, NULL, NULL, NULL, NULL, NULL, '0.00', 0),
(2549, 5, 20, 'PRO-PF 136-5A', 'Main 16 Cyl.', 21, 0, 0, 0, 0, NULL, NULL, NULL, NULL, NULL, NULL, '0.00', 0),
(2550, 5, 20, 'PRO-PF 136-5B', 'Screw', 21, 0, 0, 0, 0, NULL, NULL, NULL, NULL, NULL, NULL, '0.00', 0),
(2551, 5, 20, 'PRO-PF 136-6A', 'Main 18 Cyl.', 21, 0, 0, 0, 0, NULL, NULL, NULL, NULL, NULL, NULL, '0.00', 0),
(2552, 5, 20, 'PRO-PF 136-6B', 'Screw', 21, 0, 0, 0, 0, NULL, NULL, NULL, NULL, NULL, NULL, '0.00', 0),
(2553, 5, 20, 'PRO-PF 136-7', 'Locking', 21, 0, 0, 0, 0, NULL, NULL, NULL, NULL, NULL, NULL, '0.00', 0),
(2554, 5, 20, 'PRO-PF 136-9', 'Support', 21, 0, 0, 0, 0, NULL, NULL, NULL, NULL, NULL, NULL, '0.00', 0),
(2555, 5, 20, 'PRO-PF 136-10A', 'Main 12 Cyl.', 21, 0, 0, 0, 0, NULL, NULL, NULL, NULL, NULL, NULL, '0.00', 0),
(2556, 5, 20, 'PRO-PF 136-10B', 'End Cover', 21, 0, 0, 0, 0, NULL, NULL, NULL, NULL, NULL, NULL, '0.00', 0),
(2557, 5, 20, 'PRO-PF 136-11A', 'Main 14 Cyl.', 21, 0, 0, 0, 0, NULL, NULL, NULL, NULL, NULL, NULL, '0.00', 0),
(2558, 5, 20, 'PRO-PF 136-11B', 'Screw', 21, 0, 0, 0, 0, NULL, NULL, NULL, NULL, NULL, NULL, '0.00', 0),
(2559, 5, 20, 'PRO-PF 136-12A', 'Main 16 Cyl.', 21, 0, 0, 0, 0, NULL, NULL, NULL, NULL, NULL, NULL, '0.00', 0),
(2560, 5, 20, 'PRO-PF 136-12B', 'Screw', 21, 0, 0, 0, 0, NULL, NULL, NULL, NULL, NULL, NULL, '0.00', 0),
(2561, 5, 20, 'PRO-PF 136-13', 'Main 18 Cyl.', 21, 0, 0, 0, 0, NULL, NULL, NULL, NULL, NULL, NULL, '0.00', 0),
(2562, 5, 20, 'PRO-PF 136-17', 'Steam Main 12 Cyl.', 21, 0, 0, 0, 0, NULL, NULL, NULL, NULL, NULL, NULL, '0.00', 0),
(2563, 5, 20, 'PRO-PF 136-18', 'Steam Main 14 Cyl.', 21, 0, 0, 0, 0, NULL, NULL, NULL, NULL, NULL, NULL, '0.00', 0),
(2564, 5, 20, 'PRO-PF 136-19', 'Steam Main 16 Cyl.', 21, 0, 0, 0, 0, NULL, NULL, NULL, NULL, NULL, NULL, '0.00', 0),
(2565, 5, 20, 'PRO-PF 136-20', 'Steam Main 18 Cyl.', 21, 0, 0, 0, 0, NULL, NULL, NULL, NULL, NULL, NULL, '0.00', 0),
(2566, 5, 20, 'PRO-PF 136-22', 'Setscrew, PN A00971235', 21, 0, 0, 0, 0, NULL, NULL, NULL, NULL, NULL, NULL, '0.00', 0),
(2567, 5, 20, 'PRO-PF 136-24', 'Return Pipe 12 Cyl.', 21, 0, 0, 0, 0, NULL, NULL, NULL, NULL, NULL, NULL, '0.00', 0),
(2568, 5, 20, 'PRO-PF 136-25', 'Return Pipe 14 Cyl.', 21, 0, 0, 0, 0, NULL, NULL, NULL, NULL, NULL, NULL, '0.00', 0),
(2569, 5, 20, 'PRO-PF 136-26', 'Return Pipe 16 Cyl.', 21, 0, 0, 0, 0, NULL, NULL, NULL, NULL, NULL, NULL, '0.00', 0),
(2570, 5, 20, 'PRO-PF 136-27', 'Return Pipe 18 Cyl.', 21, 0, 0, 0, 0, NULL, NULL, NULL, NULL, NULL, NULL, '0.00', 0),
(2571, 5, 20, 'PRO-PF 136-28', 'End Pipe', 21, 0, 0, 0, 0, NULL, NULL, NULL, NULL, NULL, NULL, '0.00', 0),
(2572, 5, 20, 'PRO-PF 136-29C', 'End Pipe', 21, 0, 0, 0, 0, NULL, NULL, NULL, NULL, NULL, NULL, '0.00', 0),
(2573, 5, 20, 'PRO-PF 136-30', 'Intermediate Pipe', 21, 0, 0, 0, 0, NULL, NULL, NULL, NULL, NULL, NULL, '0.00', 0),
(2574, 5, 20, 'PRO-PF 136-31', 'Lower Casing', 21, 0, 0, 0, 0, NULL, NULL, NULL, NULL, NULL, NULL, '0.00', 0),
(2575, 5, 20, 'PRO-PF 136-32', 'Upper Casing', 21, 0, 0, 0, 0, NULL, NULL, NULL, NULL, NULL, NULL, '0.00', 0),
(2576, 5, 20, 'PRO-PF 136-33', 'Nut', 21, 0, 0, 0, 0, NULL, NULL, NULL, NULL, NULL, NULL, '0.00', 0),
(2577, 5, 20, 'PRO-PF 136-34', 'Cock', 21, 0, 0, 0, 0, NULL, NULL, NULL, NULL, NULL, NULL, '0.00', 0),
(2578, 5, 20, 'PRO-PF 136-35', 'Feed Pipe', 21, 0, 0, 0, 0, NULL, NULL, NULL, NULL, NULL, NULL, '0.00', 0),
(2579, 5, 20, 'PRO-PF 136-36', 'Discharge Pipe', 21, 0, 0, 0, 0, NULL, NULL, NULL, NULL, NULL, NULL, '0.00', 0),
(2580, 5, 20, 'PRO-PF 136-37', 'O-ring', 21, 0, 0, 0, 0, NULL, NULL, NULL, NULL, NULL, NULL, '0.00', 0),
(2581, 5, 20, 'PRO-PF 136-38', 'Protection Sheath', 21, 0, 0, 0, 0, NULL, NULL, NULL, NULL, NULL, NULL, '0.00', 0),
(2582, 5, 20, 'PRO-PF 136-39', 'Protection Sheath', 21, 0, 0, 0, 0, NULL, NULL, NULL, NULL, NULL, NULL, '0.00', 0),
(2583, 5, 20, 'PRO-PF 136-40', 'Clamp Collar', 21, 0, 0, 0, 0, NULL, NULL, NULL, NULL, NULL, NULL, '0.00', 0),
(2584, 5, 20, 'PRO-PF 136-41', 'Deflector', 21, 0, 0, 0, 0, NULL, NULL, NULL, NULL, NULL, NULL, '0.00', 0),
(2585, 5, 20, 'PRO-PF 136-42', 'Base Plate', 21, 0, 0, 0, 0, NULL, NULL, NULL, NULL, NULL, NULL, '0.00', 0),
(2586, 5, 20, 'PRO-PF 136-43', 'Screw', 21, 0, 0, 0, 0, NULL, NULL, NULL, NULL, NULL, NULL, '0.00', 0),
(2587, 5, 20, 'PRO-PF 136-44', 'Wheel ', 21, 0, 0, 0, 0, NULL, NULL, NULL, NULL, NULL, NULL, '0.00', 0),
(2588, 5, 20, 'PRO-PF 136-45', 'Washer', 21, 0, 0, 0, 0, NULL, NULL, NULL, NULL, NULL, NULL, '0.00', 0),
(2589, 5, 20, 'PRO-PF 136-46', 'Safety Washer', 21, 0, 0, 0, 0, NULL, NULL, NULL, NULL, NULL, NULL, '0.00', 0),
(2590, 5, 20, 'PRO-PF 136-47', 'Fixing Plate', 21, 0, 0, 0, 0, NULL, NULL, NULL, NULL, NULL, NULL, '0.00', 0),
(2591, 5, 20, 'PRO-PF 136-48', 'Washer', 21, 0, 0, 0, 0, NULL, NULL, NULL, NULL, NULL, NULL, '0.00', 0),
(2592, 5, 20, 'PRO-PF 136-49', 'Screw', 21, 0, 0, 0, 0, NULL, NULL, NULL, NULL, NULL, NULL, '0.00', 0),
(2593, 5, 20, 'PRO-PF 136-51', 'Cover', 21, 0, 0, 0, 0, NULL, NULL, NULL, NULL, NULL, NULL, '0.00', 0),
(2594, 5, 20, 'PRO-PF 136-52', 'Recovery Sump Support', 21, 0, 0, 0, 0, NULL, NULL, NULL, NULL, NULL, NULL, '0.00', 0),
(2595, 5, 20, 'PRO-PF 136-56', 'Recovery Sump', 21, 0, 0, 0, 0, NULL, NULL, NULL, NULL, NULL, NULL, '0.00', 0),
(2596, 5, 20, 'PRO-PF 136-57', 'Recovery Sump', 21, 0, 0, 0, 0, NULL, NULL, NULL, NULL, NULL, NULL, '0.00', 0),
(2597, 5, 20, 'PRO-PF 136-58', 'Recovery Sump', 21, 0, 0, 0, 0, NULL, NULL, NULL, NULL, NULL, NULL, '0.00', 0),
(2598, 5, 20, 'PRO-PF 136-59', 'Recovery Sump', 21, 0, 0, 0, 0, NULL, NULL, NULL, NULL, NULL, NULL, '0.00', 0),
(2599, 5, 20, 'PRO-PF 136-60', 'Diaphragm', 21, 0, 0, 0, 0, NULL, NULL, NULL, NULL, NULL, NULL, '0.00', 0),
(2600, 5, 20, 'PRO-PF 136-61', 'Square Joint', 21, 0, 0, 0, 0, NULL, NULL, NULL, NULL, NULL, NULL, '0.00', 0),
(2601, 5, 20, 'PRO-PF 136-62', 'Oval Joint', 21, 0, 0, 0, 0, NULL, NULL, NULL, NULL, NULL, NULL, '0.00', 0),
(2602, 5, 20, 'PRO-PF 136-63', 'Oval Joint', 21, 0, 0, 0, 0, NULL, NULL, NULL, NULL, NULL, NULL, '0.00', 0),
(2603, 5, 20, 'PRO-PF 136-64', 'Serrated Joint', 21, 0, 0, 0, 0, NULL, NULL, NULL, NULL, NULL, NULL, '0.00', 0),
(2604, 5, 20, 'PRO-PF 136-65', 'Joint Ring', 21, 0, 0, 0, 0, NULL, NULL, NULL, NULL, NULL, NULL, '0.00', 0),
(2605, 5, 20, 'PRO-PF 136-66', 'Pipe Clip', 21, 0, 0, 0, 0, NULL, NULL, NULL, NULL, NULL, NULL, '0.00', 0),
(2606, 5, 20, 'PRO-PF 136-67', 'Nut', 21, 0, 0, 0, 0, NULL, NULL, NULL, NULL, NULL, NULL, '0.00', 0),
(2607, 5, 20, 'PRO-PF 136-68', 'Leakage Controller', 21, 0, 0, 0, 0, NULL, NULL, NULL, NULL, NULL, NULL, '0.00', 0),
(2608, 5, 20, 'PRO-PF 136-69', 'Flange', 21, 0, 0, 0, 0, NULL, NULL, NULL, NULL, NULL, NULL, '0.00', 0),
(2609, 5, 20, 'PRO-PF 136-70', 'Blind Flange', 21, 0, 0, 0, 0, NULL, NULL, NULL, NULL, NULL, NULL, '0.00', 0),
(2610, 5, 20, 'PRO-PF 136-71', 'Square Flange', 21, 0, 0, 0, 0, NULL, NULL, NULL, NULL, NULL, NULL, '0.00', 0),
(2611, 5, 20, 'PRO-PF 136-72', 'Oval Flange', 21, 0, 0, 0, 0, NULL, NULL, NULL, NULL, NULL, NULL, '0.00', 0),
(2612, 5, 20, 'PRO-PF 136-73', 'Blind Oval Flange', 21, 0, 0, 0, 0, NULL, NULL, NULL, NULL, NULL, NULL, '0.00', 0),
(2613, 5, 20, 'PRO-PF 136-74', 'Connection Flange', 21, 0, 0, 0, 0, NULL, NULL, NULL, NULL, NULL, NULL, '0.00', 0),
(2614, 5, 20, 'PRO-PF 136-75', 'Oval Flange', 21, 0, 0, 0, 0, NULL, NULL, NULL, NULL, NULL, NULL, '0.00', 0),
(2615, 5, 20, 'PRO-PF 136-77', 'Connection Pipe', 21, 0, 0, 0, 0, NULL, NULL, NULL, NULL, NULL, NULL, '0.00', 0),
(2616, 5, 20, 'PRO-PF 136-78', 'Connection Pipe', 21, 0, 0, 0, 0, NULL, NULL, NULL, NULL, NULL, NULL, '0.00', 0),
(2617, 5, 20, 'PRO-PF 136-79', 'Single Male Union', 21, 0, 0, 0, 0, NULL, NULL, NULL, NULL, NULL, NULL, '0.00', 0),
(2618, 5, 20, 'PRO-PF 136-80', 'Single Male Union', 21, 0, 0, 0, 0, NULL, NULL, NULL, NULL, NULL, NULL, '0.00', 0),
(2619, 5, 20, 'PRO-PF 136-81', 'Single Male Union', 21, 0, 0, 0, 0, NULL, NULL, NULL, NULL, NULL, NULL, '0.00', 0),
(2620, 5, 20, 'PRO-PF 136-82', 'Plug', 21, 0, 0, 0, 0, NULL, NULL, NULL, NULL, NULL, NULL, '0.00', 0),
(2621, 5, 20, 'PRO-PF 136-83B', 'Plug', 21, 0, 0, 0, 0, NULL, NULL, NULL, NULL, NULL, NULL, '0.00', 0),
(2622, 5, 20, 'PRO-PF 136-84', 'Hollow Screw', 21, 0, 0, 0, 0, NULL, NULL, NULL, NULL, NULL, NULL, '0.00', 0),
(2623, 5, 20, 'PRO-PF 136-85', 'Hollow Screw', 21, 0, 0, 0, 0, NULL, NULL, NULL, NULL, NULL, NULL, '0.00', 0),
(2624, 5, 20, 'PRO-PF 136-87', 'Joint', 21, 0, 0, 0, 0, NULL, NULL, NULL, NULL, NULL, NULL, '0.00', 0),
(2625, 5, 20, 'PRO-PF 136-88', 'Joint', 21, 0, 0, 0, 0, NULL, NULL, NULL, NULL, NULL, NULL, '0.00', 0),
(2626, 5, 20, 'PRO-PF 136-89', 'Joint', 21, 0, 0, 0, 0, NULL, NULL, NULL, NULL, NULL, NULL, '0.00', 0),
(2627, 5, 20, 'PRO-PF 136-90', 'Joint', 21, 0, 0, 0, 0, NULL, NULL, NULL, NULL, NULL, NULL, '0.00', 0),
(2628, 5, 20, 'PRO-PF 136-91', 'Serrated Joint', 21, 0, 0, 0, 0, NULL, NULL, NULL, NULL, NULL, NULL, '0.00', 0),
(2629, 5, 20, 'PRO-PF 136-92', 'Joint on Pump', 21, 0, 0, 0, 0, NULL, NULL, NULL, NULL, NULL, NULL, '0.00', 0),
(2630, 5, 20, 'PRO-PF 136-93', 'Pipe Clip', 21, 0, 0, 0, 0, NULL, NULL, NULL, NULL, NULL, NULL, '0.00', 0),
(2631, 5, 20, 'PRO-PF 136-94A', 'Copper Packing', 21, 0, 0, 0, 0, NULL, NULL, NULL, NULL, NULL, NULL, '0.00', 0),
(2632, 5, 20, 'PRO-PF 136-94B', 'Washer', 21, 0, 0, 0, 0, NULL, NULL, NULL, NULL, NULL, NULL, '0.00', 0),
(2633, 5, 20, 'PRO-PF 136-95', 'Washer', 21, 0, 0, 0, 0, NULL, NULL, NULL, NULL, NULL, NULL, '0.00', 0),
(2634, 5, 20, 'PRO-PF 136-96', 'Screw', 21, 0, 0, 0, 0, NULL, NULL, NULL, NULL, NULL, NULL, '0.00', 0),
(2635, 5, 20, 'PRO-PF 136-97', 'Screw', 21, 0, 0, 0, 0, NULL, NULL, NULL, NULL, NULL, NULL, '0.00', 0),
(2636, 5, 20, 'PRO-PF 136-98', 'Screw', 21, 0, 0, 0, 0, NULL, NULL, NULL, NULL, NULL, NULL, '0.00', 0),
(2637, 5, 20, 'PRO-PF 136-100', 'Screw', 21, 0, 0, 0, 0, NULL, NULL, NULL, NULL, NULL, NULL, '0.00', 0),
(2638, 5, 20, 'PRO-PF 136-101', 'Screw', 21, 0, 0, 0, 0, NULL, NULL, NULL, NULL, NULL, NULL, '0.00', 0),
(2639, 5, 20, 'PRO-PF 136-102', 'Screw', 21, 0, 0, 0, 0, NULL, NULL, NULL, NULL, NULL, NULL, '0.00', 0),
(2640, 5, 20, 'PRO-PF 136-103', 'Screw', 21, 0, 0, 0, 0, NULL, NULL, NULL, NULL, NULL, NULL, '0.00', 0),
(2641, 5, 20, 'PRO-PF 136-104', 'Screw', 21, 0, 0, 0, 0, NULL, NULL, NULL, NULL, NULL, NULL, '0.00', 0),
(2642, 5, 20, 'PRO-PF 136-105', 'Nut', 21, 0, 0, 0, 0, NULL, NULL, NULL, NULL, NULL, NULL, '0.00', 0),
(2643, 5, 20, 'PRO-PF 136-106', 'Nut', 21, 0, 0, 0, 0, NULL, NULL, NULL, NULL, NULL, NULL, '0.00', 0),
(2644, 5, 20, 'PRO-PF 136-107', 'Screw', 21, 0, 0, 0, 0, NULL, NULL, NULL, NULL, NULL, NULL, '0.00', 0),
(2645, 5, 20, 'PRO-PF 136-108', 'Locking Wire', 21, 0, 0, 0, 0, NULL, NULL, NULL, NULL, NULL, NULL, '0.00', 0),
(2646, 5, 20, 'PRO-PF 136-109', 'Locking', 21, 0, 0, 0, 0, NULL, NULL, NULL, NULL, NULL, NULL, '0.00', 0),
(2647, 5, 20, 'PRO-PF 136-110', 'Flexible Pipe', 21, 0, 0, 0, 0, NULL, NULL, NULL, NULL, NULL, NULL, '0.00', 0),
(2648, 5, 20, 'PRO-PF 136-111', 'Sealing Product', 21, 0, 0, 0, 0, NULL, NULL, NULL, NULL, NULL, NULL, '0.00', 0),
(2649, 5, 20, 'PRO-PF 136-112A', 'Pipe Clip', 21, 0, 0, 0, 0, NULL, NULL, NULL, NULL, NULL, NULL, '0.00', 0),
(2650, 5, 20, 'PRO-PF 136-112B', 'Screw', 21, 0, 0, 0, 0, NULL, NULL, NULL, NULL, NULL, NULL, '0.00', 0),
(2651, 5, 20, 'PRO-PF 136-113', 'Screw', 21, 0, 0, 0, 0, NULL, NULL, NULL, NULL, NULL, NULL, '0.00', 0),
(2652, 5, 20, 'PRO-PF 136-114', 'Pipe Clip', 21, 0, 0, 0, 0, NULL, NULL, NULL, NULL, NULL, NULL, '0.00', 0),
(2653, 5, 20, 'PRO-PF 136-115', 'Pipe', 21, 0, 0, 0, 0, NULL, NULL, NULL, NULL, NULL, NULL, '0.00', 0),
(2654, 5, 20, 'PRO-PF 136-116', 'Nut', 21, 0, 0, 0, 0, NULL, NULL, NULL, NULL, NULL, NULL, '0.00', 0),
(2655, 5, 20, 'PRO-PF 136-117', 'Pipe Clip', 21, 0, 0, 0, 0, NULL, NULL, NULL, NULL, NULL, NULL, '0.00', 0),
(2656, 5, 20, 'PRO-PF 136-118', 'Insulation', 21, 0, 0, 0, 0, NULL, NULL, NULL, NULL, NULL, NULL, '0.00', 0),
(2657, 5, 20, 'PRO-PF 136-120', 'Screw', 21, 0, 0, 0, 0, NULL, NULL, NULL, NULL, NULL, NULL, '0.00', 0),
(2658, 5, 20, 'PRO-PF 136-122', 'Pipe', 21, 0, 0, 0, 0, NULL, NULL, NULL, NULL, NULL, NULL, '0.00', 0),
(2659, 5, 20, 'PRO-PF 136-124', 'Adhesive Product', 21, 0, 0, 0, 0, NULL, NULL, NULL, NULL, NULL, NULL, '0.00', 0),
(2660, 5, 20, 'PRO-PF 136-136', 'Orifice', 21, 0, 0, 0, 0, NULL, NULL, NULL, NULL, NULL, NULL, '0.00', 0),
(2661, 5, 20, 'PRO-PF 136-137', 'O-ring, 27.7 x 3.5mm', 21, 0, 0, 0, 0, NULL, NULL, NULL, NULL, NULL, NULL, '0.00', 0),
(2662, 5, 20, 'PRO-PF 136-139', 'Packing', 21, 0, 0, 0, 0, NULL, NULL, NULL, NULL, NULL, NULL, '0.00', 0),
(2663, 5, 20, 'PRO-PF 136-147', 'O-ring', 21, 0, 0, 0, 0, NULL, NULL, NULL, NULL, NULL, NULL, '0.00', 0),
(2664, 5, 20, 'PRO-PF 136-148', 'Union', 21, 0, 0, 0, 0, NULL, NULL, NULL, NULL, NULL, NULL, '0.00', 0),
(2665, 5, 20, 'PRO-PF 136-149', 'Union', 21, 0, 0, 0, 0, NULL, NULL, NULL, NULL, NULL, NULL, '0.00', 0),
(2666, 5, 20, 'PRO-PF 136-164', 'Copper Washer, 20mm x 14.5mm x 1mmT', 21, 0, 0, 0, 0, NULL, NULL, NULL, NULL, NULL, NULL, '0.00', 0),
(2667, 5, 20, 'PRO-PF 136-171', 'Circlip ( LO Pipe Header )', 21, 0, 0, 0, 0, NULL, NULL, NULL, NULL, NULL, NULL, '0.00', 0),
(2668, 5, 20, 'PRO-PF 136-180', 'Drain Pipe', 21, 0, 0, 0, 0, NULL, NULL, NULL, NULL, NULL, NULL, '0.00', 0),
(2669, 5, 20, 'PRO-PF 136-189', 'Packing', 21, 0, 0, 0, 0, NULL, NULL, NULL, NULL, NULL, NULL, '0.00', 0),
(2670, 5, 20, 'PRO-PF 136-228', 'Union Bolt', 21, 0, 0, 0, 0, NULL, NULL, NULL, NULL, NULL, NULL, '0.00', 0),
(2671, 5, 20, 'PRO-PF 136-229', 'Copper Packing 20 x 14.5 x 1mmT', 21, 0, 0, 0, 0, NULL, NULL, NULL, NULL, NULL, NULL, '0.00', 0),
(2672, 5, 20, 'PRO-PF 136-260', 'Packing', 21, 0, 0, 0, 0, NULL, NULL, NULL, NULL, NULL, NULL, '0.00', 0),
(2673, 5, 20, 'PRO-PF 136-265', 'Steam Pipe', 21, 0, 0, 0, 0, NULL, NULL, NULL, NULL, NULL, NULL, '0.00', 0),
(2674, 5, 20, 'PRO-PF 136-273', 'Bolt', 21, 0, 0, 0, 0, NULL, NULL, NULL, NULL, NULL, NULL, '0.00', 0),
(2675, 5, 20, 'PRO-PF 136-274', 'Screw', 21, 0, 0, 0, 0, NULL, NULL, NULL, NULL, NULL, NULL, '0.00', 0),
(2676, 5, 20, 'PRO-PF 136-280', 'Drain Pipe', 21, 0, 0, 0, 0, NULL, NULL, NULL, NULL, NULL, NULL, '0.00', 0),
(2677, 5, 20, 'PRO-PF 136-288', 'Clamp', 21, 0, 0, 0, 0, NULL, NULL, NULL, NULL, NULL, NULL, '0.00', 0),
(2678, 5, 20, 'PRO-PF 136-320', 'Plate', 21, 0, 0, 0, 0, NULL, NULL, NULL, NULL, NULL, NULL, '0.00', 0),
(2679, 5, 20, 'PRO-PF 136-365', 'Steam Pipe', 21, 0, 0, 0, 0, NULL, NULL, NULL, NULL, NULL, NULL, '0.00', 0),
(2680, 5, 20, 'PRO-PF 136-380', 'Drain Pipe', 21, 0, 0, 0, 0, NULL, NULL, NULL, NULL, NULL, NULL, '0.00', 0),
(2681, 5, 20, 'PRO-PF 136-390', 'Fuel Oil Pipe (12V, L)', 21, 0, 0, 0, 0, NULL, NULL, NULL, NULL, NULL, NULL, '0.00', 0),
(2682, 5, 20, 'PRO-PF 136-391', 'Fuel Oil Pipe (12V, R)', 21, 0, 0, 0, 0, NULL, NULL, NULL, NULL, NULL, NULL, '0.00', 0),
(2683, 5, 20, 'PRO-PF 136-392', 'Fuel Oil Pipe (12V, L)', 21, 0, 0, 0, 0, NULL, NULL, NULL, NULL, NULL, NULL, '0.00', 0),
(2684, 5, 20, 'PRO-PF 136-393', 'Fuel Oil Pipe (12V, R)', 21, 0, 0, 0, 0, NULL, NULL, NULL, NULL, NULL, NULL, '0.00', 0),
(2685, 5, 20, 'PRO-PF 136-410', 'Hexagonal Socket Head Screw', 21, 0, 0, 0, 0, NULL, NULL, NULL, NULL, NULL, NULL, '0.00', 0),
(2686, 5, 20, 'PRO-PF 136-420', 'Hexagonal Socket Head Screw', 21, 0, 0, 0, 0, NULL, NULL, NULL, NULL, NULL, NULL, '0.00', 0),
(2687, 5, 20, 'PRO-PF 136-423', 'O-ring, 192mm dia x 3mm dia', 21, 0, 0, 0, 0, NULL, NULL, NULL, NULL, NULL, NULL, '0.00', 0),
(2688, 5, 20, 'PRO-PF 136-425', 'Screw', 21, 0, 0, 0, 0, NULL, NULL, NULL, NULL, NULL, NULL, '0.00', 0),
(2689, 5, 20, 'PRO-PF 136-460', 'Return Pipe', 21, 0, 0, 0, 0, NULL, NULL, NULL, NULL, NULL, NULL, '0.00', 0),
(2690, 5, 20, 'PRO-PF 136-465', 'Steam Pipe', 21, 0, 0, 0, 0, NULL, NULL, NULL, NULL, NULL, NULL, '0.00', 0),
(2691, 5, 20, 'PRO-PF 136-467', 'Connector , PN 25136046700 (NKK)', 21, 0, 0, 0, 0, NULL, NULL, NULL, NULL, NULL, NULL, '0.00', 0),
(2692, 5, 20, 'PRO-PF 136-470', 'Fuel Injector Drain Pipe', 21, 0, 0, 0, 0, NULL, NULL, NULL, NULL, NULL, NULL, '0.00', 0),
(2693, 5, 20, 'PRO-PF 136-480', 'Drain Pipe', 21, 0, 0, 0, 0, NULL, NULL, NULL, NULL, NULL, NULL, '0.00', 0),
(2694, 5, 20, 'PRO-PF 136-490', 'Fuel Oil Pipe (14V, L)', 21, 0, 0, 0, 0, NULL, NULL, NULL, NULL, NULL, NULL, '0.00', 0),
(2695, 5, 20, 'PRO-PF 136-491', 'Fuel Oil Pipe (14V, R)', 21, 0, 0, 0, 0, NULL, NULL, NULL, NULL, NULL, NULL, '0.00', 0),
(2696, 5, 20, 'PRO-PF 136-492', 'Fuel Oil Pipe (14V, L)', 21, 0, 0, 0, 0, NULL, NULL, NULL, NULL, NULL, NULL, '0.00', 0),
(2697, 5, 20, 'PRO-PF 136-493', 'Fuel Oil Pipe (14V, R)', 21, 0, 0, 0, 0, NULL, NULL, NULL, NULL, NULL, NULL, '0.00', 0),
(2698, 5, 20, 'PRO-PF 136-510', 'Copper Packing', 21, 0, 0, 0, 0, NULL, NULL, NULL, NULL, NULL, NULL, '0.00', 0),
(2699, 5, 20, 'PRO-PF 136-560', 'Fuel Feed Pipe', 21, 0, 0, 0, 0, NULL, NULL, NULL, NULL, NULL, NULL, '0.00', 0),
(2700, 5, 20, 'PRO-PF 136-565', 'Steam Pipe', 21, 0, 0, 0, 0, NULL, NULL, NULL, NULL, NULL, NULL, '0.00', 0),
(2701, 5, 20, 'PRO-PF 136-580', 'Plate', 21, 0, 0, 0, 0, NULL, NULL, NULL, NULL, NULL, NULL, '0.00', 0),
(2702, 5, 20, 'PRO-PF 136-590', 'Fuel Oil Pipe (16V,L)', 21, 0, 0, 0, 0, NULL, NULL, NULL, NULL, NULL, NULL, '0.00', 0),
(2703, 5, 20, 'PRO-PF 136-591', 'Fuel Oil Pipe (16V,R)', 21, 0, 0, 0, 0, NULL, NULL, NULL, NULL, NULL, NULL, '0.00', 0),
(2704, 5, 20, 'PRO-PF 136-592', 'Fuel Oil Pipe (16V,L)', 21, 0, 0, 0, 0, NULL, NULL, NULL, NULL, NULL, NULL, '0.00', 0),
(2705, 5, 20, 'PRO-PF 136-593', 'Fuel Oil Pipe (16V,R)', 21, 0, 0, 0, 0, NULL, NULL, NULL, NULL, NULL, NULL, '0.00', 0),
(2706, 5, 20, 'PRO-PF 136-630', 'Fuel Injector Drain Pipe', 21, 0, 0, 0, 0, NULL, NULL, NULL, NULL, NULL, NULL, '0.00', 0),
(2707, 5, 20, 'PRO-PF 136-633', 'Union', 21, 0, 0, 0, 0, NULL, NULL, NULL, NULL, NULL, NULL, '0.00', 0),
(2708, 5, 20, 'PRO-PF 136-665', 'Steam Pipe', 21, 0, 0, 0, 0, NULL, NULL, NULL, NULL, NULL, NULL, '0.00', 0),
(2709, 5, 20, 'PRO-PF 136-690', 'Fuel Oil Pipe (18V,L)', 21, 0, 0, 0, 0, NULL, NULL, NULL, NULL, NULL, NULL, '0.00', 0),
(2710, 5, 20, 'PRO-PF 136-691', 'Fuel Oil Pipe (18V,R)', 21, 0, 0, 0, 0, NULL, NULL, NULL, NULL, NULL, NULL, '0.00', 0),
(2711, 5, 20, 'PRO-PF 136-692', 'Fuel Oil Pipe (18V,L)', 21, 0, 0, 0, 0, NULL, NULL, NULL, NULL, NULL, NULL, '0.00', 0),
(2712, 5, 20, 'PRO-PF 136-693', 'Fuel Oil Pipe (18V,R)', 21, 0, 0, 0, 0, NULL, NULL, NULL, NULL, NULL, NULL, '0.00', 0),
(2713, 5, 20, 'PRO-PF 136-720', 'Equiped Filter', 21, 0, 0, 0, 0, NULL, NULL, NULL, NULL, NULL, NULL, '0.00', 0),
(2714, 5, 20, 'PRO-PF 136-721', 'Junction Pipe', 21, 0, 0, 0, 0, NULL, NULL, NULL, NULL, NULL, NULL, '0.00', 0),
(2715, 5, 20, 'PRO-PF 136-722', 'Junction Pipe', 21, 0, 0, 0, 0, NULL, NULL, NULL, NULL, NULL, NULL, '0.00', 0),
(2716, 5, 20, 'PRO-PF 136-724', 'Fixing Plate', 21, 0, 0, 0, 0, NULL, NULL, NULL, NULL, NULL, NULL, '0.00', 0),
(2717, 5, 20, 'PRO-PF 136-725', 'Tightening Collar', 21, 0, 0, 0, 0, NULL, NULL, NULL, NULL, NULL, NULL, '0.00', 0),
(2718, 5, 20, 'PRO-PF 136-728', 'Male Flange', 21, 0, 0, 0, 0, NULL, NULL, NULL, NULL, NULL, NULL, '0.00', 0),
(2719, 5, 20, 'PRO-PF 136-729', 'Joint', 21, 0, 0, 0, 0, NULL, NULL, NULL, NULL, NULL, NULL, '0.00', 0),
(2720, 5, 20, 'PRO-PF 136-730', 'Junction Pipe', 21, 0, 0, 0, 0, NULL, NULL, NULL, NULL, NULL, NULL, '0.00', 0);
INSERT INTO `items` (`item_id`, `category_id`, `subcat_id`, `original_pn`, `item_name`, `unit_id`, `group_id`, `location_id`, `bin_id`, `warehouse_id`, `rack_id`, `barcode`, `expiration`, `picture1`, `picture2`, `picture3`, `min_qty`, `damage`) VALUES
(2721, 5, 20, 'PRO-PF 136-731', 'Junction Pipe', 21, 0, 0, 0, 0, NULL, NULL, NULL, NULL, NULL, NULL, '0.00', 0),
(2722, 5, 20, 'PRO-PF 136-732', 'Fixing Plate', 21, 0, 0, 0, 0, NULL, NULL, NULL, NULL, NULL, NULL, '0.00', 0),
(2723, 5, 20, 'PRO-PF 136-733', 'Fixing Plate', 21, 0, 0, 0, 0, NULL, NULL, NULL, NULL, NULL, NULL, '0.00', 0),
(2724, 5, 20, 'PRO-PF 136-765', 'Steam Pipe', 21, 0, 0, 0, 0, NULL, NULL, NULL, NULL, NULL, NULL, '0.00', 0),
(2725, 5, 20, 'PRO-PF 136-840', 'Distance Piece', 21, 0, 0, 0, 0, NULL, NULL, NULL, NULL, NULL, NULL, '0.00', 0),
(2726, 5, 20, 'PRO-PF 136-894', 'Copper Packing', 21, 0, 0, 0, 0, NULL, NULL, NULL, NULL, NULL, NULL, '0.00', 0),
(2727, 5, 20, 'PRO-PF 136-906', 'Drain Pipe', 21, 0, 0, 0, 0, NULL, NULL, NULL, NULL, NULL, NULL, '0.00', 0),
(2728, 5, 20, 'PRO-PF 136-907', 'Drain Pipe', 21, 0, 0, 0, 0, NULL, NULL, NULL, NULL, NULL, NULL, '0.00', 0),
(2729, 5, 20, 'PRO-PF 136-908', 'Drain Pipe', 21, 0, 0, 0, 0, NULL, NULL, NULL, NULL, NULL, NULL, '0.00', 0),
(2730, 5, 20, 'PRO-PF 136-990', 'Clamp', 21, 0, 0, 0, 0, NULL, NULL, NULL, NULL, NULL, NULL, '0.00', 0),
(2731, 5, 20, 'PRO-PF 136-991', 'Band', 21, 0, 0, 0, 0, NULL, NULL, NULL, NULL, NULL, NULL, '0.00', 0),
(2732, 5, 20, 'PRO-PF 140-1', 'Square Flange', 21, 0, 0, 0, 0, NULL, NULL, NULL, NULL, NULL, NULL, '0.00', 0),
(2733, 5, 20, 'PRO-PF 140-5', 'Starting Air Pipe (12V)', 21, 0, 0, 0, 0, NULL, NULL, NULL, NULL, NULL, NULL, '0.00', 0),
(2734, 5, 20, 'PRO-PF 140-12', 'Starting Air Pipe', 21, 0, 0, 0, 0, NULL, NULL, NULL, NULL, NULL, NULL, '0.00', 0),
(2735, 5, 20, 'PRO-PF 140-21', 'Branch Main', 21, 0, 0, 0, 0, NULL, NULL, NULL, NULL, NULL, NULL, '0.00', 0),
(2736, 5, 20, 'PRO-PF 140-28A', 'Starting Air Pipe', 21, 0, 0, 0, 0, NULL, NULL, NULL, NULL, NULL, NULL, '0.00', 0),
(2737, 5, 20, 'PRO-PF 140-28B', 'Plug', 21, 0, 0, 0, 0, NULL, NULL, NULL, NULL, NULL, NULL, '0.00', 0),
(2738, 5, 20, 'PRO-PF 140-30', 'Joint', 21, 0, 0, 0, 0, NULL, NULL, NULL, NULL, NULL, NULL, '0.00', 0),
(2739, 5, 20, 'PRO-PF 140-31', 'Joint', 21, 0, 0, 0, 0, NULL, NULL, NULL, NULL, NULL, NULL, '0.00', 0),
(2740, 5, 20, 'PRO-PF 140-32', 'Joint', 21, 0, 0, 0, 0, NULL, NULL, NULL, NULL, NULL, NULL, '0.00', 0),
(2741, 5, 20, 'PRO-PF 140-33', 'Joint', 21, 0, 0, 0, 0, NULL, NULL, NULL, NULL, NULL, NULL, '0.00', 0),
(2742, 5, 20, 'PRO-PF 140-35', 'Copper Packing', 21, 0, 0, 0, 0, NULL, NULL, NULL, NULL, NULL, NULL, '0.00', 0),
(2743, 5, 20, 'PRO-PF 140-37', 'Screw', 21, 0, 0, 0, 0, NULL, NULL, NULL, NULL, NULL, NULL, '0.00', 0),
(2744, 5, 20, 'PRO-PF 140-39', 'Control Air Pipe', 21, 0, 0, 0, 0, NULL, NULL, NULL, NULL, NULL, NULL, '0.00', 0),
(2745, 5, 20, 'PRO-PF 140-40', 'Screw', 21, 0, 0, 0, 0, NULL, NULL, NULL, NULL, NULL, NULL, '0.00', 0),
(2746, 5, 20, 'PRO-PF 140-43', 'Nut', 21, 0, 0, 0, 0, NULL, NULL, NULL, NULL, NULL, NULL, '0.00', 0),
(2747, 5, 20, 'PRO-PF 140-44', 'Nut', 21, 0, 0, 0, 0, NULL, NULL, NULL, NULL, NULL, NULL, '0.00', 0),
(2748, 5, 20, 'PRO-PF 140-46', 'Screw', 21, 0, 0, 0, 0, NULL, NULL, NULL, NULL, NULL, NULL, '0.00', 0),
(2749, 5, 20, 'PRO-PF 140-48', 'Screw', 21, 0, 0, 0, 0, NULL, NULL, NULL, NULL, NULL, NULL, '0.00', 0),
(2750, 5, 20, 'PRO-PF 140-49', 'Screw', 21, 0, 0, 0, 0, NULL, NULL, NULL, NULL, NULL, NULL, '0.00', 0),
(2751, 5, 20, 'PRO-PF 140-50', 'Filter Inlet Pipe', 21, 0, 0, 0, 0, NULL, NULL, NULL, NULL, NULL, NULL, '0.00', 0),
(2752, 5, 20, 'PRO-PF 140-51', 'Copper Packing', 21, 0, 0, 0, 0, NULL, NULL, NULL, NULL, NULL, NULL, '0.00', 0),
(2753, 5, 20, 'PRO-PF 140-52', 'Copper Packing', 21, 0, 0, 0, 0, NULL, NULL, NULL, NULL, NULL, NULL, '0.00', 0),
(2754, 5, 20, 'PRO-PF 140-53A', 'Copper Packing', 21, 0, 0, 0, 0, NULL, NULL, NULL, NULL, NULL, NULL, '0.00', 0),
(2755, 5, 20, 'PRO-PF 140-53B', 'Hollow Screw', 21, 0, 0, 0, 0, NULL, NULL, NULL, NULL, NULL, NULL, '0.00', 0),
(2756, 5, 20, 'PRO-PF 140-54A', 'Copper Packing', 21, 0, 0, 0, 0, NULL, NULL, NULL, NULL, NULL, NULL, '0.00', 0),
(2757, 5, 20, 'PRO-PF 140-54B', 'Filter', 21, 0, 0, 0, 0, NULL, NULL, NULL, NULL, NULL, NULL, '0.00', 0),
(2758, 5, 20, 'PRO-PF 140-55', 'Copper Packing', 21, 0, 0, 0, 0, NULL, NULL, NULL, NULL, NULL, NULL, '0.00', 0),
(2759, 5, 20, 'PRO-PF 140-57', 'Union Joint', 21, 0, 0, 0, 0, NULL, NULL, NULL, NULL, NULL, NULL, '0.00', 0),
(2760, 5, 20, 'PRO-PF 140-58A', 'Plug', 21, 0, 0, 0, 0, NULL, NULL, NULL, NULL, NULL, NULL, '0.00', 0),
(2761, 5, 20, 'PRO-PF 140-58B', 'Connection', 21, 0, 0, 0, 0, NULL, NULL, NULL, NULL, NULL, NULL, '0.00', 0),
(2762, 5, 20, 'PRO-PF 140-59', 'Plug', 21, 0, 0, 0, 0, NULL, NULL, NULL, NULL, NULL, NULL, '0.00', 0),
(2763, 5, 20, 'PRO-PF 140-63', 'Bolt', 21, 0, 0, 0, 0, NULL, NULL, NULL, NULL, NULL, NULL, '0.00', 0),
(2764, 5, 20, 'PRO-PF 140-64', 'Bolt', 21, 0, 0, 0, 0, NULL, NULL, NULL, NULL, NULL, NULL, '0.00', 0),
(2765, 5, 20, 'PRO-PF 140-65', 'Bolt', 21, 0, 0, 0, 0, NULL, NULL, NULL, NULL, NULL, NULL, '0.00', 0),
(2766, 5, 20, 'PRO-PF 140-66', 'Bolt', 21, 0, 0, 0, 0, NULL, NULL, NULL, NULL, NULL, NULL, '0.00', 0),
(2767, 5, 20, 'PRO-PF 140-69', 'Distributor Outlet Pipe Cyl. 12', 21, 0, 0, 0, 0, NULL, NULL, NULL, NULL, NULL, NULL, '0.00', 0),
(2768, 5, 20, 'PRO-PF 140-70', 'Nut', 21, 0, 0, 0, 0, NULL, NULL, NULL, NULL, NULL, NULL, '0.00', 0),
(2769, 5, 20, 'PRO-PF 140-71', 'Distributor Outlet Pipe Cyl. 11', 21, 0, 0, 0, 0, NULL, NULL, NULL, NULL, NULL, NULL, '0.00', 0),
(2770, 5, 20, 'PRO-PF 140-73', 'Distributor Outlet Pipe Cyl. 10', 21, 0, 0, 0, 0, NULL, NULL, NULL, NULL, NULL, NULL, '0.00', 0),
(2771, 5, 20, 'PRO-PF 140-75', 'Distributor Outlet Pipe Cyl. 9', 21, 0, 0, 0, 0, NULL, NULL, NULL, NULL, NULL, NULL, '0.00', 0),
(2772, 5, 20, 'PRO-PF 140-77', 'Distributor Outlet Pipe Cyl. 8', 21, 0, 0, 0, 0, NULL, NULL, NULL, NULL, NULL, NULL, '0.00', 0),
(2773, 5, 20, 'PRO-PF 140-79', 'Distributor Outlet Pipe Cyl. 7', 21, 0, 0, 0, 0, NULL, NULL, NULL, NULL, NULL, NULL, '0.00', 0),
(2774, 5, 20, 'PRO-PF 140-80', 'Explosion Plate', 21, 0, 0, 0, 0, NULL, NULL, NULL, NULL, NULL, NULL, '0.00', 0),
(2775, 5, 20, 'PRO-PF 140-81', 'Flange', 21, 0, 0, 0, 0, NULL, NULL, NULL, NULL, NULL, NULL, '0.00', 0),
(2776, 5, 20, 'PRO-PF 140-82', 'Cover', 21, 0, 0, 0, 0, NULL, NULL, NULL, NULL, NULL, NULL, '0.00', 0),
(2777, 5, 20, 'PRO-PF 140-84', 'Rubber Bush', 21, 0, 0, 0, 0, NULL, NULL, NULL, NULL, NULL, NULL, '0.00', 0),
(2778, 5, 20, 'PRO-PF 140-88', 'Connection', 21, 0, 0, 0, 0, NULL, NULL, NULL, NULL, NULL, NULL, '0.00', 0),
(2779, 5, 20, 'PRO-PF 140-90', 'Bolt', 21, 0, 0, 0, 0, NULL, NULL, NULL, NULL, NULL, NULL, '0.00', 0),
(2780, 5, 20, 'PRO-PF 140-91A', 'Tongued Washer', 21, 0, 0, 0, 0, NULL, NULL, NULL, NULL, NULL, NULL, '0.00', 0),
(2781, 5, 20, 'PRO-PF 140-91B', 'Main Cyl. 12', 21, 0, 0, 0, 0, NULL, NULL, NULL, NULL, NULL, NULL, '0.00', 0),
(2782, 5, 20, 'PRO-PF 140-93', 'Main Cyl. 11', 21, 0, 0, 0, 0, NULL, NULL, NULL, NULL, NULL, NULL, '0.00', 0),
(2783, 5, 20, 'PRO-PF 140-95', 'Main Cyl. 10', 21, 0, 0, 0, 0, NULL, NULL, NULL, NULL, NULL, NULL, '0.00', 0),
(2784, 5, 20, 'PRO-PF 140-97', 'Main Cyl. 9', 21, 0, 0, 0, 0, NULL, NULL, NULL, NULL, NULL, NULL, '0.00', 0),
(2785, 5, 20, 'PRO-PF 140-99', 'Main Cyl. 8', 21, 0, 0, 0, 0, NULL, NULL, NULL, NULL, NULL, NULL, '0.00', 0),
(2786, 5, 20, 'PRO-PF 140-101', 'Main Cyl. 7', 21, 0, 0, 0, 0, NULL, NULL, NULL, NULL, NULL, NULL, '0.00', 0),
(2787, 5, 20, 'PRO-PF 140-105', 'Starting Air Pipe (14V)', 21, 0, 0, 0, 0, NULL, NULL, NULL, NULL, NULL, NULL, '0.00', 0),
(2788, 5, 20, 'PRO-PF 140-107', 'Pipe Clip', 21, 0, 0, 0, 0, NULL, NULL, NULL, NULL, NULL, NULL, '0.00', 0),
(2789, 5, 20, 'PRO-PF 140-111', 'Inlet Pipe', 21, 0, 0, 0, 0, NULL, NULL, NULL, NULL, NULL, NULL, '0.00', 0),
(2790, 5, 20, 'PRO-PF 140-116A', 'Flange', 21, 0, 0, 0, 0, NULL, NULL, NULL, NULL, NULL, NULL, '0.00', 0),
(2791, 5, 20, 'PRO-PF 140-116B', 'Half Pipe Clip', 21, 0, 0, 0, 0, NULL, NULL, NULL, NULL, NULL, NULL, '0.00', 0),
(2792, 5, 20, 'PRO-PF 140-117', 'Control Air Pipe', 21, 0, 0, 0, 0, NULL, NULL, NULL, NULL, NULL, NULL, '0.00', 0),
(2793, 5, 20, 'PRO-PF 140-121', 'Branch Main', 21, 0, 0, 0, 0, NULL, NULL, NULL, NULL, NULL, NULL, '0.00', 0),
(2794, 5, 20, 'PRO-PF 140-122', 'Pipe Clip', 21, 0, 0, 0, 0, NULL, NULL, NULL, NULL, NULL, NULL, '0.00', 0),
(2795, 5, 20, 'PRO-PF 140-123', 'Pipe Clip', 21, 0, 0, 0, 0, NULL, NULL, NULL, NULL, NULL, NULL, '0.00', 0),
(2796, 5, 20, 'PRO-PF 140-124', 'Pipe Clip', 21, 0, 0, 0, 0, NULL, NULL, NULL, NULL, NULL, NULL, '0.00', 0),
(2797, 5, 20, 'PRO-PF 140-125', 'Pipe Clip', 21, 0, 0, 0, 0, NULL, NULL, NULL, NULL, NULL, NULL, '0.00', 0),
(2798, 5, 20, 'PRO-PF 140-126', 'Pipe Clip', 21, 0, 0, 0, 0, NULL, NULL, NULL, NULL, NULL, NULL, '0.00', 0),
(2799, 5, 20, 'PRO-PF 140-127', 'Pipe Clip', 21, 0, 0, 0, 0, NULL, NULL, NULL, NULL, NULL, NULL, '0.00', 0),
(2800, 5, 20, 'PRO-PF 140-128', 'Starting Air Pipe', 21, 0, 0, 0, 0, NULL, NULL, NULL, NULL, NULL, NULL, '0.00', 0),
(2801, 5, 20, 'PRO-PF 140-132', 'Support Plate', 21, 0, 0, 0, 0, NULL, NULL, NULL, NULL, NULL, NULL, '0.00', 0),
(2802, 5, 20, 'PRO-PF 140-134', 'Joint', 21, 0, 0, 0, 0, NULL, NULL, NULL, NULL, NULL, NULL, '0.00', 0),
(2803, 5, 20, 'PRO-PF 140-135', 'Joint Ring', 21, 0, 0, 0, 0, NULL, NULL, NULL, NULL, NULL, NULL, '0.00', 0),
(2804, 5, 20, 'PRO-PF 140-136', 'Sealing Ring', 21, 0, 0, 0, 0, NULL, NULL, NULL, NULL, NULL, NULL, '0.00', 0),
(2805, 5, 20, 'PRO-PF 140-140', 'Screw', 21, 0, 0, 0, 0, NULL, NULL, NULL, NULL, NULL, NULL, '0.00', 0),
(2806, 5, 20, 'PRO-PF 140-141', 'Screw', 21, 0, 0, 0, 0, NULL, NULL, NULL, NULL, NULL, NULL, '0.00', 0),
(2807, 5, 20, 'PRO-PF 140-142', 'Screw', 21, 0, 0, 0, 0, NULL, NULL, NULL, NULL, NULL, NULL, '0.00', 0),
(2808, 5, 20, 'PRO-PF 140-145', 'Screw', 21, 0, 0, 0, 0, NULL, NULL, NULL, NULL, NULL, NULL, '0.00', 0),
(2809, 5, 20, 'PRO-PF 140-146', 'Screw', 21, 0, 0, 0, 0, NULL, NULL, NULL, NULL, NULL, NULL, '0.00', 0),
(2810, 5, 20, 'PRO-PF 140-147', 'Screw', 21, 0, 0, 0, 0, NULL, NULL, NULL, NULL, NULL, NULL, '0.00', 0),
(2811, 5, 20, 'PRO-PF 140-148', 'Screw', 21, 0, 0, 0, 0, NULL, NULL, NULL, NULL, NULL, NULL, '0.00', 0),
(2812, 5, 20, 'PRO-PF 140-149', 'Screw', 21, 0, 0, 0, 0, NULL, NULL, NULL, NULL, NULL, NULL, '0.00', 0),
(2813, 5, 20, 'PRO-PF 140-150', 'Locking', 21, 0, 0, 0, 0, NULL, NULL, NULL, NULL, NULL, NULL, '0.00', 0),
(2814, 5, 20, 'PRO-PF 140-151', 'Nut', 21, 0, 0, 0, 0, NULL, NULL, NULL, NULL, NULL, NULL, '0.00', 0),
(2815, 5, 20, 'PRO-PF 140-155', 'Filter Support', 21, 0, 0, 0, 0, NULL, NULL, NULL, NULL, NULL, NULL, '0.00', 0),
(2816, 5, 20, 'PRO-PF 140-156', 'Sealing Product', 21, 0, 0, 0, 0, NULL, NULL, NULL, NULL, NULL, NULL, '0.00', 0),
(2817, 5, 20, 'PRO-PF 140-162', 'Distributor Inlet Pipe', 21, 0, 0, 0, 0, NULL, NULL, NULL, NULL, NULL, NULL, '0.00', 0),
(2818, 5, 20, 'PRO-PF 140-164', 'Filter Outlet Pipe', 21, 0, 0, 0, 0, NULL, NULL, NULL, NULL, NULL, NULL, '0.00', 0),
(2819, 5, 20, 'PRO-PF 140-183', 'Marine Screwed Valve', 21, 0, 0, 0, 0, NULL, NULL, NULL, NULL, NULL, NULL, '0.00', 0),
(2820, 5, 20, 'PRO-PF 140-205', 'Starting Air Pipe (16V)', 21, 0, 0, 0, 0, NULL, NULL, NULL, NULL, NULL, NULL, '0.00', 0),
(2821, 5, 20, 'PRO-PF 140-211', 'Inlet Pipe', 21, 0, 0, 0, 0, NULL, NULL, NULL, NULL, NULL, NULL, '0.00', 0),
(2822, 5, 20, 'PRO-PF 140-228', 'Starting Air Pipe (12V)', 21, 0, 0, 0, 0, NULL, NULL, NULL, NULL, NULL, NULL, '0.00', 0),
(2823, 5, 20, 'PRO-PF 140-240', 'Support Plate', 21, 0, 0, 0, 0, NULL, NULL, NULL, NULL, NULL, NULL, '0.00', 0),
(2824, 5, 20, 'PRO-PF 140-241', 'Starting Air Pipe', 21, 0, 0, 0, 0, NULL, NULL, NULL, NULL, NULL, NULL, '0.00', 0),
(2825, 5, 20, 'PRO-PF 140-257', 'Oiler', 21, 0, 0, 0, 0, NULL, NULL, NULL, NULL, NULL, NULL, '0.00', 0),
(2826, 5, 20, 'PRO-PF 140-260', 'Stirrup ', 21, 0, 0, 0, 0, NULL, NULL, NULL, NULL, NULL, NULL, '0.00', 0),
(2827, 5, 20, 'PRO-PF 140-318', 'Fixing Plate', 21, 0, 0, 0, 0, NULL, NULL, NULL, NULL, NULL, NULL, '0.00', 0),
(2828, 5, 20, 'PRO-PF 140-321', 'Starting Air Branch Pipe', 21, 0, 0, 0, 0, NULL, NULL, NULL, NULL, NULL, NULL, '0.00', 0),
(2829, 5, 20, 'PRO-PF 140-323', 'Pipe Clip', 21, 0, 0, 0, 0, NULL, NULL, NULL, NULL, NULL, NULL, '0.00', 0),
(2830, 5, 20, 'PRO-PF 140-328', 'Starting Air Pipe (14V)', 21, 0, 0, 0, 0, NULL, NULL, NULL, NULL, NULL, NULL, '0.00', 0),
(2831, 5, 20, 'PRO-PF 140-305', 'Starting Air Pipe (18V)', 21, 0, 0, 0, 0, NULL, NULL, NULL, NULL, NULL, NULL, '0.00', 0),
(2832, 5, 20, 'PRO-PF 140-361', 'Oiler Support', 21, 0, 0, 0, 0, NULL, NULL, NULL, NULL, NULL, NULL, '0.00', 0),
(2833, 5, 20, 'PRO-PF 140-405', 'Starting Air Pipe (right)', 21, 0, 0, 0, 0, NULL, NULL, NULL, NULL, NULL, NULL, '0.00', 0),
(2834, 5, 20, 'PRO-PF 140-421', 'Starting Air Branch Pipe', 21, 0, 0, 0, 0, NULL, NULL, NULL, NULL, NULL, NULL, '0.00', 0),
(2835, 5, 20, 'PRO-PF 140-428', 'Starting Air Pipe (16V)', 21, 0, 0, 0, 0, NULL, NULL, NULL, NULL, NULL, NULL, '0.00', 0),
(2836, 5, 20, 'PRO-PF 140-447', 'Screw', 21, 0, 0, 0, 0, NULL, NULL, NULL, NULL, NULL, NULL, '0.00', 0),
(2837, 5, 20, 'PRO-PF 140-505', 'Starting Air Pipe (right)', 21, 0, 0, 0, 0, NULL, NULL, NULL, NULL, NULL, NULL, '0.00', 0),
(2838, 5, 20, 'PRO-PF 140-521', 'Starting Air Branch Pipe', 21, 0, 0, 0, 0, NULL, NULL, NULL, NULL, NULL, NULL, '0.00', 0),
(2839, 5, 20, 'PRO-PF 140-528', 'Starting Air Pipe (18V)', 21, 0, 0, 0, 0, NULL, NULL, NULL, NULL, NULL, NULL, '0.00', 0),
(2840, 5, 20, 'PRO-PF 140-917', 'Control Air Pipe', 21, 0, 0, 0, 0, NULL, NULL, NULL, NULL, NULL, NULL, '0.00', 0),
(2841, 5, 20, 'PRO-PF 142-3', 'Bolt', 21, 0, 0, 0, 0, NULL, NULL, NULL, NULL, NULL, NULL, '0.00', 0),
(2842, 5, 20, 'PRO-PF 142-4', 'Bolt', 21, 0, 0, 0, 0, NULL, NULL, NULL, NULL, NULL, NULL, '0.00', 0),
(2843, 5, 20, 'PRO-PF 142-7', 'Nut', 21, 0, 0, 0, 0, NULL, NULL, NULL, NULL, NULL, NULL, '0.00', 0),
(2844, 5, 20, 'PRO-PF 142-21', 'Copper Packing', 21, 0, 0, 0, 0, NULL, NULL, NULL, NULL, NULL, NULL, '0.00', 0),
(2845, 5, 20, 'PRO-PF 142-22', 'Plug', 21, 0, 0, 0, 0, NULL, NULL, NULL, NULL, NULL, NULL, '0.00', 0),
(2846, 5, 20, 'PRO-PF 142-25', 'Oval Flange', 21, 0, 0, 0, 0, NULL, NULL, NULL, NULL, NULL, NULL, '0.00', 0),
(2847, 5, 20, 'PRO-PF 142-28', 'Copper Packing', 21, 0, 0, 0, 0, NULL, NULL, NULL, NULL, NULL, NULL, '0.00', 0),
(2848, 5, 20, 'PRO-PF 142-43', 'Main Return', 21, 0, 0, 0, 0, NULL, NULL, NULL, NULL, NULL, NULL, '0.00', 0),
(2849, 5, 20, 'PRO-PF 142-47', 'Cooling Water Inlet Branch Pipe', 21, 0, 0, 0, 0, NULL, NULL, NULL, NULL, NULL, NULL, '0.00', 0),
(2850, 5, 20, 'PRO-PF 142-55', 'Support Plate', 21, 0, 0, 0, 0, NULL, NULL, NULL, NULL, NULL, NULL, '0.00', 0),
(2851, 5, 20, 'PRO-PF 142-56', 'Pipe Clip', 21, 0, 0, 0, 0, NULL, NULL, NULL, NULL, NULL, NULL, '0.00', 0),
(2852, 5, 20, 'PRO-PF 142-57', 'Lengthening Plate', 21, 0, 0, 0, 0, NULL, NULL, NULL, NULL, NULL, NULL, '0.00', 0),
(2853, 5, 20, 'PRO-PF 142-58', 'Lengthening Plate', 21, 0, 0, 0, 0, NULL, NULL, NULL, NULL, NULL, NULL, '0.00', 0),
(2854, 5, 20, 'PRO-PF 142-59', 'Fixation Plate', 21, 0, 0, 0, 0, NULL, NULL, NULL, NULL, NULL, NULL, '0.00', 0),
(2855, 5, 20, 'PRO-PF 142-63', 'Pipe Clip', 21, 0, 0, 0, 0, NULL, NULL, NULL, NULL, NULL, NULL, '0.00', 0),
(2856, 5, 20, 'PRO-PF 142-64', 'Pipe Clip', 21, 0, 0, 0, 0, NULL, NULL, NULL, NULL, NULL, NULL, '0.00', 0),
(2857, 5, 20, 'PRO-PF 142-65', 'Male Union', 21, 0, 0, 0, 0, NULL, NULL, NULL, NULL, NULL, NULL, '0.00', 0),
(2858, 5, 20, 'PRO-PF 142-68', 'Hollow Screw', 21, 0, 0, 0, 0, NULL, NULL, NULL, NULL, NULL, NULL, '0.00', 0),
(2859, 5, 20, 'PRO-PF 142-71', 'Plug', 21, 0, 0, 0, 0, NULL, NULL, NULL, NULL, NULL, NULL, '0.00', 0),
(2860, 5, 20, 'PRO-PF 142-74', 'Joint', 21, 0, 0, 0, 0, NULL, NULL, NULL, NULL, NULL, NULL, '0.00', 0),
(2861, 5, 20, 'PRO-PF 142-77', 'Copper Packing', 21, 0, 0, 0, 0, NULL, NULL, NULL, NULL, NULL, NULL, '0.00', 0),
(2862, 5, 20, 'PRO-PF 142-78', 'Copper Packing', 21, 0, 0, 0, 0, NULL, NULL, NULL, NULL, NULL, NULL, '0.00', 0),
(2863, 5, 20, 'PRO-PF 142-82', 'Oval Joint', 21, 0, 0, 0, 0, NULL, NULL, NULL, NULL, NULL, NULL, '0.00', 0),
(2864, 5, 20, 'PRO-PF 142-83', 'Double Nipple', 21, 0, 0, 0, 0, NULL, NULL, NULL, NULL, NULL, NULL, '0.00', 0),
(2865, 5, 20, 'PRO-PF 142-86', 'Screw', 21, 0, 0, 0, 0, NULL, NULL, NULL, NULL, NULL, NULL, '0.00', 0),
(2866, 5, 20, 'PRO-PF 142-87', 'Screw', 21, 0, 0, 0, 0, NULL, NULL, NULL, NULL, NULL, NULL, '0.00', 0),
(2867, 5, 20, 'PRO-PF 142-88', 'Cock', 21, 0, 0, 0, 0, NULL, NULL, NULL, NULL, NULL, NULL, '0.00', 0),
(2868, 5, 20, 'PRO-PF 142-90', 'Nut', 21, 0, 0, 0, 0, NULL, NULL, NULL, NULL, NULL, NULL, '0.00', 0),
(2869, 5, 20, 'PRO-PF 142-92', 'Screw', 21, 0, 0, 0, 0, NULL, NULL, NULL, NULL, NULL, NULL, '0.00', 0),
(2870, 5, 20, 'PRO-PF 142-93', 'Feed Main', 21, 0, 0, 0, 0, NULL, NULL, NULL, NULL, NULL, NULL, '0.00', 0),
(2871, 5, 20, 'PRO-PF 142-94', 'Return Main', 21, 0, 0, 0, 0, NULL, NULL, NULL, NULL, NULL, NULL, '0.00', 0),
(2872, 5, 20, 'PRO-PF 142-97', 'Feed Main', 21, 0, 0, 0, 0, NULL, NULL, NULL, NULL, NULL, NULL, '0.00', 0),
(2873, 5, 20, 'PRO-PF 142-101', 'Plate', 21, 0, 0, 0, 0, NULL, NULL, NULL, NULL, NULL, NULL, '0.00', 0),
(2874, 5, 20, 'PRO-PF 142-126', 'Union Joint', 21, 0, 0, 0, 0, NULL, NULL, NULL, NULL, NULL, NULL, '0.00', 0),
(2875, 5, 20, 'PRO-PF 142-128', 'Junction Pipe', 21, 0, 0, 0, 0, NULL, NULL, NULL, NULL, NULL, NULL, '0.00', 0),
(2876, 5, 20, 'PRO-PF 142-143', 'Main Return', 21, 0, 0, 0, 0, NULL, NULL, NULL, NULL, NULL, NULL, '0.00', 0),
(2877, 5, 20, 'PRO-PF 142-160', 'Support Square', 21, 0, 0, 0, 0, NULL, NULL, NULL, NULL, NULL, NULL, '0.00', 0),
(2878, 5, 20, 'PRO-PF 142-175', 'Union Male', 21, 0, 0, 0, 0, NULL, NULL, NULL, NULL, NULL, NULL, '0.00', 0),
(2879, 5, 20, 'PRO-PF 142-193', 'Feed Main', 21, 0, 0, 0, 0, NULL, NULL, NULL, NULL, NULL, NULL, '0.00', 0),
(2880, 5, 20, 'PRO-PF 142-194', 'Return Main', 21, 0, 0, 0, 0, NULL, NULL, NULL, NULL, NULL, NULL, '0.00', 0),
(2881, 5, 20, 'PRO-PF 142-197', 'Feed Main', 21, 0, 0, 0, 0, NULL, NULL, NULL, NULL, NULL, NULL, '0.00', 0),
(2882, 5, 20, 'PRO-PF 142-213', 'Support Plate', 21, 0, 0, 0, 0, NULL, NULL, NULL, NULL, NULL, NULL, '0.00', 0),
(2883, 5, 20, 'PRO-PF 142-214', 'Support Plate', 21, 0, 0, 0, 0, NULL, NULL, NULL, NULL, NULL, NULL, '0.00', 0),
(2884, 5, 20, 'PRO-PF 142-215', 'Cooling Water Pipe (12V)', 21, 0, 0, 0, 0, NULL, NULL, NULL, NULL, NULL, NULL, '0.00', 0),
(2885, 5, 20, 'PRO-PF 142-216', 'Sight Tube', 21, 0, 0, 0, 0, NULL, NULL, NULL, NULL, NULL, NULL, '0.00', 0),
(2886, 5, 20, 'PRO-PF 142-235', 'Cooling Water Pipe (12V)', 21, 0, 0, 0, 0, NULL, NULL, NULL, NULL, NULL, NULL, '0.00', 0),
(2887, 5, 20, 'PRO-PF 142-264', 'Pipe Muff ', 21, 0, 0, 0, 0, NULL, NULL, NULL, NULL, NULL, NULL, '0.00', 0),
(2888, 5, 20, 'PRO-PF 142-268', 'Casing Inlet Pipe', 21, 0, 0, 0, 0, NULL, NULL, NULL, NULL, NULL, NULL, '0.00', 0),
(2889, 5, 20, 'PRO-PF 142-293', 'Feed Main', 21, 0, 0, 0, 0, NULL, NULL, NULL, NULL, NULL, NULL, '0.00', 0),
(2890, 5, 20, 'PRO-PF 142-297', 'Feed Main', 21, 0, 0, 0, 0, NULL, NULL, NULL, NULL, NULL, NULL, '0.00', 0),
(2891, 5, 20, 'PRO-PF 142-322', 'Main Feed Pipes', 21, 0, 0, 0, 0, NULL, NULL, NULL, NULL, NULL, NULL, '0.00', 0),
(2892, 5, 20, 'PRO-PF 142-340', 'Cooling Water Outlet Pipe (8V)', 21, 0, 0, 0, 0, NULL, NULL, NULL, NULL, NULL, NULL, '0.00', 0),
(2893, 5, 20, 'PRO-PF 142-343', 'Main Return', 21, 0, 0, 0, 0, NULL, NULL, NULL, NULL, NULL, NULL, '0.00', 0),
(2894, 5, 20, 'PRO-PF 142-350', 'Cooling Water Outlet Pipe (8)', 21, 0, 0, 0, 0, NULL, NULL, NULL, NULL, NULL, NULL, '0.00', 0),
(2895, 5, 20, 'PRO-PF 142-361', 'Support Plate', 21, 0, 0, 0, 0, NULL, NULL, NULL, NULL, NULL, NULL, '0.00', 0),
(2896, 5, 20, 'PRO-PF 142-362', 'Support Plate', 21, 0, 0, 0, 0, NULL, NULL, NULL, NULL, NULL, NULL, '0.00', 0),
(2897, 5, 20, 'PRO-PF 142-363', 'Support Plate', 21, 0, 0, 0, 0, NULL, NULL, NULL, NULL, NULL, NULL, '0.00', 0),
(2898, 5, 20, 'PRO-PF 142-364', 'Support Plate', 21, 0, 0, 0, 0, NULL, NULL, NULL, NULL, NULL, NULL, '0.00', 0),
(2899, 5, 20, 'PRO-PF 142-365', 'Cooling Water Outlet Branch pipe', 21, 0, 0, 0, 0, NULL, NULL, NULL, NULL, NULL, NULL, '0.00', 0),
(2900, 5, 20, 'PRO-PF 142-367', 'Pipe Clip', 21, 0, 0, 0, 0, NULL, NULL, NULL, NULL, NULL, NULL, '0.00', 0),
(2901, 5, 20, 'PRO-PF 142-393', 'Feed Main', 21, 0, 0, 0, 0, NULL, NULL, NULL, NULL, NULL, NULL, '0.00', 0),
(2902, 5, 20, 'PRO-PF 142-394', 'Return Main', 21, 0, 0, 0, 0, NULL, NULL, NULL, NULL, NULL, NULL, '0.00', 0),
(2903, 5, 20, 'PRO-PF 142-397', 'Feed Main', 21, 0, 0, 0, 0, NULL, NULL, NULL, NULL, NULL, NULL, '0.00', 0),
(2904, 5, 20, 'PRO-PF 142-440', 'Cooling Water Outlet Pipe (10V)', 21, 0, 0, 0, 0, NULL, NULL, NULL, NULL, NULL, NULL, '0.00', 0),
(2905, 5, 20, 'PRO-PF 142-443', 'Main Return', 21, 0, 0, 0, 0, NULL, NULL, NULL, NULL, NULL, NULL, '0.00', 0),
(2906, 5, 20, 'PRO-PF 142-450', 'Cooling Water Outlet Pipe (10V)', 21, 0, 0, 0, 0, NULL, NULL, NULL, NULL, NULL, NULL, '0.00', 0),
(2907, 5, 20, 'PRO-PF 142-493', 'Feed Main', 21, 0, 0, 0, 0, NULL, NULL, NULL, NULL, NULL, NULL, '0.00', 0),
(2908, 5, 20, 'PRO-PF 142-494', 'Return Main', 21, 0, 0, 0, 0, NULL, NULL, NULL, NULL, NULL, NULL, '0.00', 0),
(2909, 5, 20, 'PRO-PF 142-497', 'Feed Main', 21, 0, 0, 0, 0, NULL, NULL, NULL, NULL, NULL, NULL, '0.00', 0),
(2910, 5, 20, 'PRO-PF 142-540', 'Cooling Water Outlet Pipe (12V)', 21, 0, 0, 0, 0, NULL, NULL, NULL, NULL, NULL, NULL, '0.00', 0),
(2911, 5, 20, 'PRO-PF 142-543', 'Main Return', 21, 0, 0, 0, 0, NULL, NULL, NULL, NULL, NULL, NULL, '0.00', 0),
(2912, 5, 20, 'PRO-PF 142-550', 'Cooling Water Outlet Pipe (12V)', 21, 0, 0, 0, 0, NULL, NULL, NULL, NULL, NULL, NULL, '0.00', 0),
(2913, 5, 20, 'PRO-PF 142-593', 'Feed Main', 21, 0, 0, 0, 0, NULL, NULL, NULL, NULL, NULL, NULL, '0.00', 0),
(2914, 5, 20, 'PRO-PF 142-594', 'Return Main', 21, 0, 0, 0, 0, NULL, NULL, NULL, NULL, NULL, NULL, '0.00', 0),
(2915, 5, 20, 'PRO-PF 142-597', 'Feed Main', 21, 0, 0, 0, 0, NULL, NULL, NULL, NULL, NULL, NULL, '0.00', 0),
(2916, 5, 20, 'PRO-PF 142-615', 'Cooling Water Pipe (8V)', 21, 0, 0, 0, 0, NULL, NULL, NULL, NULL, NULL, NULL, '0.00', 0),
(2917, 5, 20, 'PRO-PF 142-635', 'Cooling Water Pipe (8)', 21, 0, 0, 0, 0, NULL, NULL, NULL, NULL, NULL, NULL, '0.00', 0),
(2918, 5, 20, 'PRO-PF 142-643', 'Main Return', 21, 0, 0, 0, 0, NULL, NULL, NULL, NULL, NULL, NULL, '0.00', 0),
(2919, 5, 20, 'PRO-PF 142-694', 'Return Main', 21, 0, 0, 0, 0, NULL, NULL, NULL, NULL, NULL, NULL, '0.00', 0),
(2920, 5, 20, 'PRO-PF 142-700', 'Cock', 21, 0, 0, 0, 0, NULL, NULL, NULL, NULL, NULL, NULL, '0.00', 0),
(2921, 5, 20, 'PRO-PF 142-701', 'Connecting Block ', 21, 0, 0, 0, 0, NULL, NULL, NULL, NULL, NULL, NULL, '0.00', 0),
(2922, 5, 20, 'PRO-PF 142-702', 'Nipple', 21, 0, 0, 0, 0, NULL, NULL, NULL, NULL, NULL, NULL, '0.00', 0),
(2923, 5, 20, 'PRO-PF 142-703', 'Single Male Union', 21, 0, 0, 0, 0, NULL, NULL, NULL, NULL, NULL, NULL, '0.00', 0),
(2924, 5, 20, 'PRO-PF 142-704', 'Goose Neck', 21, 0, 0, 0, 0, NULL, NULL, NULL, NULL, NULL, NULL, '0.00', 0),
(2925, 5, 20, 'PRO-PF 142-705', 'Screw', 21, 0, 0, 0, 0, NULL, NULL, NULL, NULL, NULL, NULL, '0.00', 0),
(2926, 5, 20, 'PRO-PF 142-715', 'Cooling Water Pipe (10V)', 21, 0, 0, 0, 0, NULL, NULL, NULL, NULL, NULL, NULL, '0.00', 0),
(2927, 5, 20, 'PRO-PF 142-735', 'Cooling Water Pipe (10V)', 21, 0, 0, 0, 0, NULL, NULL, NULL, NULL, NULL, NULL, '0.00', 0),
(2928, 5, 20, 'PRO-PF 142-901', 'Washer', 21, 0, 0, 0, 0, NULL, NULL, NULL, NULL, NULL, NULL, '0.00', 0),
(2929, 5, 20, 'PRO-PF 142-902', 'Bolt', 21, 0, 0, 0, 0, NULL, NULL, NULL, NULL, NULL, NULL, '0.00', 0),
(2930, 5, 20, 'PRO-PF 142-903', 'Nut', 21, 0, 0, 0, 0, NULL, NULL, NULL, NULL, NULL, NULL, '0.00', 0),
(2931, 5, 20, 'PRO-PF 142-904', 'Packing', 21, 0, 0, 0, 0, NULL, NULL, NULL, NULL, NULL, NULL, '0.00', 0),
(2932, 5, 20, 'PRO-PF 142-905', 'Marine Bronze Screwed Cock', 21, 0, 0, 0, 0, NULL, NULL, NULL, NULL, NULL, NULL, '0.00', 0),
(2933, 5, 20, 'PRO-PF 142-906', 'Cooling Water Inlet Pipe', 21, 0, 0, 0, 0, NULL, NULL, NULL, NULL, NULL, NULL, '0.00', 0),
(2934, 5, 20, 'PRO-PF 142-914', 'Plate', 21, 0, 0, 0, 0, NULL, NULL, NULL, NULL, NULL, NULL, '0.00', 0),
(2935, 5, 20, 'PRO-PF 142-915', 'Bolt/Tunning Pin (For Main Bearing Shell)', 21, 0, 0, 0, 0, NULL, NULL, NULL, NULL, NULL, NULL, '0.00', 0),
(2936, 5, 20, 'PRO-PF 144-1', 'Square Flange', 21, 0, 0, 0, 0, NULL, NULL, NULL, NULL, NULL, NULL, '0.00', 0),
(2937, 5, 20, 'PRO-PF 144-2', 'Screw', 21, 0, 0, 0, 0, NULL, NULL, NULL, NULL, NULL, NULL, '0.00', 0),
(2938, 5, 20, 'PRO-PF 144-3', 'Locking', 21, 0, 0, 0, 0, NULL, NULL, NULL, NULL, NULL, NULL, '0.00', 0),
(2939, 5, 20, 'PRO-PF 144-4', 'Sealing Product', 21, 0, 0, 0, 0, NULL, NULL, NULL, NULL, NULL, NULL, '0.00', 0),
(2940, 5, 20, 'PRO-PF 147-2', 'Plate', 21, 0, 0, 0, 0, NULL, NULL, NULL, NULL, NULL, NULL, '0.00', 0),
(2941, 5, 20, 'PRO-PF 147-1', 'Mineral Wool Band', 21, 0, 0, 0, 0, NULL, NULL, NULL, NULL, NULL, NULL, '0.00', 0),
(2942, 5, 20, 'PRO-PF 147-3', 'Setscrew', 21, 0, 0, 0, 0, NULL, NULL, NULL, NULL, NULL, NULL, '0.00', 0),
(2943, 5, 20, 'PRO-PF 147-11', 'Connection Piece', 21, 0, 0, 0, 0, NULL, NULL, NULL, NULL, NULL, NULL, '0.00', 0),
(2944, 5, 20, 'PRO-PF 147-12', 'Joint ', 21, 0, 0, 0, 0, NULL, NULL, NULL, NULL, NULL, NULL, '0.00', 0),
(2945, 5, 20, 'PRO-PF 147-13', 'Joint ', 21, 0, 0, 0, 0, NULL, NULL, NULL, NULL, NULL, NULL, '0.00', 0),
(2946, 5, 20, 'PRO-PF 147-14', 'Screw', 21, 0, 0, 0, 0, NULL, NULL, NULL, NULL, NULL, NULL, '0.00', 0),
(2947, 5, 20, 'PRO-PF 147-15', 'Screw', 21, 0, 0, 0, 0, NULL, NULL, NULL, NULL, NULL, NULL, '0.00', 0),
(2948, 5, 20, 'PRO-PF 147-16', 'Nut', 21, 0, 0, 0, 0, NULL, NULL, NULL, NULL, NULL, NULL, '0.00', 0),
(2949, 5, 20, 'PRO-PF 147-17', 'Plug', 21, 0, 0, 0, 0, NULL, NULL, NULL, NULL, NULL, NULL, '0.00', 0),
(2950, 5, 20, 'PRO-PF 147-18', 'Joint', 21, 0, 0, 0, 0, NULL, NULL, NULL, NULL, NULL, NULL, '0.00', 0),
(2951, 5, 20, 'PRO-PF 147-19', 'Locking', 21, 0, 0, 0, 0, NULL, NULL, NULL, NULL, NULL, NULL, '0.00', 0),
(2952, 5, 20, 'PRO-PF 147-41', 'Flange', 21, 0, 0, 0, 0, NULL, NULL, NULL, NULL, NULL, NULL, '0.00', 0),
(2953, 5, 20, 'PRO-PF 148-20', 'Junction Pipe', 21, 0, 0, 0, 0, NULL, NULL, NULL, NULL, NULL, NULL, '0.00', 0),
(2954, 5, 20, 'PRO-PF 148-21', 'Adaptation Flange', 21, 0, 0, 0, 0, NULL, NULL, NULL, NULL, NULL, NULL, '0.00', 0),
(2955, 5, 20, 'PRO-PF 148-22', 'Junction Pipe', 21, 0, 0, 0, 0, NULL, NULL, NULL, NULL, NULL, NULL, '0.00', 0),
(2956, 5, 20, 'PRO-PF 148-23', 'Adaptation Flange', 21, 0, 0, 0, 0, NULL, NULL, NULL, NULL, NULL, NULL, '0.00', 0),
(2957, 5, 20, 'PRO-PF 148-24', 'Blank Flange', 21, 0, 0, 0, 0, NULL, NULL, NULL, NULL, NULL, NULL, '0.00', 0),
(2958, 5, 20, 'PRO-PF 148-25', 'Joint', 21, 0, 0, 0, 0, NULL, NULL, NULL, NULL, NULL, NULL, '0.00', 0),
(2959, 5, 20, 'PRO-PF 148-26', 'Joint Ring', 21, 0, 0, 0, 0, NULL, NULL, NULL, NULL, NULL, NULL, '0.00', 0),
(2960, 5, 20, 'PRO-PF 148-27', 'Joint Ring', 21, 0, 0, 0, 0, NULL, NULL, NULL, NULL, NULL, NULL, '0.00', 0),
(2961, 5, 20, 'PRO-PF 148-28', 'Screw', 21, 0, 0, 0, 0, NULL, NULL, NULL, NULL, NULL, NULL, '0.00', 0),
(2962, 5, 20, 'PRO-PF 148-29', 'Screw', 21, 0, 0, 0, 0, NULL, NULL, NULL, NULL, NULL, NULL, '0.00', 0),
(2963, 5, 20, 'PRO-PF 148-30', 'Screw', 21, 0, 0, 0, 0, NULL, NULL, NULL, NULL, NULL, NULL, '0.00', 0),
(2964, 5, 20, 'PRO-PF 148-31', 'Heli-Coil', 21, 0, 0, 0, 0, NULL, NULL, NULL, NULL, NULL, NULL, '0.00', 0),
(2965, 5, 20, 'PRO-PF 148-32', 'Plug', 21, 0, 0, 0, 0, NULL, NULL, NULL, NULL, NULL, NULL, '0.00', 0),
(2966, 5, 20, 'PRO-PF 148-33', 'Plug', 21, 0, 0, 0, 0, NULL, NULL, NULL, NULL, NULL, NULL, '0.00', 0),
(2967, 5, 20, 'PRO-PF 148-34', 'Joint', 21, 0, 0, 0, 0, NULL, NULL, NULL, NULL, NULL, NULL, '0.00', 0),
(2968, 5, 20, 'PRO-PF 148-35', 'Joint', 21, 0, 0, 0, 0, NULL, NULL, NULL, NULL, NULL, NULL, '0.00', 0),
(2969, 5, 20, 'PRO-PF 148-36', 'Sealing Product', 21, 0, 0, 0, 0, NULL, NULL, NULL, NULL, NULL, NULL, '0.00', 0),
(2970, 5, 20, 'PRO-PF 148-37', 'Locking', 21, 0, 0, 0, 0, NULL, NULL, NULL, NULL, NULL, NULL, '0.00', 0),
(2971, 5, 20, 'PRO-PF 148-43', 'Diaphragm', 21, 0, 0, 0, 0, NULL, NULL, NULL, NULL, NULL, NULL, '0.00', 0),
(2972, 5, 20, 'PRO-PF 148-82', 'Dryer', 21, 0, 0, 0, 0, NULL, NULL, NULL, NULL, NULL, NULL, '0.00', 0),
(2973, 5, 20, 'PRO-PF 148-224', 'Joint', 21, 0, 0, 0, 0, NULL, NULL, NULL, NULL, NULL, NULL, '0.00', 0),
(2974, 5, 20, 'PRO-PF 149-1', 'Turbo Blower', 21, 0, 0, 0, 0, NULL, NULL, NULL, NULL, NULL, NULL, '0.00', 0),
(2975, 5, 20, 'PRO-PF 149-2', 'Equipment', 21, 0, 0, 0, 0, NULL, NULL, NULL, NULL, NULL, NULL, '0.00', 0),
(2976, 5, 20, 'PRO-PF 149-3', 'Locking', 21, 0, 0, 0, 0, NULL, NULL, NULL, NULL, NULL, NULL, '0.00', 0),
(2977, 5, 20, 'PRO-PF 160-102', 'Gear Wheel Rim', 21, 0, 0, 0, 0, NULL, NULL, NULL, NULL, NULL, NULL, '0.00', 0),
(2978, 5, 20, 'PRO-PF 160-501', 'Oil Pump', 21, 0, 0, 0, 0, NULL, NULL, NULL, NULL, NULL, NULL, '0.00', 0),
(2979, 5, 20, 'PRO-PF 160-505', 'Stud', 21, 0, 0, 0, 0, NULL, NULL, NULL, NULL, NULL, NULL, '0.00', 0),
(2980, 5, 20, 'PRO-PF 160-506', 'Nut', 21, 0, 0, 0, 0, NULL, NULL, NULL, NULL, NULL, NULL, '0.00', 0),
(2981, 5, 20, 'PRO-PF 160-507', 'Tab Washer', 21, 0, 0, 0, 0, NULL, NULL, NULL, NULL, NULL, NULL, '0.00', 0),
(2982, 5, 20, 'PRO-PF 160-512', 'Gasket', 21, 0, 0, 0, 0, NULL, NULL, NULL, NULL, NULL, NULL, '0.00', 0),
(2983, 5, 20, 'PRO-PF 160-513', 'Taper Pin', 21, 0, 0, 0, 0, NULL, NULL, NULL, NULL, NULL, NULL, '0.00', 0),
(2984, 5, 20, 'PRO-PF 162-82', 'Plug Valve', 21, 0, 0, 0, 0, NULL, NULL, NULL, NULL, NULL, NULL, '0.00', 0),
(2985, 5, 20, 'PRO-PF 162-83', 'Joint', 21, 0, 0, 0, 0, NULL, NULL, NULL, NULL, NULL, NULL, '0.00', 0),
(2986, 5, 20, 'PRO-PF 162-103', 'Gear Wheel Rim', 21, 0, 0, 0, 0, NULL, NULL, NULL, NULL, NULL, NULL, '0.00', 0),
(2987, 5, 20, 'PRO-PF 162-501', 'Pump Shaft', 21, 0, 0, 0, 0, NULL, NULL, NULL, NULL, NULL, NULL, '0.00', 0),
(2988, 5, 20, 'PRO-PF 162-502', 'Pump Shaft', 21, 0, 0, 0, 0, NULL, NULL, NULL, NULL, NULL, NULL, '0.00', 0),
(2989, 5, 20, 'PRO-PF 162-506', 'Key', 21, 0, 0, 0, 0, NULL, NULL, NULL, NULL, NULL, NULL, '0.00', 0),
(2990, 5, 20, 'PRO-PF 162-508', 'Bush', 21, 0, 0, 0, 0, NULL, NULL, NULL, NULL, NULL, NULL, '0.00', 0),
(2991, 5, 20, 'PRO-PF 162-510', 'Sealing Ring', 21, 0, 0, 0, 0, NULL, NULL, NULL, NULL, NULL, NULL, '0.00', 0),
(2992, 5, 20, 'PRO-PF 162-511', 'Body Joint', 21, 0, 0, 0, 0, NULL, NULL, NULL, NULL, NULL, NULL, '0.00', 0),
(2993, 5, 20, 'PRO-PF 162-512', 'Pump Support', 21, 0, 0, 0, 0, NULL, NULL, NULL, NULL, NULL, NULL, '0.00', 0),
(2994, 5, 20, 'PRO-PF 162-517', 'Male Single Union', 21, 0, 0, 0, 0, NULL, NULL, NULL, NULL, NULL, NULL, '0.00', 0),
(2995, 5, 20, 'PRO-PF 162-515', 'Plug', 21, 0, 0, 0, 0, NULL, NULL, NULL, NULL, NULL, NULL, '0.00', 0),
(2996, 5, 20, 'PRO-PF 162-516', 'Joint', 21, 0, 0, 0, 0, NULL, NULL, NULL, NULL, NULL, NULL, '0.00', 0),
(2997, 5, 20, 'PRO-PF 162-518', 'Joint', 21, 0, 0, 0, 0, NULL, NULL, NULL, NULL, NULL, NULL, '0.00', 0),
(2998, 5, 20, 'PRO-PF 162-522', 'Screw', 21, 0, 0, 0, 0, NULL, NULL, NULL, NULL, NULL, NULL, '0.00', 0),
(2999, 5, 20, 'PRO-PF 162-524', 'Tab Washer', 21, 0, 0, 0, 0, NULL, NULL, NULL, NULL, NULL, NULL, '0.00', 0),
(3000, 5, 20, 'PRO-PF 162-528A', 'Sea Water Pump-Navy', 21, 0, 0, 0, 0, NULL, NULL, NULL, NULL, NULL, NULL, '0.00', 0),
(3001, 5, 20, 'PRO-PF 162-528B', 'Sea Water Pump-Merchant Marine', 21, 0, 0, 0, 0, NULL, NULL, NULL, NULL, NULL, NULL, '0.00', 0),
(3002, 5, 20, 'PRO-PF 176-4', 'Air Cooler', 21, 0, 0, 0, 0, NULL, NULL, NULL, NULL, NULL, NULL, '0.00', 0),
(3003, 5, 20, 'PRO-PF 176-5', 'Cock', 21, 0, 0, 0, 0, NULL, NULL, NULL, NULL, NULL, NULL, '0.00', 0),
(3004, 5, 20, 'PRO-PF 176-6', 'Cock', 21, 0, 0, 0, 0, NULL, NULL, NULL, NULL, NULL, NULL, '0.00', 0),
(3005, 5, 20, 'PRO-PF 176-7', 'Joint', 21, 0, 0, 0, 0, NULL, NULL, NULL, NULL, NULL, NULL, '0.00', 0),
(3006, 5, 20, 'PRO-PF 176-8', 'Joint', 21, 0, 0, 0, 0, NULL, NULL, NULL, NULL, NULL, NULL, '0.00', 0),
(3007, 5, 20, 'PRO-PF 176-9', 'Screw', 21, 0, 0, 0, 0, NULL, NULL, NULL, NULL, NULL, NULL, '0.00', 0),
(3008, 5, 20, 'PRO-PF 176-10', 'Locking', 21, 0, 0, 0, 0, NULL, NULL, NULL, NULL, NULL, NULL, '0.00', 0),
(3009, 5, 20, 'PRO-PF 176-104', 'Air Cooler', 21, 0, 0, 0, 0, NULL, NULL, NULL, NULL, NULL, NULL, '0.00', 0),
(3010, 5, 20, 'PRO-PF 176-204', 'Air Cooler', 21, 0, 0, 0, 0, NULL, NULL, NULL, NULL, NULL, NULL, '0.00', 0),
(3011, 5, 20, 'PRO-PF 176-304', 'Air Cooler', 21, 0, 0, 0, 0, NULL, NULL, NULL, NULL, NULL, NULL, '0.00', 0),
(3012, 5, 20, 'PRO-PF 180-40', 'One-piece Support', 21, 0, 0, 0, 0, NULL, NULL, NULL, NULL, NULL, NULL, '0.00', 0),
(3013, 5, 20, 'PRO-PF 180-41', 'Seal', 21, 0, 0, 0, 0, NULL, NULL, NULL, NULL, NULL, NULL, '0.00', 0),
(3014, 5, 20, 'PRO-PF 180-42', 'Spacer', 21, 0, 0, 0, 0, NULL, NULL, NULL, NULL, NULL, NULL, '0.00', 0),
(3015, 5, 20, 'PRO-PF 180-43', 'Joint', 21, 0, 0, 0, 0, NULL, NULL, NULL, NULL, NULL, NULL, '0.00', 0),
(3016, 5, 20, 'PRO-PF 180-44', 'Screw', 21, 0, 0, 0, 0, NULL, NULL, NULL, NULL, NULL, NULL, '0.00', 0),
(3017, 5, 20, 'PRO-PF 180-45', 'Taper Pin', 21, 0, 0, 0, 0, NULL, NULL, NULL, NULL, NULL, NULL, '0.00', 0),
(3018, 5, 20, 'PRO-PF 180-46', 'Sealing Product', 21, 0, 0, 0, 0, NULL, NULL, NULL, NULL, NULL, NULL, '0.00', 0),
(3019, 5, 20, 'PRO-PF 180-47', 'Locking', 21, 0, 0, 0, 0, NULL, NULL, NULL, NULL, NULL, NULL, '0.00', 0),
(3020, 5, 20, 'PRO-PF 180-48', 'Joint', 21, 0, 0, 0, 0, NULL, NULL, NULL, NULL, NULL, NULL, '0.00', 0),
(3021, 5, 20, 'PRO-PF 180-49', 'Screw', 21, 0, 0, 0, 0, NULL, NULL, NULL, NULL, NULL, NULL, '0.00', 0),
(3022, 5, 20, 'PRO-PF 181-50', 'Right-hand Front Support', 21, 0, 0, 0, 0, NULL, NULL, NULL, NULL, NULL, NULL, '0.00', 0),
(3023, 5, 20, 'PRO-PF 181-51', 'Left-hand Front Support', 21, 0, 0, 0, 0, NULL, NULL, NULL, NULL, NULL, NULL, '0.00', 0),
(3024, 5, 20, 'PRO-PF 181-52', 'Right-hand Rear Support', 21, 0, 0, 0, 0, NULL, NULL, NULL, NULL, NULL, NULL, '0.00', 0),
(3025, 5, 20, 'PRO-PF 181-53', 'Left-hand Rear Support', 21, 0, 0, 0, 0, NULL, NULL, NULL, NULL, NULL, NULL, '0.00', 0),
(3026, 5, 20, 'PRO-PF 181-54', 'Stretcher', 21, 0, 0, 0, 0, NULL, NULL, NULL, NULL, NULL, NULL, '0.00', 0),
(3027, 5, 20, 'PRO-PF 181-55', 'Fork', 21, 0, 0, 0, 0, NULL, NULL, NULL, NULL, NULL, NULL, '0.00', 0),
(3028, 5, 20, 'PRO-PF 181-56', 'Fork', 21, 0, 0, 0, 0, NULL, NULL, NULL, NULL, NULL, NULL, '0.00', 0),
(3029, 5, 20, 'PRO-PF 181-57', 'Nut', 21, 0, 0, 0, 0, NULL, NULL, NULL, NULL, NULL, NULL, '0.00', 0),
(3030, 5, 20, 'PRO-PF 181-58', 'Spacer', 21, 0, 0, 0, 0, NULL, NULL, NULL, NULL, NULL, NULL, '0.00', 0),
(3031, 5, 20, 'PRO-PF 181-59', 'Screw', 21, 0, 0, 0, 0, NULL, NULL, NULL, NULL, NULL, NULL, '0.00', 0),
(3032, 5, 20, 'PRO-PF 181-61', 'Nut-Locking', 21, 0, 0, 0, 0, NULL, NULL, NULL, NULL, NULL, NULL, '0.00', 0),
(3033, 5, 20, 'PRO-PF 181-62', 'Nut', 21, 0, 0, 0, 0, NULL, NULL, NULL, NULL, NULL, NULL, '0.00', 0),
(3034, 5, 20, 'PRO-PF 181-63', 'Spring Dowel Pin', 21, 0, 0, 0, 0, NULL, NULL, NULL, NULL, NULL, NULL, '0.00', 0),
(3035, 5, 20, 'PRO-PF 181-64', 'Locking', 21, 0, 0, 0, 0, NULL, NULL, NULL, NULL, NULL, NULL, '0.00', 0),
(3036, 5, 20, 'PRO-PF 215-1A', 'Flange', 21, 0, 0, 0, 0, NULL, NULL, NULL, NULL, NULL, NULL, '0.00', 0),
(3037, 5, 20, 'PRO-PF 215-1B', 'Internal Body', 21, 0, 0, 0, 0, NULL, NULL, NULL, NULL, NULL, NULL, '0.00', 0),
(3038, 5, 20, 'PRO-PF 215-2', 'Intermediate Piece', 21, 0, 0, 0, 0, NULL, NULL, NULL, NULL, NULL, NULL, '0.00', 0),
(3039, 5, 20, 'PRO-PF 215-3B', 'Fiited Bolt', 21, 0, 0, 991, 0, 0, '', '', '30391.jpg', NULL, NULL, '0.00', 0),
(3040, 5, 20, 'PRO-PF 215-4B', 'Nut', 21, 0, 0, 992, 0, 0, '', '', '30401.jpg', NULL, NULL, '0.00', 0),
(3041, 5, 20, 'PRO-PF 215-5A', 'Ring', 21, 0, 0, 0, 0, NULL, NULL, NULL, NULL, NULL, NULL, '0.00', 0),
(3042, 5, 20, 'PRO-PF 215-5B', 'Closure Plate', 21, 0, 0, 0, 0, NULL, NULL, NULL, NULL, NULL, NULL, '0.00', 0),
(3043, 5, 20, 'PRO-PF 215-6', 'Cover', 21, 0, 0, 0, 0, NULL, NULL, NULL, NULL, NULL, NULL, '0.00', 0),
(3044, 5, 20, 'PRO-PF 215-8A', 'Bolt', 21, 0, 0, 0, 0, NULL, NULL, NULL, NULL, NULL, NULL, '0.00', 0),
(3045, 5, 20, 'PRO-PF 215-8B', 'Lock Square', 21, 0, 0, 0, 0, NULL, NULL, NULL, NULL, NULL, NULL, '0.00', 0),
(3046, 5, 20, 'PRO-PF 215-9', 'Setscrew', 21, 0, 0, 0, 0, NULL, NULL, NULL, NULL, NULL, NULL, '0.00', 0),
(3047, 5, 20, 'PRO-PF 215-10A', 'Plate', 21, 0, 0, 0, 0, NULL, NULL, NULL, NULL, NULL, NULL, '0.00', 0),
(3048, 5, 20, 'PRO-PF 215-10B', 'Pin', 21, 0, 0, 0, 0, NULL, NULL, NULL, NULL, NULL, NULL, '0.00', 0),
(3049, 5, 20, 'PRO-PF 215-11A', 'Oring', 21, 0, 0, 0, 0, NULL, NULL, NULL, NULL, NULL, NULL, '0.00', 0),
(3050, 5, 20, 'PRO-PF 215-11B', 'Double Key ', 21, 0, 0, 0, 0, NULL, NULL, NULL, NULL, NULL, NULL, '0.00', 0),
(3051, 5, 20, 'PRO-PF 215-11C', 'Spring', 21, 0, 0, 0, 0, NULL, NULL, NULL, NULL, NULL, NULL, '0.00', 0),
(3052, 5, 20, 'PRO-PF 215-13', 'Oring', 21, 0, 0, 0, 0, NULL, NULL, NULL, NULL, NULL, NULL, '0.00', 0),
(3053, 5, 20, 'PRO-PF 215-14A', 'Spring', 21, 0, 0, 0, 0, NULL, NULL, NULL, NULL, NULL, NULL, '0.00', 0),
(3054, 5, 20, 'PRO-PF 215-14B', 'External Body', 21, 0, 0, 0, 0, NULL, NULL, NULL, NULL, NULL, NULL, '0.00', 0),
(3055, 5, 20, 'PRO-PF 215-15', 'Bracket', 21, 0, 0, 0, 0, NULL, NULL, NULL, NULL, NULL, NULL, '0.00', 0),
(3056, 5, 20, 'PRO-PF 215-17', 'Spring Pin', 21, 0, 0, 0, 0, NULL, NULL, NULL, NULL, NULL, NULL, '0.00', 0),
(3057, 5, 20, 'PRO-PF 215-18', 'Setscrew', 21, 0, 0, 0, 0, NULL, NULL, NULL, NULL, NULL, NULL, '0.00', 0),
(3058, 5, 20, 'PRO-PF 215-19', 'Adjusting Shim', 21, 0, 0, 0, 0, NULL, NULL, NULL, NULL, NULL, NULL, '0.00', 0),
(3059, 5, 20, 'PRO-PF 215-20', 'Locking Wire', 21, 0, 0, 0, 0, NULL, NULL, NULL, NULL, NULL, NULL, '0.00', 0),
(3060, 5, 20, 'PRO-PF 215-21', 'Shim', 21, 0, 0, 0, 0, NULL, NULL, NULL, NULL, NULL, NULL, '0.00', 0),
(3061, 5, 20, 'PRO-PF 215-25', 'Orifice', 21, 0, 0, 0, 0, NULL, NULL, NULL, NULL, NULL, NULL, '0.00', 0),
(3062, 5, 20, 'PRO-PF 215-26', 'Locking Wire', 21, 0, 0, 0, 0, NULL, NULL, NULL, NULL, NULL, NULL, '0.00', 0),
(3063, 5, 20, 'PRO-PF 215-27', 'Copper Packing', 21, 0, 0, 0, 0, NULL, NULL, NULL, NULL, NULL, NULL, '0.00', 0),
(3064, 5, 20, 'PRO-PF 215-116', 'Lock Nut', 21, 0, 0, 0, 0, NULL, NULL, NULL, NULL, NULL, NULL, '0.00', 0),
(3065, 5, 20, 'PRO-PF 215-29', 'Special Plug', 21, 0, 0, 0, 0, NULL, NULL, NULL, NULL, NULL, NULL, '0.00', 0),
(3066, 5, 20, 'VTR-105', 'Turbocharger Guide Bush', 21, 0, 0, 0, 0, NULL, NULL, NULL, NULL, NULL, NULL, '0.00', 0),
(3067, 5, 20, 'VTR-23052', 'Head screw', 21, 0, 0, 0, 0, NULL, NULL, NULL, NULL, NULL, NULL, '0.00', 0),
(3068, 5, 20, 'VTR-25', 'T/C Impeller', 21, 0, 0, 0, 0, NULL, NULL, NULL, NULL, NULL, NULL, '0.00', 0),
(3069, 5, 20, 'VTR-26', 'T/C Guide Wheel', 21, 0, 0, 0, 0, NULL, NULL, NULL, NULL, NULL, NULL, '0.00', 0),
(3070, 5, 20, 'VTR-26000', 'Inducer 26/26000', 21, 0, 0, 0, 0, NULL, NULL, NULL, NULL, NULL, NULL, '0.00', 0),
(3071, 5, 20, 'VTR-3514', 'Hexagonal Headed Screw', 21, 0, 0, 0, 0, NULL, NULL, NULL, NULL, NULL, NULL, '0.00', 0),
(3072, 5, 20, 'VTR-36', 'VTR-401 Blower side gear oil pump PN3600', 21, 0, 0, 0, 0, NULL, NULL, NULL, NULL, NULL, NULL, '0.00', 0),
(3073, 5, 20, 'VTR-39', 'Turbineside oil pump PN 3900', 21, 0, 0, 0, 0, NULL, NULL, NULL, NULL, NULL, NULL, '0.00', 0),
(3074, 5, 20, 'VTR-39001', 'Cap Nut 47231/39001', 21, 0, 0, 0, 0, NULL, NULL, NULL, NULL, NULL, NULL, '0.00', 0),
(3075, 5, 20, 'VTR-4012P', 'Turbine blade for VTR 401', 21, 0, 0, 0, 0, NULL, NULL, NULL, NULL, NULL, NULL, '0.00', 0),
(3076, 5, 20, 'VTR-401-PN77', 'Wall Insert/Blower Casing Insert ', 21, 0, 0, 0, 0, NULL, NULL, NULL, NULL, NULL, NULL, '0.00', 0),
(3077, 5, 20, 'VTR-46005', 'Sight glass w/o merk 5840/46005', 21, 0, 0, 0, 0, NULL, NULL, NULL, NULL, NULL, NULL, '0.00', 0),
(3078, 5, 20, 'VTR-51014', 'Sealing Bush blower 51014', 21, 0, 0, 0, 0, NULL, NULL, NULL, NULL, NULL, NULL, '0.00', 0),
(3079, 5, 20, 'VTR-58', 'Gasket PN 5878/46007', 21, 0, 0, 0, 0, NULL, NULL, NULL, NULL, NULL, NULL, '0.00', 0),
(3080, 5, 20, 'VTR-67000', 'Cover  ring 30425/6700', 21, 0, 0, 0, 0, NULL, NULL, NULL, NULL, NULL, NULL, '0.00', 0),
(3081, 5, 20, 'VTR-704', 'Shaft Protecting Sleeve', 21, 0, 0, 0, 0, NULL, NULL, NULL, NULL, NULL, NULL, '0.00', 0),
(3082, 5, 20, 'VTR-79000', 'Diffuser', 21, 0, 0, 0, 0, NULL, NULL, NULL, NULL, NULL, NULL, '0.00', 0),
(3083, 5, 20, 'VTR-81105', 'Head screw', 21, 0, 0, 0, 0, NULL, NULL, NULL, NULL, NULL, NULL, '0.00', 0),
(3084, 5, 20, 'VTR-LP', 'Locking Plate PN 20830/32133', 21, 0, 0, 0, 0, NULL, NULL, NULL, NULL, NULL, NULL, '0.00', 0),
(3085, 5, 20, 'VTR-30-2N', 'Nozzle Ring, PN 56000', 21, 0, 0, 0, 0, NULL, NULL, NULL, NULL, NULL, NULL, '0.00', 0),
(3086, 5, 20, 'VTR-32-CE', 'Blower Side Bearing Type PN 32/32100', 21, 0, 0, 0, 0, NULL, NULL, NULL, NULL, NULL, NULL, '0.00', 0),
(3087, 5, 20, 'VTR-725-CE', 'Sealing Bush, Blower Side PN 76002', 21, 0, 0, 0, 0, NULL, NULL, NULL, NULL, NULL, NULL, '0.00', 0),
(3088, 5, 20, 'VTR-52111', 'Head screw', 21, 0, 0, 0, 0, NULL, NULL, NULL, NULL, NULL, NULL, '0.00', 0),
(3089, 5, 20, 'VTR-52424', 'Head screw', 21, 0, 0, 0, 0, NULL, NULL, NULL, NULL, NULL, NULL, '0.00', 0),
(3090, 5, 20, 'VTR-505-TE', 'Sealing Bush, Turbine Side PN 51014', 21, 0, 0, 0, 0, NULL, NULL, NULL, NULL, NULL, NULL, '0.00', 0),
(3091, 5, 20, 'VTR-583', 'Gauge Glass', 21, 0, 0, 0, 0, NULL, NULL, NULL, NULL, NULL, NULL, '0.00', 0),
(3092, 5, 20, 'VTR-425-2N', 'Shroud Ring (Cover Ring) PN 57000', 21, 0, 0, 0, 0, NULL, NULL, NULL, NULL, NULL, NULL, '0.00', 0),
(3093, 5, 20, 'ENG-PIE_1039', 'Cylinder Head - Bare for Build and Machine (JV# 00-07-47)', 21, 0, 0, 0, 0, NULL, NULL, NULL, NULL, NULL, NULL, '0.00', 0),
(3094, 5, 20, 'ENG-PIE_1040', 'Exhaust Valve Cage Left', 21, 0, 0, 0, 0, NULL, NULL, NULL, NULL, NULL, NULL, '0.00', 0),
(3095, 5, 20, 'ENG-PIE_1041', 'Exhaust Valve Cage Right', 21, 0, 0, 0, 0, NULL, NULL, NULL, NULL, NULL, NULL, '0.00', 0),
(3096, 5, 20, 'VTR-401', 'Head screw M8 x 30', 21, 0, 0, 0, 0, NULL, NULL, NULL, NULL, NULL, NULL, '0.00', 0),
(3097, 5, 20, 'VTR-401', 'Plug screw for upper portion M 33 x 20; PN-5891', 21, 0, 0, 0, 0, NULL, NULL, NULL, NULL, NULL, NULL, '0.00', 0),
(3098, 5, 20, 'VTR-400', 'Gas Inlet Casing', 21, 0, 0, 0, 0, NULL, NULL, NULL, NULL, NULL, NULL, '0.00', 0),
(3099, 5, 20, 'VTR-401-2N', 'Gas Outlet Casing ( For Fuji Pielstick Engine - Turbo Charger )', 21, 0, 0, 0, 0, NULL, NULL, NULL, NULL, NULL, NULL, '0.00', 0),
(3100, 5, 20, 'VTR-401-2P', 'Gas Outlet Casing ( For Zgoda Sulzer Engine - Turbo Charger )', 21, 0, 0, 0, 0, NULL, NULL, NULL, NULL, NULL, NULL, '0.00', 0),
(3101, 5, 20, 'VTR-401-2N', 'Blower Bearing Casing', 21, 0, 0, 0, 0, NULL, NULL, NULL, NULL, NULL, NULL, '0.00', 0),
(3102, 5, 20, 'ENG-PIE_1042', 'Connecting Rod (JV# 00-07-47)', 21, 0, 0, 0, 0, NULL, NULL, NULL, NULL, NULL, NULL, '0.00', 0),
(3103, 5, 20, 'ENG-PIE_1043', 'Cylinder Jacket', 21, 0, 0, 0, 0, NULL, NULL, NULL, NULL, NULL, NULL, '0.00', 0),
(3104, 5, 20, 'ENG-PIE_1044', 'Rocker Arm', 21, 0, 0, 0, 0, NULL, NULL, NULL, NULL, NULL, NULL, '0.00', 0),
(3105, 5, 20, 'ENG-PIE_1045', 'Cylinder Stud Bolt', 21, 0, 0, 0, 0, NULL, NULL, NULL, NULL, NULL, NULL, '0.00', 0),
(3106, 5, 20, 'ENG-PIE_1046', 'Crankshaft', 21, 0, 0, 0, 0, NULL, NULL, NULL, NULL, NULL, NULL, '0.00', 0),
(3107, 5, 20, 'ENG-PIE_1047', 'Coupling Nut', 21, 0, 0, 0, 0, NULL, NULL, NULL, NULL, NULL, NULL, '0.00', 0),
(3108, 5, 20, 'ENG-PIE_1048', 'Coupling Stud Bolt', 21, 0, 0, 0, 0, NULL, NULL, NULL, NULL, NULL, NULL, '0.00', 0),
(3109, 5, 20, 'ENG-PIE_1049', 'Setting Nut w/ Washer', 21, 0, 0, 0, 0, NULL, NULL, NULL, NULL, NULL, NULL, '0.00', 0),
(3110, 5, 20, 'ENG-PIE_1050', 'Washer', 21, 0, 0, 0, 0, NULL, NULL, NULL, NULL, NULL, NULL, '0.00', 0),
(3111, 5, 20, 'ENG-PIE_1051', 'Hold Down Bolt', 21, 0, 0, 0, 0, NULL, NULL, NULL, NULL, NULL, NULL, '0.00', 0),
(3112, 5, 20, 'ENG-PIE_1052', 'Gas Inlet Casing', 21, 0, 0, 0, 0, NULL, NULL, NULL, NULL, NULL, NULL, '0.00', 0),
(3113, 5, 20, 'PRO-PF 16-3 B', 'Adjusting Nut, PF 16-3B', 21, 36, 62, 710, 2, 105, '', '', '31131.jpg', NULL, NULL, '0.00', 0),
(3360, 122, 0, 'ECV-06', 'Tachogenerator, D-90429, Number Type, Type GZ-121-B', 21, 0, 0, 0, 0, NULL, NULL, NULL, NULL, NULL, NULL, '0.00', 0),
(3361, 122, 0, 'ECV-07', 'LK 39918/001 1500 1 Min. 1 MA, 60VAC, Norris', 21, 0, 0, 0, 0, NULL, NULL, NULL, NULL, NULL, NULL, '0.00', 0),
(3362, 121, 0, 'ECV-08', 'Circlip, E-type', 21, 0, 0, 0, 0, NULL, NULL, NULL, NULL, NULL, NULL, '0.00', 0),
(3363, 121, 0, 'ECV-09', 'Viton-Nit O''Cord, 10.00mm CS, Hardness: 70-80 Shore A', 21, 0, 0, 0, 0, NULL, NULL, NULL, NULL, NULL, NULL, '0.00', 0),
(3364, 121, 0, '_1001', 'O-ring, 10mm ID x 14mm OD x 2mmT', 21, 0, 0, 639, 0, 0, '', '', NULL, NULL, NULL, '0.00', 0),
(3365, 121, 0, '_1002', 'Wire Braided Metallic Hose, Size:200mm x 320mm x OAL', 21, 0, 0, 0, 0, NULL, NULL, NULL, NULL, NULL, NULL, '0.00', 0),
(3366, 121, 0, '_1003', 'Exhaust Bellows 265mm x 130mm OAL x 5 cons', 21, 0, 0, 0, 0, NULL, NULL, NULL, NULL, NULL, NULL, '0.00', 0),
(3367, 121, 0, '_1004', 'S/S Single w. Braided Flex. Metal Hose Size: 6" dia x 318mm', 21, 0, 0, 0, 0, NULL, NULL, NULL, NULL, NULL, NULL, '0.00', 0),
(3368, 95, 0, '_1005', 'Valve 130H', 21, 0, 0, 0, 0, NULL, NULL, NULL, NULL, NULL, NULL, '0.00', 0),
(3369, 95, 0, '_1006', 'Valve 130HL', 21, 0, 0, 0, 0, NULL, NULL, NULL, NULL, NULL, NULL, '0.00', 0),
(3370, 95, 0, '_1007', 'Valve 131HA', 21, 0, 0, 0, 0, NULL, NULL, NULL, NULL, NULL, NULL, '0.00', 0),
(3371, 95, 0, '_1008', 'Valve 53HA', 21, 0, 0, 0, 0, NULL, NULL, NULL, NULL, NULL, NULL, '0.00', 0),
(3372, 95, 0, '_1009', 'Valve 50H', 21, 0, 0, 0, 0, NULL, NULL, NULL, NULL, NULL, NULL, '0.00', 0),
(3373, 95, 0, '_1010', 'Air Filter 120HA', 21, 0, 0, 0, 0, NULL, NULL, NULL, NULL, NULL, NULL, '0.00', 0),
(3374, 95, 0, '_1011', 'Air Filter 120HB', 21, 0, 0, 0, 0, NULL, NULL, NULL, NULL, NULL, NULL, '0.00', 0),
(3375, 95, 0, '_1012', 'Repair Kit for Type:999, no. 7,2-32 Bar, PN 113.425.01', 21, 0, 0, 0, 0, NULL, NULL, NULL, NULL, NULL, NULL, '0.00', 0),
(3376, 128, 0, '_1013', 'Tubular Seal 15mm x 1.5mm', 21, 0, 0, 0, 0, NULL, NULL, NULL, NULL, NULL, NULL, '0.00', 0),
(3377, 128, 0, '_1014', 'Tubular Seal 15mm x 1.8mm', 21, 0, 0, 0, 0, NULL, NULL, NULL, NULL, NULL, NULL, '0.00', 0),
(3378, 128, 0, '_1015', 'Tubular Seal 15mm x 1.85mm', 21, 0, 0, 0, 0, NULL, NULL, NULL, NULL, NULL, NULL, '0.00', 0),
(3379, 128, 0, '_1016', 'Tubular Seal 15mm x 2mm', 21, 0, 0, 0, 0, NULL, NULL, NULL, NULL, NULL, NULL, '0.00', 0),
(3380, 128, 0, '_1017', 'Tubular Seal 15mm x 2.15mm', 21, 0, 0, 0, 0, NULL, NULL, NULL, NULL, NULL, NULL, '0.00', 0),
(3381, 128, 0, '_1018', 'Tubular Seal 15mm x 2.2mm', 21, 0, 0, 0, 0, NULL, NULL, NULL, NULL, NULL, NULL, '0.00', 0),
(3451, 5, 20, 'PRO-PF 73-39', 'Wire', 23, 0, 0, 0, 0, NULL, NULL, NULL, NULL, NULL, NULL, '0.00', 0),
(3452, 5, 20, 'PRO-PF 20-0', 'O-ring Cord', 23, 0, 0, 0, 0, NULL, NULL, NULL, NULL, NULL, NULL, '0.00', 0),
(3453, 5, 20, 'ENG-PIE_1053', 'T/C Cover Rotor Shaft', 25, 0, 0, 0, 0, NULL, NULL, NULL, NULL, NULL, NULL, '0.00', 0),
(3454, 5, 20, 'PRO-PF 20-136', 'Stud Bolt', 25, 0, 0, 837, 0, 0, '', '', '34541.jpg', NULL, NULL, '0.00', 0),
(3455, 5, 20, 'PRO-PF 1-8/9/12/13', 'Jack Bolt Assembly (New), PF 1-8/9/12/13', 25, 53, 62, 791, 2, 104, '', '', NULL, NULL, NULL, '0.00', 0),
(3457, 5, 20, 'PRO-PF 62R-Assy.', 'Governor, UG-40, Reconditioned', 25, 0, 0, 0, 0, NULL, NULL, NULL, NULL, NULL, NULL, '0.00', 0),
(3458, 5, 20, 'PRO-PF 62-Assy.', 'Brand New UG-40, Woodward Governor Assembly', 25, 0, 0, 0, 0, NULL, NULL, NULL, NULL, NULL, NULL, '0.00', 0),
(3459, 5, 20, 'PRO-PF10-Assy.', 'Cylinder Head Assembly, (Complete)', 31, 0, 0, 0, 0, NULL, NULL, NULL, NULL, NULL, NULL, '0.00', 0),
(3460, 5, 20, 'PRO-PF 19-Assy', 'Indicator Valve Assembly', 31, 0, 0, 0, 0, NULL, NULL, NULL, NULL, NULL, NULL, '0.00', 0),
(3461, 5, 20, 'PRO-PF 19-1', 'Body', 31, 0, 0, 0, 0, NULL, NULL, NULL, NULL, NULL, NULL, '0.00', 0),
(3462, 5, 20, 'PRO-PF 19-6 Assy', 'Valve Stem (Assembly)', 31, 0, 0, 0, 0, NULL, NULL, NULL, NULL, NULL, NULL, '0.00', 0),
(3463, 5, 20, 'PRO-PF 20-373 Assy.', 'Adjusting Bolt Assy.', 31, 0, 0, 0, 0, NULL, NULL, NULL, NULL, NULL, NULL, '0.00', 0),
(3464, 5, 20, 'PRO-PF 25-Assy.', 'Starting Air Distributor Valve Assembly', 31, 0, 0, 0, 0, NULL, NULL, NULL, NULL, NULL, NULL, '0.00', 0),
(3465, 5, 20, 'PRO-PF 30-Assy.', 'Fuel Injection Pump Assembly', 31, 0, 0, 0, 0, NULL, NULL, NULL, NULL, NULL, NULL, '0.00', 0),
(3466, 5, 20, 'PRO-PF 32-Assy.', 'Roller Guide Assembly', 31, 0, 0, 0, 0, NULL, NULL, NULL, NULL, NULL, NULL, '0.00', 0),
(3467, 5, 20, 'PRO-PF 35-Assy.', 'Inspection Door Assembly', 31, 0, 0, 0, 0, NULL, NULL, NULL, NULL, NULL, NULL, '0.00', 0),
(3468, 5, 20, 'PRO-PF 62-TSA', 'Terminal Shaft Assembly PN 5356-22', 31, 0, 0, 0, 0, NULL, NULL, NULL, NULL, NULL, NULL, '0.00', 0),
(3469, 5, 20, 'PRO-PF 96-7/9', 'Shell Assembly', 31, 0, 0, 0, 0, NULL, NULL, NULL, NULL, NULL, NULL, '0.00', 0),
(3470, 5, 20, 'VTR-401-2NR (20667)', 'Rotor Assembly  Job Number ES   20667', 31, 0, 0, 0, 0, NULL, NULL, NULL, NULL, NULL, NULL, '0.00', 0),
(3471, 5, 20, 'VTR-401-2NR (20664)', 'Rotor Assembly  Job Number ES  20664', 31, 0, 0, 0, 0, NULL, NULL, NULL, NULL, NULL, NULL, '0.00', 0),
(3472, 5, 20, 'VTR-401-2NR (20666)', 'Rotor Assembly  Job Number ES  20666', 31, 0, 0, 0, 0, NULL, NULL, NULL, NULL, NULL, NULL, '0.00', 0),
(3473, 5, 20, 'VTR-401-2NR (20665)', 'Rotor Assembly  Job Number ES  20665', 31, 0, 0, 0, 0, NULL, NULL, NULL, NULL, NULL, NULL, '0.00', 0),
(3474, 5, 20, 'VTR-401-2', 'Rotorshaft Assy for Zgoda Sulzer PN 2000', 31, 0, 0, 0, 0, NULL, NULL, NULL, NULL, NULL, NULL, '0.00', 0),
(3475, 5, 20, 'VTR-401-2N', 'Rotor Assembly ( for Fuji Pielstick Engine - Turbo Charger )', 31, 0, 0, 0, 0, NULL, NULL, NULL, NULL, NULL, NULL, '0.00', 0),
(3476, 5, 20, 'VTR-401-2P', 'Rotor Assembly ( for Zgoda Sulzer Engine - Turbo Charger )', 31, 0, 0, 0, 0, NULL, NULL, NULL, NULL, NULL, NULL, '0.00', 0),
(3477, 5, 20, 'PRO-PF 16-Assy.', 'Fuel Injector Assembly ', 31, 0, 0, 0, 0, NULL, NULL, NULL, NULL, NULL, NULL, '0.00', 0),
(3478, 5, 20, 'PRO-PF 17-Assy.', 'Safety Valve Assembly', 31, 0, 0, 0, 0, NULL, NULL, NULL, NULL, NULL, NULL, '0.00', 0),
(3479, 5, 20, 'PRO-PF 18-Assy.', 'Starting Valve Assembly', 31, 0, 0, 0, 0, NULL, NULL, NULL, NULL, NULL, NULL, '0.00', 0),
(3480, 5, 20, 'ENG-PIE_1054', 'Rotor Assembly', 31, 0, 0, 0, 0, NULL, NULL, NULL, NULL, NULL, NULL, '0.00', 0),
(3484, 5, 20, 'PRO-PF 10-Seat-B', 'Intake Valve Seat Ring (B), PF 10 Seat B', 21, 21, 62, 690, 2, 106, '', '', '34841.jpg', NULL, NULL, '0.00', 0),
(3485, 5, 20, 'PRO-PF 10-925', 'Stud Bolt', 21, 0, 0, 797, 0, 0, '', '', NULL, NULL, NULL, '0.00', 0),
(3487, 5, 20, 'PRO-PF 20-161', 'Inlet Valve Rocker Arm, right', 0, 0, 0, 0, 0, NULL, NULL, NULL, NULL, NULL, NULL, '0.00', 0);
INSERT INTO `items` (`item_id`, `category_id`, `subcat_id`, `original_pn`, `item_name`, `unit_id`, `group_id`, `location_id`, `bin_id`, `warehouse_id`, `rack_id`, `barcode`, `expiration`, `picture1`, `picture2`, `picture3`, `min_qty`, `damage`) VALUES
(3488, 5, 20, 'PRO-PF 30-109', 'Safety Valve', 0, 0, 0, 0, 0, NULL, NULL, NULL, NULL, NULL, NULL, '0.00', 0),
(3489, 5, 20, 'PRO-PF 30-116', 'Washer', 0, 0, 0, 0, 0, NULL, NULL, NULL, NULL, NULL, NULL, '0.00', 0),
(3490, 5, 20, 'PRO-PF 32-140', 'Locking Piece, PF 32-140', 21, 113, 62, 760, 2, 95, '', '', NULL, NULL, NULL, '0.00', 0),
(3491, 5, 20, 'PRO-PF 40-601', 'Water Inlet Connection', 0, 0, 0, 0, 0, NULL, NULL, NULL, NULL, NULL, NULL, '0.00', 0),
(3492, 5, 20, 'PRO-PF 40-602', 'Water Inlet Connection', 0, 0, 0, 0, 0, NULL, NULL, NULL, NULL, NULL, NULL, '0.00', 0),
(3493, 5, 20, 'PRO-PF 52-11', 'Tighness', 0, 0, 0, 0, 0, NULL, NULL, NULL, NULL, NULL, NULL, '0.00', 0),
(3494, 5, 20, 'PRO-PF 54-30', 'Screw', 0, 0, 0, 0, 0, NULL, NULL, NULL, NULL, NULL, NULL, '0.00', 0),
(3495, 5, 20, 'PRO-PF 54-123', 'Washer', 0, 0, 0, 0, 0, NULL, NULL, NULL, NULL, NULL, NULL, '0.00', 0),
(3496, 5, 20, 'PRO-PF 65-123', 'Fitted Screw', 0, 0, 0, 0, 0, NULL, NULL, NULL, NULL, NULL, NULL, '0.00', 0),
(3497, 5, 20, 'PRO-PF 75-226', 'Motor', 0, 0, 0, 0, 0, NULL, NULL, NULL, NULL, NULL, NULL, '0.00', 0),
(3498, 5, 20, 'PRO-PF 97-90', NULL, 0, 0, 0, 0, 0, NULL, NULL, NULL, NULL, NULL, NULL, '0.00', 0),
(3499, 5, 20, 'PRO-PF 102-327', 'Lever', 0, 0, 0, 0, 0, NULL, NULL, NULL, NULL, NULL, NULL, '0.00', 0),
(3500, 5, 20, 'PRO-PF 128-4C', NULL, 0, 0, 0, 0, 0, NULL, NULL, NULL, NULL, NULL, NULL, '0.00', 0),
(3501, 5, 20, 'PRO-PF 128-6B', 'Lower Branch Pipe', 0, 0, 0, 0, 0, NULL, NULL, NULL, NULL, NULL, NULL, '0.00', 0),
(3502, 5, 20, 'PRO-PF 128-55', 'Joint Cylinder Head Outlet, PN 312362200', 0, 0, 0, 0, 0, NULL, NULL, NULL, NULL, NULL, NULL, '0.00', 0),
(3503, 5, 20, 'PRO-PF 134-51B', 'Shouldered Plug', 0, 0, 0, 0, 0, NULL, NULL, NULL, NULL, NULL, NULL, '0.00', 0),
(3504, 5, 20, 'VTR-Nut', 'Ring Nut', 0, 0, 0, 0, 0, NULL, NULL, NULL, NULL, NULL, NULL, '0.00', 0),
(3505, 5, 20, 'ENG-PIE_1056', 'Sealing 4 string with Caulkling Wire', 0, 0, 0, 0, 0, NULL, NULL, NULL, NULL, NULL, NULL, '0.00', 0),
(3651, 91, 0, '_1019', 'O-ring for Valve Guide K 27112, PN 3446275413', 0, 0, 0, 0, 0, NULL, NULL, NULL, NULL, NULL, NULL, '0.00', 0),
(3660, 101, 0, 'N/A', 'Valve Body for Fuel Pressure Valve', 0, 0, 0, 0, 0, NULL, NULL, NULL, NULL, NULL, NULL, '0.00', 0),
(3798, 79, 0, '_1020', 'Left-hand Camshaft - Damper Side', 0, 0, 0, 0, 0, NULL, NULL, NULL, NULL, NULL, NULL, '0.00', 0),
(4423, 106, 0, 'TG-01', 'Fine Regulating Valve, Complete', 0, 0, 0, 0, 0, NULL, NULL, NULL, NULL, NULL, NULL, '0.00', 0),
(4424, 106, 0, '_1021', 'Standard Compression Spring for Bolts K 92160', 0, 0, 0, 0, 0, NULL, NULL, NULL, NULL, NULL, NULL, '0.00', 0),
(4425, 106, 0, 'SZR-05A', 'Sealing for Instrument Panel', 0, 0, 0, 0, 0, NULL, NULL, NULL, NULL, NULL, NULL, '0.00', 0),
(4426, 110, 0, 'SZR-002', 'GRAVINER Oil Mist Controller, Complete', 0, 0, 0, 0, 0, NULL, NULL, NULL, NULL, NULL, NULL, '0.00', 0),
(4427, 110, 0, 'SZR-02/A', 'Driving Space-monitoring Device, complete', 0, 0, 0, 0, 0, NULL, NULL, NULL, NULL, NULL, NULL, '0.00', 0),
(4428, 110, 0, 'SZR-04/B', 'Cover for Driving Space-monitoring device, Complete', 0, 0, 0, 0, 0, NULL, NULL, NULL, NULL, NULL, NULL, '0.00', 0),
(4429, 110, 0, 'SZR-03', 'Pipe for Oil Mist Controller', 0, 0, 0, 0, 0, NULL, NULL, NULL, NULL, NULL, NULL, '0.00', 0),
(4430, 110, 0, 'SZR-06/A', 'Screw Plug for Oil Mist Controller', 0, 0, 0, 0, 0, NULL, NULL, NULL, NULL, NULL, NULL, '0.00', 0),
(4431, 110, 0, 'ECV-01', 'Screw Plug for Oil Mist Controller', 0, 0, 0, 0, 0, NULL, NULL, NULL, NULL, NULL, NULL, '0.00', 0),
(4432, 110, 0, 'ECV-03', 'Packing Ring for K 93112', 0, 0, 0, 0, 0, NULL, NULL, NULL, NULL, NULL, NULL, '0.00', 0),
(4433, 110, 0, 'ECV-04', 'Packing Ring for K 93113', 0, 0, 0, 0, 0, NULL, NULL, NULL, NULL, NULL, NULL, '0.00', 0),
(4434, 110, 0, 'ECV-05', 'Serto-screwed Union with Jet for Oil Mist Controller', 0, 0, 0, 0, 0, NULL, NULL, NULL, NULL, NULL, NULL, '0.00', 0),
(4435, 5, 20, 'PRO-PF 54-116', 'Spring, PF 54-116', 21, 133, 62, 725, 2, 96, '', '', '44351.jpg', '', '', '0.00', 0),
(4436, 5, 20, 'PF 18-61B', 'Slotted Nut, PF 18-61B', 21, 70, 62, 795, 2, 94, '', '', '44361.jpg', '', '', '0.00', 0),
(4437, 5, 20, 'PRO-PF 1-4', 'Bottom Half Shell', 21, 53, 0, 824, 0, 0, '', '', '', '', '', '0.00', 0),
(4438, 5, 20, 'PRO-PF 1-6', 'Top Half Shell', 21, 53, 0, 825, 0, 0, '', '', '', '', '', '0.00', 0),
(4439, 5, 20, 'PRO-PF 3-3', 'Bottom Half Shell', 21, 11, 0, 854, 0, 0, '', '', '', '', '', '0.00', 0),
(4440, 5, 20, 'PRO-PF 3-4', 'Top Half Shell', 21, 11, 0, 855, 0, 0, '', '', '', '', '', '0.00', 0),
(4441, 5, 20, 'PRO-PF 32-117', 'Threaded Taper Pin', 21, 113, 0, 997, 0, 0, '', '', '', '', '', '0.00', 0),
(4442, 5, 20, 'PRO-PF 32-244', 'Roller Guide', 21, 113, 0, 999, 0, 0, '', '', '', '', '', '0.00', 0),
(4443, 5, 20, 'PRO-PF 32-249', 'Spring Guide', 21, 113, 0, 1000, 0, 0, '', '', '', '', '', '0.00', 0),
(4444, 5, 20, 'PRO-PF 32-254', 'Adjusting Shim', 21, 113, 0, 1001, 0, 0, '', '', '', '', '', '0.00', 0),
(4445, 5, 20, 'PRO-PF 32-943', 'Bolt', 21, 113, 0, 1002, 0, 0, '', '', '', '', '', '0.00', 0),
(4446, 5, 20, 'PRO-PF 40-16', 'Washer', 21, 136, 0, 1003, 0, 0, '', '', '', '', '', '0.00', 0),
(4447, 5, 20, 'PRO-PF 10-25', 'Stud Bolt', 21, 21, 0, 1008, 0, 0, '', '', '', '', '', '0.00', 0),
(4448, 5, 20, 'PRO-PF 10-26', 'Stud Bolt', 21, 21, 0, 1009, 0, 0, '', '', '', '', '', '0.00', 0),
(4449, 5, 20, 'PRO-PF 10-27', 'Stud Bolt, PF 10-27', 21, 21, 0, 1010, 0, 0, '', '', '', '', '', '0.00', 0),
(4450, 5, 20, 'PRO-PF 10-30', 'Tie Rod, PF 10-30', 21, 21, 0, 1011, 0, 0, '', '', '', '', '', '0.00', 0),
(4451, 5, 20, 'PRO-PF 30-14', 'O-ring', 21, 30, 0, 1015, 0, 0, '', '', '', '', '', '0.00', 0),
(4452, 5, 20, 'PRO-PF 40-119', 'O-ring', 21, 136, 0, 1016, 0, 0, '', '', '', '', '', '0.00', 0),
(4453, 5, 20, 'PRO-PF 70-14', 'Nut, PF 70-14', 21, 104, 0, 1017, 0, 0, '', '', '', '', '', '0.00', 0),
(4454, 5, 20, 'PRO-PF 10-25', 'Stud Bolt', 21, 21, 0, 1023, 0, 0, '', '', '', '', '', '0.00', 0),
(4455, 5, 20, 'PRO-PF 10-31', 'Sleeve', 21, 21, 0, 1024, 0, 0, '', '', '', '', '', '0.00', 0),
(4456, 5, 20, 'PRO-PF 1-14', 'O-ring', 21, 53, 0, 1025, 0, 0, '', '', '', '', '', '0.00', 0),
(4457, 5, 20, 'PRO-PF 20-934/234', 'Distance Piece PF 20-934/234', 21, 81, 0, 1026, 0, 0, '', '', '', '', '', '0.00', 0),
(4458, 5, 20, 'PRO-PF 73-10B', 'Spring Pin', 21, 55, 0, 1033, 0, 0, '', '', '', '', '', '0.00', 0),
(4459, 5, 20, 'PRO-PF 136-691/693', 'Fuel Oil Pipe (18V)', 21, 37, 0, 1036, 0, 0, '', '', '', '', '', '0.00', 0),
(4460, 5, 20, 'PRO-PF 136-690/692', 'Fuel Oil Pipe (18V) return', 21, 37, 0, 1037, 0, 0, '', '', '', '', '', '0.00', 0),
(4461, 5, 20, 'PRO-PF 136-930', 'Distance Piece (Inlet)', 21, 37, 0, 1038, 0, 0, '', '', '', '', '', '0.00', 0),
(4462, 5, 20, 'PRO-PF 136-920', 'Locking Wire', 21, 37, 0, 1039, 0, 0, '', '', '', '', '', '0.00', 0),
(4463, 5, 20, 'PRO-PF 136-940', 'Distance Piece', 21, 37, 0, 1040, 0, 0, '', '', '', '', '', '0.00', 0),
(4464, 5, 20, 'PRO-PF 136-960', 'Plug', 21, 37, 0, 1041, 0, 0, '', '', '', '', '', '0.00', 0),
(4465, 5, 20, 'PRO-PF 136-970', 'Support (R)', 21, 37, 0, 1042, 0, 0, '', '', '', '', '', '0.00', 0),
(4466, 5, 20, 'PRO-PF 136-980', 'Support (L)', 21, 37, 0, 1043, 0, 0, '', '', '', '', '', '0.00', 0),
(4467, 5, 20, 'PRO-PF 136-992', 'U bolt', 21, 37, 0, 1044, 0, 0, '', '', '', '', '', '0.00', 0),
(4468, 5, 21, 'PRO-PF 136-993', 'Nut', 21, 37, 0, 1045, 0, 0, '', '', '', '', '', '0.00', 0),
(4469, 5, 20, 'PRO-PF 136-994', 'Copper Packing', 21, 37, 0, 1046, 0, 0, '', '', '', '', '', '0.00', 0),
(4470, 5, 20, 'PF-136 Fuel Hose ', 'Fuel Hose (Inlet) Complete Set', 25, 37, 0, 1047, 0, 0, '', '', '', '', '', '0.00', 0),
(4471, 5, 20, 'PF 136-Fuel Hose (outlet)', 'Fuel Hose (outlet) Complete Set', 25, 37, 0, 1048, 0, 0, '', '', '', '', '', '0.00', 0),
(4473, 5, 20, 'ENG-PIE_1064', 'Anchor Bolts', 21, 0, 0, 1050, 0, 0, '', '', '', '', '', '0.00', 0),
(4474, 5, 20, 'ENG-PIE_1064', 'Anchor Nuts', 21, 0, 0, 1051, 0, 0, '', '', '', '', '', '0.00', 0),
(4475, 5, 20, 'ENG-PIE_1064', 'Anchor Washer', 21, 0, 0, 1052, 0, 0, '', '', '', '', '', '0.00', 0),
(4476, 5, 20, 'ENG-PIE_1064', 'Anchor Spacer', 21, 0, 0, 1053, 0, 0, '', '', '', '', '', '0.00', 0),
(4477, 5, 20, 'ENG-PIE_1064', 'Leveling Bolts', 21, 0, 0, 1054, 0, 0, '', '', '', '', '', '0.00', 0),
(4478, 5, 20, 'ENG-PIE_1064', 'Leveling Nuts', 21, 0, 0, 1055, 0, 0, '', '', '', '', '', '0.00', 0),
(4479, 5, 20, 'ENG-PIE_1064', 'Engine Leveling Jack Bolt', 21, 0, 0, 1056, 0, 0, '', '', '', '', '', '0.00', 0),
(4480, 5, 20, 'ENG-PIE_1064', 'Oil Pan', 21, 121, 0, 1057, 0, 0, '', '', '', '', '', '0.00', 0),
(4481, 5, 20, 'ENG-PIE_1064', 'Engine Fixation Bolts', 21, 0, 0, 1058, 0, 0, '', '', '', '', '', '0.00', 0),
(4482, 5, 20, 'ENG-PIE_1064', 'Engine Bolts-Engine to Oil Pan', 21, 0, 0, 1059, 0, 0, '', '', '', '', '', '0.00', 0),
(4483, 5, 20, 'ENG-PIE_1064', 'Start & Stop Cylinder', 31, 0, 0, 1060, 0, 0, '', '', '', '', '', '0.00', 0),
(4484, 5, 20, 'ENG-PIE_1064', 'Overspeed Drive', 31, 0, 0, 1061, 0, 0, '', '', '', '', '', '0.00', 0),
(4485, 5, 20, 'ENG-PIE_1064', 'Governor Drive Box', 31, 0, 0, 1062, 0, 0, '', '', '', '', '', '0.00', 0),
(4486, 5, 20, 'ENG-PIE_1064', 'Master Valve', 21, 0, 0, 1063, 0, 0, '', '', '', '', '', '0.00', 0),
(4487, 5, 20, 'ENG-PIE_1064', 'Crankcase Vent', 21, 0, 0, 1064, 0, 0, '', '', '', '', '', '0.00', 0),
(4488, 5, 20, 'ENG-PIE_1064', 'EG. Main Stator', 32, 0, 0, 1065, 0, 0, '', '', '', '', '', '0.00', 0),
(4489, 5, 20, 'ENG-PIE_1064', 'EG. Main Rotor', 32, 0, 0, 1066, 0, 0, '', '', '', '', '', '0.00', 0),
(4490, 5, 20, 'ENG-PIE_1064', 'Exciter', 32, 0, 0, 1067, 0, 0, '', '', '', '', '', '0.00', 0),
(4491, 5, 20, 'ENG-PIE_1064', 'Exciter Attachment', 32, 0, 0, 1068, 0, 0, '', '', '', '', '', '0.00', 0),
(4492, 5, 20, 'ENG-PIE_1064', 'Pedestal Bearing', 31, 0, 0, 1069, 0, 0, '', '', '', '', '', '0.00', 0),
(4493, 5, 20, 'ENG-PIE_1064', 'Generator Foundation Base Plate', 21, 0, 0, 1070, 0, 0, '', '', '', '', '', '0.00', 0),
(4494, 5, 20, 'ENG-PIE_1064', 'Generator Anchor Bolt', 21, 0, 0, 1071, 0, 0, '', '', '', '', '', '0.00', 0),
(4495, 5, 20, 'ENG-PIE_1064', 'Pedestal Bearing Base Plate', 21, 0, 0, 1072, 0, 0, '', '', '', '', '', '0.00', 0),
(4496, 5, 20, 'ENG-PIE_1064', 'Pedestal Bolt', 21, 0, 0, 1073, 0, 0, '', '', '', '', '', '0.00', 0),
(4497, 5, 20, 'ENG-PIE_1064', 'Tacho Generator & Support', 31, 0, 0, 1074, 0, 0, '', '', '', '', '', '0.00', 0),
(4498, 5, 20, 'ENG-PIE_1064', 'Exhaust Manifold Assembly', 31, 0, 0, 1075, 0, 0, '', '', '', '', '', '0.00', 0),
(4499, 5, 20, 'ENG-PIE_1064', 'Exhaust Support & Bracket', 31, 0, 0, 1076, 0, 0, '', '', '', '', '', '0.00', 0),
(4500, 5, 20, 'ENG-PIE_1064', 'Turbo Charger Assembly', 31, 0, 0, 1077, 0, 0, '', '', '', '', '', '0.00', 0),
(4501, 5, 20, 'ENG-PIE_1064', 'Turbo Charger Attachment', 32, 0, 0, 1078, 0, 0, '', '', '', '', '', '0.00', 0),
(4502, 5, 20, 'ENG-PIE_1064', 'Turbo Charger Pipe Support/Stand', 21, 0, 0, 1079, 0, 0, '', '', '', '', '', '0.00', 0),
(4503, 5, 20, 'ENG-PIE_1064', 'Air Cooler Attachment', 32, 0, 0, 1080, 0, 0, '', '', '', '', '', '0.00', 0),
(4504, 5, 20, 'ENG-PIE_1064', 'Air Cooler with Ducting', 29, 0, 0, 1081, 0, 0, '', '', '', '', '', '0.00', 0),
(4505, 5, 20, 'ENG-PIE_1064', 'Air Intake Pipe/Manifold', 21, 0, 0, 1082, 0, 0, '', '', '', '', '', '0.00', 0),
(4506, 5, 20, 'ENG-PIE_1064', 'Air Intake Pipe Bond / Lock', 21, 0, 0, 1083, 0, 0, '', '', '', '', '', '0.00', 0),
(4507, 5, 20, 'ENG-PIE_1064', 'Lube Oil System', 29, 0, 0, 1084, 0, 0, '', '', '', '', '', '0.00', 0),
(4508, 5, 20, 'ENG-PIE_1064', 'Fuel System', 0, 0, 0, 1085, 0, 0, '', '', '', '', '', '0.00', 0),
(4509, 5, 20, 'ENG-PIE_1064', 'Water Segment', 0, 0, 0, 1086, 0, 0, '', '', '', '', '', '0.00', 0),
(4510, 5, 20, 'ENG-PIE_1064', 'Air Segment', 0, 0, 0, 1087, 0, 0, '', '', '', '', '', '0.00', 0),
(4511, 5, 20, 'ENG-PIE_1064', 'Starting Pilot Lines', 0, 0, 0, 1088, 0, 0, '', '', '', '', '', '0.00', 0),
(4512, 5, 20, 'ENG-PIE_1064', 'Fuel Header', 0, 0, 0, 1089, 0, 0, '', '', '', '', '', '0.00', 0),
(4513, 5, 20, 'ENG-PIE_1064', 'Main Lube Oil Header', 0, 0, 0, 1090, 0, 0, '', '', '', '', '', '0.00', 0),
(4514, 5, 20, 'ENG-PIE_1064', 'Jacket Return Pipe', 21, 0, 0, 1091, 0, 0, '', '', '', '', '', '0.00', 0),
(4515, 5, 20, 'ENG-PIE_1064', 'Lube Oil Cooler small', 21, 0, 0, 1092, 0, 0, '', '', '', '', '', '0.00', 0),
(4516, 5, 20, 'ENG-PIE_1064', 'Lube Oil Cooler Big', 21, 0, 0, 1093, 0, 0, '', '', '', '', '', '0.00', 0),
(4517, 5, 20, 'ENG-PIE_1064', 'Jacket Water Cooler', 29, 0, 0, 1094, 0, 0, '', '', '', '', '', '0.00', 0),
(4518, 5, 20, 'ENG-PIE_1064', 'Engine Skid', 21, 0, 0, 1095, 0, 0, '', '', '', '', '', '0.00', 0),
(4519, 5, 20, 'ENG-PIE_1064', 'Air Intake Cooler', 31, 0, 0, 1096, 0, 0, '', '', '', '', '', '0.00', 0),
(4520, 5, 20, 'PRO-PF 80-301', 'Crank Shaft (Main Journal)', 32, 18, 0, 1101, 0, 0, '', '', '', '', '', '0.00', 0),
(4521, 5, 20, 'PRO-PF 80-301', 'Crank Shaft (Crankpin Journal)', 32, 18, 0, 1102, 0, 0, '', '', '', '', '', '0.00', 0),
(4522, 5, 20, 'ENG-PIE_1058', 'Vibration Damper Assembly', 32, 0, 0, 1103, 0, 0, '', '', '', '', '', '0.00', 0),
(4523, 5, 20, 'ENG-PIE_1059', 'Crankshaft Bull Gear', 32, 0, 0, 1104, 0, 0, '', '', '', '', '', '0.00', 0),
(4524, 5, 20, 'ENG-PIE_1060', 'Crankshaft Idling Gear L/R Hand', 32, 18, 0, 1105, 0, 0, '', '', '', '', '', '0.00', 0),
(4525, 5, 20, 'ENG-PIE_1061', 'Camshaft Gear L/R', 31, 18, 0, 1106, 0, 0, '', '', '', '', '', '0.00', 0),
(4526, 5, 20, 'ENG-PIE_1062', 'Generator Crankshaft Coupling Bolts & Nuts', 21, 18, 0, 1107, 0, 0, '', '', '', '', '', '0.00', 0),
(4527, 5, 20, 'ENG-PIE_1063', 'Flywheel', 21, 18, 0, 1108, 0, 0, '', '', '', '', '', '0.00', 0),
(4528, 5, 20, 'PRO-PF 3-Conrod Assy', 'Connecting Rod Assembly', 31, 11, 0, 1109, 0, 0, '', '', '', '', '', '0.00', 0),
(4529, 88, 0, 'K 11001', 'Crankcase', 0, 0, 0, 0, 0, NULL, NULL, NULL, NULL, NULL, NULL, '0.00', 0),
(4530, 88, 0, 'K 11030', 'Bearing Cover for Crankcase', 0, 0, 0, 0, 0, NULL, NULL, NULL, NULL, NULL, NULL, '0.00', 0),
(4531, 88, 0, 'K 11045', 'Pressure Plate for Crankcase', 0, 0, 0, 0, 0, NULL, NULL, NULL, NULL, NULL, NULL, '0.00', 0),
(4532, 88, 0, 'K 11050', 'Oil Filter for Crankcase', 0, 0, 0, 0, 0, NULL, NULL, NULL, NULL, NULL, NULL, '0.00', 0),
(4533, 88, 0, 'K 11053', 'Sealing for Oil Filter', 0, 0, 0, 0, 0, NULL, NULL, NULL, NULL, NULL, NULL, '0.00', 0),
(4534, 88, 0, 'K 11055', 'Flange for Crankcase', 0, 0, 0, 0, 0, NULL, NULL, NULL, NULL, NULL, NULL, '0.00', 0),
(4535, 88, 0, 'K 11057', 'Arrestor Pin for Crankcase', 0, 0, 0, 0, 0, NULL, NULL, NULL, NULL, NULL, NULL, '0.00', 0),
(4536, 88, 0, 'K 11059', 'Blind Flange for Crankcase', 0, 0, 0, 0, 0, NULL, NULL, NULL, NULL, NULL, NULL, '0.00', 0),
(4537, 88, 0, 'K 11072', 'O-ring for Flange K 11055', 0, 0, 0, 0, 0, NULL, NULL, NULL, NULL, NULL, NULL, '0.00', 0),
(4538, 88, 0, 'K 11073', 'O-ring for Flange K 11055', 0, 0, 0, 0, 0, NULL, NULL, NULL, NULL, NULL, NULL, '0.00', 0),
(4539, 136, 0, 'K 11035', 'Thrust Bolt, Complete for Main Bearings', 0, 0, 0, 0, 0, NULL, NULL, NULL, NULL, NULL, NULL, '0.00', 0),
(4540, 136, 0, 'K 11036', 'Ball Pin for Thrust Bolt', 0, 0, 0, 0, 0, NULL, NULL, NULL, NULL, NULL, NULL, '0.00', 0),
(4541, 136, 0, 'K 11037', 'Nut for Thrust Bolt', 0, 0, 0, 0, 0, NULL, NULL, NULL, NULL, NULL, NULL, '0.00', 0),
(4542, 136, 0, 'K 11038', 'Pressure Cylinder for Thrust Bolt', 0, 0, 0, 0, 0, NULL, NULL, NULL, NULL, NULL, NULL, '0.00', 0),
(4543, 136, 0, 'K 11039', 'O-ring for Thrust Bolt K 11036', 0, 0, 0, 0, 0, NULL, NULL, NULL, NULL, NULL, NULL, '0.00', 0),
(4544, 136, 0, 'K 11040', 'O-ring for Thrust Bolt K 11036', 0, 0, 0, 0, 0, NULL, NULL, NULL, NULL, NULL, NULL, '0.00', 0),
(4545, 63, 0, 'K 11101', 'Engine Frame', 0, 0, 0, 0, 0, NULL, NULL, NULL, NULL, NULL, NULL, '0.00', 0),
(4546, 63, 0, 'K 11111', 'Bearing Cover for Crankshaft Bearing', 0, 0, 0, 0, 0, NULL, NULL, NULL, NULL, NULL, NULL, '0.00', 0),
(4547, 63, 0, 'K 11113', 'Stud for Crankshaft Bearing', 0, 0, 0, 0, 0, NULL, NULL, NULL, NULL, NULL, NULL, '0.00', 0),
(4548, 63, 0, 'K 11114', 'Nut for Stud K 11113', 0, 0, 0, 0, 0, NULL, NULL, NULL, NULL, NULL, NULL, '0.00', 0),
(4549, 63, 0, 'K 11115', 'Crosstie Rod for Engine Frame', 0, 0, 0, 0, 0, NULL, NULL, NULL, NULL, NULL, NULL, '0.00', 0),
(4550, 63, 0, 'K 11116', 'Ring for Crosstie Rod', 0, 0, 0, 0, 0, NULL, NULL, NULL, NULL, NULL, NULL, '0.00', 0),
(4551, 63, 0, 'K 11117', 'Nut for Crosstie Rod', 0, 0, 0, 0, 0, NULL, NULL, NULL, NULL, NULL, NULL, '0.00', 0),
(4552, 63, 0, 'K 11122', 'Stud for Cylinder Cover', 0, 0, 0, 0, 0, NULL, NULL, NULL, NULL, NULL, NULL, '0.00', 0),
(4553, 63, 0, 'K 11123', 'Stud for Side Casing', 0, 0, 0, 0, 0, NULL, NULL, NULL, NULL, NULL, NULL, '0.00', 0),
(4554, 63, 0, 'K 11124', 'Sleeve for Crosstie Rod', 0, 0, 0, 0, 0, NULL, NULL, NULL, NULL, NULL, NULL, '0.00', 0),
(4555, 63, 0, 'K 11126', 'O-ring for Ring K 11116, PN 3446270842', 0, 0, 0, 0, 0, NULL, NULL, NULL, NULL, NULL, NULL, '0.00', 0),
(4556, 63, 0, 'K 11127', 'O-ring for Ring K 11117, PN 3446270842', 0, 0, 0, 0, 0, NULL, NULL, NULL, NULL, NULL, NULL, '0.00', 0),
(4557, 63, 0, 'K 12001', 'Upper Bearing Half Shell for Crankshaft Bearing', 0, 0, 0, 0, 0, NULL, NULL, NULL, NULL, NULL, NULL, '0.00', 0),
(4558, 63, 0, 'K 12010', 'Lower Bearing Half Shell for Crankshaft Bearing', 0, 0, 0, 0, 0, NULL, NULL, NULL, NULL, NULL, NULL, '0.00', 0),
(4559, 42, 0, 'K 11800', 'Oil Sump, Complete', 0, 0, 0, 0, 0, NULL, NULL, NULL, NULL, NULL, NULL, '0.00', 0),
(4560, 42, 0, 'K 11801', 'Oil Sump', 0, 0, 0, 0, 0, NULL, NULL, NULL, NULL, NULL, NULL, '0.00', 0),
(4561, 42, 0, 'K 11815', 'Flange for Oil Sump', 0, 0, 0, 0, 0, NULL, NULL, NULL, NULL, NULL, NULL, '0.00', 0),
(4562, 42, 0, 'K 11816', 'Blind Flange for Oil Sump', 0, 0, 0, 0, 0, NULL, NULL, NULL, NULL, NULL, NULL, '0.00', 0),
(4563, 42, 0, 'K 11817', 'Oil Strainer for Oil Sump', 0, 0, 0, 0, 0, NULL, NULL, NULL, NULL, NULL, NULL, '0.00', 0),
(4564, 42, 0, 'K 11822', 'Self-locking Nut for Oil Sump Attachment', 0, 0, 0, 0, 0, NULL, NULL, NULL, NULL, NULL, NULL, '0.00', 0),
(4565, 42, 0, 'K 11824', 'Washer for Blind Flange Attachment', 0, 0, 0, 0, 0, NULL, NULL, NULL, NULL, NULL, NULL, '0.00', 0),
(4566, 42, 0, 'K 11826', 'Rubber Joint for Oil Sump', 0, 0, 0, 0, 0, NULL, NULL, NULL, NULL, NULL, NULL, '0.00', 0),
(4567, 42, 0, 'K 11827', 'O-ring for Flange K 11815', 0, 0, 0, 0, 0, NULL, NULL, NULL, NULL, NULL, NULL, '0.00', 0),
(4568, 42, 0, 'K 11828', 'O-ring for Flange K 11815', 0, 0, 0, 0, 0, NULL, NULL, NULL, NULL, NULL, NULL, '0.00', 0),
(4569, 135, 0, 'K 12061 A', 'Thrust bearing ring halves (New)', 0, 0, 0, 0, 0, NULL, NULL, NULL, NULL, NULL, NULL, '0.00', 0),
(4570, 135, 0, 'K 12061 B', 'Thrust bearing ring halves', 0, 0, 0, 0, 0, NULL, NULL, NULL, NULL, NULL, NULL, '0.00', 0),
(4571, 135, 0, 'K 12021', 'Bearing Housing, two-part, complete for Crankshaft Thrust Bearing', 0, 0, 0, 0, 0, NULL, NULL, NULL, NULL, NULL, NULL, '0.00', 0),
(4572, 135, 0, 'K 12022', 'Upper Half of Housing for Bearing Housing', 0, 0, 0, 0, 0, NULL, NULL, NULL, NULL, NULL, NULL, '0.00', 0),
(4573, 135, 0, 'K 12023', 'Lower Half of Housing for Bearing Housing', 0, 0, 0, 0, 0, NULL, NULL, NULL, NULL, NULL, NULL, '0.00', 0),
(4574, 135, 0, 'K 12024', 'Bolt for Bearing Housing', 0, 0, 0, 0, 0, NULL, NULL, NULL, NULL, NULL, NULL, '0.00', 0),
(4575, 135, 0, 'K 12030', 'Oil Cup, two-part, Complete for Crankshaft Thrust Bearing', 0, 0, 0, 0, 0, NULL, NULL, NULL, NULL, NULL, NULL, '0.00', 0),
(4576, 135, 0, 'K 12031', 'Oil Cup - Top Part', 0, 0, 0, 0, 0, NULL, NULL, NULL, NULL, NULL, NULL, '0.00', 0),
(4577, 135, 0, 'K 12032', 'Oil Cup - Bottom Part', 0, 0, 0, 0, 0, NULL, NULL, NULL, NULL, NULL, NULL, '0.00', 0),
(4578, 135, 0, 'K 12033', 'Reamed Bolt for Oil Cup', 0, 0, 0, 0, 0, NULL, NULL, NULL, NULL, NULL, NULL, '0.00', 0),
(4579, 135, 0, 'K 12041', 'Left-hand Thrust Bearing Wall Support', 0, 0, 0, 0, 0, NULL, NULL, NULL, NULL, NULL, NULL, '0.00', 0),
(4580, 135, 0, 'K 12042', 'Right-hand Thrust Bearing Wall Support', 0, 0, 0, 0, 0, NULL, NULL, NULL, NULL, NULL, NULL, '0.00', 0),
(4581, 135, 0, 'K 12051', 'Lower Bearing for Thrust Bearing', 0, 0, 0, 0, 0, NULL, NULL, NULL, NULL, NULL, NULL, '0.00', 0),
(4582, 89, 0, 'K 16046', 'Joint for Crankcase Vent', 0, 0, 0, 0, 0, NULL, NULL, NULL, NULL, NULL, NULL, '0.00', 0),
(4583, 89, 0, 'K 16047', 'Joint for Crankcase Vent', 0, 0, 0, 0, 0, NULL, NULL, NULL, NULL, NULL, NULL, '0.00', 0),
(4584, 89, 0, 'K 16001', 'Housing for Crankcase Vent', 0, 0, 0, 0, 0, NULL, NULL, NULL, NULL, NULL, NULL, '0.00', 0),
(4585, 89, 0, 'K 16002', 'Pipe for Crankcase Vent without Fitted Oil Mist Controller', 0, 0, 0, 0, 0, NULL, NULL, NULL, NULL, NULL, NULL, '0.00', 0),
(4586, 89, 0, 'K 16006', 'Valve Flap for Crankcase Vent', 0, 0, 0, 0, 0, NULL, NULL, NULL, NULL, NULL, NULL, '0.00', 0),
(4587, 89, 0, 'K 16007', 'Serto-screwed Union for K 16011', 0, 0, 0, 0, 0, NULL, NULL, NULL, NULL, NULL, NULL, '0.00', 0),
(4588, 89, 0, 'K 16009', 'Screw Plug for Housing K 16001', 0, 0, 0, 0, 0, NULL, NULL, NULL, NULL, NULL, NULL, '0.00', 0),
(4589, 89, 0, 'K 16010', 'Packing Ring for K 16009', 0, 0, 0, 0, 0, NULL, NULL, NULL, NULL, NULL, NULL, '0.00', 0),
(4590, 89, 0, 'K 16011', 'Oil Return Pipe, Complete for Crankcase Vent', 0, 0, 0, 0, 0, NULL, NULL, NULL, NULL, NULL, NULL, '0.00', 0),
(4591, 89, 0, 'K 16020', 'Crankcase Vent, Complete', 0, 0, 0, 0, 0, NULL, NULL, NULL, NULL, NULL, NULL, '0.00', 0),
(4592, 89, 0, 'K 16021', 'Valve Casing for Crankcase Vent', 0, 0, 0, 0, 0, NULL, NULL, NULL, NULL, NULL, NULL, '0.00', 0),
(4593, 89, 0, 'K 16022', 'Water Separator for Crankcase Vent', 0, 0, 0, 0, 0, NULL, NULL, NULL, NULL, NULL, NULL, '0.00', 0),
(4594, 89, 0, 'K 16030', 'Spacer Tube for Crankcase Vent', 0, 0, 0, 0, 0, NULL, NULL, NULL, NULL, NULL, NULL, '0.00', 0),
(4595, 89, 0, 'K 16034', 'Immersion Tube for Crankcase Vent', 0, 0, 0, 0, 0, NULL, NULL, NULL, NULL, NULL, NULL, '0.00', 0),
(4596, 89, 0, 'K 16037', 'Stop Plate for Crankcase Vent', 0, 0, 0, 0, 0, NULL, NULL, NULL, NULL, NULL, NULL, '0.00', 0),
(4597, 89, 0, 'K 16040', 'Valve Seat for Crankcase Vent', 0, 0, 0, 0, 0, NULL, NULL, NULL, NULL, NULL, NULL, '0.00', 0),
(4598, 89, 0, 'K 16041', 'Valve Plate for Crankcase Vent', 0, 0, 0, 0, 0, NULL, NULL, NULL, NULL, NULL, NULL, '0.00', 0),
(4599, 89, 0, 'K 16043', 'Drain Pipe for Crankcase Vent', 0, 0, 0, 0, 0, NULL, NULL, NULL, NULL, NULL, NULL, '0.00', 0),
(4600, 100, 0, 'K 16100', 'Side Cover With Safety Valve, Complete', 0, 0, 0, 0, 0, NULL, NULL, NULL, NULL, NULL, NULL, '0.00', 0),
(4601, 100, 0, 'K 16101', 'Side Cover for Engine Frame', 0, 0, 0, 0, 0, NULL, NULL, NULL, NULL, NULL, NULL, '0.00', 0),
(4602, 100, 0, 'K 16102', 'BICERI-Safety Valve, Complete', 0, 0, 0, 0, 0, NULL, NULL, NULL, NULL, NULL, NULL, '0.00', 0),
(4603, 100, 0, 'K 16104', 'Tubular Sealing for Side Covers K 16101 and K 16120', 0, 0, 0, 0, 0, NULL, NULL, NULL, NULL, NULL, NULL, '0.00', 0),
(4604, 100, 0, 'K 16105', 'Sealing for K 16102 and K 16150', 0, 0, 0, 0, 0, NULL, NULL, NULL, NULL, NULL, NULL, '0.00', 0),
(4605, 100, 0, 'K 16110', 'Cover for Engine Frame', 0, 0, 0, 0, 0, NULL, NULL, NULL, NULL, NULL, NULL, '0.00', 0),
(4606, 100, 0, 'K 16113', 'Sealing for K 16110 and K 16114', 0, 0, 0, 0, 0, NULL, NULL, NULL, NULL, NULL, NULL, '0.00', 0),
(4607, 100, 0, 'K 16114', 'Cover for Engine Frame (Non-Reversible Engine)', 0, 0, 0, 0, 0, NULL, NULL, NULL, NULL, NULL, NULL, '0.00', 0),
(4608, 100, 0, 'K 16120', 'Side Cover for Crankcase', 0, 0, 0, 0, 0, NULL, NULL, NULL, NULL, NULL, NULL, '0.00', 0),
(4609, 100, 0, 'K 16122', 'Side Cover for Crankcase (6 ZL)', 0, 0, 0, 0, 0, NULL, NULL, NULL, NULL, NULL, NULL, '0.00', 0),
(4610, 100, 0, 'K 16125', 'Side Cover for Crankcase', 0, 0, 0, 0, 0, NULL, NULL, NULL, NULL, NULL, NULL, '0.00', 0),
(4611, 100, 0, 'K 16130', 'Hand Grip for K 16100 and K 16120', 0, 0, 0, 0, 0, NULL, NULL, NULL, NULL, NULL, NULL, '0.00', 0),
(4612, 100, 0, 'K 16135', 'Ring for Hand Grip K 16130', 0, 0, 0, 0, 0, NULL, NULL, NULL, NULL, NULL, NULL, '0.00', 0),
(4613, 100, 0, 'K 16139', 'Sealing for Cover K 16122 (6 ZL)', 0, 0, 0, 0, 0, NULL, NULL, NULL, NULL, NULL, NULL, '0.00', 0),
(4614, 100, 0, 'K 16140', 'Sealing for Cover K 16125', 0, 0, 0, 0, 0, NULL, NULL, NULL, NULL, NULL, NULL, '0.00', 0),
(4615, 100, 0, 'K 16145', 'O-ring for Ring K 16135', 0, 0, 0, 0, 0, NULL, NULL, NULL, NULL, NULL, NULL, '0.00', 0),
(4616, 100, 0, 'K 16146', 'Sealing Ring for Hand Grip K 16130', 0, 0, 0, 0, 0, NULL, NULL, NULL, NULL, NULL, NULL, '0.00', 0),
(4617, 100, 0, 'K 16147', 'Retaining Ring for Hand Grip K 16130', 0, 0, 0, 0, 0, NULL, NULL, NULL, NULL, NULL, NULL, '0.00', 0),
(4618, 92, 0, 'K 16150', 'HOERBIGER-Safety Valve, Complete', 0, 0, 0, 0, 0, NULL, NULL, NULL, NULL, NULL, NULL, '0.00', 0),
(4619, 92, 0, 'K 16224', 'End Casing (Reversible Engine)', 0, 0, 0, 0, 0, NULL, NULL, NULL, NULL, NULL, NULL, '0.00', 0),
(4620, 92, 0, 'K 16241', 'Side Cover for Cylinder Block', 0, 0, 0, 0, 0, NULL, NULL, NULL, NULL, NULL, NULL, '0.00', 0),
(4621, 92, 0, 'K 16243', 'Casing for Cylinder Block', 0, 0, 0, 0, 0, NULL, NULL, NULL, NULL, NULL, NULL, '0.00', 0),
(4622, 92, 0, 'K 16245', 'Casing for Cylinder Block', 0, 0, 0, 0, 0, NULL, NULL, NULL, NULL, NULL, NULL, '0.00', 0),
(4623, 92, 0, 'K 16248', 'Packing Strip for Casings K 16241', 0, 0, 0, 0, 0, NULL, NULL, NULL, NULL, NULL, NULL, '0.00', 0),
(4624, 92, 0, 'K 16249', 'Packing Strip for Casings K 16241', 0, 0, 0, 0, 0, NULL, NULL, NULL, NULL, NULL, NULL, '0.00', 0),
(4625, 92, 0, 'K 16252', 'Hand Grip for K 16241', 0, 0, 0, 0, 0, NULL, NULL, NULL, NULL, NULL, NULL, '0.00', 0),
(4626, 92, 0, 'K 16271', 'Retaining RIng for Hand Grip K 16130', 0, 0, 0, 0, 0, NULL, NULL, NULL, NULL, NULL, NULL, '0.00', 0),
(4627, 92, 0, 'K 16272', 'Sealing Ring for Hand Grip K 16130', 0, 0, 0, 0, 0, NULL, NULL, NULL, NULL, NULL, NULL, '0.00', 0),
(4628, 92, 0, 'K 16273', 'O-ring for Ring  k16135', 0, 0, 0, 0, 0, NULL, NULL, NULL, NULL, NULL, NULL, '0.00', 0),
(4629, 92, 0, 'K 16281', 'Front Casing, Damper-side', 0, 0, 0, 0, 0, NULL, NULL, NULL, NULL, NULL, NULL, '0.00', 0),
(4630, 92, 0, 'K 16290', 'Cover for Front Casing K 16281', 0, 0, 0, 0, 0, NULL, NULL, NULL, NULL, NULL, NULL, '0.00', 0),
(4631, 92, 0, 'K 16291', 'Sealing for Cover K 16290', 0, 0, 0, 0, 0, NULL, NULL, NULL, NULL, NULL, NULL, '0.00', 0),
(4632, 92, 0, 'K 16295', 'Front Casing, Flywheel-side', 0, 0, 0, 0, 0, NULL, NULL, NULL, NULL, NULL, NULL, '0.00', 0),
(4633, 81, 0, 'K 16201', 'Plate for Control Room Casing', 0, 0, 0, 0, 0, NULL, NULL, NULL, NULL, NULL, NULL, '0.00', 0),
(4634, 81, 0, 'K 16203', 'Plate for Control Room Casing (only 16 ZV)', 0, 0, 0, 0, 0, NULL, NULL, NULL, NULL, NULL, NULL, '0.00', 0),
(4635, 81, 0, 'K 16205', 'Plate for Control Room Casing (10 + 16 ZV)', 0, 0, 0, 0, 0, NULL, NULL, NULL, NULL, NULL, NULL, '0.00', 0),
(4636, 81, 0, 'K 16207', 'Plate for Control Room Casing (10 + 16 ZV)', 0, 0, 0, 0, 0, NULL, NULL, NULL, NULL, NULL, NULL, '0.00', 0),
(4637, 81, 0, 'K 16213', 'Plate for Control Room Casing (only 12 ZV)', 0, 0, 0, 0, 0, NULL, NULL, NULL, NULL, NULL, NULL, '0.00', 0),
(4638, 81, 0, 'K 16216', 'Plate for Control Room Casing (only 12 ZV)', 0, 0, 0, 0, 0, NULL, NULL, NULL, NULL, NULL, NULL, '0.00', 0),
(4639, 81, 0, 'K 16220', 'Side Casing', 0, 0, 0, 0, 0, NULL, NULL, NULL, NULL, NULL, NULL, '0.00', 0),
(4640, 81, 0, 'K 16221', 'Side Casing', 0, 0, 0, 0, 0, NULL, NULL, NULL, NULL, NULL, NULL, '0.00', 0),
(4641, 81, 0, 'K 16222', 'Casing Cover', 0, 0, 0, 0, 0, NULL, NULL, NULL, NULL, NULL, NULL, '0.00', 0),
(4642, 81, 0, 'K 16223', 'End Casing - Flywheel Side', 0, 0, 0, 0, 0, NULL, NULL, NULL, NULL, NULL, NULL, '0.00', 0),
(4643, 81, 0, 'K 16225', 'End Plate - Damper Side', 0, 0, 0, 0, 0, NULL, NULL, NULL, NULL, NULL, NULL, '0.00', 0),
(4644, 81, 0, 'K 16226', 'Tubular Sealing for K 16221', 0, 0, 0, 0, 0, NULL, NULL, NULL, NULL, NULL, NULL, '0.00', 0),
(4645, 81, 0, 'K 16227', 'Tubular Sealing for K 16220 and K 16222', 0, 0, 0, 0, 0, NULL, NULL, NULL, NULL, NULL, NULL, '0.00', 0),
(4646, 81, 0, 'K 16229', 'Self-locking Nut', 0, 0, 0, 0, 0, NULL, NULL, NULL, NULL, NULL, NULL, '0.00', 0),
(4647, 81, 0, 'K 16270', 'Casing - Flywheel Side', 0, 0, 0, 0, 0, NULL, NULL, NULL, NULL, NULL, NULL, '0.00', 0),
(4648, 81, 0, 'K 16350', 'Plate for Control Room Casing', 0, 0, 0, 0, 0, NULL, NULL, NULL, NULL, NULL, NULL, '0.00', 0),
(4649, 81, 0, 'K 16355', 'End Plate - Damper Side', 0, 0, 0, 0, 0, NULL, NULL, NULL, NULL, NULL, NULL, '0.00', 0),
(4650, 37, 0, 'K 16500', 'Cover for Damper End, Complete', 0, 0, 0, 0, 0, NULL, NULL, NULL, NULL, NULL, NULL, '0.00', 0),
(4651, 37, 0, 'K 16501', 'Cover for Damper End', 0, 0, 0, 0, 0, NULL, NULL, NULL, NULL, NULL, NULL, '0.00', 0),
(4652, 37, 0, 'K 16505', 'Cover for Cover K 16501', 0, 0, 0, 0, 0, NULL, NULL, NULL, NULL, NULL, NULL, '0.00', 0),
(4653, 37, 0, 'K 16507', 'Joint for Cover K 16505', 0, 0, 0, 0, 0, NULL, NULL, NULL, NULL, NULL, NULL, '0.00', 0),
(4654, 137, 0, 'K 19100', 'Tie Rod, Complete', 0, 0, 0, 0, 0, NULL, NULL, NULL, NULL, NULL, NULL, '0.00', 0),
(4655, 137, 0, 'K 19101', 'Tie Rod', 0, 0, 0, 0, 0, NULL, NULL, NULL, NULL, NULL, NULL, '0.00', 0),
(4656, 137, 0, 'K 19103', 'Nut for Tie Rod K 19101', 0, 0, 0, 0, 0, NULL, NULL, NULL, NULL, NULL, NULL, '0.00', 0),
(4657, 137, 0, 'K 19104', 'Protective Cap for Tie Rod K 19101', 0, 0, 0, 0, 0, NULL, NULL, NULL, NULL, NULL, NULL, '0.00', 0),
(4658, 91, 0, 'K 10011', 'Bolt for Cylinder Block', 0, 0, 0, 0, 0, NULL, NULL, NULL, NULL, NULL, NULL, '0.00', 0),
(4659, 91, 0, 'K 10012', 'Bolt for Cylinder Block', 0, 0, 0, 0, 0, NULL, NULL, NULL, NULL, NULL, NULL, '0.00', 0),
(4660, 91, 0, 'K 11118', 'Bearing Cover for Camshaft Standard Bearing', 0, 0, 0, 0, 0, NULL, NULL, NULL, NULL, NULL, NULL, '0.00', 0),
(4661, 91, 0, 'K 21101', 'Cylinder Block', 0, 0, 0, 0, 0, NULL, NULL, NULL, NULL, NULL, NULL, '0.00', 0),
(4662, 91, 0, 'K 21110', 'Bearing Cover for Camshaft Lapped Bearing', 0, 0, 0, 0, 0, NULL, NULL, NULL, NULL, NULL, NULL, '0.00', 0),
(4663, 91, 0, 'K 21112', 'Stud for Cylinder Cover', 0, 0, 0, 0, 0, NULL, NULL, NULL, NULL, NULL, NULL, '0.00', 0),
(4664, 91, 0, 'K 21117', 'Cover for Cylinder Block', 0, 0, 0, 0, 0, NULL, NULL, NULL, NULL, NULL, NULL, '0.00', 0),
(4665, 91, 0, 'K 21118', 'Sealing for Cover K 21117', 0, 0, 0, 0, 0, NULL, NULL, NULL, NULL, NULL, NULL, '0.00', 0),
(4666, 91, 0, 'K 21119', 'Cover for Cylinder Block', 0, 0, 0, 0, 0, NULL, NULL, NULL, NULL, NULL, NULL, '0.00', 0),
(4667, 91, 0, 'K 21120', 'Sealing for Cover K 21119', 0, 0, 0, 0, 0, NULL, NULL, NULL, NULL, NULL, NULL, '0.00', 0),
(4668, 94, 0, 'K 21001', 'Clamping Piece, Complete for Cylinder Liner', 0, 0, 0, 0, 0, NULL, NULL, NULL, NULL, NULL, NULL, '0.00', 0),
(4669, 94, 0, 'K 21002', 'Bolt for Clamping Piece, PN 3446236022', 0, 0, 0, 0, 0, NULL, NULL, NULL, NULL, NULL, NULL, '0.00', 0),
(4670, 94, 0, 'K 21005', 'Conical Disc for Clamping Piece, 21PN78/M82026', 0, 0, 0, 0, 0, NULL, NULL, NULL, NULL, NULL, NULL, '0.00', 0),
(4671, 94, 0, 'K 21006', 'Conical Cup for Clamping Piece, PN 3424236261', 0, 0, 0, 0, 0, NULL, NULL, NULL, NULL, NULL, NULL, '0.00', 0),
(4672, 94, 0, 'K 21400', 'Cylinder with Insulating Tube, PN 3446230125', 0, 0, 0, 0, 0, NULL, NULL, NULL, NULL, NULL, NULL, '0.00', 0),
(4673, 94, 0, 'K 21401', 'Cylinder Liner', 0, 0, 0, 0, 0, NULL, NULL, NULL, NULL, NULL, NULL, '0.00', 0),
(4674, 94, 0, 'K 21404', 'O-ring for Cylinder Liner, PN 3446275122', 0, 0, 0, 0, 0, NULL, NULL, NULL, NULL, NULL, NULL, '0.00', 0),
(4675, 94, 0, 'K 21405', 'O-ring for Cylinder Liner, PN 3446275122', 0, 0, 0, 0, 0, NULL, NULL, NULL, NULL, NULL, NULL, '0.00', 0),
(4676, 94, 0, 'K 21406', 'O-ring for Cylinder Liner, PN 3446275092', 0, 0, 0, 0, 0, NULL, NULL, NULL, NULL, NULL, NULL, '0.00', 0),
(4677, 94, 0, 'K 21407', 'Sealing Ring, PN K21407', 0, 0, 0, 0, 0, NULL, NULL, NULL, NULL, NULL, NULL, '0.00', 0),
(4678, 94, 0, 'K 21445', 'Oring', 0, 0, 0, 0, 0, NULL, NULL, NULL, NULL, NULL, NULL, '0.00', 0),
(4679, 93, 0, 'K 27000', 'Cylinder Head Complete, PN3446270368', 0, 0, 0, 0, 0, NULL, NULL, NULL, NULL, NULL, NULL, '0.00', 0),
(4680, 93, 0, 'K 27004', 'Cooling Water Guidee for Cylinder Cover', 0, 0, 0, 0, 0, NULL, NULL, NULL, NULL, NULL, NULL, '0.00', 0),
(4681, 93, 0, 'K 27007', 'Cover for Bearing Casing K 28000', 0, 0, 0, 0, 0, NULL, NULL, NULL, NULL, NULL, NULL, '0.00', 0),
(4682, 93, 0, 'K 27008', 'Handle for Cover K 27007, PN 3446276122', 0, 20, 0, 1132, 0, 0, '', '', '46821.jpg', NULL, NULL, '0.00', 0),
(4683, 93, 0, 'K 27010', 'Ring for K 27008, PN 3446276163', 0, 20, 0, 1133, 0, 0, '', '', '46831.jpg', NULL, NULL, '0.00', 0),
(4684, 93, 0, 'K 27016', 'Indicator Valve, Complete', 0, 0, 0, 0, 0, NULL, NULL, NULL, NULL, NULL, NULL, '0.00', 0),
(4685, 93, 0, 'K 27017', 'Nipple for K 27016', 0, 0, 0, 0, 0, NULL, NULL, NULL, NULL, NULL, NULL, '0.00', 0),
(4686, 93, 0, 'K 27018', 'Spacer for K 27016', 0, 0, 0, 0, 0, NULL, NULL, NULL, NULL, NULL, NULL, '0.00', 0),
(4687, 93, 0, 'K 27019', 'Nipple for K 27016', 0, 0, 0, 0, 0, NULL, NULL, NULL, NULL, NULL, NULL, '0.00', 0),
(4688, 93, 0, 'K 27020', 'Sealing for K 27018', 0, 0, 0, 0, 0, NULL, NULL, NULL, NULL, NULL, NULL, '0.00', 0),
(4689, 93, 0, 'K 27038', 'Stud for Bearing Casing', 0, 20, 0, 1134, 0, 0, '', '', '46891.jpg', NULL, NULL, '0.00', 0),
(4690, 93, 0, 'K 27039', 'Nut for Stud K 11122 (ZV) and 21112 (ZL)', 0, 0, 0, 1135, 0, 0, '', '', '46901.jpg', NULL, NULL, '0.00', 0),
(4691, 93, 0, 'K 27040', 'Sleeve for Nut K 27039, PN 3446116114', 0, 0, 0, 0, 0, NULL, NULL, NULL, NULL, NULL, NULL, '0.00', 0),
(4692, 93, 0, 'K 27045', 'Nut for Stud K 27038', 0, 0, 0, 0, 0, NULL, NULL, NULL, NULL, NULL, NULL, '0.00', 0),
(4693, 93, 0, 'K 27046 A', '(SMALL)Tubular Sealing for Cover K 27007 and Bearing Casing K 28000', 0, 0, 0, 0, 0, NULL, NULL, NULL, NULL, NULL, NULL, '0.00', 0),
(4694, 93, 0, 'K 27046 B', '(BIG) Tubular Sealing for Cover K 27007 and Bearing Casing K 28001', 0, 0, 0, 0, 0, NULL, NULL, NULL, NULL, NULL, NULL, '0.00', 0),
(4695, 93, 0, 'K 27051', 'O-ring for Cylinder Cover, PN 3446275812', 0, 0, 0, 0, 0, NULL, NULL, NULL, NULL, NULL, NULL, '0.00', 0),
(4696, 93, 0, 'K 27054', 'Sealing for Handle K 27008', 0, 0, 0, 0, 0, NULL, NULL, NULL, NULL, NULL, NULL, '0.00', 0),
(4697, 93, 0, 'K 27055', 'O-ring for Ring K-27010, PN 3446275104', 0, 0, 0, 0, 0, NULL, NULL, NULL, NULL, NULL, NULL, '0.00', 0),
(4698, 93, 0, 'K 27056', 'O-ring for Nut K 27039', 0, 0, 0, 0, 0, NULL, NULL, NULL, NULL, NULL, NULL, '0.00', 0),
(4699, 93, 0, 'K 27058', 'Retaining Ring Type A for Handle K 27008', 0, 0, 0, 0, 0, NULL, NULL, NULL, NULL, NULL, NULL, '0.00', 0),
(4700, 93, 0, 'K 27100', 'Cylinder Cover, Complete with Insert Bush K 27107, Valve Seat K27108 with O-ring K 27122 and Valve Guide K 27112 with O-ring K-27113', 0, 0, 0, 0, 0, NULL, NULL, NULL, NULL, NULL, NULL, '0.00', 0),
(4701, 93, 0, 'K 27101', 'Cylinder Cover', 0, 0, 0, 0, 0, NULL, NULL, NULL, NULL, NULL, NULL, '0.00', 0),
(4702, 93, 0, 'K 27107', 'Insert Bush for Fuel Injection Valve', 21, 20, 0, 1136, 0, 0, '', '', '47021.jpg', NULL, NULL, '0.00', 0),
(4703, 93, 0, 'K 27108', 'Valve Seat for Inlet & Exhaust', 0, 0, 0, 0, 0, NULL, NULL, NULL, NULL, NULL, NULL, '0.00', 0),
(4704, 93, 0, 'K 27112', 'Valve Guide, PN 3446276061', 0, 0, 0, 0, 0, NULL, NULL, NULL, NULL, NULL, NULL, '0.00', 0),
(4705, 93, 0, 'K 27113', 'O-ring for Valve Guide K 27112, PN 3446275413', 0, 0, 0, 0, 0, NULL, NULL, NULL, NULL, NULL, NULL, '0.00', 0),
(4706, 93, 0, 'K 27122', 'O-ring for Valve Seat K 27108, PN 34462754562', 0, 0, 0, 0, 0, NULL, NULL, NULL, NULL, NULL, NULL, '0.00', 0),
(4707, 104, 0, 'K 27026', 'Flange for Fuel Injection Valve', 0, 0, 0, 0, 0, NULL, NULL, NULL, NULL, NULL, NULL, '0.00', 0),
(4708, 104, 0, 'K 27027', 'Spring Plate for Flange K 27026, PN 3446285210', 0, 0, 0, 0, 0, NULL, NULL, NULL, NULL, NULL, NULL, '0.00', 0),
(4709, 104, 0, 'K 27028', 'Washer for Flange K 27026', 0, 0, 0, 0, 0, NULL, NULL, NULL, NULL, NULL, NULL, '0.00', 0),
(4710, 104, 0, 'K 27029', 'Snap Ring for Flange K 27026, PN 3446286361', 0, 0, 0, 0, 0, NULL, NULL, NULL, NULL, NULL, NULL, '0.00', 0),
(4711, 104, 0, 'K 27200', 'Fuel Injection Valve, Complete w/o flange', 0, 0, 0, 0, 0, NULL, NULL, NULL, NULL, NULL, NULL, '0.00', 0),
(4712, 104, 0, 'K 27201', 'Nozzle Holder, Complete for Fuel Injection Valve', 0, 0, 0, 0, 0, NULL, NULL, NULL, NULL, NULL, NULL, '0.00', 0),
(4713, 104, 0, 'K 27202', 'Cylinder Pin for Nozzle Holder', 0, 0, 0, 0, 0, NULL, NULL, NULL, NULL, NULL, NULL, '0.00', 0),
(4714, 104, 0, 'K 27203', 'Guide Sleeve for Nozzle Holder', 0, 0, 0, 0, 0, NULL, NULL, NULL, NULL, NULL, NULL, '0.00', 0),
(4715, 104, 0, 'K 27205 A', 'Spring Plate for fuel injection valve', 0, 0, 0, 0, 0, NULL, NULL, NULL, NULL, NULL, NULL, '0.00', 0),
(4716, 104, 0, 'K 27205 B', 'Spring Plate for fuel injection valve', 0, 0, 0, 0, 0, NULL, NULL, NULL, NULL, NULL, NULL, '0.00', 0),
(4717, 104, 0, 'K 27206', 'Spring Tensioner for fuel injection valve', 0, 0, 0, 0, 0, NULL, NULL, NULL, NULL, NULL, NULL, '0.00', 0),
(4718, 104, 0, 'K 27207', 'Distance Ring for fuel injection valve ', 0, 0, 0, 0, 0, NULL, NULL, NULL, NULL, NULL, NULL, '0.00', 0),
(4719, 104, 0, 'K 27208', 'Plunger for Fuel Injection Valve', 0, 0, 0, 0, 0, NULL, NULL, NULL, NULL, NULL, NULL, '0.00', 0),
(4720, 104, 0, 'K 27209', 'Nut for fuel injection valve', 0, 0, 0, 0, 0, NULL, NULL, NULL, NULL, NULL, NULL, '0.00', 0),
(4721, 104, 0, 'K 27210', 'Spring for Fuel Injection Valve, PN 3446286103', 0, 0, 0, 0, 0, NULL, NULL, NULL, NULL, NULL, NULL, '0.00', 0),
(4722, 104, 0, 'K 27211', 'O-ring for Nozzle Holder, PN 3446575453', 0, 0, 0, 0, 0, NULL, NULL, NULL, NULL, NULL, NULL, '0.00', 0),
(4723, 104, 0, 'K 27212', 'O-ring for Nut K 27029, PN 3446275882', 0, 0, 0, 0, 0, NULL, NULL, NULL, NULL, NULL, NULL, '0.00', 0),
(4724, 105, 0, 'K 27240', 'Nozzle with Needle and Cooling Ring, Complete, for Fuel Injection Valve  160 x 12 x 0475', 0, 0, 0, 0, 0, NULL, NULL, NULL, NULL, NULL, NULL, '0.00', 0),
(4725, 105, 0, 'K 27251', 'Fuel Pressure Line', 0, 0, 0, 0, 0, NULL, NULL, NULL, NULL, NULL, NULL, '0.00', 0),
(4726, 105, 0, 'K 27253', 'Fuel Branch for Fuel Pressure Line', 0, 0, 0, 0, 0, NULL, NULL, NULL, NULL, NULL, NULL, '0.00', 0),
(4727, 105, 0, 'K 27254', 'Valve Body for Fuel Pressure Valve', 0, 0, 0, 0, 0, NULL, NULL, NULL, NULL, NULL, NULL, '0.00', 0),
(4728, 105, 0, 'K 27255', 'Valve Housing for Fuel Pressure Valve', 0, 0, 0, 0, 0, NULL, NULL, NULL, NULL, NULL, NULL, '0.00', 0),
(4729, 105, 0, 'K 27256', 'Cylinder Pin for Valve Housing K 27255', 0, 0, 0, 0, 0, NULL, NULL, NULL, NULL, NULL, NULL, '0.00', 0),
(4730, 105, 0, 'K 27257', 'Spring for Fuel Pressure Valve, PN 3446286100', 0, 0, 0, 0, 0, NULL, NULL, NULL, NULL, NULL, NULL, '0.00', 0),
(4731, 105, 0, 'K 27258', 'Nut for Fuel Pressure Valve, PN 3446280454          ', 0, 0, 0, 0, 0, NULL, NULL, NULL, NULL, NULL, NULL, '0.00', 0),
(4732, 105, 0, 'K 27259', 'Housing for Fuel Pressure Line', 0, 0, 0, 0, 0, NULL, NULL, NULL, NULL, NULL, NULL, '0.00', 0),
(4733, 105, 0, 'K 27261', 'Clamping Ring for Fuel Pressure Line', 0, 0, 0, 0, 0, NULL, NULL, NULL, NULL, NULL, NULL, '0.00', 0),
(4734, 105, 0, 'K 27262', 'Sealing for Housing K 27259, PN 3446286468', 0, 0, 0, 0, 0, NULL, NULL, NULL, NULL, NULL, NULL, '0.00', 0),
(4735, 105, 0, 'K 27263', 'Housing for Fuel Pressure Line', 0, 0, 0, 0, 0, NULL, NULL, NULL, NULL, NULL, NULL, '0.00', 0),
(4736, 105, 0, 'K 27264', 'Metal Tube for Fuel Pressure Line, PN 3446280386', 0, 0, 0, 0, 0, NULL, NULL, NULL, NULL, NULL, NULL, '0.00', 0),
(4737, 105, 0, 'K 27275', 'O-ring for Housing K 27259 and 27263', 0, 0, 0, 0, 0, NULL, NULL, NULL, NULL, NULL, NULL, '0.00', 0),
(4738, 105, 0, 'K 27276', 'O-ring for Metal Tube K 27264, PN 3446275022', 0, 0, 0, 0, 0, NULL, NULL, NULL, NULL, NULL, NULL, '0.00', 0),
(4739, 105, 0, 'N/A', 'Allen Bolt for Fuel Pressure Pipe', 0, 0, 0, 0, 0, NULL, NULL, NULL, NULL, NULL, NULL, '0.00', 0),
(4740, 16, 0, 'K 27400', 'Starting Valve, complete', 0, 0, 0, 0, 0, NULL, NULL, NULL, NULL, NULL, NULL, '0.00', 0),
(4741, 16, 0, 'K 27035', 'Flange for Starting Valve', 0, 0, 0, 0, 0, NULL, NULL, NULL, NULL, NULL, NULL, '0.00', 0),
(4742, 16, 0, 'K 27401', 'Spindle for Starting Valve', 0, 0, 0, 0, 0, NULL, NULL, NULL, NULL, NULL, NULL, '0.00', 0),
(4743, 16, 0, 'K 27402', 'Housing for Starting Valve', 0, 0, 0, 0, 0, NULL, NULL, NULL, NULL, NULL, NULL, '0.00', 0),
(4744, 16, 0, 'K 27403', 'Guide Piece for Starting Valve', 0, 0, 0, 0, 0, NULL, NULL, NULL, NULL, NULL, NULL, '0.00', 0),
(4745, 16, 0, 'K 27406', 'Sleeve for Spindle K 27401', 0, 0, 0, 0, 0, NULL, NULL, NULL, NULL, NULL, NULL, '0.00', 0),
(4746, 16, 0, 'K 27409 A', 'Piston Ring for K 27404', 0, 0, 0, 0, 0, NULL, NULL, NULL, NULL, NULL, NULL, '0.00', 0),
(4747, 16, 0, 'K 27409 B', 'Piston Ring for K 27404', 0, 0, 0, 0, 0, NULL, NULL, NULL, NULL, NULL, NULL, '0.00', 0),
(4748, 16, 0, 'K 27410 A', 'Piston Ring for K 27404, PN 3446285362', 0, 0, 0, 0, 0, NULL, NULL, NULL, NULL, NULL, NULL, '0.00', 0),
(4749, 16, 0, 'K 27410 B', 'Piston Ring for K 27404, PN 3446285362', 0, 0, 0, 0, 0, NULL, NULL, NULL, NULL, NULL, NULL, '0.00', 0),
(4750, 16, 0, 'K 27411', 'O-ring for K 27402 and K 27403, PN 3436275004', 0, 0, 0, 0, 0, NULL, NULL, NULL, NULL, NULL, NULL, '0.00', 0),
(4751, 16, 0, 'K 27414', 'Spring for starting valve', 0, 0, 0, 0, 0, NULL, NULL, NULL, NULL, NULL, NULL, '0.00', 0),
(4752, 16, 0, 'K 27415', 'Spring Plate for Starting Valve', 0, 0, 0, 0, 0, NULL, NULL, NULL, NULL, NULL, NULL, '0.00', 0),
(4753, 16, 0, 'K 27416', 'Retaining Ring for K 27403', 0, 0, 0, 0, 0, NULL, NULL, NULL, NULL, NULL, NULL, '0.00', 0),
(4754, 16, 0, 'K 27417', 'Self-locking Nut for K 27401', 0, 0, 0, 0, 0, NULL, NULL, NULL, NULL, NULL, NULL, '0.00', 0),
(4755, 130, 0, 'K 27419', 'Sealing Ring for Starting Valve', 0, 0, 0, 0, 0, NULL, NULL, NULL, NULL, NULL, NULL, '0.00', 0),
(4756, 130, 0, 'K 27430', 'Dummy Valve, Complete', 0, 0, 0, 0, 0, NULL, NULL, NULL, NULL, NULL, NULL, '0.00', 0),
(4757, 130, 0, 'K 27431', 'Closing Piece', 0, 0, 0, 0, 0, NULL, NULL, NULL, NULL, NULL, NULL, '0.00', 0),
(4758, 130, 0, 'K 27437', 'Flange for Cylinder Cover', 0, 0, 0, 0, 0, NULL, NULL, NULL, NULL, NULL, NULL, '0.00', 0),
(4759, 130, 0, 'K 27438', 'Packing for Flange K 27437', 0, 0, 0, 0, 0, NULL, NULL, NULL, NULL, NULL, NULL, '0.00', 0),
(4760, 130, 0, 'K 27440', 'Screw Plug for Cylinder Cover', 0, 0, 0, 0, 0, NULL, NULL, NULL, NULL, NULL, NULL, '0.00', 0),
(4761, 130, 0, 'K 27442', 'Seal Ring for Screw Plug K 27440', 0, 0, 0, 0, 0, NULL, NULL, NULL, NULL, NULL, NULL, '0.00', 0),
(4762, 13, 0, 'K 27500', 'Inlet Valve, complete', 0, 0, 0, 0, 0, NULL, NULL, NULL, NULL, NULL, NULL, '0.00', 0),
(4763, 13, 0, 'K 27501', 'Upper Spring Plate for Inlet and Exhaust Valve', 0, 0, 0, 0, 0, NULL, NULL, NULL, NULL, NULL, NULL, '0.00', 0),
(4764, 13, 0, 'K 27502', 'Lower  Spring  ', 0, 0, 0, 0, 0, NULL, NULL, NULL, NULL, NULL, NULL, '0.00', 0),
(4765, 13, 0, 'K 27503 A', 'Conical Clamping Ring, Two Part, for the Inlet Valve, PN 3424277622', 0, 0, 0, 0, 0, NULL, NULL, NULL, NULL, NULL, NULL, '0.00', 0),
(4766, 13, 0, 'K 27503 B', 'Conical Clamping Ring, Two Part, for the Inlet Valve, PN 3424277622', 0, 0, 0, 0, 0, NULL, NULL, NULL, NULL, NULL, NULL, '0.00', 0),
(4767, 13, 0, 'K 27504', 'Outer Valve Spring for the Inlet and Exhaust Valve, PN 8446276173', 0, 0, 0, 0, 0, NULL, NULL, NULL, NULL, NULL, NULL, '0.00', 0),
(4768, 13, 0, 'K 27505', 'Inner Valve Spring for the Inlet and Exhaust Valve, PN 3446276183', 0, 0, 0, 0, 0, NULL, NULL, NULL, NULL, NULL, NULL, '0.00', 0),
(4769, 13, 0, 'K 27511', 'Valve Spindle for Inlet Valve, PN 3446270492', 0, 0, 0, 0, 0, NULL, NULL, NULL, NULL, NULL, NULL, '0.00', 0),
(4770, 13, 0, 'K 27520', 'Exhaust Valve, Complete (Assy.)', 0, 0, 0, 0, 0, NULL, NULL, NULL, NULL, NULL, NULL, '0.00', 0),
(4771, 13, 0, 'K 27521', 'Valve Sprindle for Exhaust Valve, PN 3446270562', 0, 0, 0, 0, 0, NULL, NULL, NULL, NULL, NULL, NULL, '0.00', 0),
(4772, 13, 0, 'K 27527', 'Valve Turning Device for the Exhaust Valve, PN 3446270400', 0, 0, 0, 0, 0, NULL, NULL, NULL, NULL, NULL, NULL, '0.00', 0),
(4773, 13, 0, 'K 27529', 'Conical Clamping Ring, Two Part, for the Exhaust Valve, PN 3446276190', 0, 0, 0, 0, 0, NULL, NULL, NULL, NULL, NULL, NULL, '0.00', 0),
(4774, 13, 0, 'K 27528', 'Upper spring Plate for Exhaust Valve', 0, 0, 0, 0, 0, NULL, NULL, NULL, NULL, NULL, NULL, '0.00', 0),
(4775, 124, 0, 'K 27700', 'Relief Valve, complete, PN 3446280455', 0, 0, 0, 0, 0, NULL, NULL, NULL, NULL, NULL, NULL, '0.00', 0),
(4776, 124, 0, 'K 27701', 'Spring Housing for Relief Valve', 0, 0, 0, 0, 0, NULL, NULL, NULL, NULL, NULL, NULL, '0.00', 0),
(4777, 124, 0, 'K 27702', 'Valve seating for Relief Valve', 0, 0, 0, 0, 0, NULL, NULL, NULL, NULL, NULL, NULL, '0.00', 0),
(4778, 124, 0, 'K 27703', 'Valve body for Relief Valve', 0, 0, 0, 0, 0, NULL, NULL, NULL, NULL, NULL, NULL, '0.00', 0),
(4779, 124, 0, 'K 27704', 'Spacer for Relief Valve', 0, 0, 0, 0, 0, NULL, NULL, NULL, NULL, NULL, NULL, '0.00', 0),
(4780, 124, 0, 'K 27705', 'Spring for Relief Valve', 0, 0, 0, 0, 0, NULL, NULL, NULL, NULL, NULL, NULL, '0.00', 0),
(4781, 124, 0, 'K 27706', 'Shim for Relief Valve', 0, 0, 0, 0, 0, NULL, NULL, NULL, NULL, NULL, NULL, '0.00', 0),
(4782, 17, 0, 'K 27750', 'Indicator Valve, complete, PN 3446280303', 0, 0, 0, 0, 0, NULL, NULL, NULL, NULL, NULL, NULL, '0.00', 0),
(4783, 17, 0, 'K 27751', 'Indicator Valve', 0, 0, 0, 0, 0, NULL, NULL, NULL, NULL, NULL, NULL, '0.00', 0),
(4784, 17, 0, 'K 27752 / K 27017', 'Nipple fot indicator valve', 0, 0, 0, 0, 0, NULL, NULL, NULL, NULL, NULL, NULL, '0.00', 0),
(4785, 17, 0, 'K 27753 / K 27018', 'Distance Piece for indicator valve', 0, 0, 0, 0, 0, NULL, NULL, NULL, NULL, NULL, NULL, '0.00', 0),
(4786, 17, 0, 'K 27754 / K 27019', 'Nipple for Indicator Valve', 0, 0, 0, 0, 0, NULL, NULL, NULL, NULL, NULL, NULL, '0.00', 0),
(4787, 17, 0, 'K 27755', 'Transition Nipple for Indicator Valve', 0, 0, 0, 0, 0, NULL, NULL, NULL, NULL, NULL, NULL, '0.00', 0),
(4788, 17, 0, 'K 27761', 'Joint Ring for Distance Piece K 27753', 0, 0, 0, 0, 0, NULL, NULL, NULL, NULL, NULL, NULL, '0.00', 0),
(4789, 17, 0, 'K 27762', 'Joint Ring for Transition Piece', 0, 0, 0, 0, 0, NULL, NULL, NULL, NULL, NULL, NULL, '0.00', 0),
(4790, 78, 0, 'K 28000', 'Bearing Casing, complete, PN 3446270741', 0, 0, 0, 0, 0, NULL, NULL, NULL, NULL, NULL, NULL, '0.00', 0),
(4791, 78, 0, 'K 28002', 'Bearing Casing', 0, 0, 0, 0, 0, NULL, NULL, NULL, NULL, NULL, NULL, '0.00', 0),
(4792, 78, 0, 'K 28005', 'Main Rocker Arm, Complete', 0, 0, 0, 0, 0, NULL, NULL, NULL, NULL, NULL, NULL, '0.00', 0),
(4793, 78, 0, 'K 28006', 'Main Rocker Arm', 0, 0, 0, 0, 0, NULL, NULL, NULL, NULL, NULL, NULL, '0.00', 0),
(4794, 78, 0, 'K 28008', 'Bush for Main Rocker Arm K28005', 0, 0, 0, 0, 0, NULL, NULL, NULL, NULL, NULL, NULL, '0.00', 0),
(4795, 78, 0, 'K 28009', 'Spherical Headed Pin for K 28005 & K 28015', 21, 6, 0, 1113, 0, 0, '', '', '47951.jpg', NULL, NULL, '0.00', 0),
(4796, 78, 0, 'K 28015', 'Auxiliary Rocker Arm, Complete', 0, 0, 0, 0, 0, NULL, NULL, NULL, NULL, NULL, NULL, '0.00', 0),
(4797, 78, 0, 'K 28016', 'Auxiliary Rocker Arm', 0, 0, 0, 0, 0, NULL, NULL, NULL, NULL, NULL, NULL, '0.00', 0),
(4798, 78, 0, 'K 28018', 'Bush for Auxilliary Rocker Arm K 28014', 0, 0, 0, 0, 0, NULL, NULL, NULL, NULL, NULL, NULL, '0.00', 0),
(4799, 78, 0, 'K 28020', 'Pin for Auxilliary Rocker Arm K 28015', 21, 6, 0, 1114, 0, 0, '', '', '47991.jpg', NULL, NULL, '0.00', 0),
(4800, 78, 0, 'K 28025', 'Shaft for Main Rocker Arm K 28005', 0, 0, 0, 0, 0, NULL, NULL, NULL, NULL, NULL, NULL, '0.00', 0),
(4801, 78, 0, 'K 28026', 'Shaft for Auxiliary Rocker Arm K 28015', 0, 0, 0, 0, 0, NULL, NULL, NULL, NULL, NULL, NULL, '0.00', 0),
(4802, 78, 0, 'K 28027', 'Spacer Sleeve for Main Rocker Arm K 28005', 0, 0, 0, 0, 0, NULL, NULL, NULL, NULL, NULL, NULL, '0.00', 0),
(4803, 78, 0, 'K 28028', 'Spacer Sleeve for Auxiliary Rocker Arm K 28015', 0, 0, 0, 0, 0, NULL, NULL, NULL, NULL, NULL, NULL, '0.00', 0),
(4804, 78, 0, 'K 28029', 'Flange for Main Rocker Arm K 28005', 0, 0, 0, 0, 0, NULL, NULL, NULL, NULL, NULL, NULL, '0.00', 0),
(4805, 78, 0, 'K 28030', 'Flange for Auxiliary Rocker Arm K 28015', 0, 0, 0, 0, 0, NULL, NULL, NULL, NULL, NULL, NULL, '0.00', 0),
(4806, 78, 0, 'K 28031', 'Blind Flange for Auxiliary Rocker Arm K 28015', 0, 0, 0, 0, 0, NULL, NULL, NULL, NULL, NULL, NULL, '0.00', 0),
(4807, 78, 0, 'K 28034', 'Special Bolt for Main Rocker Arm K 28005', 21, 6, 0, 1115, 0, 0, '', '', '48071.jpg', NULL, NULL, '0.00', 0),
(4808, 78, 0, 'K 28035', 'Special Bolt for Main Rocker Arm K 28005', 21, 6, 0, 1116, 0, 0, '', '', '48081.jpg', NULL, NULL, '0.00', 0),
(4809, 78, 0, 'K 28037', 'Lock Nut for K 28034', 21, 6, 0, 1117, 0, 0, '', '', '48091.jpg', NULL, NULL, '0.00', 0),
(4810, 78, 0, 'K 28038', 'Lock Nut for K 28035', 21, 6, 0, 1118, 0, 0, '', '', '48101.jpg', NULL, NULL, '0.00', 0),
(4811, 78, 0, 'K 28041', 'Ball-shaped Cup for the rocker arms', 21, 6, 0, 1119, 0, 0, '', '', '48111.jpg', NULL, NULL, '0.00', 0),
(4812, 78, 0, 'K 28042', 'Spring Cage for K 28041', 21, 6, 0, 1120, 0, 0, '', '', '48121.jpg', NULL, NULL, '0.00', 0),
(4813, 78, 0, 'K 28044', 'O-ring for Flange - K 28029', 0, 0, 0, 0, 0, NULL, NULL, NULL, NULL, NULL, NULL, '0.00', 0),
(4814, 78, 0, 'K 28045', 'O-ring for Flange - K 28030', 0, 0, 0, 0, 0, NULL, NULL, NULL, NULL, NULL, NULL, '0.00', 0),
(4815, 40, 0, 'K 31000', 'Crankshaft, Complete', 0, 0, 0, 0, 0, NULL, NULL, NULL, NULL, NULL, NULL, '0.00', 0),
(4816, 40, 0, 'K 31001', 'Crankshaft', 0, 0, 0, 0, 0, NULL, NULL, NULL, NULL, NULL, NULL, '0.00', 0),
(4817, 40, 0, 'K 31010', 'Shaft End Piece for Crankshaft', 0, 0, 0, 0, 0, NULL, NULL, NULL, NULL, NULL, NULL, '0.00', 0),
(4818, 40, 0, 'K 31015', 'Spur Wheel for Crankshaft', 0, 0, 0, 0, 0, NULL, NULL, NULL, NULL, NULL, NULL, '0.00', 0),
(4819, 40, 0, 'K 31020', 'Counterweight for Crankshaft', 0, 0, 0, 0, 0, NULL, NULL, NULL, NULL, NULL, NULL, '0.00', 0),
(4820, 40, 0, 'K 31022', 'Bolt for Counterweight K 31020', 0, 0, 0, 0, 0, NULL, NULL, NULL, NULL, NULL, NULL, '0.00', 0),
(4821, 40, 0, 'K 31024', 'Fitted Bolt For Crankshaft', 0, 0, 0, 0, 0, NULL, NULL, NULL, NULL, NULL, NULL, '0.00', 0),
(4822, 40, 0, 'K 31026', 'Self-locking Nut for K 31024 and K 31520', 0, 0, 0, 0, 0, NULL, NULL, NULL, NULL, NULL, NULL, '0.00', 0),
(4823, 40, 0, 'K 31038', 'Nut for Bolt K 31022', 0, 0, 0, 0, 0, NULL, NULL, NULL, NULL, NULL, NULL, '0.00', 0);
INSERT INTO `items` (`item_id`, `category_id`, `subcat_id`, `original_pn`, `item_name`, `unit_id`, `group_id`, `location_id`, `bin_id`, `warehouse_id`, `rack_id`, `barcode`, `expiration`, `picture1`, `picture2`, `picture3`, `min_qty`, `damage`) VALUES
(4824, 40, 0, 'K 31039', 'Pin for Crankshaft', 0, 0, 0, 0, 0, NULL, NULL, NULL, NULL, NULL, NULL, '0.00', 0),
(4825, 58, 0, 'K 31510', 'HOLSET Vibration Damper, Complete', 0, 0, 0, 0, 0, NULL, NULL, NULL, NULL, NULL, NULL, '0.00', 0),
(4826, 58, 0, 'K 32001', 'Flywheel for Crankshaft', 0, 0, 0, 0, 0, NULL, NULL, NULL, NULL, NULL, NULL, '0.00', 0),
(4827, 58, 0, 'K 32004', 'Pointer for K 32001 (barring engine - left)', 0, 0, 0, 0, 0, NULL, NULL, NULL, NULL, NULL, NULL, '0.00', 0),
(4828, 58, 0, 'K 32005', 'Pointer for K 32001 (barring engine - right)', 0, 0, 0, 0, 0, NULL, NULL, NULL, NULL, NULL, NULL, '0.00', 0),
(4829, 96, 0, 'K 31512', 'Spacer Ring for Drive', 0, 0, 0, 0, 0, NULL, NULL, NULL, NULL, NULL, NULL, '0.00', 0),
(4830, 96, 0, 'K 31513', 'Spacer for Drive', 0, 0, 0, 0, 0, NULL, NULL, NULL, NULL, NULL, NULL, '0.00', 0),
(4831, 96, 0, 'K 31516', 'Gear Wheel for Drive', 0, 0, 0, 0, 0, NULL, NULL, NULL, NULL, NULL, NULL, '0.00', 0),
(4832, 96, 0, 'K 31520', 'Filling Plug with Nut for Drive', 0, 0, 0, 0, 0, NULL, NULL, NULL, NULL, NULL, NULL, '0.00', 0),
(4833, 75, 0, 'K 32300', 'Barring Engine, Complete', 0, 0, 0, 0, 0, NULL, NULL, NULL, NULL, NULL, NULL, '0.00', 0),
(4834, 75, 0, 'K 32301', 'Housing for Barring Engine', 0, 0, 0, 0, 0, NULL, NULL, NULL, NULL, NULL, NULL, '0.00', 0),
(4835, 75, 0, 'K 32304', 'Bush for Housing K 32301', 0, 0, 0, 0, 0, NULL, NULL, NULL, NULL, NULL, NULL, '0.00', 0),
(4836, 75, 0, 'K 32323', 'Worm for Horizontal Worm Gear', 0, 0, 0, 0, 0, NULL, NULL, NULL, NULL, NULL, NULL, '0.00', 0),
(4837, 75, 0, 'K 32332', 'Bearing Insert for Horizontal Worm Gear', 0, 0, 0, 0, 0, NULL, NULL, NULL, NULL, NULL, NULL, '0.00', 0),
(4838, 75, 0, 'K 32333', 'Bush for Bearing Insert K 32332', 0, 0, 0, 0, 0, NULL, NULL, NULL, NULL, NULL, NULL, '0.00', 0),
(4839, 75, 0, 'K 32335', 'Spacer for Bearing Insert K 32332', 0, 0, 0, 0, 0, NULL, NULL, NULL, NULL, NULL, NULL, '0.00', 0),
(4840, 75, 0, 'K 32336', 'Spacer for Worm K 32323', 0, 0, 0, 0, 0, NULL, NULL, NULL, NULL, NULL, NULL, '0.00', 0),
(4841, 75, 0, 'K 32358', 'Cover for Housing K 32301', 0, 0, 0, 0, 0, NULL, NULL, NULL, NULL, NULL, NULL, '0.00', 0),
(4842, 75, 0, 'K 32359', 'Sealing for Cover K 32358', 0, 0, 0, 0, 0, NULL, NULL, NULL, NULL, NULL, NULL, '0.00', 0),
(4843, 75, 0, 'K 32361', 'Cover for Housing K 32301', 0, 0, 0, 0, 0, NULL, NULL, NULL, NULL, NULL, NULL, '0.00', 0),
(4844, 75, 0, 'K 32362', 'Sealing for Cover K 32361', 0, 0, 0, 0, 0, NULL, NULL, NULL, NULL, NULL, NULL, '0.00', 0),
(4845, 75, 0, 'K 32367', 'Cover for Housing K 32301', 0, 0, 0, 0, 0, NULL, NULL, NULL, NULL, NULL, NULL, '0.00', 0),
(4846, 75, 0, 'K 32368', 'Sealing for Cover K 32367', 0, 0, 0, 0, 0, NULL, NULL, NULL, NULL, NULL, NULL, '0.00', 0),
(4847, 75, 0, 'K 32374', 'Spring for Bearing Insert K 32332', 0, 0, 0, 0, 0, NULL, NULL, NULL, NULL, NULL, NULL, '0.00', 0),
(4848, 75, 0, 'K 32379', 'Hex. Oil-filling Eye For Barring Engine', 0, 0, 0, 0, 0, NULL, NULL, NULL, NULL, NULL, NULL, '0.00', 0),
(4849, 75, 0, 'K 32380', 'Self-locking Nut for Worm K 32323', 0, 0, 0, 0, 0, NULL, NULL, NULL, NULL, NULL, NULL, '0.00', 0),
(4850, 75, 0, 'K 32386', 'Thrust Ring for Worm K 32323', 0, 0, 0, 0, 0, NULL, NULL, NULL, NULL, NULL, NULL, '0.00', 0),
(4851, 75, 0, 'K 32388', 'Ball Bearing for Bearing Insert K 32332', 0, 0, 0, 0, 0, NULL, NULL, NULL, NULL, NULL, NULL, '0.00', 0),
(4852, 76, 0, 'K 32308', 'Bush for Housing K 32301 and Cover K 32315', 0, 0, 0, 0, 0, NULL, NULL, NULL, NULL, NULL, NULL, '0.00', 0),
(4853, 76, 0, 'K 32309', 'Buffer Disc for Housing K 32301 and Cover K 32315', 0, 0, 0, 0, 0, NULL, NULL, NULL, NULL, NULL, NULL, '0.00', 0),
(4854, 76, 0, 'K 32315', 'Housing Cover for Pinion Shaft', 0, 0, 0, 0, 0, NULL, NULL, NULL, NULL, NULL, NULL, '0.00', 0),
(4855, 76, 0, 'K 32324', 'Pinion Shaft for Barring Engine', 0, 0, 0, 0, 0, NULL, NULL, NULL, NULL, NULL, NULL, '0.00', 0),
(4856, 76, 0, 'K 32326', 'Worm Gear for Pinion Shaft', 0, 0, 0, 0, 0, NULL, NULL, NULL, NULL, NULL, NULL, '0.00', 0),
(4857, 76, 0, 'K 32327', 'Spacer for Worm Gear K 32326', 0, 0, 0, 0, 0, NULL, NULL, NULL, NULL, NULL, NULL, '0.00', 0),
(4858, 76, 0, 'K 32372', 'Insertion-type Feather Spline for Pinion Shaft K 32324', 0, 0, 0, 0, 0, NULL, NULL, NULL, NULL, NULL, NULL, '0.00', 0),
(4859, 76, 0, 'K 32383', 'Self-locking Nut for Worm Gear K 32326', 0, 0, 0, 0, 0, NULL, NULL, NULL, NULL, NULL, NULL, '0.00', 0),
(4860, 76, 0, 'K 32390', 'Reamed Bolt for Pinion Shaft', 0, 0, 0, 0, 0, NULL, NULL, NULL, NULL, NULL, NULL, '0.00', 0),
(4861, 76, 0, 'K 32393', 'Locking Screw for Cover K 32301', 0, 0, 0, 0, 0, NULL, NULL, NULL, NULL, NULL, NULL, '0.00', 0),
(4862, 76, 0, 'K 32394', 'Sealing for Locking Screw K 32393', 0, 0, 0, 0, 0, NULL, NULL, NULL, NULL, NULL, NULL, '0.00', 0),
(4863, 76, 0, 'K 93251', 'Limiting Sensor for Terminal Switch', 0, 0, 0, 0, 0, NULL, NULL, NULL, NULL, NULL, NULL, '0.00', 0),
(4864, 76, 0, 'K 93261', 'Cam for Terminal Switch', 0, 0, 0, 0, 0, NULL, NULL, NULL, NULL, NULL, NULL, '0.00', 0),
(4865, 77, 0, 'K 32306', 'Bush for Housing K 32301 and Bearing Insert K 32329', 0, 0, 0, 0, 0, NULL, NULL, NULL, NULL, NULL, NULL, '0.00', 0),
(4866, 77, 0, 'K 32321', 'Drive Shaft for Vertical Worm Gear', 0, 0, 0, 0, 0, NULL, NULL, NULL, NULL, NULL, NULL, '0.00', 0),
(4867, 77, 0, 'K 32322', 'Worm Gear for Barring Engine', 0, 0, 0, 0, 0, NULL, NULL, NULL, NULL, NULL, NULL, '0.00', 0),
(4868, 77, 0, 'K 32325', 'Pinion for Barring Engine (Pinion Shaft)', 0, 0, 0, 0, 0, NULL, NULL, NULL, NULL, NULL, NULL, '0.00', 0),
(4869, 77, 0, 'K 32329', 'Bearing Insert for Vertical Worm Gear', 0, 0, 0, 0, 0, NULL, NULL, NULL, NULL, NULL, NULL, '0.00', 0),
(4870, 77, 0, 'K 32337', 'Support for Barring Engine', 0, 0, 0, 0, 0, NULL, NULL, NULL, NULL, NULL, NULL, '0.00', 0),
(4871, 77, 0, 'K 32343', 'Bush for Support K 32337', 0, 0, 0, 0, 0, NULL, NULL, NULL, NULL, NULL, NULL, '0.00', 0),
(4872, 77, 0, 'K 32345', 'Forked Lever for Barring Engine', 0, 0, 0, 0, 0, NULL, NULL, NULL, NULL, NULL, NULL, '0.00', 0),
(4873, 77, 0, 'K 32355', 'Shaft for Forked Lever K 32345', 0, 0, 0, 0, 0, NULL, NULL, NULL, NULL, NULL, NULL, '0.00', 0),
(4874, 77, 0, 'K 32356', 'Arrestor Pin for Lever K 32345', 0, 0, 0, 0, 0, NULL, NULL, NULL, NULL, NULL, NULL, '0.00', 0),
(4875, 77, 0, 'K 32364', 'Cover for Housing K 32301', 0, 0, 0, 0, 0, NULL, NULL, NULL, NULL, NULL, NULL, '0.00', 0),
(4876, 77, 0, 'K 32365', 'Sealing for Cover K 32364', 0, 0, 0, 0, 0, NULL, NULL, NULL, NULL, NULL, NULL, '0.00', 0),
(4877, 77, 0, 'K 32373', 'Spring for Arrestor Pin K 32356', 0, 0, 0, 0, 0, NULL, NULL, NULL, NULL, NULL, NULL, '0.00', 0),
(4878, 77, 0, 'K 32378', 'Knob for Arrestor Pin K 32356', 0, 0, 0, 0, 0, NULL, NULL, NULL, NULL, NULL, NULL, '0.00', 0),
(4879, 77, 0, 'K 32381', 'Self-locking Nut for Barring Engine', 0, 0, 0, 0, 0, NULL, NULL, NULL, NULL, NULL, NULL, '0.00', 0),
(4880, 74, 0, 'K 32401', 'Electric Motor for Barring Engine', 0, 0, 0, 0, 0, NULL, NULL, NULL, NULL, NULL, NULL, '0.00', 0),
(4881, 74, 0, 'K 32404', 'Handwheel for Electric Motor', 0, 0, 0, 0, 0, NULL, NULL, NULL, NULL, NULL, NULL, '0.00', 0),
(4882, 74, 0, 'K 32405', 'Distance Sleeve for Electric Motor', 0, 0, 0, 0, 0, NULL, NULL, NULL, NULL, NULL, NULL, '0.00', 0),
(4883, 74, 0, 'K 32407', 'Flexible Coupling for Electric Motor', 0, 0, 0, 0, 0, NULL, NULL, NULL, NULL, NULL, NULL, '0.00', 0),
(4884, 74, 0, 'K 32409', 'Spacer Ring for Electric Motor', 0, 0, 0, 0, 0, NULL, NULL, NULL, NULL, NULL, NULL, '0.00', 0),
(4885, 74, 0, 'K 32411', 'Switch Box and Control Station for Electric Motor', 0, 0, 0, 0, 0, NULL, NULL, NULL, NULL, NULL, NULL, '0.00', 0),
(4886, 9, 0, 'K 33000', 'Connecting Rod for Operating Piston, Complete', 0, 0, 0, 0, 0, NULL, NULL, NULL, NULL, NULL, NULL, '0.00', 0),
(4887, 9, 0, 'K 33101', 'Connecting Rod Shaft', 0, 0, 0, 0, 0, NULL, NULL, NULL, NULL, NULL, NULL, '0.00', 0),
(4888, 9, 0, 'K 33201', 'Lower Connecting Rod Head, Two-part', 0, 0, 0, 0, 0, NULL, NULL, NULL, NULL, NULL, NULL, '0.00', 0),
(4889, 9, 0, 'K 33205', 'Dowel Pin for Connecting Rod', 21, 11, 0, 1123, 0, 0, '', '', '48891.jpg', NULL, NULL, '0.00', 0),
(4890, 9, 0, 'K 33210', 'Upper Bearing Half', 0, 0, 0, 0, 0, NULL, NULL, NULL, NULL, NULL, NULL, '0.00', 0),
(4891, 9, 0, 'K 33220', 'Lower Bearing Haft, PN 3466330691', 0, 0, 0, 0, 0, NULL, NULL, NULL, NULL, NULL, NULL, '0.00', 0),
(4892, 9, 0, 'K 33400', 'Bolt for Connecting Rod Shaft ', 21, 11, 0, 1124, 0, 0, '', '', '48921.jpg', NULL, NULL, '0.00', 0),
(4893, 9, 0, 'K 33410', 'Stud with Nut for Connecting Rod Head', 21, 11, 0, 1125, 0, 0, '', '', '48931.jpg', NULL, NULL, '0.00', 0),
(4894, 9, 0, 'K 33420', 'Serrated Bolt-locking Device for bolt K 33410', 21, 11, 0, 1126, 0, 0, '', '', '48941.jpg', NULL, NULL, '0.00', 0),
(4895, 9, 0, 'K 33421', 'Screw for Serrated Bolt-locking Device K 33420', 0, 0, 0, 0, 0, NULL, NULL, NULL, NULL, NULL, NULL, '0.00', 0),
(4896, 9, 0, 'K 33422', 'Locking Plate', 21, 11, 0, 1127, 0, 0, '', '', '48961.jpg', NULL, NULL, '0.00', 0),
(4897, 10, 0, 'K 34000', 'Operating Piston, complete', 0, 0, 0, 0, 0, NULL, NULL, NULL, NULL, NULL, NULL, '0.00', 0),
(4898, 10, 0, 'K 34101', 'Upper Part of Piston for Operating Piston (Piston Crown)', 0, 0, 0, 0, 0, NULL, NULL, NULL, NULL, NULL, NULL, '0.00', 0),
(4899, 10, 0, 'K 34103', 'Piston Skirt for Operating Piston', 0, 0, 0, 0, 0, NULL, NULL, NULL, NULL, NULL, NULL, '0.00', 0),
(4900, 10, 0, 'K 34104', 'Upper Ball Socket', 0, 0, 0, 0, 0, NULL, NULL, NULL, NULL, NULL, NULL, '0.00', 0),
(4901, 10, 0, 'K 34108', 'Cylinder Pin for K 34104', 0, 0, 0, 0, 0, NULL, NULL, NULL, NULL, NULL, NULL, '0.00', 0),
(4902, 10, 0, 'K 34110', 'Lower Ball Socket ', 0, 0, 0, 0, 0, NULL, NULL, NULL, NULL, NULL, NULL, '0.00', 0),
(4903, 10, 0, 'K 34117', 'Cylinder Pin for K 34110', 0, 0, 0, 0, 0, NULL, NULL, NULL, NULL, NULL, NULL, '0.00', 0),
(4904, 10, 0, 'K 34121', 'Control Ring for Operating Piston', 0, 0, 0, 0, 0, NULL, NULL, NULL, NULL, NULL, NULL, '0.00', 0),
(4905, 10, 0, 'K 34123', 'Ring for Operating Piston', 0, 0, 0, 0, 0, NULL, NULL, NULL, NULL, NULL, NULL, '0.00', 0),
(4906, 10, 0, 'K 34124', 'Sleeve for operating piston', 0, 0, 0, 0, 0, NULL, NULL, NULL, NULL, NULL, NULL, '0.00', 0),
(4907, 10, 0, 'K 34125', 'Control Spring for Operating Piston', 0, 0, 0, 0, 0, NULL, NULL, NULL, NULL, NULL, NULL, '0.00', 0),
(4908, 10, 0, 'K 34126', 'Pin for Piston Skirt', 0, 0, 0, 0, 0, NULL, NULL, NULL, NULL, NULL, NULL, '0.00', 0),
(4909, 10, 0, 'K 34127', 'Expansion Bolt for Upper Part of Piston', 0, 0, 0, 0, 0, NULL, NULL, NULL, NULL, NULL, NULL, '0.00', 0),
(4910, 10, 0, 'K 34129', 'Expansion bolt for Piston Skirt', 0, 0, 0, 0, 0, NULL, NULL, NULL, NULL, NULL, NULL, '0.00', 0),
(4911, 10, 0, 'K 34130', 'Spacer Sleeve for Cooling Insert K 34133', 0, 0, 0, 0, 0, NULL, NULL, NULL, NULL, NULL, NULL, '0.00', 0),
(4912, 10, 0, 'K 34132', 'Thrust Ring for Operating Piston', 0, 0, 0, 0, 0, NULL, NULL, NULL, NULL, NULL, NULL, '0.00', 0),
(4913, 10, 0, 'K 34133', 'Cooling Insert for Operating Piston', 0, 0, 0, 0, 0, NULL, NULL, NULL, NULL, NULL, NULL, '0.00', 0),
(4914, 10, 0, 'K 34136', 'Pawl for operating piston', 0, 0, 0, 0, 0, NULL, NULL, NULL, NULL, NULL, NULL, '0.00', 0),
(4915, 10, 0, 'K 34137', 'Bush for Connecting Rod Shaft', 0, 0, 0, 0, 0, NULL, NULL, NULL, NULL, NULL, NULL, '0.00', 0),
(4916, 10, 0, 'K 34138', 'Stopper Plate for Operating Piston', 0, 0, 0, 0, 0, NULL, NULL, NULL, NULL, NULL, NULL, '0.00', 0),
(4917, 10, 0, 'K 34139', 'Spring for Pawl', 0, 0, 0, 0, 0, NULL, NULL, NULL, NULL, NULL, NULL, '0.00', 0),
(4918, 10, 0, 'K 34150', 'Spring Element, complete for operating piston', 0, 0, 0, 0, 0, NULL, NULL, NULL, NULL, NULL, NULL, '0.00', 0),
(4919, 10, 0, 'K 34144', 'O-ring for Cooling Insert K 34133, PN 3466275142', 0, 0, 0, 0, 0, NULL, NULL, NULL, NULL, NULL, NULL, '0.00', 0),
(4920, 10, 0, 'K 34401', 'Piston Ring for Operating Piston Upper and Lower, PN 3446350245', 0, 0, 0, 0, 0, NULL, NULL, NULL, NULL, NULL, NULL, '0.00', 0),
(4921, 10, 0, 'K 34410', 'Grooved Piston Ring For Operating Piston', 0, 0, 0, 0, 0, NULL, NULL, NULL, NULL, NULL, NULL, '0.00', 0),
(4922, 113, 0, 'K 41141', 'Journal Pin for Camshaft Drive', 0, 0, 0, 0, 0, NULL, NULL, NULL, NULL, NULL, NULL, '0.00', 0),
(4923, 113, 0, 'K 41142', 'Cover for Camshaft Drive', 0, 0, 0, 0, 0, NULL, NULL, NULL, NULL, NULL, NULL, '0.00', 0),
(4924, 113, 0, 'K 41143', 'Cover for Camshaft Drive', 0, 0, 0, 0, 0, NULL, NULL, NULL, NULL, NULL, NULL, '0.00', 0),
(4925, 113, 0, 'K 41146', 'Washer for Camshaft Drive', 0, 0, 0, 0, 0, NULL, NULL, NULL, NULL, NULL, NULL, '0.00', 0),
(4926, 80, 0, 'K 41100', 'Large Intermediate Wheel for Camshaft Drive', 0, 0, 0, 0, 0, NULL, NULL, NULL, NULL, NULL, NULL, '0.00', 0),
(4927, 80, 0, 'K 41110', 'Small Intermediate Wheel for Camshaft Drive', 0, 0, 0, 0, 0, NULL, NULL, NULL, NULL, NULL, NULL, '0.00', 0),
(4928, 80, 0, 'K 41113', 'Bearing Bush for the Small Intermediate Wheels K 41110 and K 41120', 0, 0, 0, 0, 0, NULL, NULL, NULL, NULL, NULL, NULL, '0.00', 0),
(4929, 80, 0, 'K 41120', 'Small Intermediate Wheel for Camshaft Drive (reversible engine)', 0, 0, 0, 0, 0, NULL, NULL, NULL, NULL, NULL, NULL, '0.00', 0),
(4930, 80, 0, 'K 41140', 'Journal Pins', 0, 0, 0, 0, 0, NULL, NULL, NULL, NULL, NULL, NULL, '0.00', 0),
(4931, 80, 0, 'K 41150', 'Spacer Ring for Camshaft Drive', 0, 0, 0, 0, 0, NULL, NULL, NULL, NULL, NULL, NULL, '0.00', 0),
(4932, 80, 0, 'K 41154', 'O-ring for Camshaft Drive', 0, 0, 0, 0, 0, NULL, NULL, NULL, NULL, NULL, NULL, '0.00', 0),
(4933, 79, 0, 'K 42101', 'Left-hand Camshaft - Flywheel Side', 0, 0, 0, 0, 0, NULL, NULL, NULL, NULL, NULL, NULL, '0.00', 0),
(4934, 79, 0, 'K 42102', 'Left-hand Camshaft - Damper Side', 0, 0, 0, 0, 0, NULL, NULL, NULL, NULL, NULL, NULL, '0.00', 0),
(4935, 79, 0, 'K 42103', 'Right-hand Camshaft - Flywheel Side', 0, 0, 0, 0, 0, NULL, NULL, NULL, NULL, NULL, NULL, '0.00', 0),
(4936, 79, 0, 'K 42104', 'Right-hand Camshaft - Damper Side', 0, 0, 0, 0, 0, NULL, NULL, NULL, NULL, NULL, NULL, '0.00', 0),
(4937, 79, 0, 'K 42110', 'Toothed Wheel for Camshaft', 0, 0, 0, 0, 0, NULL, NULL, NULL, NULL, NULL, NULL, '0.00', 0),
(4938, 79, 0, 'K 42111', 'Stopper Ring for Camshaft', 0, 0, 0, 0, 0, NULL, NULL, NULL, NULL, NULL, NULL, '0.00', 0),
(4939, 79, 0, 'K 42112', 'Flywheel Disc for  Camshaft', 0, 0, 0, 0, 0, NULL, NULL, NULL, NULL, NULL, NULL, '0.00', 0),
(4940, 79, 0, 'K 42113', 'Fitted Bolt for Camshaft', 0, 0, 0, 0, 0, NULL, NULL, NULL, NULL, NULL, NULL, '0.00', 0),
(4941, 79, 0, 'K 42114', 'Self Locking Nut', 21, 9, 0, 1121, 0, 0, '', '', '49411.jpg', NULL, NULL, '0.00', 0),
(4942, 79, 0, 'K 42150', 'Fuel Cam for Camshaft', 0, 0, 0, 0, 0, NULL, NULL, NULL, NULL, NULL, NULL, '0.00', 0),
(4943, 79, 0, 'K 42160', 'Valve Cam for Camshaft', 0, 0, 0, 0, 0, NULL, NULL, NULL, NULL, NULL, NULL, '0.00', 0),
(4944, 79, 0, 'K 42601', 'Camshaft Bearing Shell Halves', 21, 9, 0, 1122, 0, 0, '', '', '49441.jpg', NULL, NULL, '0.00', 0),
(4945, 79, 0, 'K 42611', 'Lapped Bearing Ring Halves for Camshaft Lapped Bearing', 0, 0, 0, 0, 0, NULL, NULL, NULL, NULL, NULL, NULL, '0.00', 0),
(4946, 79, 0, '_1022', 'Servo Motor for Camshaft Displacement', 0, 0, 0, 0, 0, NULL, NULL, NULL, NULL, NULL, NULL, '0.00', 0),
(4947, 127, 0, 'K 42000', 'Servomotor for Camshaft Displacement, Complete', 0, 0, 0, 0, 0, NULL, NULL, NULL, NULL, NULL, NULL, '0.00', 0),
(4948, 127, 0, 'K 42201', 'Housing for Displacement Servomotor', 0, 0, 0, 0, 0, NULL, NULL, NULL, NULL, NULL, NULL, '0.00', 0),
(4949, 127, 0, 'K 42202', 'Bearing for Displacement Servomotor', 0, 0, 0, 0, 0, NULL, NULL, NULL, NULL, NULL, NULL, '0.00', 0),
(4950, 127, 0, 'K 42203', 'Hood for Displacement Servomotor', 0, 0, 0, 0, 0, NULL, NULL, NULL, NULL, NULL, NULL, '0.00', 0),
(4951, 127, 0, 'K 42204', 'Flywheel Pulley for Servo Displacement Motor', 0, 0, 0, 0, 0, NULL, NULL, NULL, NULL, NULL, NULL, '0.00', 0),
(4952, 127, 0, 'K 42206', 'Disc for Displacement Servomotor', 0, 0, 0, 0, 0, NULL, NULL, NULL, NULL, NULL, NULL, '0.00', 0),
(4953, 127, 0, 'K 42208', 'Fitted Bearing Ring for Displacement Servomotor', 0, 0, 0, 0, 0, NULL, NULL, NULL, NULL, NULL, NULL, '0.00', 0),
(4954, 127, 0, 'K 42212', 'Piston for Displacement Servomotor', 0, 0, 0, 0, 0, NULL, NULL, NULL, NULL, NULL, NULL, '0.00', 0),
(4955, 127, 0, 'K 42213', 'Piston Spring for K 42212', 0, 0, 0, 0, 0, NULL, NULL, NULL, NULL, NULL, NULL, '0.00', 0),
(4956, 127, 0, 'K 42215', 'O-ring for K 42201', 0, 0, 0, 0, 0, NULL, NULL, NULL, NULL, NULL, NULL, '0.00', 0),
(4957, 131, 0, 'K 43101', 'Housing for Starting-Air Sleeve Valve', 0, 0, 0, 0, 0, NULL, NULL, NULL, NULL, NULL, NULL, '0.00', 0),
(4958, 131, 0, 'K 43120', 'Starting-Air Sleeve Valve, Complete', 0, 0, 0, 0, 0, NULL, NULL, NULL, NULL, NULL, NULL, '0.00', 0),
(4959, 131, 0, 'K 43121', 'Bush for Starting-Air Sleeve Valve', 0, 0, 0, 0, 0, NULL, NULL, NULL, NULL, NULL, NULL, '0.00', 0),
(4960, 131, 0, 'K 43122', 'Valve for Starting-Air Sleeve Valve', 0, 0, 0, 0, 0, NULL, NULL, NULL, NULL, NULL, NULL, '0.00', 0),
(4961, 131, 0, 'K 43123', 'Roller for Starting-Air Sleeve Valve', 0, 0, 0, 0, 0, NULL, NULL, NULL, NULL, NULL, NULL, '0.00', 0),
(4962, 131, 0, 'K 43124', 'Bush for Roller K 43123', 0, 0, 0, 0, 0, NULL, NULL, NULL, NULL, NULL, NULL, '0.00', 0),
(4963, 131, 0, 'K 43125', 'Pin for Roller K 43123', 0, 0, 0, 0, 0, NULL, NULL, NULL, NULL, NULL, NULL, '0.00', 0),
(4964, 131, 0, 'K 43126', 'Spring for Starting-Air Sleeve Valve', 0, 0, 0, 0, 0, NULL, NULL, NULL, NULL, NULL, NULL, '0.00', 0),
(4965, 131, 0, 'K 43130', 'Flange for Starting-Air Sleeve Valve', 0, 0, 0, 0, 0, NULL, NULL, NULL, NULL, NULL, NULL, '0.00', 0),
(4966, 131, 0, 'K 43131', 'Cylinder for Starting-Air Sleeve Valve', 0, 0, 0, 0, 0, NULL, NULL, NULL, NULL, NULL, NULL, '0.00', 0),
(4967, 131, 0, 'K 43133', 'Guide Flange for Starting-Air Sleeve Valve', 0, 0, 0, 0, 0, NULL, NULL, NULL, NULL, NULL, NULL, '0.00', 0),
(4968, 131, 0, 'K 43134', 'Plunger for Starting-Air Sleeve Valve', 0, 0, 0, 0, 0, NULL, NULL, NULL, NULL, NULL, NULL, '0.00', 0),
(4969, 131, 0, 'K 43136', 'Bush for Plunger K 43134', 0, 0, 0, 0, 0, NULL, NULL, NULL, NULL, NULL, NULL, '0.00', 0),
(4970, 131, 0, 'K 43137', 'Buffer Disc for Plunger K 43134', 0, 0, 0, 0, 0, NULL, NULL, NULL, NULL, NULL, NULL, '0.00', 0),
(4971, 131, 0, 'K 43140', 'Cam for Starting-Air Sleeve Valve', 0, 0, 0, 0, 0, NULL, NULL, NULL, NULL, NULL, NULL, '0.00', 0),
(4972, 131, 0, 'K 43141', 'Flange for Cam K 43140', 0, 0, 0, 0, 0, NULL, NULL, NULL, NULL, NULL, NULL, '0.00', 0),
(4973, 131, 0, 'K 43142', 'Shaft for Starting-Air Sleeve Valve', 0, 0, 0, 0, 0, NULL, NULL, NULL, NULL, NULL, NULL, '0.00', 0),
(4974, 131, 0, 'K 43143', 'Splash Plate for Shaft K 43142', 0, 0, 0, 0, 0, NULL, NULL, NULL, NULL, NULL, NULL, '0.00', 0),
(4975, 131, 0, 'K 43144', 'Protective Tube for Starting-Air Sleeve Valve', 0, 0, 0, 0, 0, NULL, NULL, NULL, NULL, NULL, NULL, '0.00', 0),
(4976, 131, 0, 'K 43145', 'Piston Ring for K 43134', 0, 0, 0, 0, 0, NULL, NULL, NULL, NULL, NULL, NULL, '0.00', 0),
(4977, 131, 0, 'K 43146', 'Piston Ring for K 43134', 0, 0, 0, 0, 0, NULL, NULL, NULL, NULL, NULL, NULL, '0.00', 0),
(4978, 131, 0, 'K 43152', 'Sealing for Flange K 43130', 0, 0, 0, 0, 0, NULL, NULL, NULL, NULL, NULL, NULL, '0.00', 0),
(4979, 128, 0, 'K 43100', 'Starting Device, Complete', 0, 0, 0, 0, 0, NULL, NULL, NULL, NULL, NULL, NULL, '0.00', 0),
(4980, 128, 0, 'K 43161', 'Housing for Starting Device', 0, 0, 0, 0, 0, NULL, NULL, NULL, NULL, NULL, NULL, '0.00', 0),
(4981, 128, 0, 'K 43162', 'Thrust Washer for Starting Device K 43161', 0, 0, 0, 0, 0, NULL, NULL, NULL, NULL, NULL, NULL, '0.00', 0),
(4982, 128, 0, 'K 43160', 'O-ring', 0, 0, 0, 0, 0, NULL, NULL, NULL, NULL, NULL, NULL, '0.00', 0),
(4983, 128, 0, 'K 43163', 'Bush for Housing K 43161', 0, 0, 0, 0, 0, NULL, NULL, NULL, NULL, NULL, NULL, '0.00', 0),
(4984, 128, 0, 'K 43169', 'Distributing Disc for Starting Device', 0, 0, 0, 0, 0, NULL, NULL, NULL, NULL, NULL, NULL, '0.00', 0),
(4985, 128, 0, 'K 43170', 'Thrust Washer for Distributing Disc K 43169', 0, 0, 0, 0, 0, NULL, NULL, NULL, NULL, NULL, NULL, '0.00', 0),
(4986, 128, 0, 'K 43173', 'Rotary Slide Valve for Starting Device', 0, 0, 0, 0, 0, NULL, NULL, NULL, NULL, NULL, NULL, '0.00', 0),
(4987, 128, 0, 'K 43178', 'Disc for Rotary Slide Valve K 43173', 0, 0, 0, 0, 0, NULL, NULL, NULL, NULL, NULL, NULL, '0.00', 0),
(4988, 128, 0, 'K 43179', 'Shaft for Starting Device', 0, 0, 0, 0, 0, NULL, NULL, NULL, NULL, NULL, NULL, '0.00', 0),
(4989, 128, 0, 'K 43181', 'Blind Flange for Starting Device', 0, 0, 0, 0, 0, NULL, NULL, NULL, NULL, NULL, NULL, '0.00', 0),
(4990, 128, 0, 'K 43182', 'Sealing for Blind Flange K43513, PN 43182', 0, 0, 0, 0, 0, NULL, NULL, NULL, NULL, NULL, NULL, '0.00', 0),
(4991, 73, 0, 'K 43500', 'Automatic Starting-air Stop Valve, Complete', 0, 0, 0, 0, 0, NULL, NULL, NULL, NULL, NULL, NULL, '0.00', 0),
(4992, 73, 0, 'K 43501', 'Housing for Automatic Starting-air Stop Valve', 0, 0, 0, 0, 0, NULL, NULL, NULL, NULL, NULL, NULL, '0.00', 0),
(4993, 73, 0, 'K 43505', 'Valve Seat for Valve Spindle K 43511', 0, 0, 0, 0, 0, NULL, NULL, NULL, NULL, NULL, NULL, '0.00', 0),
(4994, 73, 0, 'K 43510', 'Flange for Starting-air Stop Valve', 0, 0, 0, 0, 0, NULL, NULL, NULL, NULL, NULL, NULL, '0.00', 0),
(4995, 73, 0, 'K 43511', 'Valve Spindle for Starting-air Stop Valve', 21, 2, 0, 1111, 0, 0, '', '', '49951.jpg', NULL, NULL, '0.00', 0),
(4996, 73, 0, 'K 43512', 'Cylinder for Starting-air Stop Valve', 0, 0, 0, 0, 0, NULL, NULL, NULL, NULL, NULL, NULL, '0.00', 0),
(4997, 73, 0, 'K 43513', 'Plunger for Starting-air Stop Valve', 0, 0, 0, 0, 0, NULL, NULL, NULL, NULL, NULL, NULL, '0.00', 0),
(4998, 73, 0, 'K 43514', 'Guide for Valve Spindle K 43511', 0, 0, 0, 0, 0, NULL, NULL, NULL, NULL, NULL, NULL, '0.00', 0),
(4999, 73, 0, 'K 43515', 'Non-return Valve for Starting-air Stop Valve', 0, 0, 0, 0, 0, NULL, NULL, NULL, NULL, NULL, NULL, '0.00', 0),
(5000, 73, 0, 'K 43516', 'Valve Seat for Non-return Valve K 43515', 0, 0, 0, 0, 0, NULL, NULL, NULL, NULL, NULL, NULL, '0.00', 0),
(5001, 73, 0, 'K 43518', 'Support for Starting-air Stop Valve', 0, 0, 0, 0, 0, NULL, NULL, NULL, NULL, NULL, NULL, '0.00', 0),
(5002, 73, 0, 'K 43519', 'Spring for Non Return Valve K 43515', 21, 2, 0, 1112, 0, 0, '', '', '50021.jpg', NULL, NULL, '0.00', 0),
(5003, 73, 0, 'K 43520', 'Spring for Plunger K 43531', 0, 0, 0, 0, 0, NULL, NULL, NULL, NULL, NULL, NULL, '0.00', 0),
(5004, 73, 0, 'K 43521', 'Plunger Ring for Plunger K 43513', 0, 0, 0, 0, 0, NULL, NULL, NULL, NULL, NULL, NULL, '0.00', 0),
(5005, 73, 0, 'K 43528', 'Sealing for Starting-air Stop Valve', 0, 0, 0, 0, 0, NULL, NULL, NULL, NULL, NULL, NULL, '0.00', 0),
(5006, 73, 0, 'K 43529', 'O-ring for starting-air stop valve', 0, 0, 0, 0, 0, NULL, NULL, NULL, NULL, NULL, NULL, '0.00', 0),
(5007, 73, 0, 'K 43530', 'O-ring for Valve Seat K 43516', 0, 0, 0, 0, 0, NULL, NULL, NULL, NULL, NULL, NULL, '0.00', 0),
(5008, 73, 0, 'K 43531', 'Screw Plug for Valve Seat K 43516', 0, 0, 0, 0, 0, NULL, NULL, NULL, NULL, NULL, NULL, '0.00', 0),
(5009, 73, 0, 'K 43532', 'Joint Ring for Screw Plug K 43530', 0, 0, 0, 0, 0, NULL, NULL, NULL, NULL, NULL, NULL, '0.00', 0),
(5010, 73, 0, 'K 43533', 'Joint Ring for Screw Plug K 43531', 0, 0, 0, 0, 0, NULL, NULL, NULL, NULL, NULL, NULL, '0.00', 0),
(5011, 73, 0, 'K 43534', 'Screw Plug for Housing K 43501', 0, 0, 0, 0, 0, NULL, NULL, NULL, NULL, NULL, NULL, '0.00', 0),
(5012, 73, 0, 'K 43535', 'Joint Ring for K 43534', 0, 0, 0, 0, 0, NULL, NULL, NULL, NULL, NULL, NULL, '0.00', 0),
(5013, 73, 0, 'K 43537', 'Throttle-type Non return valve, complete for Starting-air Stop Valve', 0, 0, 0, 0, 0, NULL, NULL, NULL, NULL, NULL, NULL, '0.00', 0),
(5014, 73, 0, 'K 43538', 'Housing for Throttle-type Non return Valve', 0, 0, 0, 0, 0, NULL, NULL, NULL, NULL, NULL, NULL, '0.00', 0),
(5015, 73, 0, 'K 43539', 'Spindle for Throttle-type Non return Valve', 0, 0, 0, 0, 0, NULL, NULL, NULL, NULL, NULL, NULL, '0.00', 0),
(5016, 73, 0, 'K 43540', 'Valve Cone for Throttle-type Non return Valve', 0, 0, 0, 0, 0, NULL, NULL, NULL, NULL, NULL, NULL, '0.00', 0),
(5017, 73, 0, 'K 43542', 'Lock Nut for Throttle-type Non return Valve', 0, 0, 0, 0, 0, NULL, NULL, NULL, NULL, NULL, NULL, '0.00', 0),
(5018, 73, 0, 'K 43543', 'Pressure Spring for Throttle-type Non Return Valve', 0, 0, 0, 0, 0, NULL, NULL, NULL, NULL, NULL, NULL, '0.00', 0),
(5019, 73, 0, 'K 43544', 'Screw Plug for Throttle-type Non Return Valve', 0, 0, 0, 0, 0, NULL, NULL, NULL, NULL, NULL, NULL, '0.00', 0),
(5020, 73, 0, 'K 43545', 'Joint Ring for Screw Plug K 43544', 0, 0, 0, 0, 0, NULL, NULL, NULL, NULL, NULL, NULL, '0.00', 0),
(5021, 73, 0, 'K 43546', 'O-ring for Throttle-type Non Return Valve', 0, 0, 0, 0, 0, NULL, NULL, NULL, NULL, NULL, NULL, '0.00', 0),
(5022, 73, 0, 'K 43567', 'Oil Seal', 0, 0, 0, 0, 0, NULL, NULL, NULL, NULL, NULL, NULL, '0.00', 0),
(5023, 73, 0, 'K 43568', 'Oil Seal', 0, 0, 0, 0, 0, NULL, NULL, NULL, NULL, NULL, NULL, '0.00', 0),
(5024, 73, 0, 'K 43577', 'Copper Washer/Packing 1.3 x 22mm', 0, 0, 0, 0, 0, NULL, NULL, NULL, NULL, NULL, NULL, '0.00', 0),
(5025, 73, 0, 'K 43579', 'Copper Washer/Packing 1 x 18mm', 0, 0, 0, 0, 0, NULL, NULL, NULL, NULL, NULL, NULL, '0.00', 0),
(5026, 72, 0, 'K 43550', 'Automatic Starting-air Shut-off Valve, Arrangement', 0, 0, 0, 0, 0, NULL, NULL, NULL, NULL, NULL, NULL, '0.00', 0),
(5027, 72, 0, 'K 43551', 'Automatic Starting-air Shut-off Valve, Complete', 0, 0, 0, 0, 0, NULL, NULL, NULL, NULL, NULL, NULL, '0.00', 0),
(5028, 72, 0, 'K 43552', 'Casing for Automatic Starting Air Shut-off Valve', 0, 0, 0, 0, 0, NULL, NULL, NULL, NULL, NULL, NULL, '0.00', 0),
(5029, 72, 0, 'K 43553', 'Casing for Automatic Starting Air Shut-off Valve', 0, 0, 0, 0, 0, NULL, NULL, NULL, NULL, NULL, NULL, '0.00', 0),
(5030, 72, 0, 'K 43554', 'Valve Seat for Automatic Starting Air Shut-off Valve', 0, 0, 0, 0, 0, NULL, NULL, NULL, NULL, NULL, NULL, '0.00', 0),
(5031, 72, 0, 'K 43555', 'Piston for Automatic Starting Air Shut-off Valve', 0, 0, 0, 0, 0, NULL, NULL, NULL, NULL, NULL, NULL, '0.00', 0),
(5032, 72, 0, 'K 43556', 'Piston for Automatic Starting Air Shut-off Valve', 0, 0, 0, 0, 0, NULL, NULL, NULL, NULL, NULL, NULL, '0.00', 0),
(5033, 72, 0, 'K 43557', 'Connecting Nipple for Automatic Starting Air Shut-off Valve', 0, 0, 0, 0, 0, NULL, NULL, NULL, NULL, NULL, NULL, '0.00', 0),
(5034, 72, 0, 'K 43558', 'Pilot Valve Complete for Automatic Starting Air Shut-off Valve', 0, 0, 0, 0, 0, NULL, NULL, NULL, NULL, NULL, NULL, '0.00', 0),
(5035, 72, 0, 'K 43559', 'Pilot Valve Casing for Automatic Starting Air Shut-off Valve', 0, 0, 0, 0, 0, NULL, NULL, NULL, NULL, NULL, NULL, '0.00', 0),
(5036, 72, 0, 'K 43560', 'Valve Body for Pilot Valve', 0, 0, 0, 0, 0, NULL, NULL, NULL, NULL, NULL, NULL, '0.00', 0),
(5037, 72, 0, 'K 43561', 'Valve Piston for Pilot Valve', 0, 0, 0, 0, 0, NULL, NULL, NULL, NULL, NULL, NULL, '0.00', 0),
(5038, 72, 0, 'K 43563', 'Pressure Spring for Pilot Valve', 0, 0, 0, 0, 0, NULL, NULL, NULL, NULL, NULL, NULL, '0.00', 0),
(5039, 72, 0, 'K 43564', 'Locking Screw for Pilot Valve', 0, 0, 0, 0, 0, NULL, NULL, NULL, NULL, NULL, NULL, '0.00', 0),
(5040, 72, 0, 'K 43565', 'Packing Ring for Locking Screw K 43564', 0, 0, 0, 0, 0, NULL, NULL, NULL, NULL, NULL, NULL, '0.00', 0),
(5041, 72, 0, 'K 43570', 'Piston Ring for Piston K 43556', 0, 0, 0, 0, 0, NULL, NULL, NULL, NULL, NULL, NULL, '0.00', 0),
(5042, 72, 0, 'K 43571', 'Pressure Spring for Automatic Starting Air Shut-off Valve', 0, 0, 0, 0, 0, NULL, NULL, NULL, NULL, NULL, NULL, '0.00', 0),
(5043, 72, 0, 'K 43572', 'Round Rubber Ring for Pilot Valve K 43558', 0, 0, 0, 0, 0, NULL, NULL, NULL, NULL, NULL, NULL, '0.00', 0),
(5044, 72, 0, 'K 43573', 'Locking Screw for Automatic Starting Air Shut-off Valve', 0, 0, 0, 0, 0, NULL, NULL, NULL, NULL, NULL, NULL, '0.00', 0),
(5045, 72, 0, 'K 43574', 'Packing Ring for Locking Screw K 43573', 0, 0, 0, 0, 0, NULL, NULL, NULL, NULL, NULL, NULL, '0.00', 0),
(5046, 72, 0, 'K 43580', 'Automatic Starting Air Shut-off Valve, Complete', 0, 0, 0, 0, 0, NULL, NULL, NULL, NULL, NULL, NULL, '0.00', 0),
(5047, 72, 0, 'K 43581', 'Support for Automatic Starting Air Shut-off Valve', 0, 0, 0, 0, 0, NULL, NULL, NULL, NULL, NULL, NULL, '0.00', 0),
(5048, 140, 0, 'K 44100', 'Valve Drive, Complete, PN 3446420202', 0, 0, 0, 0, 0, NULL, NULL, NULL, NULL, NULL, NULL, '0.00', 0),
(5049, 140, 0, 'K 44101', 'Housing for Valve Drive', 0, 0, 0, 0, 0, NULL, NULL, NULL, NULL, NULL, NULL, '0.00', 0),
(5050, 140, 0, 'K 44102', 'Guide Piston for Valve Drive', 0, 0, 0, 0, 0, NULL, NULL, NULL, NULL, NULL, NULL, '0.00', 0),
(5051, 140, 0, 'K 44104', 'Roller for Valve Drive', 0, 0, 0, 0, 0, NULL, NULL, NULL, NULL, NULL, NULL, '0.00', 0),
(5052, 140, 0, 'K 44106', 'Pin for Roller K 44104', 0, 0, 0, 0, 0, NULL, NULL, NULL, NULL, NULL, NULL, '0.00', 0),
(5053, 140, 0, 'K 44107', 'Bush for Roller K 44104', 0, 0, 0, 0, 0, NULL, NULL, NULL, NULL, NULL, NULL, '0.00', 0),
(5054, 140, 0, 'K 44108', 'Thrust washer for roller K 44104 ', 0, 0, 0, 0, 0, NULL, NULL, NULL, NULL, NULL, NULL, '0.00', 0),
(5055, 140, 0, 'K 44110', 'Pin for housing K 44101', 0, 0, 0, 0, 0, NULL, NULL, NULL, NULL, NULL, NULL, '0.00', 0),
(5056, 140, 0, 'K 44111', 'Pressure spring for Valve Drive, PN 3446426042', 0, 0, 0, 0, 0, NULL, NULL, NULL, NULL, NULL, NULL, '0.00', 0),
(5057, 140, 0, 'K 44112', 'Spherical Pin for valve drive', 0, 0, 0, 0, 0, NULL, NULL, NULL, NULL, NULL, NULL, '0.00', 0),
(5058, 140, 0, 'K 44113', 'Spring Plate for Valve Drive', 0, 0, 0, 0, 0, NULL, NULL, NULL, NULL, NULL, NULL, '0.00', 0),
(5059, 140, 0, 'K 44114', 'Valve Actuating Rod, complete, PN 3446420242', 0, 0, 0, 0, 0, NULL, NULL, NULL, NULL, NULL, NULL, '0.00', 0),
(5060, 140, 0, 'K 44115', 'Sealing Plate for Valve Drive', 0, 0, 0, 0, 0, NULL, NULL, NULL, NULL, NULL, NULL, '0.00', 0),
(5061, 140, 0, 'K 44116', 'Sealing for K 44115', 0, 0, 0, 0, 0, NULL, NULL, NULL, NULL, NULL, NULL, '0.00', 0),
(5062, 140, 0, 'K 44117', 'Casing for Valve Actuating Rod', 0, 0, 0, 0, 0, NULL, NULL, NULL, NULL, NULL, NULL, '0.00', 0),
(5063, 140, 0, 'K 44119', 'Sealing for K 44117 and K 44120', 0, 0, 0, 0, 0, NULL, NULL, NULL, NULL, NULL, NULL, '0.00', 0),
(5064, 140, 0, 'K 44120', 'Casing for Valve Actuating Rod', 0, 0, 0, 0, 0, NULL, NULL, NULL, NULL, NULL, NULL, '0.00', 0),
(5065, 140, 0, 'K 44125', 'O-ring for K 44117 and K 44120', 0, 0, 0, 0, 0, NULL, NULL, NULL, NULL, NULL, NULL, '0.00', 0),
(5066, 140, 0, 'K 44126', 'O-ring for Housing K 44101, PN 3446275074', 0, 0, 0, 0, 0, NULL, NULL, NULL, NULL, NULL, NULL, '0.00', 0),
(5067, 140, 0, 'K 44127', 'Snap ring for spring plate K 44113', 0, 0, 0, 0, 0, NULL, NULL, NULL, NULL, NULL, NULL, '0.00', 0),
(5068, 140, 0, 'K 44128', 'Retaining Ring Type A for Pin K 44106', 0, 0, 0, 0, 0, NULL, NULL, NULL, NULL, NULL, NULL, '0.00', 0),
(5069, 140, 0, 'K 44130', 'Connecting Piece for valve drive', 0, 0, 0, 0, 0, NULL, NULL, NULL, NULL, NULL, NULL, '0.00', 0),
(5070, 140, 0, 'K 44131', 'Sealing for K 44130', 0, 0, 0, 0, 0, NULL, NULL, NULL, NULL, NULL, NULL, '0.00', 0),
(5071, 140, 0, 'K 44133', 'Casing for actuating Valve Rod', 0, 0, 0, 0, 0, NULL, NULL, NULL, NULL, NULL, NULL, '0.00', 0),
(5072, 140, 0, 'K 44137', 'Sealing for 44133 and K 44138', 0, 0, 0, 0, 0, NULL, NULL, NULL, NULL, NULL, NULL, '0.00', 0),
(5073, 140, 0, 'K 44138', 'Casing for actuating Valve Rod', 0, 0, 0, 0, 0, NULL, NULL, NULL, NULL, NULL, NULL, '0.00', 0),
(5074, 140, 0, 'K 44140', 'O-ring for Connecting Piece K 44130, PN 3446275004', 0, 0, 0, 0, 0, NULL, NULL, NULL, NULL, NULL, NULL, '0.00', 0),
(5075, 108, 0, 'K 45001', 'Flexible Rodding Complete', 0, 0, 0, 0, 0, NULL, NULL, NULL, NULL, NULL, NULL, '0.00', 0),
(5076, 108, 0, 'K 45002', 'Rodding for Flexible Rodding', 0, 0, 0, 0, 0, NULL, NULL, NULL, NULL, NULL, NULL, '0.00', 0),
(5077, 108, 0, 'K 45005', 'Spring for Flexible Rodding', 0, 0, 0, 0, 0, NULL, NULL, NULL, NULL, NULL, NULL, '0.00', 0),
(5078, 108, 0, 'K 45006', 'Spring Guide for Flexible Rodding', 0, 0, 0, 0, 0, NULL, NULL, NULL, NULL, NULL, NULL, '0.00', 0),
(5079, 108, 0, 'K 45007', 'Spring Plate for Flexible Rodding', 0, 0, 0, 0, 0, NULL, NULL, NULL, NULL, NULL, NULL, '0.00', 0),
(5080, 108, 0, 'K 45008', 'Spring Plate for Flexible Rodding', 0, 0, 0, 0, 0, NULL, NULL, NULL, NULL, NULL, NULL, '0.00', 0),
(5081, 108, 0, 'K 45009', 'Ring, Two-part, for Flexible Rodding', 0, 0, 0, 0, 0, NULL, NULL, NULL, NULL, NULL, NULL, '0.00', 0),
(5082, 108, 0, 'K 45010', 'Spring for Flexible Rodding', 0, 0, 0, 0, 0, NULL, NULL, NULL, NULL, NULL, NULL, '0.00', 0),
(5083, 108, 0, 'K 45011', 'Retaining Ring, Type J, for Flexible Rodding', 0, 0, 0, 0, 0, NULL, NULL, NULL, NULL, NULL, NULL, '0.00', 0),
(5084, 108, 0, 'K 45012', 'Retaining Piece for Flexible Rodding', 0, 0, 0, 0, 0, NULL, NULL, NULL, NULL, NULL, NULL, '0.00', 0),
(5085, 108, 0, 'K 45013', 'Articulation Piece for flexible rodding', 0, 0, 0, 0, 0, NULL, NULL, NULL, NULL, NULL, NULL, '0.00', 0),
(5086, 108, 0, 'K 45021', 'Governing Shaft', 0, 0, 0, 0, 0, NULL, NULL, NULL, NULL, NULL, NULL, '0.00', 0),
(5087, 108, 0, 'K 45022', 'Governing Shaft', 0, 0, 0, 0, 0, NULL, NULL, NULL, NULL, NULL, NULL, '0.00', 0),
(5088, 108, 0, 'K 45023', 'Governing Shaft', 0, 0, 0, 0, 0, NULL, NULL, NULL, NULL, NULL, NULL, '0.00', 0),
(5089, 108, 0, 'K 45024', 'Governing Shaft', 0, 0, 0, 0, 0, NULL, NULL, NULL, NULL, NULL, NULL, '0.00', 0),
(5090, 108, 0, 'K 45025', 'Forked lever for governing linkage', 0, 0, 0, 0, 0, NULL, NULL, NULL, NULL, NULL, NULL, '0.00', 0),
(5091, 108, 0, 'K 45026', 'Bush for Levers K 45025, K 45027 and support K 45029', 0, 0, 0, 0, 0, NULL, NULL, NULL, NULL, NULL, NULL, '0.00', 0),
(5092, 108, 0, 'K 45027', 'Stopper Lever for Governing Linkage', 0, 0, 0, 0, 0, NULL, NULL, NULL, NULL, NULL, NULL, '0.00', 0),
(5093, 108, 0, 'K 45029', 'Support for Governing Linkage', 0, 0, 0, 0, 0, NULL, NULL, NULL, NULL, NULL, NULL, '0.00', 0),
(5094, 108, 0, 'K 45031', 'Bush for Governing Linkage', 0, 0, 0, 0, 0, NULL, NULL, NULL, NULL, NULL, NULL, '0.00', 0),
(5095, 108, 0, 'K 45032', 'Guide Ring for Governing Linkage', 0, 0, 0, 0, 0, NULL, NULL, NULL, NULL, NULL, NULL, '0.00', 0),
(5096, 108, 0, 'K 45033', 'Coupling for Governing Linkage', 0, 0, 0, 0, 0, NULL, NULL, NULL, NULL, NULL, NULL, '0.00', 0),
(5097, 108, 0, 'K 45034', 'Cyl. Pin for Lever K 45027', 0, 0, 0, 0, 0, NULL, NULL, NULL, NULL, NULL, NULL, '0.00', 0),
(5098, 108, 0, 'K 45035', 'Torsion Spring for Governing Linkage', 0, 0, 0, 0, 0, NULL, NULL, NULL, NULL, NULL, NULL, '0.00', 0),
(5099, 108, 0, 'K 45036', 'Lever for Governing Linkage', 0, 0, 0, 0, 0, NULL, NULL, NULL, NULL, NULL, NULL, '0.00', 0),
(5100, 108, 0, 'K 45038', 'Lever for Governing Linkage', 0, 0, 0, 0, 0, NULL, NULL, NULL, NULL, NULL, NULL, '0.00', 0),
(5101, 108, 0, 'K 45042', 'Self Locking Nut For lever K45025', 0, 0, 0, 0, 0, NULL, NULL, NULL, NULL, NULL, NULL, '0.00', 0),
(5102, 108, 0, 'K 45051', 'Adjustable Rod for Governing Linkage', 0, 0, 0, 0, 0, NULL, NULL, NULL, NULL, NULL, NULL, '0.00', 0),
(5103, 108, 0, 'K 45052', 'Adjustable Rod for Governing Linkage', 0, 0, 0, 0, 0, NULL, NULL, NULL, NULL, NULL, NULL, '0.00', 0),
(5104, 108, 0, 'K 45054', 'Articulation Piece for Rods K 45051 and K 45052', 0, 0, 0, 0, 0, NULL, NULL, NULL, NULL, NULL, NULL, '0.00', 0),
(5105, 108, 0, 'K 45057', 'Lever for Rods K 45051 and K 45052', 0, 0, 0, 0, 0, NULL, NULL, NULL, NULL, NULL, NULL, '0.00', 0),
(5106, 108, 0, 'K 45061', 'Lever for Flexible Rod K 45001', 0, 0, 0, 0, 0, NULL, NULL, NULL, NULL, NULL, NULL, '0.00', 0),
(5107, 108, 0, 'K 45063', 'Threaded Pin for K 45001, K 45051 and K 45052', 0, 0, 0, 0, 0, NULL, NULL, NULL, NULL, NULL, NULL, '0.00', 0),
(5108, 108, 0, 'K 45064', 'Threaded Pin for K 45052', 0, 0, 0, 0, 0, NULL, NULL, NULL, NULL, NULL, NULL, '0.00', 0),
(5109, 108, 0, 'K 45065', 'Self-locking Nut for Threaded Pins K 45063', 0, 0, 0, 0, 0, NULL, NULL, NULL, NULL, NULL, NULL, '0.00', 0),
(5110, 108, 0, 'K 45066', 'Self-locking Nut for Stud K 45070', 0, 0, 0, 0, 0, NULL, NULL, NULL, NULL, NULL, NULL, '0.00', 0),
(5111, 108, 0, 'K 45067', 'Self-locking Bolt for Threaded Pins K 45063 and K 45064', 0, 0, 0, 0, 0, NULL, NULL, NULL, NULL, NULL, NULL, '0.00', 0),
(5112, 108, 0, 'K 45069', 'Bush for Lever K 45057', 0, 0, 0, 0, 0, NULL, NULL, NULL, NULL, NULL, NULL, '0.00', 0),
(5113, 108, 0, 'K 45070', 'Stud for Lever K 45057', 0, 0, 0, 0, 0, NULL, NULL, NULL, NULL, NULL, NULL, '0.00', 0),
(5114, 108, 0, 'K 45073', 'Pin for lever K 45025', 0, 0, 0, 0, 0, NULL, NULL, NULL, NULL, NULL, NULL, '0.00', 0),
(5115, 108, 0, 'K 45074', 'Stopper for Governing Linkage', 0, 0, 0, 0, 0, NULL, NULL, NULL, NULL, NULL, NULL, '0.00', 0),
(5116, 108, 0, 'K 45080', 'Support for Governing Linkage', 0, 0, 0, 0, 0, NULL, NULL, NULL, NULL, NULL, NULL, '0.00', 0),
(5117, 31, 0, 'K 46100', 'Overspeed Trip, Complete', 0, 0, 0, 0, 0, NULL, NULL, NULL, NULL, NULL, NULL, '0.00', 0),
(5118, 31, 0, 'K 46101', 'Housing for Overspeed Trip', 0, 0, 0, 0, 0, NULL, NULL, NULL, NULL, NULL, NULL, '0.00', 0),
(5119, 31, 0, 'K 46103', 'DU-Bush for housing K 46101', 0, 0, 0, 0, 0, NULL, NULL, NULL, NULL, NULL, NULL, '0.00', 0),
(5120, 31, 0, 'K 46104', 'Bearing Bush for Housing K 46101, K 46134 & K 46142', 0, 0, 0, 0, 0, NULL, NULL, NULL, NULL, NULL, NULL, '0.00', 0),
(5121, 31, 0, 'K 46111', 'Shaft for overspeed trip', 0, 0, 0, 0, 0, NULL, NULL, NULL, NULL, NULL, NULL, '0.00', 0),
(5122, 31, 0, 'K 46112', 'Shaft for overspeed trip', 0, 0, 0, 0, 0, NULL, NULL, NULL, NULL, NULL, NULL, '0.00', 0),
(5123, 31, 0, 'K 46113', 'Shut-off piston for shaft K 46111', 0, 0, 0, 0, 0, NULL, NULL, NULL, NULL, NULL, NULL, '0.00', 0),
(5124, 31, 0, 'K 46114', 'Spindle for shaft K 46111', 0, 0, 0, 0, 0, NULL, NULL, NULL, NULL, NULL, NULL, '0.00', 0),
(5125, 31, 0, 'K 46115', 'Spring Plate for Shut-off Piston K 46113', 0, 0, 0, 0, 0, NULL, NULL, NULL, NULL, NULL, NULL, '0.00', 0),
(5126, 31, 0, 'K 46118', 'Adjusting Screw for Shaft K 46111', 0, 0, 0, 0, 0, NULL, NULL, NULL, NULL, NULL, NULL, '0.00', 0),
(5127, 31, 0, 'K 46119', 'Spring Plate for Shaft K 46111', 0, 0, 0, 0, 0, NULL, NULL, NULL, NULL, NULL, NULL, '0.00', 0),
(5128, 31, 0, 'K 46121', 'Spring for Shaft K 46111', 0, 0, 0, 0, 0, NULL, NULL, NULL, NULL, NULL, NULL, '0.00', 0),
(5129, 31, 0, 'K 46123', 'Spring for Shaft K 46111', 0, 0, 0, 0, 0, NULL, NULL, NULL, NULL, NULL, NULL, '0.00', 0),
(5130, 31, 0, 'K 46124', 'Spring for Shaft K 46111', 0, 0, 0, 0, 0, NULL, NULL, NULL, NULL, NULL, NULL, '0.00', 0),
(5131, 31, 0, 'K 46126', 'Locking Ring for Shut-off Piston K 46113', 0, 0, 0, 0, 0, NULL, NULL, NULL, NULL, NULL, NULL, '0.00', 0),
(5132, 31, 0, 'K 46127', 'Locking Ring for Shaft K 46111', 0, 0, 0, 0, 0, NULL, NULL, NULL, NULL, NULL, NULL, '0.00', 0),
(5133, 31, 0, 'K 46131', 'Drive Wheel for Overspeed Trip, K 46131', 0, 0, 0, 0, 0, NULL, NULL, NULL, NULL, NULL, NULL, '0.00', 0),
(5134, 31, 0, 'K 46132', 'Cyl. Pin for Drive Wheel K 46131', 0, 0, 0, 0, 0, NULL, NULL, NULL, NULL, NULL, NULL, '0.00', 0),
(5135, 31, 0, 'K 46134', 'Bearing Cover for Overspeed Trip', 0, 0, 0, 0, 0, NULL, NULL, NULL, NULL, NULL, NULL, '0.00', 0),
(5136, 31, 0, 'K 46137', 'Sealing for Bearing Cover K 4634', 0, 0, 0, 0, 0, NULL, NULL, NULL, NULL, NULL, NULL, '0.00', 0),
(5137, 31, 0, 'K 46140', 'Cover for Housing K 46101', 0, 0, 0, 0, 0, NULL, NULL, NULL, NULL, NULL, NULL, '0.00', 0),
(5138, 31, 0, 'K 46141', 'Sealing for cover K 46140', 0, 0, 0, 0, 0, NULL, NULL, NULL, NULL, NULL, NULL, '0.00', 0),
(5139, 31, 0, 'K 46142', 'Intermediate Wheel for Overspeed Trip', 0, 0, 0, 0, 0, NULL, NULL, NULL, NULL, NULL, NULL, '0.00', 0),
(5140, 31, 0, 'K 46146', 'Intermediate Wheel Support for Overspeed Trip', 0, 0, 0, 0, 0, NULL, NULL, NULL, NULL, NULL, NULL, '0.00', 0),
(5141, 31, 0, 'K 46148', 'Thrust Washer for Intermediate Wheel Support K 46146', 0, 0, 0, 0, 0, NULL, NULL, NULL, NULL, NULL, NULL, '0.00', 0),
(5142, 31, 0, 'K 46150', 'Pawl for overspeed trip', 0, 0, 0, 0, 0, NULL, NULL, NULL, NULL, NULL, NULL, '0.00', 0),
(5143, 31, 0, 'K 46151', 'Pin for pawl K 46150', 0, 0, 0, 0, 0, NULL, NULL, NULL, NULL, NULL, NULL, '0.00', 0),
(5144, 31, 0, 'K 46152', 'Spring Guide for Overspeed Trip', 0, 0, 0, 0, 0, NULL, NULL, NULL, NULL, NULL, NULL, '0.00', 0),
(5145, 31, 0, 'K 46154', 'Rod for Overspeed Trip', 0, 0, 0, 0, 0, NULL, NULL, NULL, NULL, NULL, NULL, '0.00', 0),
(5146, 31, 0, 'K 46155', 'Spring Plate for Spring Guide K 46152', 0, 0, 0, 0, 0, NULL, NULL, NULL, NULL, NULL, NULL, '0.00', 0),
(5147, 31, 0, 'K 46157', 'Sleeve for Housing K 46101', 0, 0, 0, 0, 0, NULL, NULL, NULL, NULL, NULL, NULL, '0.00', 0),
(5148, 31, 0, 'K 46159', 'Cylinder for Overspeed Trip', 0, 0, 0, 0, 0, NULL, NULL, NULL, NULL, NULL, NULL, '0.00', 0),
(5149, 31, 0, 'K 46160', 'Felt Ring for Cylinder K 46159 and Cover K 46182', 0, 0, 0, 0, 0, NULL, NULL, NULL, NULL, NULL, NULL, '0.00', 0),
(5150, 31, 0, 'K 46161', 'Cover for Cylinder K 46159', 0, 0, 0, 0, 0, NULL, NULL, NULL, NULL, NULL, NULL, '0.00', 0),
(5151, 31, 0, 'K 46162', 'Sealing for Cover K 46161', 0, 0, 0, 0, 0, NULL, NULL, NULL, NULL, NULL, NULL, '0.00', 0),
(5152, 31, 0, 'K 46163', 'Piston for cylinder K 46159', 0, 0, 0, 0, 0, NULL, NULL, NULL, NULL, NULL, NULL, '0.00', 0),
(5153, 31, 0, 'K 46164', 'Piston Ring for Piston K 46163', 0, 0, 0, 0, 0, NULL, NULL, NULL, NULL, NULL, NULL, '0.00', 0),
(5154, 31, 0, 'K 46166', 'Shaft for Levers K 46167, K 46170 and K 46173', 0, 0, 0, 0, 0, NULL, NULL, NULL, NULL, NULL, NULL, '0.00', 0),
(5155, 31, 0, 'K 46167', 'Lever for Overspeed Trip', 0, 0, 0, 0, 0, NULL, NULL, NULL, NULL, NULL, NULL, '0.00', 0),
(5156, 31, 0, 'K 46170', 'Lever for Overspeed Trip', 0, 0, 0, 0, 0, NULL, NULL, NULL, NULL, NULL, NULL, '0.00', 0),
(5157, 31, 0, 'K 46173', 'Lever for Overspeed Trip', 0, 0, 0, 0, 0, NULL, NULL, NULL, NULL, NULL, NULL, '0.00', 0),
(5158, 31, 0, 'K 46176', 'Adjusting ring for shaft', 0, 0, 0, 0, 0, NULL, NULL, NULL, NULL, NULL, NULL, '0.00', 0),
(5159, 31, 0, 'K 46177', 'Bush for shaft K 46166', 0, 0, 0, 0, 0, NULL, NULL, NULL, NULL, NULL, NULL, '0.00', 0),
(5160, 31, 0, 'K 46178', 'Cover for Housing K 46101', 0, 0, 0, 0, 0, NULL, NULL, NULL, NULL, NULL, NULL, '0.00', 0),
(5161, 31, 0, 'K 46179', 'Sealing for Cover K 46178', 0, 0, 0, 0, 0, NULL, NULL, NULL, NULL, NULL, NULL, '0.00', 0),
(5162, 31, 0, 'K 46182', 'Cover for Spring Guide K 46152', 0, 0, 0, 0, 0, NULL, NULL, NULL, NULL, NULL, NULL, '0.00', 0),
(5163, 31, 0, 'K 46183', 'Spring for Cylinder K 46159', 0, 0, 0, 0, 0, NULL, NULL, NULL, NULL, NULL, NULL, '0.00', 0),
(5164, 31, 0, 'K 46184', 'Spring for Spring Guide K 46152', 0, 0, 0, 0, 0, NULL, NULL, NULL, NULL, NULL, NULL, '0.00', 0),
(5165, 31, 0, 'K 46185', 'Torsion Spring for Shaft K 46166', 0, 0, 0, 0, 0, NULL, NULL, NULL, NULL, NULL, NULL, '0.00', 0),
(5166, 31, 0, 'K 46186', 'Spring for Sleeve K 46157', 0, 0, 0, 0, 0, NULL, NULL, NULL, NULL, NULL, NULL, '0.00', 0),
(5167, 31, 0, 'K 46192', 'Locking Screw for Housing K 46101', 0, 0, 0, 0, 0, NULL, NULL, NULL, NULL, NULL, NULL, '0.00', 0),
(5168, 31, 0, 'K 46201', 'Self-locking Nut for Intermediate Wheel Support K 46146', 0, 0, 0, 0, 0, NULL, NULL, NULL, NULL, NULL, NULL, '0.00', 0),
(5169, 31, 0, 'K 46205', 'Insertion-Type Feather Spline for Shaft K 46166', 0, 0, 0, 0, 0, NULL, NULL, NULL, NULL, NULL, NULL, '0.00', 0),
(5170, 31, 0, 'K 46206', 'Sealing for Locking Screw K 46192', 0, 0, 0, 0, 0, NULL, NULL, NULL, NULL, NULL, NULL, '0.00', 0),
(5171, 31, 0, 'K 46210', 'Cover for Housing K 46101', 0, 0, 0, 0, 0, NULL, NULL, NULL, NULL, NULL, NULL, '0.00', 0),
(5172, 31, 0, 'K 46211', 'Sealing for Cover K 46210', 0, 0, 0, 0, 0, NULL, NULL, NULL, NULL, NULL, NULL, '0.00', 0),
(5173, 31, 0, 'K 46214', 'O-ring for Intermediate Wheel Shaft K 46146', 0, 0, 0, 0, 0, NULL, NULL, NULL, NULL, NULL, NULL, '0.00', 0),
(5174, 31, 0, 'K 46216', 'Joint for blind flange K 46215', 0, 0, 0, 0, 0, NULL, NULL, NULL, NULL, NULL, NULL, '0.00', 0),
(5175, 31, 0, 'K 92351', 'Limiting Sensor for Terminal Switch', 0, 0, 0, 0, 0, NULL, NULL, NULL, NULL, NULL, NULL, '0.00', 0),
(5176, 31, 0, 'K 92352', 'Shim for Terminal Switch', 0, 0, 0, 0, 0, NULL, NULL, NULL, NULL, NULL, NULL, '0.00', 0),
(5177, 85, 0, 'K 46300', 'Control Element Box, Complete', 0, 0, 0, 0, 0, NULL, NULL, NULL, NULL, NULL, NULL, '0.00', 0),
(5178, 85, 0, 'K 46301', 'Control Element Box', 0, 0, 0, 0, 0, NULL, NULL, NULL, NULL, NULL, NULL, '0.00', 0),
(5179, 85, 0, 'K 46310', 'Cover for Control Element Box', 0, 0, 0, 0, 0, NULL, NULL, NULL, NULL, NULL, NULL, '0.00', 0),
(5180, 85, 0, 'K 46314', 'Connection Piece for Control Element Box', 0, 0, 0, 0, 0, NULL, NULL, NULL, NULL, NULL, NULL, '0.00', 0),
(5181, 85, 0, 'K 46315', 'Valve Plate, Complete for Control Element Box', 0, 0, 0, 0, 0, NULL, NULL, NULL, NULL, NULL, NULL, '0.00', 0),
(5182, 85, 0, 'K 46316', 'Baseplate for Valve Plate', 0, 0, 0, 0, 0, NULL, NULL, NULL, NULL, NULL, NULL, '0.00', 0),
(5183, 85, 0, 'K 46317', 'Upper Connecting Rail for Valve Plate', 0, 0, 0, 0, 0, NULL, NULL, NULL, NULL, NULL, NULL, '0.00', 0),
(5184, 85, 0, 'K 46318', 'Lower Connecting Rail for Valve Plate', 0, 0, 0, 0, 0, NULL, NULL, NULL, NULL, NULL, NULL, '0.00', 0),
(5185, 85, 0, 'K 46320', '3/2-way Valve for Valve Plate', 0, 0, 0, 0, 0, NULL, NULL, NULL, NULL, NULL, NULL, '0.00', 0),
(5186, 85, 0, 'K 46321', 'Pressure Switch for Valve Plate', 0, 0, 0, 0, 0, NULL, NULL, NULL, NULL, NULL, NULL, '0.00', 0),
(5187, 85, 0, 'K 46322', '3/2-way Valve for Valve Plate', 0, 0, 0, 0, 0, NULL, NULL, NULL, NULL, NULL, NULL, '0.00', 0),
(5188, 85, 0, 'K 46323', '3/2-way Valve for Valve Plate', 0, 0, 0, 0, 0, NULL, NULL, NULL, NULL, NULL, NULL, '0.00', 0),
(5189, 85, 0, 'K 46324', 'Changeover Valve for Valve Plate', 0, 0, 0, 0, 0, NULL, NULL, NULL, NULL, NULL, NULL, '0.00', 0),
(5190, 85, 0, 'K 46325', 'Pressure Switch with Distributor', 0, 0, 0, 0, 0, NULL, NULL, NULL, NULL, NULL, NULL, '0.00', 0),
(5191, 85, 0, 'K 46326', 'Compressed Air Accumulator for Valve Plate', 0, 0, 0, 0, 0, NULL, NULL, NULL, NULL, NULL, NULL, '0.00', 0),
(5192, 85, 0, 'K 46327', 'Pressure Switch with Distributor for Valve Plate', 0, 0, 0, 0, 0, NULL, NULL, NULL, NULL, NULL, NULL, '0.00', 0),
(5193, 85, 0, 'K 46328', 'Connection Piece for Valve Plate', 0, 0, 0, 0, 0, NULL, NULL, NULL, NULL, NULL, NULL, '0.00', 0),
(5194, 85, 0, 'K 46329', 'Throttle-type Non-return Valve for Valve Plate', 0, 0, 0, 0, 0, NULL, NULL, NULL, NULL, NULL, NULL, '0.00', 0),
(5195, 85, 0, 'K 46330', '3/2-way Valve for Valve Plate', 0, 0, 0, 0, 0, NULL, NULL, NULL, NULL, NULL, NULL, '0.00', 0),
(5196, 85, 0, 'K 46333', 'Serto Union', 0, 0, 0, 0, 0, NULL, NULL, NULL, NULL, NULL, NULL, '0.00', 0),
(5197, 85, 0, 'K 46336', 'Strainer for Valve Plate', 0, 0, 0, 0, 0, NULL, NULL, NULL, NULL, NULL, NULL, '0.00', 0),
(5198, 85, 0, 'K 46338', 'O-ring for Valve Plate', 0, 0, 0, 0, 0, NULL, NULL, NULL, NULL, NULL, NULL, '0.00', 0),
(5199, 85, 0, 'K 46339', 'Packing Ring for Valve Plate', 0, 0, 0, 0, 0, NULL, NULL, NULL, NULL, NULL, NULL, '0.00', 0),
(5200, 85, 0, 'K 46340', 'Packing Ring for Valve Plate', 0, 0, 0, 0, 0, NULL, NULL, NULL, NULL, NULL, NULL, '0.00', 0),
(5201, 85, 0, 'K 46341', 'Screw Plug for Valve Plate', 0, 0, 0, 0, 0, NULL, NULL, NULL, NULL, NULL, NULL, '0.00', 0),
(5202, 85, 0, 'K 46350', 'Pressure Reducing Station, Complete for Control Element Box', 0, 0, 0, 0, 0, NULL, NULL, NULL, NULL, NULL, NULL, '0.00', 0),
(5203, 85, 0, 'K 46352', '3/2-way Electrovalve for Control Element Box', 0, 0, 0, 0, 0, NULL, NULL, NULL, NULL, NULL, NULL, '0.00', 0),
(5204, 85, 0, 'K 46354', 'Flat Steel Bar for Control Element Box', 0, 0, 0, 0, 0, NULL, NULL, NULL, NULL, NULL, NULL, '0.00', 0),
(5205, 85, 0, 'K 46355', 'Plug for Control Element Cabinet', 0, 0, 0, 0, 0, NULL, NULL, NULL, NULL, NULL, NULL, '0.00', 0),
(5206, 85, 0, 'K 46356', 'Inscription Plate for Control Element Box', 0, 0, 0, 0, 0, NULL, NULL, NULL, NULL, NULL, NULL, '0.00', 0),
(5207, 85, 0, 'K 46357', 'Inscription Plate for Control Element Box', 0, 0, 0, 0, 0, NULL, NULL, NULL, NULL, NULL, NULL, '0.00', 0),
(5208, 85, 0, 'K 46359', 'Inscription Plate for Control Element Box', 0, 0, 0, 0, 0, NULL, NULL, NULL, NULL, NULL, NULL, '0.00', 0),
(5209, 85, 0, 'K 46360', 'Inscription Plate for Control Element Box', 0, 0, 0, 0, 0, NULL, NULL, NULL, NULL, NULL, NULL, '0.00', 0),
(5210, 85, 0, 'K 46363', 'Copper Tube for Control Element Box', 0, 0, 0, 0, 0, NULL, NULL, NULL, NULL, NULL, NULL, '0.00', 0),
(5211, 85, 0, 'K 46364', 'Copper Tube for Control Element Box', 0, 0, 0, 0, 0, NULL, NULL, NULL, NULL, NULL, NULL, '0.00', 0),
(5212, 85, 0, 'K 46365', 'Copper Tube for Control Element Box', 0, 0, 0, 0, 0, NULL, NULL, NULL, NULL, NULL, NULL, '0.00', 0),
(5213, 85, 0, 'K 46366', 'Copper Tube for Control Element Box', 0, 0, 0, 0, 0, NULL, NULL, NULL, NULL, NULL, NULL, '0.00', 0),
(5214, 85, 0, 'K 46367', 'Copper Tube for Control Element Box', 0, 0, 0, 0, 0, NULL, NULL, NULL, NULL, NULL, NULL, '0.00', 0),
(5215, 85, 0, 'K 46369', 'Serto-Screwed Union for Control Element Box', 0, 0, 0, 0, 0, NULL, NULL, NULL, NULL, NULL, NULL, '0.00', 0),
(5216, 85, 0, 'K 46370', 'Serto T-union for Control Element Cabinet', 0, 0, 0, 0, 0, NULL, NULL, NULL, NULL, NULL, NULL, '0.00', 0),
(5217, 85, 0, 'K 46371', 'Serto Screwed Bulkhead Connection for Control Element Cabinet', 0, 0, 0, 0, 0, NULL, NULL, NULL, NULL, NULL, NULL, '0.00', 0),
(5218, 85, 0, 'K 46372', 'Serto Angle Adjustment Piece for Control Element Cabinet', 0, 0, 0, 0, 0, NULL, NULL, NULL, NULL, NULL, NULL, '0.00', 0),
(5219, 85, 0, 'K 46373', 'Serto Angle Adjustment Piece for Control Element Cabinet', 0, 0, 0, 0, 0, NULL, NULL, NULL, NULL, NULL, NULL, '0.00', 0),
(5220, 85, 0, 'K 46374', 'Serto Union for Control Element Cabinet', 0, 0, 0, 0, 0, NULL, NULL, NULL, NULL, NULL, NULL, '0.00', 0),
(5221, 85, 0, 'K 46375', 'Reducing Nipple for Control Element Box', 0, 0, 0, 0, 0, NULL, NULL, NULL, NULL, NULL, NULL, '0.00', 0),
(5222, 85, 0, 'K 46376', 'Serto Screwed Bulkhead Connection', 0, 0, 0, 0, 0, NULL, NULL, NULL, NULL, NULL, NULL, '0.00', 0),
(5223, 85, 0, 'K 46378', 'Plug for Control Element Box', 0, 0, 0, 0, 0, NULL, NULL, NULL, NULL, NULL, NULL, '0.00', 0),
(5224, 85, 0, 'K 46382', 'Locking Screw for Control Element Cabinet', 0, 0, 0, 0, 0, NULL, NULL, NULL, NULL, NULL, NULL, '0.00', 0),
(5225, 85, 0, 'K 46383', 'Cable Stuffing Box for Control Element Box', 0, 0, 0, 0, 0, NULL, NULL, NULL, NULL, NULL, NULL, '0.00', 0);
INSERT INTO `items` (`item_id`, `category_id`, `subcat_id`, `original_pn`, `item_name`, `unit_id`, `group_id`, `location_id`, `bin_id`, `warehouse_id`, `rack_id`, `barcode`, `expiration`, `picture1`, `picture2`, `picture3`, `min_qty`, `damage`) VALUES
(5226, 85, 0, 'K 46386', 'Lock Nut for K 46383', 0, 0, 0, 0, 0, NULL, NULL, NULL, NULL, NULL, NULL, '0.00', 0),
(5227, 85, 0, 'K 46394', 'Sealing Ring for Reducing Nipple K 46366', 0, 0, 0, 0, 0, NULL, NULL, NULL, NULL, NULL, NULL, '0.00', 0),
(5228, 85, 0, 'K 46395', 'Sealing Ring for Union K 46367 and Locking Screw K 46376', 0, 0, 0, 0, 0, NULL, NULL, NULL, NULL, NULL, NULL, '0.00', 0),
(5229, 85, 0, 'K 46396', 'Sealing Ring for Union K 46363', 0, 0, 0, 0, 0, NULL, NULL, NULL, NULL, NULL, NULL, '0.00', 0),
(5230, 85, 0, 'K 46397', 'Round Rubber Ring for Electrovalve K 46352', 0, 0, 0, 0, 0, NULL, NULL, NULL, NULL, NULL, NULL, '0.00', 0),
(5231, 85, 0, 'K 46398', 'Packing Ring for Serto Union K 46369', 0, 0, 0, 0, 0, NULL, NULL, NULL, NULL, NULL, NULL, '0.00', 0),
(5232, 85, 0, 'K 46399', 'Thermoplastic Cable for Control Element Cabinet', 0, 0, 0, 0, 0, NULL, NULL, NULL, NULL, NULL, NULL, '0.00', 0),
(5233, 85, 0, 'K 46401', 'Spacer Bush for Control Element Cabinet (Only ZL 40)', 0, 0, 0, 0, 0, NULL, NULL, NULL, NULL, NULL, NULL, '0.00', 0),
(5234, 85, 0, 'K 46445', 'Bush for Control Element Box', 0, 0, 0, 0, 0, NULL, NULL, NULL, NULL, NULL, NULL, '0.00', 0),
(5235, 86, 0, 'K 47001', 'Double Control Valve for Displacement Servomotor, Complete (engine reversible)', 0, 0, 0, 0, 0, NULL, NULL, NULL, NULL, NULL, NULL, '0.00', 0),
(5236, 86, 0, 'K 47002', 'Housing for Double Control Valve', 0, 0, 0, 0, 0, NULL, NULL, NULL, NULL, NULL, NULL, '0.00', 0),
(5237, 86, 0, 'K 47003', 'Bush for Housing K 47002', 0, 0, 0, 0, 0, NULL, NULL, NULL, NULL, NULL, NULL, '0.00', 0),
(5238, 86, 0, 'K 47005', 'Valve for Double Control Valve', 0, 0, 0, 0, 0, NULL, NULL, NULL, NULL, NULL, NULL, '0.00', 0),
(5239, 86, 0, 'K 47006', 'Cover for Double Control Valve', 0, 0, 0, 0, 0, NULL, NULL, NULL, NULL, NULL, NULL, '0.00', 0),
(5240, 86, 0, 'K 47009', 'Locking Screw for Cover K 47006', 0, 0, 0, 0, 0, NULL, NULL, NULL, NULL, NULL, NULL, '0.00', 0),
(5241, 86, 0, 'K 47012', 'O-ring for Valve K 47005, Cover K 47006 and Plate K 47061', 0, 0, 0, 0, 0, NULL, NULL, NULL, NULL, NULL, NULL, '0.00', 0),
(5242, 86, 0, 'K 47013', 'Sealing Ring for Locking Screw K 47009', 0, 0, 0, 0, 0, NULL, NULL, NULL, NULL, NULL, NULL, '0.00', 0),
(5243, 86, 0, 'K 47020', 'Emergency Operating Arrangement, Complete', 0, 0, 0, 0, 0, NULL, NULL, NULL, NULL, NULL, NULL, '0.00', 0),
(5244, 86, 0, 'K 47021', 'Housing for Emergency Operating Arrangement', 0, 0, 0, 0, 0, NULL, NULL, NULL, NULL, NULL, NULL, '0.00', 0),
(5245, 86, 0, 'K 47025', 'Bush for Housing K 47021 and Cam K 47029', 0, 0, 0, 0, 0, NULL, NULL, NULL, NULL, NULL, NULL, '0.00', 0),
(5246, 86, 0, 'K 47027', 'Valve Support for Emergency Operating Arrangement', 0, 0, 0, 0, 0, NULL, NULL, NULL, NULL, NULL, NULL, '0.00', 0),
(5247, 86, 0, 'K 47028', 'Shaft for Emergency Operating Arrangement', 0, 0, 0, 0, 0, NULL, NULL, NULL, NULL, NULL, NULL, '0.00', 0),
(5248, 86, 0, 'K 47029', 'Cam for Emergency Operating Arrangement', 0, 0, 0, 0, 0, NULL, NULL, NULL, NULL, NULL, NULL, '0.00', 0),
(5249, 86, 0, 'K 47031', 'Cam for Emergency Operating Arrangement', 0, 0, 0, 0, 0, NULL, NULL, NULL, NULL, NULL, NULL, '0.00', 0),
(5250, 86, 0, 'K 47032', 'Cam for Emergency Operating Arrangement', 0, 0, 0, 0, 0, NULL, NULL, NULL, NULL, NULL, NULL, '0.00', 0),
(5251, 86, 0, 'K 47033', 'Cam for Emergency Operating Arrangement', 0, 0, 0, 0, 0, NULL, NULL, NULL, NULL, NULL, NULL, '0.00', 0),
(5252, 86, 0, 'K 47034', '3-way Valve, Complete', 0, 0, 0, 0, 0, NULL, NULL, NULL, NULL, NULL, NULL, '0.00', 0),
(5253, 86, 0, 'K 47035', '3/2-way Valve, Complete', 0, 0, 0, 0, 0, NULL, NULL, NULL, NULL, NULL, NULL, '0.00', 0),
(5254, 86, 0, 'K 47036', 'Pin for Emergency Operating Arrangement', 0, 0, 0, 0, 0, NULL, NULL, NULL, NULL, NULL, NULL, '0.00', 0),
(5255, 86, 0, 'K 47037', 'Guide Bolt for Emergency Operating Arrangement', 0, 0, 0, 0, 0, NULL, NULL, NULL, NULL, NULL, NULL, '0.00', 0),
(5256, 86, 0, 'K 47038', 'Threaded Rod for Emergency Operating Arrangement', 0, 0, 0, 0, 0, NULL, NULL, NULL, NULL, NULL, NULL, '0.00', 0),
(5257, 86, 0, 'K 47039', 'Inscription Plate for Emergency Operating Arrangement', 0, 0, 0, 0, 0, NULL, NULL, NULL, NULL, NULL, NULL, '0.00', 0),
(5258, 86, 0, 'K 47040', 'Stirrup Bolt for Emergency Operating Arrangement', 0, 0, 0, 0, 0, NULL, NULL, NULL, NULL, NULL, NULL, '0.00', 0),
(5259, 86, 0, 'K 47041', 'Blocking Rod for Emergency Operating Arrangement', 0, 0, 0, 0, 0, NULL, NULL, NULL, NULL, NULL, NULL, '0.00', 0),
(5260, 86, 0, 'K 47042', 'Support for Emergency Operating Arrangement', 0, 0, 0, 0, 0, NULL, NULL, NULL, NULL, NULL, NULL, '0.00', 0),
(5261, 86, 0, 'K 47043', 'Hand Grip for Emergency Operating Arrangement', 0, 0, 0, 0, 0, NULL, NULL, NULL, NULL, NULL, NULL, '0.00', 0),
(5262, 86, 0, 'K 47044', 'Bush for Hand Grip K 47043', 0, 0, 0, 0, 0, NULL, NULL, NULL, NULL, NULL, NULL, '0.00', 0),
(5263, 86, 0, 'K 47045', 'Inscription Plate for Emergency Operating Arrangement', 0, 0, 0, 0, 0, NULL, NULL, NULL, NULL, NULL, NULL, '0.00', 0),
(5264, 86, 0, 'K 47049', 'Spring for Hand Grip K 47043', 0, 0, 0, 0, 0, NULL, NULL, NULL, NULL, NULL, NULL, '0.00', 0),
(5265, 86, 0, 'K 47061', 'Plate for Double Control Valve', 0, 0, 0, 0, 0, NULL, NULL, NULL, NULL, NULL, NULL, '0.00', 0),
(5266, 86, 0, 'K 47062', 'Plate for Line Filter K 47072', 0, 0, 0, 0, 0, NULL, NULL, NULL, NULL, NULL, NULL, '0.00', 0),
(5267, 86, 0, 'K 47063', 'Connecting Plate for Electro Valves K 47078 and K 47079', 0, 0, 0, 0, 0, NULL, NULL, NULL, NULL, NULL, NULL, '0.00', 0),
(5268, 86, 0, 'K 47065', '3/2 Way Valve Complete', 0, 0, 0, 0, 0, NULL, NULL, NULL, NULL, NULL, NULL, '0.00', 0),
(5269, 86, 0, 'K 47070', '3/2 Way-valve, Complete', 0, 0, 0, 0, 0, NULL, NULL, NULL, NULL, NULL, NULL, '0.00', 0),
(5270, 86, 0, 'K 47071', '3/2-way Valve, Complete', 0, 0, 0, 0, 0, NULL, NULL, NULL, NULL, NULL, NULL, '0.00', 0),
(5271, 86, 0, 'K 47072', 'Line Filter, Complete', 0, 0, 0, 0, 0, NULL, NULL, NULL, NULL, NULL, NULL, '0.00', 0),
(5272, 86, 0, 'K 47073', 'Pressure Switch, Complete', 0, 0, 0, 0, 0, NULL, NULL, NULL, NULL, NULL, NULL, '0.00', 0),
(5273, 86, 0, 'K 47078', '3/2-way Electro Valve, Complete', 0, 0, 0, 0, 0, NULL, NULL, NULL, NULL, NULL, NULL, '0.00', 0),
(5274, 86, 0, 'K 47079', '3/2-way Electro Valve, Complete', 0, 0, 0, 0, 0, NULL, NULL, NULL, NULL, NULL, NULL, '0.00', 0),
(5275, 86, 0, 'K 47084', 'Stud for Line Filter K 47072', 0, 0, 0, 0, 0, NULL, NULL, NULL, NULL, NULL, NULL, '0.00', 0),
(5276, 86, 0, 'K 47096', 'Round Rubber Ring for K 47078 and K 47079', 0, 0, 0, 0, 0, NULL, NULL, NULL, NULL, NULL, NULL, '0.00', 0),
(5277, 86, 0, 'K 47151', 'Valve Plate, Complete (Non-reversible Engine)', 0, 0, 0, 0, 0, NULL, NULL, NULL, NULL, NULL, NULL, '0.00', 0),
(5278, 86, 0, 'K 47152', 'Connecting Plate for Valve Plate', 0, 0, 0, 0, 0, NULL, NULL, NULL, NULL, NULL, NULL, '0.00', 0),
(5279, 86, 0, 'K 47153', 'Valve Support for Valve Plate', 0, 0, 0, 0, 0, NULL, NULL, NULL, NULL, NULL, NULL, '0.00', 0),
(5280, 86, 0, 'K 47154', '3/2-way Electro Valve, Complete', 0, 0, 0, 0, 0, NULL, NULL, NULL, NULL, NULL, NULL, '0.00', 0),
(5281, 86, 0, 'K 47155', '3/2-way Electro Valve, Complete', 0, 0, 0, 0, 0, NULL, NULL, NULL, NULL, NULL, NULL, '0.00', 0),
(5282, 86, 0, 'K 47156', '3-way Valve, Complete', 0, 0, 0, 0, 0, NULL, NULL, NULL, NULL, NULL, NULL, '0.00', 0),
(5283, 86, 0, 'K 47157', 'Pressure Switch, Complete', 0, 0, 0, 0, 0, NULL, NULL, NULL, NULL, NULL, NULL, '0.00', 0),
(5284, 86, 0, 'K 47161', 'Lever for Valve Plate', 0, 0, 0, 0, 0, NULL, NULL, NULL, NULL, NULL, NULL, '0.00', 0),
(5285, 86, 0, 'K 47180', 'Bush for Lever K 47161', 0, 0, 0, 0, 0, NULL, NULL, NULL, NULL, NULL, NULL, '0.00', 0),
(5286, 86, 0, 'K 47181', 'Inscription Plate for Valve Plate', 0, 0, 0, 0, 0, NULL, NULL, NULL, NULL, NULL, NULL, '0.00', 0),
(5287, 86, 0, 'K 47184', 'Serto-screwed Union for Valve Plate', 0, 0, 0, 0, 0, NULL, NULL, NULL, NULL, NULL, NULL, '0.00', 0),
(5288, 86, 0, 'K 47197', 'Round Rubber Ring for Valve Plate', 0, 0, 0, 0, 0, NULL, NULL, NULL, NULL, NULL, NULL, '0.00', 0),
(5289, 86, 0, 'K 47205', 'Stirrup Bolt for Valve Plate', 0, 0, 0, 0, 0, NULL, NULL, NULL, NULL, NULL, NULL, '0.00', 0),
(5290, 86, 0, 'K 47206', 'Holder for Line Filter K 47207', 0, 0, 0, 0, 0, NULL, NULL, NULL, NULL, NULL, NULL, '0.00', 0),
(5291, 86, 0, 'K 47207', 'Line Filter, Complete', 0, 0, 0, 0, 0, NULL, NULL, NULL, NULL, NULL, NULL, '0.00', 0),
(5292, 86, 0, 'K 47208', 'Stud for Holder K 47206', 0, 0, 0, 0, 0, NULL, NULL, NULL, NULL, NULL, NULL, '0.00', 0),
(5293, 86, 0, 'K 47209', '3/2-way Valve, Complete', 0, 0, 0, 0, 0, NULL, NULL, NULL, NULL, NULL, NULL, '0.00', 0),
(5294, 86, 0, 'K 47210', 'Connecting Plate for Electro Valves K 47220 and K 47221', 0, 0, 0, 0, 0, NULL, NULL, NULL, NULL, NULL, NULL, '0.00', 0),
(5295, 86, 0, 'K 47211', 'Valve Support for Emergency Operating Arrangement', 0, 0, 0, 0, 0, NULL, NULL, NULL, NULL, NULL, NULL, '0.00', 0),
(5296, 86, 0, 'K 47212', 'Plate for Emergency Operating Arrangement', 0, 0, 0, 0, 0, NULL, NULL, NULL, NULL, NULL, NULL, '0.00', 0),
(5297, 86, 0, 'K 47213', 'Lever for Emergency Operating Arrangement', 0, 0, 0, 0, 0, NULL, NULL, NULL, NULL, NULL, NULL, '0.00', 0),
(5298, 86, 0, 'K 47215', 'Threaded Rod for Emergency Operating Arrangement', 0, 0, 0, 0, 0, NULL, NULL, NULL, NULL, NULL, NULL, '0.00', 0),
(5299, 86, 0, 'K 47217', 'Cylinder Pin for Emergency Operating Arrangement', 0, 0, 0, 0, 0, NULL, NULL, NULL, NULL, NULL, NULL, '0.00', 0),
(5300, 86, 0, 'K 47220', '3/2-way Electro Valve, Complete', 0, 0, 0, 0, 0, NULL, NULL, NULL, NULL, NULL, NULL, '0.00', 0),
(5301, 86, 0, 'K 47221', '3/2-way Electro Valve, Complete', 0, 0, 0, 0, 0, NULL, NULL, NULL, NULL, NULL, NULL, '0.00', 0),
(5302, 86, 0, 'K 47222', 'Pressure Switch, Complete', 0, 0, 0, 0, 0, NULL, NULL, NULL, NULL, NULL, NULL, '0.00', 0),
(5303, 86, 0, 'K 47224', '3-way Valve, Complete', 0, 0, 0, 0, 0, NULL, NULL, NULL, NULL, NULL, NULL, '0.00', 0),
(5304, 138, 0, 'K 49600', 'Transmitter for Remote Tachometer, Complete', 0, 0, 0, 0, 0, NULL, NULL, NULL, NULL, NULL, NULL, '0.00', 0),
(5305, 138, 0, 'K 49601', 'Transmitter for Remote Tachometer', 0, 0, 0, 0, 0, NULL, NULL, NULL, NULL, NULL, NULL, '0.00', 0),
(5306, 138, 0, 'K 49602', 'Terminal Box with Diodes Panel and Cable', 0, 0, 0, 0, 0, NULL, NULL, NULL, NULL, NULL, NULL, '0.00', 0),
(5307, 138, 0, 'K 49603', 'Attachment Angle for Terminal Box', 0, 0, 0, 0, 0, NULL, NULL, NULL, NULL, NULL, NULL, '0.00', 0),
(5308, 138, 0, 'K 49610', 'Indicating Instrument for Remote Tachometer (in the control desk)', 0, 0, 0, 0, 0, NULL, NULL, NULL, NULL, NULL, NULL, '0.00', 0),
(5309, 126, 0, 'K 49700', 'Remote Load Indicator, Complete', 0, 0, 0, 0, 0, NULL, NULL, NULL, NULL, NULL, NULL, '0.00', 0),
(5310, 126, 0, 'K 49701', 'Support for Remote Load Indicator', 0, 0, 0, 0, 0, NULL, NULL, NULL, NULL, NULL, NULL, '0.00', 0),
(5311, 126, 0, 'K 49723', 'Cover for Remote Load Indicator', 0, 0, 0, 0, 0, NULL, NULL, NULL, NULL, NULL, NULL, '0.00', 0),
(5312, 126, 0, 'K 49724', 'Sealing for Cover K 49723', 0, 0, 0, 0, 0, NULL, NULL, NULL, NULL, NULL, NULL, '0.00', 0),
(5313, 126, 0, 'K 49725', 'Transmitter for Remote Load Indicator', 0, 0, 0, 0, 0, NULL, NULL, NULL, NULL, NULL, NULL, '0.00', 0),
(5314, 126, 0, 'K 49726', 'Flange for Remote Load Indicator', 0, 0, 0, 0, 0, NULL, NULL, NULL, NULL, NULL, NULL, '0.00', 0),
(5315, 126, 0, 'K 49727', 'Pinion for Transmitter K 49725', 0, 0, 0, 0, 0, NULL, NULL, NULL, NULL, NULL, NULL, '0.00', 0),
(5316, 126, 0, 'K 49728', 'Pointer for Remote Load Indicator', 0, 0, 0, 0, 0, NULL, NULL, NULL, NULL, NULL, NULL, '0.00', 0),
(5317, 126, 0, 'K 49729', 'Toodhed Segment for Pointer K 49728', 0, 0, 0, 0, 0, NULL, NULL, NULL, NULL, NULL, NULL, '0.00', 0),
(5318, 126, 0, 'K 49739', 'Inscription Plate for Remote Load Indicator', 0, 0, 0, 0, 0, NULL, NULL, NULL, NULL, NULL, NULL, '0.00', 0),
(5319, 126, 0, 'K 49745', 'Plate for Remote Load Indicator', 0, 0, 0, 0, 0, NULL, NULL, NULL, NULL, NULL, NULL, '0.00', 0),
(5320, 126, 0, 'K 49746', 'Cover for Remote Load Indicator', 0, 0, 0, 0, 0, NULL, NULL, NULL, NULL, NULL, NULL, '0.00', 0),
(5321, 126, 0, 'K 49755', 'Indicating Instrument for the Remote Load Indicator (in the control desk)', 0, 0, 0, 0, 0, NULL, NULL, NULL, NULL, NULL, NULL, '0.00', 0),
(5322, 115, 0, 'K 49800', 'Load Indicator, Complete', 0, 0, 0, 0, 0, NULL, NULL, NULL, NULL, NULL, NULL, '0.00', 0),
(5323, 115, 0, 'K 49801', 'Support for Load Indicator', 0, 0, 0, 0, 0, NULL, NULL, NULL, NULL, NULL, NULL, '0.00', 0),
(5324, 115, 0, 'K 49806', 'Pointer for Load Indicator', 0, 0, 0, 0, 0, NULL, NULL, NULL, NULL, NULL, NULL, '0.00', 0),
(5325, 115, 0, 'K 49807', 'Lever for Load Indicator', 0, 0, 0, 0, 0, NULL, NULL, NULL, NULL, NULL, NULL, '0.00', 0),
(5326, 114, 0, 'K 49900', 'Load Control, Complete', 0, 0, 0, 0, 0, NULL, NULL, NULL, NULL, NULL, NULL, '0.00', 0),
(5327, 114, 0, 'K 49901', 'Cam for Load Control', 0, 0, 0, 0, 0, NULL, NULL, NULL, NULL, NULL, NULL, '0.00', 0),
(5328, 114, 0, 'K 49905', 'Series Limiting Sensor for Load Control', 0, 0, 0, 0, 0, NULL, NULL, NULL, NULL, NULL, NULL, '0.00', 0),
(5329, 109, 0, 'K 51101', 'Woodward Governor', 0, 0, 0, 0, 0, NULL, NULL, NULL, NULL, NULL, NULL, '0.00', 0),
(5330, 109, 0, 'K 51105', 'Woodward Booster for Speed Governor', 0, 0, 0, 0, 0, NULL, NULL, NULL, NULL, NULL, NULL, '0.00', 0),
(5331, 109, 0, 'K 51120', 'Governor Drive, complete', 0, 0, 0, 0, 0, NULL, NULL, NULL, NULL, NULL, NULL, '0.00', 0),
(5332, 109, 0, 'K 51122', 'Housing for Governor Drive', 0, 0, 0, 0, 0, NULL, NULL, NULL, NULL, NULL, NULL, '0.00', 0),
(5333, 109, 0, 'K 51123', 'Bush for Housing K 51122', 0, 0, 0, 0, 0, NULL, NULL, NULL, NULL, NULL, NULL, '0.00', 0),
(5334, 109, 0, 'K 51130', 'Gear Wheel for Governor Drive ZVB 40', 0, 0, 0, 0, 0, NULL, NULL, NULL, NULL, NULL, NULL, '0.00', 0),
(5335, 109, 0, 'K 51131', 'Gear wheel for governor drive ZVB 40', 0, 0, 0, 0, 0, NULL, NULL, NULL, NULL, NULL, NULL, '0.00', 0),
(5336, 109, 0, 'K 51132', 'Spiral gear for governor drive', 0, 0, 0, 0, 0, NULL, NULL, NULL, NULL, NULL, NULL, '0.00', 0),
(5337, 109, 0, 'K 51133', 'Spiral Gear Shaft for Governor Drive', 0, 0, 0, 0, 0, NULL, NULL, NULL, NULL, NULL, NULL, '0.00', 0),
(5338, 109, 0, 'K 51134', 'Bevel Gear Wheel for Governor Drive', 0, 0, 0, 0, 0, NULL, NULL, NULL, NULL, NULL, NULL, '0.00', 0),
(5339, 109, 0, 'K 51135', 'Bevel Gear Wheel Shaft for Governor Drive', 0, 0, 0, 0, 0, NULL, NULL, NULL, NULL, NULL, NULL, '0.00', 0),
(5340, 109, 0, 'K 51137', 'Shaft for Governor Drive', 0, 0, 0, 0, 0, NULL, NULL, NULL, NULL, NULL, NULL, '0.00', 0),
(5341, 109, 0, 'K 51138', 'Cover for Governor Drive', 0, 0, 0, 0, 0, NULL, NULL, NULL, NULL, NULL, NULL, '0.00', 0),
(5342, 109, 0, 'K 51139', 'Sealing for Cover K 51138', 0, 0, 0, 0, 0, NULL, NULL, NULL, NULL, NULL, NULL, '0.00', 0),
(5343, 109, 0, 'K 51141', 'Expansion Bolt for Governor Drive', 0, 0, 0, 0, 0, NULL, NULL, NULL, NULL, NULL, NULL, '0.00', 0),
(5344, 103, 0, 'K 55000', 'Fuel Injection Pump, Complete', 0, 0, 0, 0, 0, NULL, NULL, NULL, NULL, NULL, NULL, '0.00', 0),
(5345, 103, 0, 'K 55001', 'Housing for Fuel Injection Pump', 0, 0, 0, 0, 0, NULL, NULL, NULL, NULL, NULL, NULL, '0.00', 0),
(5346, 103, 0, 'K 55004', 'Pump Cover for Housing K 55001', 0, 0, 0, 0, 0, NULL, NULL, NULL, NULL, NULL, NULL, '0.00', 0),
(5347, 103, 0, 'K 55005', 'Regulating Sleeve for Fuel Injection Pump', 0, 0, 0, 0, 0, NULL, NULL, NULL, NULL, NULL, NULL, '0.00', 0),
(5348, 103, 0, 'K 55006', 'Rack for Fuel Injection Pump', 0, 0, 0, 0, 0, NULL, NULL, NULL, NULL, NULL, NULL, '0.00', 0),
(5349, 103, 0, 'K 55007', 'Clamping Ring for rack K 55006', 0, 0, 0, 0, 0, NULL, NULL, NULL, NULL, NULL, NULL, '0.00', 0),
(5350, 103, 0, 'K 55010', 'Upper Spring Plate for Fuel Injection Pump', 0, 0, 0, 0, 0, NULL, NULL, NULL, NULL, NULL, NULL, '0.00', 0),
(5351, 103, 0, 'K 55011', 'Lower Spring Plate for Fuel Injection Pump', 0, 0, 0, 0, 0, NULL, NULL, NULL, NULL, NULL, NULL, '0.00', 0),
(5352, 103, 0, 'K 55012', 'Pin for Fuel Injection pump', 0, 0, 0, 0, 0, NULL, NULL, NULL, NULL, NULL, NULL, '0.00', 0),
(5353, 103, 0, 'K 55013', 'Guide for Piston For Fuel Injection Pump', 0, 0, 0, 0, 0, NULL, NULL, NULL, NULL, NULL, NULL, '0.00', 0),
(5354, 103, 0, 'K 55015', 'Pin for Roller K 55028', 0, 0, 0, 0, 0, NULL, NULL, NULL, NULL, NULL, NULL, '0.00', 0),
(5355, 103, 0, 'K 55016', 'Bushes for Roller K 55028', 0, 0, 0, 0, 0, NULL, NULL, NULL, NULL, NULL, NULL, '0.00', 0),
(5356, 103, 0, 'K 55017', 'Pin for Fuel Injection pump', 0, 0, 0, 0, 0, NULL, NULL, NULL, NULL, NULL, NULL, '0.00', 0),
(5357, 103, 0, 'K 55018', 'Spring for Fuel Injection Pump', 0, 0, 0, 0, 0, NULL, NULL, NULL, NULL, NULL, NULL, '0.00', 0),
(5358, 103, 0, 'K 55019', 'Flange for Fuel Injection Pump', 0, 0, 0, 0, 0, NULL, NULL, NULL, NULL, NULL, NULL, '0.00', 0),
(5359, 103, 0, 'K 55020', 'Sealing for flange K 55019', 0, 0, 0, 0, 0, NULL, NULL, NULL, NULL, NULL, NULL, '0.00', 0),
(5360, 103, 0, 'K 55021', 'Baffle screw for fuel injection pump', 0, 0, 0, 0, 0, NULL, NULL, NULL, NULL, NULL, NULL, '0.00', 0),
(5361, 103, 0, 'K 55022', 'Retaining screw for fuel injection pump', 0, 0, 0, 0, 0, NULL, NULL, NULL, NULL, NULL, NULL, '0.00', 0),
(5362, 103, 0, 'K 55023', 'Expansion Bolt for Fuel Injection Pump', 0, 0, 0, 0, 0, NULL, NULL, NULL, NULL, NULL, NULL, '0.00', 0),
(5363, 103, 0, 'K 55024', 'Snap Ring For Guide piston K 55013', 0, 0, 0, 0, 0, NULL, NULL, NULL, NULL, NULL, NULL, '0.00', 0),
(5364, 103, 0, 'K 55028', 'Roller for Fuel Injection Pump', 0, 0, 0, 0, 0, NULL, NULL, NULL, NULL, NULL, NULL, '0.00', 0),
(5365, 103, 0, 'K 55030', 'Thrust Plate for Roller K 55028', 0, 0, 0, 0, 0, NULL, NULL, NULL, NULL, NULL, NULL, '0.00', 0),
(5366, 103, 0, 'K 55033', 'Joint Ring for retaining screws K 55022 and K 55038', 0, 0, 0, 0, 0, NULL, NULL, NULL, NULL, NULL, NULL, '0.00', 0),
(5367, 103, 0, 'K 55034', 'Grooved packing for screw K 55021', 0, 0, 0, 0, 0, NULL, NULL, NULL, NULL, NULL, NULL, '0.00', 0),
(5368, 103, 0, 'K 55035', 'O ring for Housing K 55001', 0, 0, 0, 0, 0, NULL, NULL, NULL, NULL, NULL, NULL, '0.00', 0),
(5369, 103, 0, 'K 55036', 'O-ring for Pump Cover K 55004, PN 3446275472', 0, 0, 0, 0, 0, NULL, NULL, NULL, NULL, NULL, NULL, '0.00', 0),
(5370, 103, 0, 'K 55037', 'O-ring for K 55050, PN 3446275002', 0, 0, 0, 0, 0, NULL, NULL, NULL, NULL, NULL, NULL, '0.00', 0),
(5371, 103, 0, 'K 55040', 'Retaining Ring Type A For Pin K 55015', 0, 0, 0, 0, 0, NULL, NULL, NULL, NULL, NULL, NULL, '0.00', 0),
(5372, 103, 0, 'K 55041', 'Shaft Seal for rack K 55006', 0, 0, 0, 0, 0, NULL, NULL, NULL, NULL, NULL, NULL, '0.00', 0),
(5373, 103, 0, 'K 55042', 'Shaft Seal', 0, 0, 0, 0, 0, NULL, NULL, NULL, NULL, NULL, NULL, '0.00', 0),
(5374, 103, 0, 'K 55044', 'Joint Ring', 0, 0, 0, 0, 0, NULL, NULL, NULL, NULL, NULL, NULL, '0.00', 0),
(5375, 103, 0, 'K 55050', 'Piston and Cylinder for Fuel Injection Pump', 21, 30, 0, 1110, 0, 0, '', '', NULL, NULL, NULL, '0.00', 0),
(5376, 103, 0, 'K 66151 SEM', 'Packing', 0, 0, 0, 0, 0, NULL, NULL, NULL, NULL, NULL, NULL, '0.00', 0),
(5377, 103, 0, 'K 66153 SEM', 'Packing', 0, 0, 0, 0, 0, NULL, NULL, NULL, NULL, NULL, NULL, '0.00', 0),
(5378, 103, 0, 'K 66154 SEM', 'Packing', 0, 0, 0, 0, 0, NULL, NULL, NULL, NULL, NULL, NULL, '0.00', 0),
(5379, 103, 0, 'K 66165 SEM', 'Copper Washer', 0, 0, 0, 0, 0, NULL, NULL, NULL, NULL, NULL, NULL, '0.00', 0),
(5380, 103, 0, 'K 77716 SEM', 'Spring', 0, 0, 0, 0, 0, NULL, NULL, NULL, NULL, NULL, NULL, '0.00', 0),
(5381, 71, 0, 'K 65101', 'Exhaust Turbocharger, Complete', 0, 0, 0, 0, 0, NULL, NULL, NULL, NULL, NULL, NULL, '0.00', 0),
(5382, 71, 0, 'K 65105', 'Spacer Sleeve for Turbocharger', 0, 0, 0, 0, 0, NULL, NULL, NULL, NULL, NULL, NULL, '0.00', 0),
(5383, 71, 0, 'K 66101', 'Charge Air Cooler, Complete for Turbocharger', 0, 0, 0, 0, 0, NULL, NULL, NULL, NULL, NULL, NULL, '0.00', 0),
(5384, 71, 0, 'K 66102', 'Charge Air Cooler Housing, Complete', 0, 0, 0, 0, 0, NULL, NULL, NULL, NULL, NULL, NULL, '0.00', 0),
(5385, 71, 0, 'K 66105', 'Air Passage Housing', 0, 0, 0, 0, 0, NULL, NULL, NULL, NULL, NULL, NULL, '0.00', 0),
(5386, 71, 0, 'K 66106', 'Air Inlet Housing, Complete', 0, 0, 0, 0, 0, NULL, NULL, NULL, NULL, NULL, NULL, '0.00', 0),
(5387, 71, 0, 'K 66115', 'Diffusor, Complete for Air Inlet Housing', 0, 0, 0, 0, 0, NULL, NULL, NULL, NULL, NULL, NULL, '0.00', 0),
(5388, 71, 0, 'K 66120', 'Ring for Diffusor K 66115', 0, 0, 0, 0, 0, NULL, NULL, NULL, NULL, NULL, NULL, '0.00', 0),
(5389, 71, 0, 'K 66122', 'Silicon O-ring for Diffusor K 66115', 0, 0, 0, 0, 0, NULL, NULL, NULL, NULL, NULL, NULL, '0.00', 0),
(5390, 71, 0, 'K 66123', 'Sealing for Charge Air Cooler K 66101', 0, 0, 0, 0, 0, NULL, NULL, NULL, NULL, NULL, NULL, '0.00', 0),
(5391, 71, 0, 'K 66124', 'Sealing for Air Inlet Housing K 66106', 0, 0, 0, 0, 0, NULL, NULL, NULL, NULL, NULL, NULL, '0.00', 0),
(5392, 71, 0, 'K 66125', 'Sealing for Ring K 66120', 0, 0, 0, 0, 0, NULL, NULL, NULL, NULL, NULL, NULL, '0.00', 0),
(5393, 71, 0, 'K 66126', 'Sealing for Diffusor K 66115', 0, 0, 0, 0, 0, NULL, NULL, NULL, NULL, NULL, NULL, '0.00', 0),
(5394, 70, 0, 'K 67001', 'Air Branches, Complete', 0, 0, 0, 0, 0, NULL, NULL, NULL, NULL, NULL, NULL, '0.00', 0),
(5395, 70, 0, 'K 67002', 'Air Branch', 0, 0, 0, 0, 0, NULL, NULL, NULL, NULL, NULL, NULL, '0.00', 0),
(5396, 70, 0, 'K 67003', 'Air Branch', 0, 0, 0, 0, 0, NULL, NULL, NULL, NULL, NULL, NULL, '0.00', 0),
(5397, 70, 0, 'K 67004', 'Flange for Air Branches K67002 & K67003', 0, 0, 0, 0, 0, NULL, NULL, NULL, NULL, NULL, NULL, '0.00', 0),
(5398, 70, 0, 'K 67007', 'Cover Plate for Air Receiver', 0, 0, 0, 0, 0, NULL, NULL, NULL, NULL, NULL, NULL, '0.00', 0),
(5399, 70, 0, 'K 67011', 'Cover for Air Receiver', 0, 0, 0, 0, 0, NULL, NULL, NULL, NULL, NULL, NULL, '0.00', 0),
(5400, 70, 0, 'K 67013', 'Ring, Two part, for the Air Branches', 0, 0, 0, 0, 0, NULL, NULL, NULL, NULL, NULL, NULL, '0.00', 0),
(5401, 70, 0, 'K 67019', 'Plate for the Air Branches', 0, 0, 0, 0, 0, NULL, NULL, NULL, NULL, NULL, NULL, '0.00', 0),
(5402, 70, 0, 'K 67029', 'Hose Sealing for the Air Branches', 0, 0, 0, 0, 0, NULL, NULL, NULL, NULL, NULL, NULL, '0.00', 0),
(5403, 70, 0, 'K 67030', 'Spiral-Asbestos Packing for Flange K 67004', 0, 0, 0, 0, 0, NULL, NULL, NULL, NULL, NULL, NULL, '0.00', 0),
(5404, 70, 0, 'K 67031', 'Sealing for Cover K 67011', 0, 0, 0, 0, 0, NULL, NULL, NULL, NULL, NULL, NULL, '0.00', 0),
(5405, 70, 0, 'K 67032', 'Sealing for Cover K 67012', 0, 0, 0, 0, 0, NULL, NULL, NULL, NULL, NULL, NULL, '0.00', 0),
(5406, 70, 0, 'K 67050', 'Air Branch, Complete', 0, 0, 0, 0, 0, NULL, NULL, NULL, NULL, NULL, NULL, '0.00', 0),
(5407, 122, 0, 'K 70000', 'Pump attachment, Complete', 0, 0, 0, 0, 0, NULL, NULL, NULL, NULL, NULL, NULL, '0.00', 0),
(5408, 122, 0, 'K 70001', 'Flange', 0, 0, 0, 0, 0, NULL, NULL, NULL, NULL, NULL, NULL, '0.00', 0),
(5409, 122, 0, 'K 70002', 'Joint for Flange K 70001', 0, 0, 0, 0, 0, NULL, NULL, NULL, NULL, NULL, NULL, '0.00', 0),
(5410, 122, 0, 'K 70005', 'Leak Pipe for Pumps K 73000, K 73100 and K 73200', 0, 0, 0, 0, 0, NULL, NULL, NULL, NULL, NULL, NULL, '0.00', 0),
(5411, 122, 0, 'K 70006', 'Leak Pipe for Fuel Transfer Pump K 74100', 0, 0, 0, 0, 0, NULL, NULL, NULL, NULL, NULL, NULL, '0.00', 0),
(5412, 122, 0, 'K 70008', 'SERTO Screwed Connectiong for Leak Pipe K 70005', 0, 0, 0, 0, 0, NULL, NULL, NULL, NULL, NULL, NULL, '0.00', 0),
(5413, 122, 0, 'K 70009', 'SERTO Screwed Connectiong for Leak Pipe K 70006', 0, 0, 0, 0, 0, NULL, NULL, NULL, NULL, NULL, NULL, '0.00', 0),
(5414, 122, 0, 'K 70016', 'O-ring for Oil Pump K 71001', 0, 0, 0, 0, 0, NULL, NULL, NULL, NULL, NULL, NULL, '0.00', 0),
(5415, 122, 0, 'K 70017', 'O-ring for K 73000, K 73100, and K 74100', 0, 0, 0, 0, 0, NULL, NULL, NULL, NULL, NULL, NULL, '0.00', 0),
(5416, 122, 0, 'K 70018', 'O-ring for Nozzle Cooling Water Pump K 73200', 0, 0, 0, 0, 0, NULL, NULL, NULL, NULL, NULL, NULL, '0.00', 0),
(5417, 122, 0, 'K 70020', 'Flange for Nozzle Cooling Water Pump K 73200', 0, 0, 0, 0, 0, NULL, NULL, NULL, NULL, NULL, NULL, '0.00', 0),
(5418, 122, 0, 'K 70021', 'Joint for Flange K 70020', 0, 0, 0, 0, 0, NULL, NULL, NULL, NULL, NULL, NULL, '0.00', 0),
(5419, 122, 0, 'K 73200', 'Nozzle Cooling Water Pump, Complete', 0, 0, 0, 0, 0, NULL, NULL, NULL, NULL, NULL, NULL, '0.00', 0),
(5420, 117, 0, 'K 71001', 'Oil Pump, Complete (engine, right-hand turning)', 0, 0, 0, 0, 0, NULL, NULL, NULL, NULL, NULL, NULL, '0.00', 0),
(5421, 117, 0, 'K 71004', 'Oil Pump, Complete (engine, left-hand turning)', 0, 0, 0, 0, 0, NULL, NULL, NULL, NULL, NULL, NULL, '0.00', 0),
(5422, 117, 0, 'K 71011', 'Oil Pump Casing, Complete for K 71001 and K 71004', 0, 0, 0, 0, 0, NULL, NULL, NULL, NULL, NULL, NULL, '0.00', 0),
(5423, 117, 0, 'K 71018', 'Bearing Bush for OIl Pump Casing and Bearing Cover', 0, 0, 0, 0, 0, NULL, NULL, NULL, NULL, NULL, NULL, '0.00', 0),
(5424, 117, 0, 'K 71022', 'Bearing Cover, Complete for Oil Pump', 0, 0, 0, 0, 0, NULL, NULL, NULL, NULL, NULL, NULL, '0.00', 0),
(5425, 117, 0, 'K 71028', 'Pump Impeller with Drive Shaft for Oil Pump', 0, 0, 0, 0, 0, NULL, NULL, NULL, NULL, NULL, NULL, '0.00', 0),
(5426, 117, 0, 'K 71029', 'Pump Impeller for Oil Pump', 0, 0, 0, 0, 0, NULL, NULL, NULL, NULL, NULL, NULL, '0.00', 0),
(5427, 117, 0, 'K 71030', 'Gear Wheel for Oil Pump', 0, 0, 0, 0, 0, NULL, NULL, NULL, NULL, NULL, NULL, '0.00', 0),
(5428, 117, 0, 'K 71033', 'Bolt for Pump Impeller K 71028', 0, 0, 0, 0, 0, NULL, NULL, NULL, NULL, NULL, NULL, '0.00', 0),
(5429, 117, 0, 'K 71034', 'Thrust Ring for Bolt K 71033', 0, 0, 0, 0, 0, NULL, NULL, NULL, NULL, NULL, NULL, '0.00', 0),
(5430, 117, 0, 'K 71035', 'Nut for Bolt K 71033', 0, 0, 0, 0, 0, NULL, NULL, NULL, NULL, NULL, NULL, '0.00', 0),
(5431, 117, 0, 'K 71037', 'Slide for Oil Pump', 0, 0, 0, 0, 0, NULL, NULL, NULL, NULL, NULL, NULL, '0.00', 0),
(5432, 117, 0, 'K 71039', 'Cover for Oil Pump', 0, 0, 0, 0, 0, NULL, NULL, NULL, NULL, NULL, NULL, '0.00', 0),
(5433, 117, 0, 'K 71040', 'Packing for Cover K 71039', 0, 0, 0, 0, 0, NULL, NULL, NULL, NULL, NULL, NULL, '0.00', 0),
(5434, 117, 0, 'K 71041', 'Pressure Spring for Slide K 71037', 0, 0, 0, 0, 0, NULL, NULL, NULL, NULL, NULL, NULL, '0.00', 0),
(5435, 117, 0, 'K 71042', 'Shim for Cover K 71039', 0, 0, 0, 0, 0, NULL, NULL, NULL, NULL, NULL, NULL, '0.00', 0),
(5436, 117, 0, 'K 71044', 'Flange for Oil Pump', 0, 0, 0, 0, 0, NULL, NULL, NULL, NULL, NULL, NULL, '0.00', 0),
(5437, 117, 0, 'K 71045', 'Joint for Flange K 71044', 0, 0, 0, 0, 0, NULL, NULL, NULL, NULL, NULL, NULL, '0.00', 0),
(5438, 95, 0, 'K 72101', 'Cylinder Lubricating Pump ', 0, 0, 0, 0, 0, NULL, NULL, NULL, NULL, NULL, NULL, '0.00', 0),
(5439, 95, 0, 'K 72103', 'Coupling piece for cylinder lubricating pump K 72101', 0, 0, 0, 0, 0, NULL, NULL, NULL, NULL, NULL, NULL, '0.00', 0),
(5440, 95, 0, 'K 72104', 'Orbit Motor, Complete', 0, 0, 0, 0, 0, NULL, NULL, NULL, NULL, NULL, NULL, '0.00', 0),
(5441, 95, 0, 'K 72105', '3-way Flow Control Valve, Complete', 0, 0, 0, 0, 0, NULL, NULL, NULL, NULL, NULL, NULL, '0.00', 0),
(5442, 95, 0, 'K 72106', 'Geared Pump, Complete', 0, 0, 0, 0, 0, NULL, NULL, NULL, NULL, NULL, NULL, '0.00', 0),
(5443, 95, 0, 'K 72107', 'Support for Cylinder Lubricating Pump K 72101', 0, 0, 0, 0, 0, NULL, NULL, NULL, NULL, NULL, NULL, '0.00', 0),
(5444, 95, 0, 'K 72120', 'Coupling Halves for Geared Pump', 0, 0, 0, 0, 0, NULL, NULL, NULL, NULL, NULL, NULL, '0.00', 0),
(5445, 95, 0, 'K 72122', 'Coupling for Orbit Motor K 72104', 0, 0, 0, 0, 0, NULL, NULL, NULL, NULL, NULL, NULL, '0.00', 0),
(5446, 95, 0, 'K 72126', 'Connecting Plate for K 72105', 0, 0, 0, 0, 0, NULL, NULL, NULL, NULL, NULL, NULL, '0.00', 0),
(5447, 95, 0, 'K 72127', 'Lever for Flexible Rod K 72135', 0, 0, 0, 0, 0, NULL, NULL, NULL, NULL, NULL, NULL, '0.00', 0),
(5448, 95, 0, 'K 72130', 'Lever for 3-way Flow Control Valve K 72105', 0, 0, 0, 0, 0, NULL, NULL, NULL, NULL, NULL, NULL, '0.00', 0),
(5449, 95, 0, 'K 72135', 'Flexible Rod, Complete for Cylinder Lubricating Pump Drive', 0, 0, 0, 0, 0, NULL, NULL, NULL, NULL, NULL, NULL, '0.00', 0),
(5450, 95, 0, 'K 72136', 'Guide Rod for Flexible Rod K 72135', 0, 0, 0, 0, 0, NULL, NULL, NULL, NULL, NULL, NULL, '0.00', 0),
(5451, 95, 0, 'K 72137', 'Spring Guide for Flexible Rod K 72135', 0, 0, 0, 0, 0, NULL, NULL, NULL, NULL, NULL, NULL, '0.00', 0),
(5452, 95, 0, 'K 72138', 'Spring for Flexible Rod K 72135', 0, 0, 0, 0, 0, NULL, NULL, NULL, NULL, NULL, NULL, '0.00', 0),
(5453, 95, 0, 'K 72139', 'Retaining Piece for Flexible Rod K 72135', 0, 0, 0, 0, 0, NULL, NULL, NULL, NULL, NULL, NULL, '0.00', 0),
(5454, 95, 0, 'K 72140', 'Spring Plate for Flexible Rod K 72135', 0, 0, 0, 0, 0, NULL, NULL, NULL, NULL, NULL, NULL, '0.00', 0),
(5455, 95, 0, 'K 72142', 'Articulation Piece for Flexible Rod K 72135', 0, 0, 0, 0, 0, NULL, NULL, NULL, NULL, NULL, NULL, '0.00', 0),
(5456, 95, 0, 'K 72145', 'Locking Ring for Flexible Rod K 72135', 0, 0, 0, 0, 0, NULL, NULL, NULL, NULL, NULL, NULL, '0.00', 0),
(5457, 95, 0, 'K 72148', 'Threaded Pin for Lever K 72127 and K 72130', 0, 0, 0, 0, 0, NULL, NULL, NULL, NULL, NULL, NULL, '0.00', 0),
(5458, 95, 0, 'K 72149', 'Disc for Geared Pump K 72106', 0, 0, 0, 0, 0, NULL, NULL, NULL, NULL, NULL, NULL, '0.00', 0),
(5459, 95, 0, 'K 72150', 'Self-locking Nut for Threaded Pin K 72148', 0, 0, 0, 0, 0, NULL, NULL, NULL, NULL, NULL, NULL, '0.00', 0),
(5460, 95, 0, 'K 72170', 'Excess-pressure Valve, Complete for Cylinder Lubricating Pump Drive', 0, 0, 0, 0, 0, NULL, NULL, NULL, NULL, NULL, NULL, '0.00', 0),
(5461, 95, 0, 'K 72171', 'Connecting Plate for Excess-pressure Valve', 0, 0, 0, 0, 0, NULL, NULL, NULL, NULL, NULL, NULL, '0.00', 0),
(5462, 95, 0, 'K 72172', 'Valve for Excess-pressure Valve', 0, 0, 0, 0, 0, NULL, NULL, NULL, NULL, NULL, NULL, '0.00', 0),
(5463, 95, 0, 'K 72174', 'Locking Screw for Excess-pressure Valve', 0, 0, 0, 0, 0, NULL, NULL, NULL, NULL, NULL, NULL, '0.00', 0),
(5464, 95, 0, 'K 72175', 'Locking Screw for Excess-pressure Valve', 0, 0, 0, 0, 0, NULL, NULL, NULL, NULL, NULL, NULL, '0.00', 0),
(5465, 95, 0, 'K 72177', 'Sealing for K 72174', 0, 0, 0, 0, 0, NULL, NULL, NULL, NULL, NULL, NULL, '0.00', 0),
(5466, 95, 0, 'K 72178', 'Sealing for K 72175', 0, 0, 0, 0, 0, NULL, NULL, NULL, NULL, NULL, NULL, '0.00', 0),
(5467, 95, 0, 'K 72180', 'Spring for Excess-Pressure Valve', 0, 0, 0, 0, 0, NULL, NULL, NULL, NULL, NULL, NULL, '0.00', 0),
(5468, 87, 0, 'K 73000', 'Cooling Water Pump, Complete', 0, 0, 0, 0, 0, NULL, NULL, NULL, NULL, NULL, NULL, '0.00', 0),
(5469, 87, 0, 'K 73002', 'Cooling Water Pump Casing, Complete', 0, 0, 0, 0, 0, NULL, NULL, NULL, NULL, NULL, NULL, '0.00', 0),
(5470, 87, 0, 'K 73006', 'Impeller for Cooling Water Pump', 0, 0, 0, 0, 0, NULL, NULL, NULL, NULL, NULL, NULL, '0.00', 0),
(5471, 87, 0, 'K 73011', 'Bearing Housing for Cooling Water Pump', 0, 0, 0, 0, 0, NULL, NULL, NULL, NULL, NULL, NULL, '0.00', 0),
(5472, 87, 0, 'K 73012', 'Bush for bearing housing K 73111', 0, 0, 0, 1128, 0, 0, '', '', '54721.jpg', NULL, NULL, '0.00', 0),
(5473, 87, 0, 'K 73018', 'Cover for Cooling Water Pump', 0, 0, 0, 0, 0, NULL, NULL, NULL, NULL, NULL, NULL, '0.00', 0),
(5474, 87, 0, 'K 73020', 'Shaftseal for bearing housing of K73011', 0, 0, 0, 0, 0, NULL, NULL, NULL, NULL, NULL, NULL, '0.00', 0),
(5475, 87, 0, 'K 73021', 'Bush for Cooling Water Pump', 0, 0, 0, 1129, 0, 0, '', '', '54751.jpg', NULL, NULL, '0.00', 0),
(5476, 87, 0, 'K 73022', 'Liner for Cooling Water Pump', 0, 0, 0, 0, 0, NULL, NULL, NULL, NULL, NULL, NULL, '0.00', 0),
(5477, 87, 0, 'K 73023', 'Shaft for cooling water pump', 0, 0, 0, 1130, 0, 0, '', '', '54771.jpg', NULL, NULL, '0.00', 0),
(5478, 87, 0, 'K 73024', 'Gear wheel for cooling water Pump', 0, 0, 0, 0, 0, NULL, NULL, NULL, NULL, NULL, NULL, '0.00', 0),
(5479, 87, 0, 'K 73025', 'Nut for Shaft K 73023', 0, 0, 0, 0, 0, NULL, NULL, NULL, NULL, NULL, NULL, '0.00', 0),
(5480, 87, 0, 'K 73026', 'Counter Ring for Cooling Water Pump', 0, 0, 0, 1131, 0, 0, '', '', '54801.jpg', NULL, NULL, '0.00', 0),
(5481, 87, 0, 'K 73027', 'Mechanical Seal for Cooling Water Pump, PN 3446750973', 0, 0, 0, 0, 0, NULL, NULL, NULL, NULL, NULL, NULL, '0.00', 0),
(5482, 87, 0, 'K 73028', 'Shaft Seal for Bearing Housing K 73011, PN 3446745041', 0, 0, 0, 0, 0, NULL, NULL, NULL, NULL, NULL, NULL, '0.00', 0),
(5483, 87, 0, 'K 73033', 'Locking Screw for Cooling Water Pump Casing', 0, 0, 0, 0, 0, NULL, NULL, NULL, NULL, NULL, NULL, '0.00', 0),
(5484, 87, 0, 'K 73034', 'Locking Screw for Cooling Water Pump Casing', 0, 0, 0, 0, 0, NULL, NULL, NULL, NULL, NULL, NULL, '0.00', 0),
(5485, 87, 0, 'K 73036', 'O-ring for Cover K 73018, PN 3446275221', 0, 0, 0, 0, 0, NULL, NULL, NULL, NULL, NULL, NULL, '0.00', 0),
(5486, 87, 0, 'K 73037', 'O-ring for Bearing Housing K 73011, PN 3446275144', 0, 0, 0, 0, 0, NULL, NULL, NULL, NULL, NULL, NULL, '0.00', 0),
(5487, 87, 0, 'K 73038', 'Packing for K 73033', 0, 0, 0, 0, 0, NULL, NULL, NULL, NULL, NULL, NULL, '0.00', 0),
(5488, 87, 0, 'K 73039', 'Packing for K 73034', 0, 0, 0, 0, 0, NULL, NULL, NULL, NULL, NULL, NULL, '0.00', 0),
(5489, 123, 0, 'K 73100', 'Raw Water Pump, Complete', 0, 0, 0, 0, 0, NULL, NULL, NULL, NULL, NULL, NULL, '0.00', 0),
(5490, 123, 0, 'K 73102', 'Raw Water Pump Casing, Complete, Fresh-water Resistant', 0, 0, 0, 0, 0, NULL, NULL, NULL, NULL, NULL, NULL, '0.00', 0),
(5491, 123, 0, 'K 73103', 'Raw Water Pump Casing, Complete, Sea-water Resistant', 0, 0, 0, 0, 0, NULL, NULL, NULL, NULL, NULL, NULL, '0.00', 0),
(5492, 123, 0, 'K 73106', 'Impeller for Raw Water Pump, Fresh-water Resistant', 0, 0, 0, 0, 0, NULL, NULL, NULL, NULL, NULL, NULL, '0.00', 0),
(5493, 123, 0, 'K 73107', 'Impeller for Raw Water Pump, Sea-water Resistant', 0, 0, 0, 0, 0, NULL, NULL, NULL, NULL, NULL, NULL, '0.00', 0),
(5494, 123, 0, 'K 73111', 'Bearing Housing for Raw Water Pump', 0, 0, 0, 0, 0, NULL, NULL, NULL, NULL, NULL, NULL, '0.00', 0),
(5495, 123, 0, 'K 73112', 'Bush for bearing housing K 73111', 0, 0, 0, 0, 0, NULL, NULL, NULL, NULL, NULL, NULL, '0.00', 0),
(5496, 123, 0, 'K 73118', 'Cover for Raw Water Pump, Fresh-water Resistant', 0, 0, 0, 0, 0, NULL, NULL, NULL, NULL, NULL, NULL, '0.00', 0),
(5497, 123, 0, 'K 73119', 'Cover for Raw Water Pump, Sea-water Resistant', 0, 0, 0, 0, 0, NULL, NULL, NULL, NULL, NULL, NULL, '0.00', 0),
(5498, 123, 0, 'K 73121', 'Bush for Raw Water Pump', 0, 0, 0, 0, 0, NULL, NULL, NULL, NULL, NULL, NULL, '0.00', 0),
(5499, 123, 0, 'K 73122', 'Liner for Raw Water Pump', 0, 0, 0, 0, 0, NULL, NULL, NULL, NULL, NULL, NULL, '0.00', 0),
(5500, 123, 0, 'K 73124', 'Gear Wheel for Raw Water Pump', 0, 0, 0, 0, 0, NULL, NULL, NULL, NULL, NULL, NULL, '0.00', 0),
(5501, 123, 0, 'K 73125', 'Nut for Shaft K 73123', 0, 0, 0, 0, 0, NULL, NULL, NULL, NULL, NULL, NULL, '0.00', 0),
(5502, 123, 0, 'K 73126', 'CYCLAM Spacer Ring for Raw Water Pump', 0, 0, 0, 0, 0, NULL, NULL, NULL, NULL, NULL, NULL, '0.00', 0),
(5503, 123, 0, 'K 73127', 'CYCLAM Mechanical Seal for Raw Water Pump', 0, 0, 0, 0, 0, NULL, NULL, NULL, NULL, NULL, NULL, '0.00', 0),
(5504, 123, 0, 'K 73128', 'Shaft Seal for Bearing Housing K 73111', 0, 0, 0, 0, 0, NULL, NULL, NULL, NULL, NULL, NULL, '0.00', 0),
(5505, 123, 0, 'K 73134', 'Locking Screw for raw water pump casing', 0, 0, 0, 0, 0, NULL, NULL, NULL, NULL, NULL, NULL, '0.00', 0),
(5506, 123, 0, 'K 73123', 'Shaft for Raw Water Pump', 0, 0, 0, 0, 0, NULL, NULL, NULL, NULL, NULL, NULL, '0.00', 0),
(5507, 123, 0, 'K 73136', 'O-Ring for Cover K 73118 and K 73119', 0, 0, 0, 0, 0, NULL, NULL, NULL, NULL, NULL, NULL, '0.00', 0),
(5508, 123, 0, 'K 73137', 'O-ring for Bearing Housing K 73111', 0, 0, 0, 0, 0, NULL, NULL, NULL, NULL, NULL, NULL, '0.00', 0),
(5509, 123, 0, 'K 73139', 'Packing for K 73134', 0, 0, 0, 0, 0, NULL, NULL, NULL, NULL, NULL, NULL, '0.00', 0),
(5510, 107, 0, 'K 74100', 'Fuel Transfer Pump, Complete', 0, 0, 0, 0, 0, NULL, NULL, NULL, NULL, NULL, NULL, '0.00', 0),
(5511, 107, 0, 'K 74102', 'Casing for Fuel Transfer Pump', 0, 0, 0, 0, 0, NULL, NULL, NULL, NULL, NULL, NULL, '0.00', 0),
(5512, 107, 0, 'K 74109', 'Bearing Bush for K 74102, K 74112, and K 74118', 0, 0, 0, 0, 0, NULL, NULL, NULL, NULL, NULL, NULL, '0.00', 0),
(5513, 107, 0, 'K 74112', 'Bearing Housing for Fuel Transfer Pump', 0, 0, 0, 0, 0, NULL, NULL, NULL, NULL, NULL, NULL, '0.00', 0),
(5514, 107, 0, 'K 74118', 'Cover for Fuel Transfer Pump', 0, 0, 0, 0, 0, NULL, NULL, NULL, NULL, NULL, NULL, '0.00', 0),
(5515, 107, 0, 'K 74123', 'Pump Impeller with Drive Shaft', 0, 0, 0, 0, 0, NULL, NULL, NULL, NULL, NULL, NULL, '0.00', 0),
(5516, 107, 0, 'K 74125', 'Pump Impeller for Fuel Transfer Pump', 0, 0, 0, 0, 0, NULL, NULL, NULL, NULL, NULL, NULL, '0.00', 0),
(5517, 107, 0, 'K 74126', 'Gear Wheel for Fuel Transfer Pump', 0, 0, 0, 0, 0, NULL, NULL, NULL, NULL, NULL, NULL, '0.00', 0),
(5518, 107, 0, 'K 74130', 'Packing Ring for Fuel Transfer Pump', 0, 0, 0, 0, 0, NULL, NULL, NULL, NULL, NULL, NULL, '0.00', 0),
(5519, 107, 0, 'K 74131', 'Support Ring for Fuel Transfer Pump', 0, 0, 0, 0, 0, NULL, NULL, NULL, NULL, NULL, NULL, '0.00', 0),
(5520, 107, 0, 'K 74132', 'Thrust Ring for Gear Wheel K 74126', 0, 0, 0, 0, 0, NULL, NULL, NULL, NULL, NULL, NULL, '0.00', 0),
(5521, 107, 0, 'K 74134', 'Valve Body for Fuel Transfer Pump', 0, 0, 0, 0, 0, NULL, NULL, NULL, NULL, NULL, NULL, '0.00', 0),
(5522, 107, 0, 'K 74135', 'Pressure Spring for Fuel Transfer Pump', 0, 0, 0, 0, 0, NULL, NULL, NULL, NULL, NULL, NULL, '0.00', 0),
(5523, 107, 0, 'K 74136', 'Stop for Fuel Transfer Pump', 0, 0, 0, 0, 0, NULL, NULL, NULL, NULL, NULL, NULL, '0.00', 0),
(5524, 107, 0, 'K 74137', 'Packing for Stop K 74136', 0, 0, 0, 0, 0, NULL, NULL, NULL, NULL, NULL, NULL, '0.00', 0),
(5525, 107, 0, 'K 74139', 'Hand Pump Plunger for Fuel Transfer Pump', 0, 0, 0, 0, 0, NULL, NULL, NULL, NULL, NULL, NULL, '0.00', 0),
(5526, 107, 0, 'K 74140', 'Valve Housing for Fuel Transfer Pump', 0, 0, 0, 0, 0, NULL, NULL, NULL, NULL, NULL, NULL, '0.00', 0),
(5527, 107, 0, 'K 74141', 'Locking Screw for Valve Housing K 74140', 0, 0, 0, 0, 0, NULL, NULL, NULL, NULL, NULL, NULL, '0.00', 0),
(5528, 107, 0, 'K 74142', 'Locking Screw for Hand-Pump Plunger K 74139', 0, 0, 0, 0, 0, NULL, NULL, NULL, NULL, NULL, NULL, '0.00', 0),
(5529, 107, 0, 'K 74143', 'Pressure Spring for Locking Screws K 74141 and K 74142', 0, 0, 0, 0, 0, NULL, NULL, NULL, NULL, NULL, NULL, '0.00', 0),
(5530, 107, 0, 'K 74144', 'Stop for Hand-pump Plunger K 74139', 0, 0, 0, 0, 0, NULL, NULL, NULL, NULL, NULL, NULL, '0.00', 0),
(5531, 107, 0, 'K 74145', 'Ring Bolt for Fuel Transfer Pump', 0, 0, 0, 0, 0, NULL, NULL, NULL, NULL, NULL, NULL, '0.00', 0),
(5532, 107, 0, 'K 74149', 'Shaft Seal for K 74123', 0, 0, 0, 0, 0, NULL, NULL, NULL, NULL, NULL, NULL, '0.00', 0),
(5533, 107, 0, 'K 74150', 'O-ring for Casing of Fuel Transfer Pump K 74102', 0, 0, 0, 0, 0, NULL, NULL, NULL, NULL, NULL, NULL, '0.00', 0),
(5534, 107, 0, 'K 74151', 'O-ring for Packing Ring K 74130', 0, 0, 0, 0, 0, NULL, NULL, NULL, NULL, NULL, NULL, '0.00', 0),
(5535, 107, 0, 'K 74152', 'O-ring for Pump Impeller K 74123', 0, 0, 0, 0, 0, NULL, NULL, NULL, NULL, NULL, NULL, '0.00', 0),
(5536, 107, 0, 'K 74153', 'O-ring for K 74139 and K 74140', 0, 0, 0, 0, 0, NULL, NULL, NULL, NULL, NULL, NULL, '0.00', 0),
(5537, 107, 0, 'K 74154', 'Ball for K 74139 and K 74140', 0, 0, 0, 0, 0, NULL, NULL, NULL, NULL, NULL, NULL, '0.00', 0),
(5538, 107, 0, 'K 74155', 'Retaining Ring for Casing K 74102', 0, 0, 0, 0, 0, NULL, NULL, NULL, NULL, NULL, NULL, '0.00', 0),
(5539, 107, 0, 'K 74156', 'Packing Ring for Valve Housing K 74140', 0, 0, 0, 0, 0, NULL, NULL, NULL, NULL, NULL, NULL, '0.00', 0),
(5540, 107, 0, 'K 74157', 'Packing Ring for Locking Screw K 74141', 0, 0, 0, 0, 0, NULL, NULL, NULL, NULL, NULL, NULL, '0.00', 0),
(5541, 143, 0, 'K 81100', 'Exhaust Piping, Complete', 0, 0, 0, 0, 0, NULL, NULL, NULL, NULL, NULL, NULL, '0.00', 0),
(5542, 143, 0, 'K 81101', 'Exhaust Piping for Cylinder 8 L', 0, 0, 0, 0, 0, NULL, NULL, NULL, NULL, NULL, NULL, '0.00', 0),
(5543, 143, 0, 'K 81102', 'Exhaust Pipe 2 for Cylinder 8 L', 0, 0, 0, 0, 0, NULL, NULL, NULL, NULL, NULL, NULL, '0.00', 0),
(5544, 143, 0, 'K 81103', 'Exhaust Pipe for Cylinder 7 L', 0, 0, 0, 0, 0, NULL, NULL, NULL, NULL, NULL, NULL, '0.00', 0),
(5545, 143, 0, 'K 81104', 'Exhaust Piping for Cylinder 6 L', 0, 0, 0, 0, 0, NULL, NULL, NULL, NULL, NULL, NULL, '0.00', 0),
(5546, 143, 0, 'K 81105', 'Exhaust Piping for Cylinder 5 L', 0, 0, 0, 0, 0, NULL, NULL, NULL, NULL, NULL, NULL, '0.00', 0),
(5547, 143, 0, 'K 81106', 'Exhaust Piping for Cylinder 4 L', 0, 0, 0, 0, 0, NULL, NULL, NULL, NULL, NULL, NULL, '0.00', 0),
(5548, 143, 0, 'K 81107', 'Exhaust Piping for Cylinder 3 L', 0, 0, 0, 0, 0, NULL, NULL, NULL, NULL, NULL, NULL, '0.00', 0),
(5549, 143, 0, 'K 81108', 'Exhaust Piping for Cylinder 2 L', 0, 0, 0, 0, 0, NULL, NULL, NULL, NULL, NULL, NULL, '0.00', 0),
(5550, 143, 0, 'K 81109', 'Exhaust Piping for Cylinder 1 L', 0, 0, 0, 0, 0, NULL, NULL, NULL, NULL, NULL, NULL, '0.00', 0),
(5551, 143, 0, 'K 81110', 'Exhaust Piping for Cylinder 6 R', 0, 0, 0, 0, 0, NULL, NULL, NULL, NULL, NULL, NULL, '0.00', 0),
(5552, 143, 0, 'K 81111', 'Exhaust Piping for Cylinder 5 R', 0, 0, 0, 0, 0, NULL, NULL, NULL, NULL, NULL, NULL, '0.00', 0),
(5553, 143, 0, 'K 81112', 'Exhaust Piping for Cylinder 4 R', 0, 0, 0, 0, 0, NULL, NULL, NULL, NULL, NULL, NULL, '0.00', 0),
(5554, 143, 0, 'K 81113', 'Exhaust Piping for Cylinder 3 R', 0, 0, 0, 0, 0, NULL, NULL, NULL, NULL, NULL, NULL, '0.00', 0),
(5555, 143, 0, 'K 81114', 'Exhaust Piping for Cylinder 2 R', 0, 0, 0, 0, 0, NULL, NULL, NULL, NULL, NULL, NULL, '0.00', 0),
(5556, 143, 0, 'K 81115', 'Exhaust Piping for Cylinder 1 R', 0, 0, 0, 0, 0, NULL, NULL, NULL, NULL, NULL, NULL, '0.00', 0),
(5557, 143, 0, 'K 81123', 'Pulse Converter for Cylinder 3, 4, 5 and 6L', 0, 0, 0, 0, 0, NULL, NULL, NULL, NULL, NULL, NULL, '0.00', 0),
(5558, 143, 0, 'K 81124', 'Pulse Converter for Cylinder 1, 2, 7 and 8R', 0, 0, 0, 0, 0, NULL, NULL, NULL, NULL, NULL, NULL, '0.00', 0),
(5559, 143, 0, 'K 81125', 'Pulse Converter for Cylinder 3, 4, 5 and 6R', 0, 0, 0, 0, 0, NULL, NULL, NULL, NULL, NULL, NULL, '0.00', 0),
(5560, 143, 0, 'K 81127', 'Flange for Exhaust Piping', 0, 0, 0, 0, 0, NULL, NULL, NULL, NULL, NULL, NULL, '0.00', 0),
(5561, 143, 0, 'K 81130', 'Spiral Asbestos Gasket for Exhaust Piping', 0, 0, 0, 0, 0, NULL, NULL, NULL, NULL, NULL, NULL, '0.00', 0),
(5562, 143, 0, 'K 81132', 'Exhaust Bend (Left) for Exhaust Piping', 0, 0, 0, 0, 0, NULL, NULL, NULL, NULL, NULL, NULL, '0.00', 0),
(5563, 143, 0, 'K 81133', 'Exhaust Bend (Right) for Exhaust Piping', 0, 0, 0, 0, 0, NULL, NULL, NULL, NULL, NULL, NULL, '0.00', 0),
(5564, 143, 0, 'K 81134', 'Air Supply Pipe for Exhaust Bends K 81132 and K 81133', 0, 0, 0, 0, 0, NULL, NULL, NULL, NULL, NULL, NULL, '0.00', 0),
(5565, 143, 0, 'K 81136', 'Expansion Piece 6 Corrogations 230 dia.', 0, 0, 0, 0, 0, NULL, NULL, NULL, NULL, NULL, NULL, '0.00', 0),
(5566, 143, 0, 'K 81137', 'Expansion Piece 9 Corrogations', 0, 0, 0, 0, 0, NULL, NULL, NULL, NULL, NULL, NULL, '0.00', 0),
(5567, 143, 0, 'K 81138', 'Expansion Piece for Exhaust Piping -10 Corrugations', 0, 0, 0, 0, 0, NULL, NULL, NULL, NULL, NULL, NULL, '0.00', 0),
(5568, 143, 0, 'K 81139', 'Expansion Piece 11 Corrogations', 0, 0, 0, 0, 0, NULL, NULL, NULL, NULL, NULL, NULL, '0.00', 0),
(5569, 143, 0, 'K 81140', 'Ring, Two Part, for Exhaust Piping K81140', 0, 0, 0, 0, 0, NULL, NULL, NULL, NULL, NULL, NULL, '0.00', 0),
(5570, 143, 0, 'K 81145', 'Ring, Two Parts for Exhaust Piping K81145', 0, 0, 0, 0, 0, NULL, NULL, NULL, NULL, NULL, NULL, '0.00', 0),
(5571, 143, 0, 'K 81150', 'Ring, Two Part for Exhaust Piping K81150', 0, 0, 0, 0, 0, NULL, NULL, NULL, NULL, NULL, NULL, '0.00', 0),
(5572, 143, 0, 'K 81161', 'Guide Sleeve for Guide Element', 0, 0, 0, 0, 0, NULL, NULL, NULL, NULL, NULL, NULL, '0.00', 0),
(5573, 143, 0, 'K 81162', 'Guide Bolt for Guide Element', 0, 0, 0, 0, 0, NULL, NULL, NULL, NULL, NULL, NULL, '0.00', 0),
(5574, 143, 0, 'K 81163', 'Guide for Element (Attachment Shaft)', 0, 0, 0, 0, 0, NULL, NULL, NULL, NULL, NULL, NULL, '0.00', 0),
(5575, 143, 0, 'K 81165', 'Clamping Piece for Guide Element', 0, 0, 0, 0, 0, NULL, NULL, NULL, NULL, NULL, NULL, '0.00', 0),
(5576, 143, 0, 'K 81166', 'Weld-on Piece for Guide Element', 0, 0, 0, 0, 0, NULL, NULL, NULL, NULL, NULL, NULL, '0.00', 0),
(5577, 143, 0, 'K 81169', 'Erection Support for Exhaust Piping', 0, 0, 0, 0, 0, NULL, NULL, NULL, NULL, NULL, NULL, '0.00', 0),
(5578, 143, 0, 'K 81170', 'Erection Support for Exhaust Piping', 0, 0, 0, 0, 0, NULL, NULL, NULL, NULL, NULL, NULL, '0.00', 0),
(5579, 143, 0, 'K 81183', 'Weld-on Piece for Exhaust Piping', 0, 0, 0, 0, 0, NULL, NULL, NULL, NULL, NULL, NULL, '0.00', 0),
(5580, 143, 0, 'K 81184', 'Clamping Piece for support  K 81260', 0, 0, 0, 0, 0, NULL, NULL, NULL, NULL, NULL, NULL, '0.00', 0),
(5581, 143, 0, 'K 81185', 'Clamping Piece for Support K 81260', 0, 0, 0, 0, 0, NULL, NULL, NULL, NULL, NULL, NULL, '0.00', 0),
(5582, 143, 0, 'K 81190', 'Nut for Threaded Pin K 81192 and for Support K 81260', 0, 0, 0, 0, 0, NULL, NULL, NULL, NULL, NULL, NULL, '0.00', 0),
(5583, 143, 0, 'K 81192', 'Threaded Pin for Support K 81260', 0, 0, 0, 0, 0, NULL, NULL, NULL, NULL, NULL, NULL, '0.00', 0),
(5584, 143, 0, 'K 81197', 'Insulation for Exhaust Piping', 0, 0, 0, 0, 0, NULL, NULL, NULL, NULL, NULL, NULL, '0.00', 0),
(5585, 143, 0, 'K 81258', 'Screw Plug for Exhaust Piping', 0, 0, 0, 0, 0, NULL, NULL, NULL, NULL, NULL, NULL, '0.00', 0),
(5586, 143, 0, 'K 81259', 'Joint Ring for Screw Plug K 81258', 0, 0, 0, 0, 0, NULL, NULL, NULL, NULL, NULL, NULL, '0.00', 0),
(5587, 143, 0, 'K 81260', 'Exhaust Piping Support, Complete', 0, 0, 0, 0, 0, NULL, NULL, NULL, NULL, NULL, NULL, '0.00', 0),
(5588, 143, 0, 'K 81261', 'Clamping Piece for Support K 81260', 0, 0, 0, 0, 0, NULL, NULL, NULL, NULL, NULL, NULL, '0.00', 0),
(5589, 143, 0, 'K 81262', 'Connecting Piece for Support K 81260', 0, 0, 0, 0, 0, NULL, NULL, NULL, NULL, NULL, NULL, '0.00', 0),
(5590, 143, 0, 'K 81264', 'Hinge for Support K 81260', 0, 0, 0, 0, 0, NULL, NULL, NULL, NULL, NULL, NULL, '0.00', 0),
(5591, 143, 0, 'K 81265', 'Sleeve for Hinge K 81264', 0, 0, 0, 0, 0, NULL, NULL, NULL, NULL, NULL, NULL, '0.00', 0),
(5592, 143, 0, 'K 81178', 'Locking Screw for Exhaust Elbow K 81132 and K 81133', 0, 0, 0, 0, 0, NULL, NULL, NULL, NULL, NULL, NULL, '0.00', 0),
(5593, 143, 0, 'K 81179', 'Sealing Ring for Locking Screw K 81178', 0, 0, 0, 0, 0, NULL, NULL, NULL, NULL, NULL, NULL, '0.00', 0),
(5594, 82, 0, 'K 81201', 'Screening Plate for Exhaust Piping', 0, 0, 0, 0, 0, NULL, NULL, NULL, NULL, NULL, NULL, '0.00', 0),
(5595, 82, 0, 'K 81210', 'Protective Plate for Exhaust Piping', 0, 0, 0, 0, 0, NULL, NULL, NULL, NULL, NULL, NULL, '0.00', 0),
(5596, 82, 0, 'K 81215', 'Protective Plate for Exhaust Piping', 0, 0, 0, 0, 0, NULL, NULL, NULL, NULL, NULL, NULL, '0.00', 0),
(5597, 82, 0, 'K 81216', 'Support Bracket for Screening Plate', 0, 0, 0, 0, 0, NULL, NULL, NULL, NULL, NULL, NULL, '0.00', 0),
(5598, 82, 0, 'K 81217', 'Protective Plate for Exhaust Piping', 0, 0, 0, 0, 0, NULL, NULL, NULL, NULL, NULL, NULL, '0.00', 0),
(5599, 82, 0, 'K 81225', 'Protective Plate for Exhaust Piping', 0, 0, 0, 0, 0, NULL, NULL, NULL, NULL, NULL, NULL, '0.00', 0),
(5600, 82, 0, 'K 81231', 'Asbestos Cloth for the Protective Plates K 81217 and K 81225', 0, 0, 0, 0, 0, NULL, NULL, NULL, NULL, NULL, NULL, '0.00', 0),
(5601, 82, 0, 'K 81451', 'Casings Complete for Exhaust Piping', 0, 0, 0, 0, 0, NULL, NULL, NULL, NULL, NULL, NULL, '0.00', 0),
(5602, 82, 0, 'K 81452', 'Metal Jacket for Casings K 81351', 0, 0, 0, 0, 0, NULL, NULL, NULL, NULL, NULL, NULL, '0.00', 0),
(5603, 82, 0, 'K 81473', 'Upper Insulating Plate for K 81451 and K 81491', 0, 0, 0, 0, 0, NULL, NULL, NULL, NULL, NULL, NULL, '0.00', 0),
(5604, 82, 0, 'K 81474', 'Upper Insulating Plate for K 81451 and K 81491', 0, 0, 0, 0, 0, NULL, NULL, NULL, NULL, NULL, NULL, '0.00', 0),
(5605, 82, 0, 'K 81475', 'Upper Insulating Plate for K 81451 and K 81491', 0, 0, 0, 0, 0, NULL, NULL, NULL, NULL, NULL, NULL, '0.00', 0),
(5606, 82, 0, 'K 81476', 'Central Insulating Plate for K 81451 and K 81491', 0, 0, 0, 0, 0, NULL, NULL, NULL, NULL, NULL, NULL, '0.00', 0),
(5607, 82, 0, 'K 81477', 'Lower Insulating Plate for K 81451 and K 81491', 0, 0, 0, 0, 0, NULL, NULL, NULL, NULL, NULL, NULL, '0.00', 0),
(5608, 82, 0, 'K 81478', 'Lower Insulating Plate for K 81451 and K 81491', 0, 0, 0, 0, 0, NULL, NULL, NULL, NULL, NULL, NULL, '0.00', 0),
(5609, 82, 0, 'K 81479', 'Central Insulating Plate for K 81451 and K 81491', 0, 0, 0, 0, 0, NULL, NULL, NULL, NULL, NULL, NULL, '0.00', 0),
(5610, 82, 0, 'K 81482', 'Clips for Insulating Pins', 0, 0, 0, 0, 0, NULL, NULL, NULL, NULL, NULL, NULL, '0.00', 0),
(5611, 82, 0, 'K 81483', 'Cap for Insulating Pins', 0, 0, 0, 0, 0, NULL, NULL, NULL, NULL, NULL, NULL, '0.00', 0),
(5612, 82, 0, 'K 81491', 'Casings Complete for Exhaust Piping', 0, 0, 0, 0, 0, NULL, NULL, NULL, NULL, NULL, NULL, '0.00', 0),
(5613, 82, 0, 'K 81492', 'Metal Jacket for Casings K 81491', 0, 0, 0, 0, 0, NULL, NULL, NULL, NULL, NULL, NULL, '0.00', 0),
(5614, 82, 0, 'K 81530', 'Casings Complete for Exhaust Piping', 0, 0, 0, 0, 0, NULL, NULL, NULL, NULL, NULL, NULL, '0.00', 0),
(5615, 82, 0, 'K 81531', 'Metal Jacket for Casings K 81530', 0, 0, 0, 0, 0, NULL, NULL, NULL, NULL, NULL, NULL, '0.00', 0),
(5616, 82, 0, 'K 81553', 'Central Insulating Plate for K 81530', 0, 0, 0, 0, 0, NULL, NULL, NULL, NULL, NULL, NULL, '0.00', 0),
(5617, 82, 0, 'K 81554', 'Upper Insulating Plate for K 81530', 0, 0, 0, 0, 0, NULL, NULL, NULL, NULL, NULL, NULL, '0.00', 0),
(5618, 82, 0, 'K 81555', 'Lower Insulating Plate for K 81530', 0, 0, 0, 0, 0, NULL, NULL, NULL, NULL, NULL, NULL, '0.00', 0),
(5619, 82, 0, 'K 81560', 'Casings for K 81451 and K 81491', 0, 0, 0, 0, 0, NULL, NULL, NULL, NULL, NULL, NULL, '0.00', 0),
(5620, 82, 0, 'K 81565', 'Casings for K 81451 and K 81530', 0, 0, 0, 0, 0, NULL, NULL, NULL, NULL, NULL, NULL, '0.00', 0),
(5621, 82, 0, 'K 81571', 'End Plate for K 81491', 0, 0, 0, 0, 0, NULL, NULL, NULL, NULL, NULL, NULL, '0.00', 0),
(5622, 82, 0, 'K 81576', 'Casings for K 81530', 0, 0, 0, 0, 0, NULL, NULL, NULL, NULL, NULL, NULL, '0.00', 0),
(5623, 82, 0, 'K 81581', 'Support for the Casings K 81451 and K 81491', 0, 0, 0, 0, 0, NULL, NULL, NULL, NULL, NULL, NULL, '0.00', 0),
(5624, 82, 0, 'K 81585', 'Fixture for End Plate K 81571', 0, 0, 0, 0, 0, NULL, NULL, NULL, NULL, NULL, NULL, '0.00', 0);
INSERT INTO `items` (`item_id`, `category_id`, `subcat_id`, `original_pn`, `item_name`, `unit_id`, `group_id`, `location_id`, `bin_id`, `warehouse_id`, `rack_id`, `barcode`, `expiration`, `picture1`, `picture2`, `picture3`, `min_qty`, `damage`) VALUES
(5625, 83, 0, 'K 81601', 'Casings Complete for Exhaust Piping', 0, 0, 0, 0, 0, NULL, NULL, NULL, NULL, NULL, NULL, '0.00', 0),
(5626, 83, 0, 'K 81602', 'Metal Jacket for Casings K 81601', 0, 0, 0, 0, 0, NULL, NULL, NULL, NULL, NULL, NULL, '0.00', 0),
(5627, 83, 0, 'K 81640', 'Casings Complete for Exhaust Piping', 0, 0, 0, 0, 0, NULL, NULL, NULL, NULL, NULL, NULL, '0.00', 0),
(5628, 83, 0, 'K 81641', 'Metal Jacket for Casings K 81640', 0, 0, 0, 0, 0, NULL, NULL, NULL, NULL, NULL, NULL, '0.00', 0),
(5629, 83, 0, 'K 81664', 'Upper Insulating Plate for K 81640', 0, 0, 0, 0, 0, NULL, NULL, NULL, NULL, NULL, NULL, '0.00', 0),
(5630, 83, 0, 'K 81665', 'Lower Insulating Plate for K 81640', 0, 0, 0, 0, 0, NULL, NULL, NULL, NULL, NULL, NULL, '0.00', 0),
(5631, 83, 0, 'K 81666', 'Tapered Insulating Plate for K 81640', 0, 0, 0, 0, 0, NULL, NULL, NULL, NULL, NULL, NULL, '0.00', 0),
(5632, 83, 0, 'K 81667', 'Lower Insulating Plate for K 81640', 0, 0, 0, 0, 0, NULL, NULL, NULL, NULL, NULL, NULL, '0.00', 0),
(5633, 83, 0, 'K 81680', 'Casings for K 81640 and K 81451', 0, 0, 0, 0, 0, NULL, NULL, NULL, NULL, NULL, NULL, '0.00', 0),
(5634, 83, 0, 'K 81688', 'End Plate for Casings K 81601', 0, 0, 0, 0, 0, NULL, NULL, NULL, NULL, NULL, NULL, '0.00', 0),
(5635, 83, 0, 'K 81693', 'Casings for K 81640', 0, 0, 0, 0, 0, NULL, NULL, NULL, NULL, NULL, NULL, '0.00', 0),
(5636, 83, 0, 'K 81697', 'Fixture for End Plate K 81688', 0, 0, 0, 0, 0, NULL, NULL, NULL, NULL, NULL, NULL, '0.00', 0),
(5637, 83, 0, 'K 81702', 'Support for Casings K 81640', 0, 0, 0, 0, 0, NULL, NULL, NULL, NULL, NULL, NULL, '0.00', 0),
(5638, 142, 0, 'K 84462', 'Visual Flow Control, Six-Positioned, Complete', 0, 0, 0, 0, 0, NULL, NULL, NULL, NULL, NULL, NULL, '0.00', 0),
(5639, 142, 0, 'K 84463', 'Visual Flow Control, Eight-Positioned, Complete', 0, 0, 0, 0, 0, NULL, NULL, NULL, NULL, NULL, NULL, '0.00', 0),
(5640, 142, 0, 'K 84464', 'Visual Flow Control, Six-Positioned', 0, 0, 0, 0, 0, NULL, NULL, NULL, NULL, NULL, NULL, '0.00', 0),
(5641, 142, 0, 'K 84465', 'Visual Flow Control, Eight-Positioned', 0, 0, 0, 0, 0, NULL, NULL, NULL, NULL, NULL, NULL, '0.00', 0),
(5642, 142, 0, 'K 84467', 'Double Initiator for Visual Flow Control', 0, 0, 0, 0, 0, NULL, NULL, NULL, NULL, NULL, NULL, '0.00', 0),
(5643, 142, 0, 'K 84468', 'Threaded Union for Visual Flow Control', 0, 0, 0, 0, 0, NULL, NULL, NULL, NULL, NULL, NULL, '0.00', 0),
(5644, 142, 0, 'K 84469', 'Tapered Connection Sleeve for Visual Flow Control', 0, 0, 0, 0, 0, NULL, NULL, NULL, NULL, NULL, NULL, '0.00', 0),
(5645, 142, 0, 'K 84470', 'Connection Bend for Visual Flow Control', 0, 0, 0, 0, 0, NULL, NULL, NULL, NULL, NULL, NULL, '0.00', 0),
(5646, 142, 0, 'K 84471', 'Nameplate for Cylinder Lubrication', 0, 0, 0, 0, 0, NULL, NULL, NULL, NULL, NULL, NULL, '0.00', 0),
(5647, 124, 0, 'K 86050', 'Relief Valve, Complete for Starting Air Line', 0, 0, 0, 0, 0, NULL, NULL, NULL, NULL, NULL, NULL, '0.00', 0),
(5648, 124, 0, 'K 86051', 'Spring Housing for Relief Valve', 0, 0, 0, 0, 0, NULL, NULL, NULL, NULL, NULL, NULL, '0.00', 0),
(5649, 124, 0, 'K 86052', 'Valve Seat for Relief Valve', 0, 0, 0, 0, 0, NULL, NULL, NULL, NULL, NULL, NULL, '0.00', 0),
(5650, 124, 0, 'K 86053', 'Valve Body for Relief Valve', 0, 0, 0, 0, 0, NULL, NULL, NULL, NULL, NULL, NULL, '0.00', 0),
(5651, 124, 0, 'K 86055', 'Pressure Spring for Relief Valve', 0, 0, 0, 0, 0, NULL, NULL, NULL, NULL, NULL, NULL, '0.00', 0),
(5652, 124, 0, 'K 86056', 'Shim for Relief Valve', 0, 0, 0, 0, 0, NULL, NULL, NULL, NULL, NULL, NULL, '0.00', 0),
(5653, 121, 0, 'K 87085', 'Pressure Regulating Valve, Complete', 0, 0, 0, 0, 0, NULL, NULL, NULL, NULL, NULL, NULL, '0.00', 0),
(5654, 121, 0, 'K 87086', 'Housing for Pressure Regulating Valve', 0, 0, 0, 0, 0, NULL, NULL, NULL, NULL, NULL, NULL, '0.00', 0),
(5655, 121, 0, 'K 87087', 'Sleeve for Pressure Regulating Valve', 0, 0, 0, 0, 0, NULL, NULL, NULL, NULL, NULL, NULL, '0.00', 0),
(5656, 121, 0, 'K 87088', 'Spindle for Pressure Regulating Valve', 0, 0, 0, 0, 0, NULL, NULL, NULL, NULL, NULL, NULL, '0.00', 0),
(5657, 121, 0, 'K 87089', 'Spring Plate for Pressure Regulating Valve', 0, 0, 0, 0, 0, NULL, NULL, NULL, NULL, NULL, NULL, '0.00', 0),
(5658, 121, 0, 'K 87090', 'Flange for Pressure Regulating Valve', 0, 0, 0, 0, 0, NULL, NULL, NULL, NULL, NULL, NULL, '0.00', 0),
(5659, 121, 0, 'K 87091', 'Spring for Pressure Regulating Valve', 0, 0, 0, 0, 0, NULL, NULL, NULL, NULL, NULL, NULL, '0.00', 0),
(5660, 121, 0, 'K 87092', 'Locking Ring Type J for Housing K 87086', 0, 0, 0, 0, 0, NULL, NULL, NULL, NULL, NULL, NULL, '0.00', 0),
(5661, 121, 0, 'K 87093', 'Lock Nut for Spindle K 87088', 0, 0, 0, 0, 0, NULL, NULL, NULL, NULL, NULL, NULL, '0.00', 0),
(5662, 121, 0, 'K 87094', 'O-ring for Housing K 87086', 0, 0, 0, 0, 0, NULL, NULL, NULL, NULL, NULL, NULL, '0.00', 0),
(5663, 121, 0, 'K 87095', 'Pipe Branch for Pressure Regulating Valve', 0, 0, 0, 0, 0, NULL, NULL, NULL, NULL, NULL, NULL, '0.00', 0),
(5664, 121, 0, 'K 87098', 'Square Joint for Pipe Branch K 8095', 0, 0, 0, 0, 0, NULL, NULL, NULL, NULL, NULL, NULL, '0.00', 0),
(5665, 106, 0, 'K 87160', 'Fuel Supply Pipe', 0, 0, 0, 0, 0, NULL, NULL, NULL, NULL, NULL, NULL, '0.00', 0),
(5666, 106, 0, 'K 87161', 'Fuel Discharge Pipe', 0, 0, 0, 0, 0, NULL, NULL, NULL, NULL, NULL, NULL, '0.00', 0),
(5667, 106, 0, 'K 87162', 'SERTO Screwed Union for Fuel Pipe', 0, 0, 0, 0, 0, NULL, NULL, NULL, NULL, NULL, NULL, '0.00', 0),
(5668, 106, 0, 'K 87163', 'SERTO Connecting Nut for Fuel Pipe', 0, 0, 0, 0, 0, NULL, NULL, NULL, NULL, NULL, NULL, '0.00', 0),
(5669, 106, 0, 'K 87164', 'SERTO Clamping Ring for fuel pipe', 0, 0, 0, 0, 0, NULL, NULL, NULL, NULL, NULL, NULL, '0.00', 0),
(5670, 106, 0, 'K 87165', 'Block-ball cock for fuel pipe', 0, 0, 0, 0, 0, NULL, NULL, NULL, NULL, NULL, NULL, '0.00', 0),
(5671, 106, 0, 'K 87166', 'Hollow Screw for Fuel Pipe', 0, 0, 0, 0, 0, NULL, NULL, NULL, NULL, NULL, NULL, '0.00', 0),
(5672, 134, 0, 'K 92021', 'Thermometer L = 30 mm', 0, 0, 0, 0, 0, NULL, NULL, NULL, NULL, NULL, NULL, '0.00', 0),
(5673, 134, 0, 'K 92022', 'Thermometer L = 55 mm', 0, 0, 0, 0, 0, NULL, NULL, NULL, NULL, NULL, NULL, '0.00', 0),
(5674, 134, 0, 'K 92023', 'Thermometer L = 63 mm', 0, 0, 0, 0, 0, NULL, NULL, NULL, NULL, NULL, NULL, '0.00', 0),
(5675, 134, 0, 'K 92024', 'Thermometer L = 80 mm', 0, 0, 0, 0, 0, NULL, NULL, NULL, NULL, NULL, NULL, '0.00', 0),
(5676, 134, 0, 'K 92025', 'Thermometer L = 110 mm', 0, 0, 0, 0, 0, NULL, NULL, NULL, NULL, NULL, NULL, '0.00', 0),
(5677, 134, 0, 'K 92026', 'Thermometer L = 225 mm', 0, 0, 0, 0, 0, NULL, NULL, NULL, NULL, NULL, NULL, '0.00', 0),
(5678, 134, 0, 'K 92030', 'Joint Ring for Thermometer', 0, 0, 0, 0, 0, NULL, NULL, NULL, NULL, NULL, NULL, '0.00', 0),
(5679, 112, 0, 'K 92100', 'Instrument Panel, Attachment', 0, 0, 0, 0, 0, NULL, NULL, NULL, NULL, NULL, NULL, '0.00', 0),
(5680, 112, 0, 'K 92101', 'Instrument Panel, Complete', 0, 0, 0, 0, 0, NULL, NULL, NULL, NULL, NULL, NULL, '0.00', 0),
(5681, 112, 0, 'K 92102', 'Instrument Plate for Instrument Panel', 0, 0, 0, 0, 0, NULL, NULL, NULL, NULL, NULL, NULL, '0.00', 0),
(5682, 112, 0, 'K 92105', 'Casing for Instrument Panel', 0, 0, 0, 0, 0, NULL, NULL, NULL, NULL, NULL, NULL, '0.00', 0),
(5683, 112, 0, 'K 92106', 'Covering Plate for Instrument Panel', 0, 0, 0, 0, 0, NULL, NULL, NULL, NULL, NULL, NULL, '0.00', 0),
(5684, 112, 0, 'K 92108', 'Cover for Instrument Panel', 0, 0, 0, 0, 0, NULL, NULL, NULL, NULL, NULL, NULL, '0.00', 0),
(5685, 112, 0, 'K 92109', 'Frame for Instrument Panel', 0, 0, 0, 0, 0, NULL, NULL, NULL, NULL, NULL, NULL, '0.00', 0),
(5686, 112, 0, 'K 92112', 'Manometer for Instrument Panel', 0, 0, 0, 0, 0, NULL, NULL, NULL, NULL, NULL, NULL, '0.00', 0),
(5687, 112, 0, 'K 92113', 'Manometer for Instrument Panel', 0, 0, 0, 0, 0, NULL, NULL, NULL, NULL, NULL, NULL, '0.00', 0),
(5688, 112, 0, 'K 92115', 'Manometer for Instrument Panel', 0, 0, 0, 0, 0, NULL, NULL, NULL, NULL, NULL, NULL, '0.00', 0),
(5689, 112, 0, 'K 92116', 'Luminous Key for the Instrumentation Panel', 0, 0, 0, 0, 0, NULL, NULL, NULL, NULL, NULL, NULL, '0.00', 0),
(5690, 112, 0, 'K 92117', 'Indicating Instrument for Tachometer (for Reversible Engines)', 0, 0, 0, 0, 0, NULL, NULL, NULL, NULL, NULL, NULL, '0.00', 0),
(5691, 112, 0, 'K 92118', 'Indicating Instrument for Tachometer (for Non-reversible Engines)', 0, 0, 0, 0, 0, NULL, NULL, NULL, NULL, NULL, NULL, '0.00', 0),
(5692, 112, 0, 'K 92121', 'Inscription Plate for Instrument Panel', 0, 0, 0, 0, 0, NULL, NULL, NULL, NULL, NULL, NULL, '0.00', 0),
(5693, 112, 0, 'K 92122', 'Inscription Plate for Instrument Panel', 0, 0, 0, 0, 0, NULL, NULL, NULL, NULL, NULL, NULL, '0.00', 0),
(5694, 112, 0, 'K 92123', 'Inscription Plate for Instrument Panel', 0, 0, 0, 0, 0, NULL, NULL, NULL, NULL, NULL, NULL, '0.00', 0),
(5695, 112, 0, 'K 92124', 'Inscription Plate for Instrument Panel', 0, 0, 0, 0, 0, NULL, NULL, NULL, NULL, NULL, NULL, '0.00', 0),
(5696, 112, 0, 'K 92126', 'Inscription Plate for Instrument Panel', 0, 0, 0, 0, 0, NULL, NULL, NULL, NULL, NULL, NULL, '0.00', 0),
(5697, 112, 0, 'K 92130', 'Precision Tube for Instrument Panel', 0, 0, 0, 0, 0, NULL, NULL, NULL, NULL, NULL, NULL, '0.00', 0),
(5698, 112, 0, 'K 92140', 'Cover for Instrument Panel', 0, 0, 0, 0, 0, NULL, NULL, NULL, NULL, NULL, NULL, '0.00', 0),
(5699, 112, 0, 'K 92141', 'Lamp Mounting for the Instrumentation Panel', 0, 0, 0, 0, 0, NULL, NULL, NULL, NULL, NULL, NULL, '0.00', 0),
(5700, 112, 0, 'K 92147', 'Joint Ring for SERTO Manometer Screw Connections', 0, 0, 0, 0, 0, NULL, NULL, NULL, NULL, NULL, NULL, '0.00', 0),
(5701, 112, 0, 'K 92150', 'Mounting for Instrument Panel (for Non-reversible engines)', 0, 0, 0, 0, 0, NULL, NULL, NULL, NULL, NULL, NULL, '0.00', 0),
(5702, 112, 0, 'K 92151', 'Mounting for Instrument Panel (for Reversible engines)', 0, 0, 0, 0, 0, NULL, NULL, NULL, NULL, NULL, NULL, '0.00', 0),
(5703, 112, 0, 'K 92155', 'Support for Instrument Panel (ZL 40)', 0, 0, 0, 0, 0, NULL, NULL, NULL, NULL, NULL, NULL, '0.00', 0),
(5704, 112, 0, 'K 92158', 'Support for Instrument Panel (ZL 40)', 0, 0, 0, 0, 0, NULL, NULL, NULL, NULL, NULL, NULL, '0.00', 0),
(5705, 112, 0, 'K 92160', 'Bolts for Instrument Panel', 0, 0, 0, 0, 0, NULL, NULL, NULL, NULL, NULL, NULL, '0.00', 0),
(5706, 112, 0, 'K 92161', 'Mounting for Fine Regulating Valves K 92165 and K 92166', 0, 0, 0, 0, 0, NULL, NULL, NULL, NULL, NULL, NULL, '0.00', 0),
(5707, 112, 0, 'K 92164', 'All-metal Hose for Instrument Panel', 0, 0, 0, 0, 0, NULL, NULL, NULL, NULL, NULL, NULL, '0.00', 0),
(5708, 112, 0, 'K 92165', 'Fine Regulating Valve, Complete, with Connecting for Fittings', 0, 0, 0, 0, 0, NULL, NULL, NULL, NULL, NULL, NULL, '0.00', 0),
(5709, 112, 0, 'K 92166', 'Fine Regulating Valve, Complete', 0, 0, 0, 0, 0, NULL, NULL, NULL, NULL, NULL, NULL, '0.00', 0),
(5710, 112, 0, 'K 92167', 'Standard Compression Spring for Bolts K 92160', 0, 0, 0, 0, 0, NULL, NULL, NULL, NULL, NULL, NULL, '0.00', 0),
(5711, 112, 0, 'K 92175', 'Sealing for Instrument Panel', 0, 0, 0, 0, 0, NULL, NULL, NULL, NULL, NULL, NULL, '0.00', 0),
(5712, 116, 0, 'K 93100', 'GRAVINER Oil Mist Controller, Complete', 0, 0, 0, 0, 0, NULL, NULL, NULL, NULL, NULL, NULL, '0.00', 0),
(5713, 116, 0, 'K 93101', 'Driving Space-monitoring Device, complete', 0, 0, 0, 0, 0, NULL, NULL, NULL, NULL, NULL, NULL, '0.00', 0),
(5714, 116, 0, 'K 93102', 'Cover for Driving Space-monitoring device, Complete', 0, 0, 0, 0, 0, NULL, NULL, NULL, NULL, NULL, NULL, '0.00', 0),
(5715, 116, 0, 'K 93103', 'Pipe for Oil Mist Controller', 0, 0, 0, 0, 0, NULL, NULL, NULL, NULL, NULL, NULL, '0.00', 0),
(5716, 116, 0, 'K 93112', 'Screw Plug for Oil Mist Controller', 0, 0, 0, 0, 0, NULL, NULL, NULL, NULL, NULL, NULL, '0.00', 0),
(5717, 116, 0, 'K 93113', 'Screw Plug for Oil Mist Controller', 0, 0, 0, 0, 0, NULL, NULL, NULL, NULL, NULL, NULL, '0.00', 0),
(5718, 116, 0, 'K 93116', 'Packing Ring for K 93112', 0, 0, 0, 0, 0, NULL, NULL, NULL, NULL, NULL, NULL, '0.00', 0),
(5719, 116, 0, 'K 93117', 'Packing Ring for K 93113', 0, 0, 0, 0, 0, NULL, NULL, NULL, NULL, NULL, NULL, '0.00', 0),
(5720, 116, 0, 'K 93119', 'Serto-screwed Union with Jet for Oil Mist Controller', 0, 0, 0, 0, 0, NULL, NULL, NULL, NULL, NULL, NULL, '0.00', 0),
(5721, 133, 0, 'TG-01', 'Tachogenerator, D-90429, Number Type, Type GZ-121-B, LK 39918/001 1500 1 Min. 1 MA, 60VAC, Norris', 0, 0, 0, 0, 0, NULL, NULL, NULL, NULL, NULL, NULL, '0.00', 0),
(5722, 98, 0, 'ECV-01', 'Valve 130H', 0, 0, 0, 0, 0, NULL, NULL, NULL, NULL, NULL, NULL, '0.00', 0),
(5723, 98, 0, 'ECV-03', 'Valve 130HL', 0, 0, 0, 0, 0, NULL, NULL, NULL, NULL, NULL, NULL, '0.00', 0),
(5724, 98, 0, 'ECV-04', 'Valve 131HA', 0, 0, 0, 0, 0, NULL, NULL, NULL, NULL, NULL, NULL, '0.00', 0),
(5725, 98, 0, 'ECV-05', 'Valve 53HA', 0, 0, 0, 0, 0, NULL, NULL, NULL, NULL, NULL, NULL, '0.00', 0),
(5726, 98, 0, 'ECV-06', 'Valve 50H', 0, 0, 0, 0, 0, NULL, NULL, NULL, NULL, NULL, NULL, '0.00', 0),
(5727, 98, 0, 'ECV-07', 'Air Filter 120HA', 0, 0, 0, 0, 0, NULL, NULL, NULL, NULL, NULL, NULL, '0.00', 0),
(5728, 98, 0, 'ECV-08', 'Air Filter 120HB', 0, 0, 0, 0, 0, NULL, NULL, NULL, NULL, NULL, NULL, '0.00', 0),
(5729, 98, 0, 'ECV-09', 'Repair Kit for Type:999, no. 7,2-32 Bar, PN 113.425.01', 0, 0, 0, 0, 0, NULL, NULL, NULL, NULL, NULL, NULL, '0.00', 0),
(5730, 98, 0, '_1023', 'Cover for Stud Bolt', 0, 0, 0, 0, 0, NULL, NULL, NULL, NULL, NULL, NULL, '0.00', 0),
(5731, 139, 0, '_1024', 'Tubular Seal 15mm x 1.5mm', 0, 0, 0, 0, 0, NULL, NULL, NULL, NULL, NULL, NULL, '0.00', 0),
(5732, 139, 0, '_1025', 'Tubular Seal 15mm x 1.8mm', 0, 0, 0, 0, 0, NULL, NULL, NULL, NULL, NULL, NULL, '0.00', 0),
(5733, 139, 0, '_1026', 'Tubular Seal 15mm x 1.85mm', 0, 0, 0, 0, 0, NULL, NULL, NULL, NULL, NULL, NULL, '0.00', 0),
(5734, 139, 0, '_1027', 'Tubular Seal 15mm x 2mm', 0, 0, 0, 0, 0, NULL, NULL, NULL, NULL, NULL, NULL, '0.00', 0),
(5735, 139, 0, '_1028', 'Tubular Seal 15mm x 2.15mm', 0, 0, 0, 0, 0, NULL, NULL, NULL, NULL, NULL, NULL, '0.00', 0),
(5736, 139, 0, '_1029', 'Tubular Seal 15mm x 2.2mm', 0, 0, 0, 0, 0, NULL, NULL, NULL, NULL, NULL, NULL, '0.00', 0);

-- --------------------------------------------------------

--
-- Table structure for table `item_categories`
--

CREATE TABLE IF NOT EXISTS `item_categories` (
`cat_id` int(11) NOT NULL,
  `cat_code` varchar(100) DEFAULT NULL,
  `cat_prefix` varchar(100) DEFAULT NULL,
  `cat_name` varchar(255) DEFAULT NULL
) ENGINE=InnoDB AUTO_INCREMENT=143 DEFAULT CHARSET=latin1;

--
-- Dumping data for table `item_categories`
--

INSERT INTO `item_categories` (`cat_id`, `cat_code`, `cat_prefix`, `cat_name`) VALUES
(1, 'A', '', 'Consumables'),
(2, 'B', '', 'Automotive Parts and Accessories'),
(3, 'C', '', 'Construction'),
(4, 'D', '', 'Electrical, Instrumentation and Control'),
(5, 'E', '', 'Engine and Auxiliary Parts and Accessories'),
(6, 'F', 'FFE-UNI', 'Furniture, Fixtures and Equipment'),
(7, 'G', '', 'Tools'),
(8, NULL, NULL, 'Main Bearing'),
(9, NULL, NULL, 'Connecting Rod'),
(10, NULL, NULL, 'Piston'),
(11, NULL, NULL, 'Cylinder (Liner)'),
(12, NULL, NULL, 'Cylinder Head'),
(13, NULL, NULL, 'Inlet And Exhaust Valve'),
(14, NULL, NULL, 'Fuel Injector'),
(15, NULL, NULL, 'Safety Valve For Cylinder'),
(16, NULL, NULL, 'Starting Valve'),
(17, NULL, NULL, 'Indicator Valve'),
(18, NULL, NULL, 'Valve Gear'),
(19, NULL, NULL, 'Valve Gear  Case'),
(20, NULL, NULL, 'Cams'),
(21, NULL, NULL, 'Starting Air Distributor '),
(22, NULL, NULL, 'Fuel Injection Pump'),
(23, NULL, NULL, 'Fuel Pump Drive'),
(24, NULL, NULL, 'Inspection Door W/ Relief Valve'),
(25, NULL, NULL, 'Cooling Water Manifold'),
(26, NULL, NULL, 'Fuel Injection Pipe'),
(27, NULL, NULL, 'Reversing Gear (T/C Coupling Side)'),
(28, NULL, NULL, 'Timing Gear Train'),
(29, NULL, NULL, 'Main Starting Valve/Starting Air Apparatus'),
(30, NULL, NULL, 'Tachometer Driving Gear'),
(31, NULL, NULL, 'Overspeed Trip'),
(32, NULL, NULL, 'Governor Driving Gear'),
(33, NULL, NULL, 'Governor'),
(34, NULL, NULL, 'Auxiliary Driving Apparatus'),
(35, NULL, NULL, 'Coupling Side Cover'),
(36, NULL, NULL, 'Anchor Bearing'),
(37, NULL, NULL, 'End Cover'),
(38, NULL, NULL, 'Oil Seal Coupling Side'),
(39, NULL, NULL, 'Barring Gear (On Right Side)'),
(40, NULL, NULL, 'Crankshaft'),
(41, NULL, NULL, 'Balance Weight'),
(42, NULL, NULL, 'Oil Sump'),
(43, NULL, NULL, 'Cam Shaft'),
(44, NULL, NULL, 'Supplemental Bearing Of Cam Shaft'),
(45, NULL, NULL, 'Cam Shaft Cover'),
(46, NULL, NULL, 'Timing Gear Train Casing'),
(47, NULL, NULL, 'Regulating Device/Fuel Injection Pump Control Linkage'),
(48, NULL, NULL, 'Supplementary Regulating Device/Safety Device For Fuel Cut'),
(49, NULL, NULL, 'L.O Pressure Drop Trip Linkage'),
(50, NULL, NULL, 'Charge Air Manifold'),
(51, NULL, NULL, 'Exhaust Gas Piping'),
(52, NULL, NULL, 'Cooling Water Pipings'),
(53, NULL, NULL, 'Lube Oil Piping'),
(54, NULL, NULL, 'Lube Oil Pipes Valve Gear Lubricating Circuits'),
(55, NULL, NULL, 'Fuel Oil Piping'),
(56, NULL, NULL, 'Starting Air Piping'),
(57, NULL, NULL, 'Cooling Water Piping For Fuel Injector'),
(58, NULL, NULL, 'Vibration Damper'),
(59, NULL, NULL, 'Fly Wheel'),
(60, NULL, NULL, 'Turbo Charger'),
(61, NULL, NULL, 'Reconditioning'),
(62, NULL, NULL, 'Camshaft For Generator'),
(63, NULL, NULL, 'Engine Frame'),
(64, NULL, NULL, 'Oil Pan'),
(65, NULL, NULL, 'Valve Cage'),
(66, NULL, NULL, 'Mix Washer'),
(67, NULL, NULL, 'Circlip'),
(68, NULL, NULL, 'Retaining Ring'),
(69, NULL, NULL, 'Unidentified Orings'),
(70, NULL, NULL, 'AIR BRANCHES FOR CYLINDER COVER'),
(71, NULL, NULL, 'ARRANGEMENT OF TURBOCHARGER'),
(72, NULL, NULL, 'AUTOMATIC STARTING AIR SHUT-OFF VALVE'),
(73, NULL, NULL, 'AUTOMATIC STARTING-AIR STOP VALVE'),
(74, NULL, NULL, 'BARRING ENGINE (DRIVE)'),
(75, NULL, NULL, 'BARRING ENGINE; HORIZONTAL WORM GEAR'),
(76, NULL, NULL, 'BARRING ENGINE; PINION SHAFT'),
(77, NULL, NULL, 'BARRING ENGINE; VERTICAL WORM GEAR'),
(78, NULL, NULL, 'BEARING CASING FOR CYLINDER COVER'),
(79, NULL, NULL, 'CAMSHAFT'),
(80, NULL, NULL, 'CAMSHAFT DRIVE'),
(81, NULL, NULL, 'CASING (ENGINE WITH BUILT-ON PUMPS)'),
(82, NULL, NULL, 'CASING EXHAUST PIPING (TURBOCHARGER ON THE DAMPER SIDE)'),
(83, NULL, NULL, 'CASING EXHAUST PIPING (TURBOCHARGER ON THE FLYWHEEL SIDE)'),
(84, NULL, NULL, ''),
(85, NULL, NULL, 'CONTROL ELEMENT CABINET'),
(86, NULL, NULL, 'CONTROL ELEMENTS'),
(87, NULL, NULL, 'COOLING WATER PUMP'),
(88, NULL, NULL, 'CRANKCASE'),
(89, NULL, NULL, 'CRANKCASE VENT'),
(90, NULL, NULL, ''),
(91, NULL, NULL, 'CYLINDER BLOCK'),
(92, NULL, NULL, 'CYLINDER BLOCK (CASINGS)'),
(93, NULL, NULL, 'CYLINDER COVER'),
(94, NULL, NULL, 'CYLINDER LINER'),
(95, NULL, NULL, 'CYLINDER LUBRICATING PUMP DRIVE'),
(96, NULL, NULL, 'DRIVE (Engine with Built-on Pumps)'),
(97, NULL, NULL, ''),
(98, NULL, NULL, 'ENGINE CONTROL VALVES'),
(99, NULL, NULL, ''),
(100, NULL, NULL, 'ENGINE FRAME (SIDE COVER)'),
(101, NULL, NULL, 'EXHAUST PIPING  (L=Left       R=Right)'),
(102, NULL, NULL, 'EXHAUST PIPING (CASING)'),
(103, NULL, NULL, 'FUEL INJECTION PUMP (Strengthen Version)'),
(104, NULL, NULL, 'FUEL INJECTION VALVE'),
(105, NULL, NULL, 'FUEL PRESSURE PIPE'),
(106, NULL, NULL, 'FUEL SYSTEM'),
(107, NULL, NULL, 'FUEL TRANSFER PUMP'),
(108, NULL, NULL, 'GOVERNING LINKAGE'),
(109, NULL, NULL, 'GOVERNOR DRIVE'),
(110, NULL, NULL, ''),
(111, NULL, NULL, ''),
(112, NULL, NULL, 'INSTRUMENT PANEL'),
(113, NULL, NULL, 'INTERMEDIATE WHEELS FOR CAMSHAFT DRIVE'),
(114, NULL, NULL, 'LOAD CONTROL'),
(115, NULL, NULL, 'LOAD INDICATOR'),
(116, NULL, NULL, 'OIL MIST CONTROLLER'),
(117, NULL, NULL, 'OIL PUMP'),
(118, NULL, NULL, ''),
(119, NULL, NULL, ''),
(120, NULL, NULL, ''),
(121, NULL, NULL, 'PRESSURE REGULATING VALVE'),
(122, NULL, NULL, 'PUMP ATTACHMENT'),
(123, NULL, NULL, 'RAW WATER PUMP'),
(124, NULL, NULL, 'RELIEF VALVE'),
(125, NULL, NULL, ''),
(126, NULL, NULL, 'REMOTE LOAD INDICATOR'),
(127, NULL, NULL, 'SERVOMOTOR FOR CAMSHAFT DISPLACEMENT'),
(128, NULL, NULL, 'STARTING DEVICE'),
(129, NULL, NULL, ''),
(130, NULL, NULL, 'STARTING VALVE (DUMMY VALVE)'),
(131, NULL, NULL, 'STARTING-AIR SLEEVE VALVE'),
(132, NULL, NULL, 'SULZER BELLOWS'),
(133, NULL, NULL, 'TACHOGENERATOR'),
(134, NULL, NULL, 'THERMOMETER'),
(135, NULL, NULL, 'THRUST BEARING FOR CRANKSHAFT'),
(136, NULL, NULL, 'THRUST BOLT'),
(137, NULL, NULL, 'TIE ROD'),
(138, NULL, NULL, 'TRANSMITTER FOR REMOTE TACHOMETER'),
(139, NULL, NULL, 'TUBULAR SEALS'),
(140, NULL, NULL, 'VALVE DRIVE '),
(141, NULL, NULL, ''),
(142, NULL, NULL, 'VISUAL FLOW CONTROL FOR CYLINDER LUBRICATION');

-- --------------------------------------------------------

--
-- Table structure for table `item_subcat`
--

CREATE TABLE IF NOT EXISTS `item_subcat` (
`subcat_id` int(11) NOT NULL,
  `cat_id` int(11) NOT NULL DEFAULT '0',
  `subcat_code` varchar(100) DEFAULT NULL,
  `subcat_prefix` varchar(100) DEFAULT NULL,
  `subcat_name` varchar(255) DEFAULT NULL
) ENGINE=InnoDB AUTO_INCREMENT=41 DEFAULT CHARSET=latin1;

--
-- Dumping data for table `item_subcat`
--

INSERT INTO `item_subcat` (`subcat_id`, `cat_id`, `subcat_code`, `subcat_prefix`, `subcat_name`) VALUES
(1, 1, 'A-1', 'CON-AUT', 'Automotive Supplies'),
(2, 1, 'A-2', 'CON-CHE', 'Chemical Supplies'),
(3, 1, 'A-3', 'CON-EIC', 'Electrical Supplies'),
(4, 1, 'A-4', 'CON-FUE', 'Fuel and Lubricants'),
(5, 1, 'A-5', 'CON-CON', 'Construction Consumables'),
(6, 1, 'A-6', 'CON-HOU', 'Housekeeping Supplies'),
(7, 1, 'A-7', 'CON-MED', 'Medical Supplies'),
(8, 1, 'A-8', 'CON-OFF', 'Office Supplies'),
(9, 1, 'A-9', 'CON-SAF', 'Safety & Security Supplies'),
(10, 1, 'A-10', 'CON-STA', 'Staffhouse Supplies'),
(11, 1, 'A-11', 'CON-OEA', 'Other Engine and Auxiliary Consumables'),
(12, 2, 'B-1', 'AUT-TRA', 'Transportation Equipment Parts and Acc.'),
(13, 2, 'B-2', 'AUT-HEA', 'Heavy Equipment Parts and Accessories'),
(14, 3, 'C-1', 'BUI-MAT', 'Building Materials'),
(15, 3, 'C-2', 'BUI-PIP', 'Piping'),
(16, 3, 'C-3', 'BUI-HAR', 'Hardware'),
(17, 4, 'D-1', 'EIC-PAR', 'EIC Parts and Accessories'),
(18, 5, 'E-1', 'AUX-PAR', 'Auxiliary Parts & Kits'),
(19, 5, 'E-2', 'ENG-COM', 'Engine/Mechanical (Common)   	'),
(20, 5, 'E-3', 'ENG-PIE', 'Engine/Mechanical (Pielstick)'),
(21, 5, 'E-4', 'ENG-SUL', 'Engine/Mechanical (Sulzer)'),
(22, 6, 'F-1', 'FFE-TRA', 'Transportation Equipment'),
(23, 6, 'F-2', 'FFE-HEA', 'Heavy Equipment'),
(24, 6, 'F-3', 'FFE-COM', 'Communication Equipment'),
(25, 6, 'F-4', 'FFE-FUR', 'Office Furnitures'),
(26, 6, 'F-5', 'FFE-OFF', 'Office Equipment'),
(27, 6, 'F-6', 'FFE-PPE', 'Personal Protective Equipment'),
(28, 6, 'F-7', 'FFE-SSE', 'Safety & Security Equipment'),
(29, 6, 'F-8', 'FFE-APP', 'Appliance'),
(30, 6, 'F-9', 'FFE-STA', 'Staffhouse Furniture and Supplies'),
(31, 6, 'F-10', 'FFE-HOU', 'Housewares'),
(32, 6, 'F-11', 'FFE-TES', 'Testing Equipment'),
(33, 6, 'F-12', 'FFE-MED', 'Medical Equipment'),
(34, 7, 'G-1', 'TOO-HAN', 'Hand Tools'),
(35, 7, 'G-2', 'TOO-POW', 'Power Tools'),
(36, 7, 'G-3', 'TOO-MEA', 'Measuring Tool'),
(37, 7, 'G-4', 'TOO-STO', 'Tool Storage/Box'),
(38, 6, 'F-13', 'FFE-UNI', 'Office Uniforms'),
(39, 1, 'A-12', 'COM-POW', 'Power Tools Parts and Accessories'),
(40, 1, 'A-13', '', 'Others');

-- --------------------------------------------------------

--
-- Table structure for table `location`
--

CREATE TABLE IF NOT EXISTS `location` (
`location_id` int(11) NOT NULL,
  `location_name` varchar(255) DEFAULT NULL
) ENGINE=InnoDB AUTO_INCREMENT=100 DEFAULT CHARSET=latin1;

--
-- Dumping data for table `location`
--

INSERT INTO `location` (`location_id`, `location_name`) VALUES
(1, 'CABINET'),
(3, 'Chem - Stg'),
(47, 'WH - Bldg.'),
(49, 'WH - Rm1'),
(50, 'WH - Rm2'),
(51, 'WH - Rm3'),
(54, 'WH - Extn'),
(56, 'WH - Extn A'),
(57, 'WH - Extn B'),
(58, 'WH - Sec 1'),
(59, 'WH - Sec 2'),
(60, 'WH - Sec 3'),
(61, 'WH - Sec 4'),
(62, 'PRO-WH-RM1'),
(63, 'PRO-WH-RM2'),
(64, 'PRO-WH-RM3'),
(65, 'CV Bay 1-1'),
(66, 'CV Bay 1-2'),
(67, 'CV Bay 1-3'),
(68, 'CV Bay 1-4'),
(69, 'CV Bay 1-5'),
(70, 'CV Bay 1-6'),
(71, 'CV Bay 1-7'),
(72, 'CV Bay 1-8'),
(73, 'CV Bay 1-9'),
(74, 'CV Bay 1-10'),
(75, 'CV 11'),
(76, 'CV 12'),
(77, 'CV 13'),
(78, 'CV Bay 2-14'),
(79, 'CV Bay 2-15'),
(80, 'CV Bay 2-16'),
(81, 'CV Bay 2-17'),
(82, 'CV Bay 2-18'),
(83, 'CV Bay 2-19'),
(84, 'CV Bay 2-20'),
(85, 'CV Bay 2-21'),
(86, 'CV Bay 2-22'),
(87, 'CV Yard'),
(88, 'Oring Box 1'),
(89, 'Oring Box 2'),
(90, 'Oring Box 3'),
(91, 'Oring Box 4'),
(92, 'Oring Box 5'),
(93, 'Oring Box 6'),
(94, 'Oring Box 7'),
(96, 'Oring Box 8'),
(97, 'Oring Box 9'),
(98, 'Oring Box 10'),
(99, 'Oring Drawer');

-- --------------------------------------------------------

--
-- Table structure for table `pn_series`
--

CREATE TABLE IF NOT EXISTS `pn_series` (
`pn_id` int(11) NOT NULL,
  `subcat_prefix` varchar(50) DEFAULT NULL,
  `series` int(11) NOT NULL DEFAULT '0'
) ENGINE=InnoDB AUTO_INCREMENT=775 DEFAULT CHARSET=latin1;

--
-- Dumping data for table `pn_series`
--

INSERT INTO `pn_series` (`pn_id`, `subcat_prefix`, `series`) VALUES
(1, 'ENG-PIE', 1001),
(2, 'ENG-PIE', 1002),
(3, 'ENG-PIE', 1003),
(4, 'ENG-PIE', 1004),
(5, 'ENG-PIE', 1005),
(6, 'ENG-PIE', 1006),
(7, 'ENG-PIE', 1007),
(8, 'ENG-PIE', 1008),
(9, 'ENG-PIE', 1009),
(10, 'ENG-PIE', 1010),
(11, 'ENG-PIE', 1011),
(12, 'ENG-PIE', 1012),
(13, 'ENG-PIE', 1013),
(14, 'ENG-PIE', 1014),
(15, 'ENG-PIE', 1015),
(16, 'ENG-PIE', 1016),
(17, 'ENG-PIE', 1017),
(18, 'ENG-PIE', 1018),
(19, 'ENG-PIE', 1019),
(20, 'ENG-PIE', 1020),
(21, 'ENG-PIE', 1021),
(22, 'ENG-PIE', 1022),
(23, 'ENG-PIE', 1023),
(24, 'ENG-PIE', 1024),
(25, 'ENG-PIE', 1025),
(26, 'ENG-PIE', 1026),
(27, 'ENG-PIE', 1027),
(28, 'ENG-PIE', 1028),
(29, 'ENG-PIE', 1029),
(30, 'ENG-PIE', 1030),
(31, 'ENG-PIE', 1031),
(32, 'ENG-PIE', 1032),
(33, 'ENG-PIE', 1033),
(34, 'ENG-PIE', 1034),
(35, 'ENG-PIE', 1035),
(36, 'ENG-PIE', 1036),
(37, 'ENG-PIE', 1037),
(38, 'ENG-PIE', 1038),
(39, 'ENG-PIE', 1039),
(40, 'ENG-PIE', 1040),
(41, 'ENG-PIE', 1041),
(42, 'ENG-PIE', 1042),
(43, 'ENG-PIE', 1043),
(44, 'ENG-PIE', 1044),
(45, 'ENG-PIE', 1045),
(46, 'ENG-PIE', 1046),
(47, 'ENG-PIE', 1047),
(48, 'ENG-PIE', 1048),
(49, 'ENG-PIE', 1049),
(50, 'ENG-PIE', 1050),
(51, 'ENG-PIE', 1051),
(52, 'ENG-PIE', 1052),
(53, '', 1001),
(54, '', 1002),
(55, '', 1003),
(56, '', 1004),
(57, '', 1005),
(58, '', 1006),
(59, '', 1007),
(60, '', 1008),
(61, '', 1009),
(62, '', 1010),
(63, '', 1011),
(64, '', 1012),
(65, '', 1013),
(66, '', 1014),
(67, '', 1015),
(68, '', 1016),
(69, '', 1017),
(70, '', 1018),
(71, 'ENG-PIE', 1053),
(72, 'ENG-PIE', 1054),
(73, 'ENG-PIE', 1055),
(74, 'ENG-PIE', 1056),
(75, 'ENG-PIE', 1057),
(76, '', 1019),
(77, '', 1020),
(78, '', 1021),
(79, 'ENG-COM', 1001),
(80, 'ENG-COM', 1002),
(81, 'ENG-COM', 1003),
(82, 'ENG-COM', 1004),
(83, 'ENG-COM', 1005),
(84, 'ENG-COM', 1006),
(85, 'ENG-COM', 1007),
(86, 'ENG-COM', 1008),
(87, 'ENG-COM', 1009),
(88, 'ENG-COM', 1010),
(89, 'ENG-COM', 1011),
(90, 'ENG-COM', 1012),
(91, 'ENG-COM', 1013),
(92, 'ENG-COM', 1014),
(93, 'ENG-COM', 1015),
(94, 'ENG-COM', 1016),
(95, 'ENG-COM', 1017),
(96, 'ENG-COM', 1018),
(97, 'ENG-COM', 1019),
(98, 'ENG-COM', 1020),
(99, 'ENG-COM', 1021),
(100, 'ENG-COM', 1022),
(101, 'ENG-COM', 1023),
(102, 'ENG-COM', 1024),
(103, 'ENG-COM', 1025),
(104, 'ENG-COM', 1026),
(105, 'ENG-COM', 1027),
(106, 'ENG-COM', 1028),
(107, 'ENG-COM', 1029),
(108, 'ENG-COM', 1030),
(109, 'ENG-COM', 1031),
(110, 'ENG-COM', 1032),
(111, 'ENG-COM', 1033),
(112, 'ENG-COM', 1034),
(113, 'ENG-COM', 1035),
(114, 'ENG-COM', 1036),
(115, 'ENG-COM', 1037),
(116, 'ENG-COM', 1038),
(117, 'ENG-COM', 1039),
(118, 'ENG-COM', 1040),
(119, 'ENG-COM', 1041),
(120, 'ENG-COM', 1042),
(121, 'ENG-COM', 1043),
(122, 'ENG-COM', 1044),
(123, 'ENG-COM', 1045),
(124, 'ENG-COM', 1046),
(125, 'ENG-COM', 1047),
(126, 'ENG-PIE', 1058),
(127, 'ENG-PIE', 1059),
(128, 'ENG-PIE', 1060),
(129, 'ENG-PIE', 1061),
(130, 'ENG-PIE', 1062),
(131, 'ENG-PIE', 1063),
(132, '', 1022),
(133, '', 1023),
(134, '', 1024),
(135, '', 1025),
(136, '', 1026),
(137, '', 1027),
(138, '', 1028),
(139, '', 1029),
(140, '', 1030),
(141, '', 1031),
(142, '', 1032),
(143, '', 1033),
(144, '', 1034),
(145, '', 1035),
(146, '', 1036),
(147, '', 1037),
(148, '', 1038),
(149, '', 1039),
(150, '', 1040),
(151, '', 1041),
(152, '', 1042),
(153, '', 1043),
(154, '', 1044),
(155, '', 1045),
(156, '', 1046),
(157, '', 1047),
(158, '', 1048),
(159, '', 1049),
(160, '', 1050),
(161, '', 1051),
(162, '', 1052),
(163, '', 1053),
(164, '', 1054),
(165, '', 1055),
(166, '', 1056),
(167, '', 1057),
(168, '', 1058),
(169, '', 1059),
(170, '', 1060),
(171, '', 1061),
(172, '', 1062),
(173, '', 1063),
(174, '', 1064),
(175, '', 1065),
(176, '', 1066),
(177, '', 1067),
(178, '', 1068),
(179, '', 1069),
(180, '', 1070),
(181, '', 1071),
(182, '', 1072),
(183, '', 1073),
(184, '', 1074),
(185, '', 1075),
(186, '', 1076),
(187, '', 1077),
(188, '', 1078),
(189, '', 1079),
(190, '', 1080),
(191, '', 1081),
(192, '', 1082),
(193, '', 1083),
(194, '', 1084),
(195, '', 1085),
(196, '', 1086),
(197, '', 1087),
(198, '', 1088),
(199, '', 1089),
(200, '', 1090),
(201, '', 1091),
(202, '', 1092),
(203, '', 1093),
(204, '', 1094),
(205, '', 1095),
(206, '', 1096),
(207, '', 1097),
(208, '', 1098),
(209, '', 1099),
(210, '', 1100),
(211, '', 1101),
(212, '', 1102),
(213, '', 1103),
(214, '', 1104),
(215, '', 1105),
(216, '', 1106),
(217, '', 1107),
(218, '', 1108),
(219, '', 1109),
(220, '', 1110),
(221, '', 1111),
(222, '', 1112),
(223, '', 1113),
(224, '', 1114),
(225, '', 1115),
(226, '', 1116),
(227, '', 1117),
(228, '', 1118),
(229, '', 1119),
(230, '', 1120),
(231, '', 1121),
(232, '', 1122),
(233, '', 1123),
(234, '', 1124),
(235, '', 1125),
(236, '', 1126),
(237, '', 1127),
(238, '', 1128),
(239, '', 1129),
(240, '', 1130),
(241, '', 1131),
(242, '', 1132),
(243, '', 1133),
(244, '', 1134),
(245, '', 1135),
(246, '', 1136),
(247, '', 1137),
(248, '', 1138),
(249, '', 1139),
(250, '', 1140),
(251, '', 1141),
(252, '', 1142),
(253, '', 1143),
(254, '', 1144),
(255, '', 1145),
(256, '', 1146),
(257, '', 1147),
(258, '', 1148),
(259, '', 1149),
(260, '', 1150),
(261, '', 1151),
(262, '', 1152),
(263, '', 1153),
(264, '', 1154),
(265, '', 1155),
(266, '', 1156),
(267, '', 1157),
(268, '', 1158),
(269, '', 1159),
(270, '', 1160),
(271, '', 1161),
(272, '', 1162),
(273, '', 1163),
(274, '', 1164),
(275, '', 1165),
(276, '', 1166),
(277, '', 1167),
(278, '', 1168),
(279, '', 1169),
(280, '', 1170),
(281, '', 1171),
(282, '', 1172),
(283, '', 1173),
(284, '', 1174),
(285, '', 1175),
(286, '', 1176),
(287, '', 1177),
(288, '', 1178),
(289, '', 1179),
(290, '', 1180),
(291, '', 1181),
(292, '', 1182),
(293, '', 1183),
(294, '', 1184),
(295, '', 1185),
(296, '', 1186),
(297, '', 1187),
(298, '', 1188),
(299, '', 1189),
(300, '', 1190),
(301, '', 1191),
(302, '', 1192),
(303, '', 1193),
(304, '', 1194),
(305, '', 1195),
(306, '', 1196),
(307, '', 1197),
(308, '', 1198),
(309, '', 1199),
(310, '', 1200),
(311, '', 1201),
(312, '', 1202),
(313, '', 1203),
(314, '', 1204),
(315, '', 1205),
(316, '', 1206),
(317, '', 1207),
(318, '', 1208),
(319, '', 1209),
(320, '', 1210),
(321, '', 1211),
(322, '', 1212),
(323, '', 1213),
(324, '', 1214),
(325, '', 1215),
(326, '', 1216),
(327, '', 1217),
(328, '', 1218),
(329, '', 1219),
(330, '', 1220),
(331, '', 1221),
(332, '', 1222),
(333, '', 1223),
(334, '', 1224),
(335, '', 1225),
(336, '', 1226),
(337, '', 1227),
(338, '', 1228),
(339, '', 1229),
(340, '', 1230),
(341, '', 1231),
(342, '', 1232),
(343, '', 1233),
(344, '', 1234),
(345, '', 1235),
(346, '', 1236),
(347, '', 1237),
(348, '', 1238),
(349, '', 1239),
(350, '', 1240),
(351, '', 1241),
(352, '', 1242),
(353, '', 1243),
(354, '', 1244),
(355, '', 1245),
(356, '', 1246),
(357, '', 1247),
(358, '', 1248),
(359, '', 1249),
(360, '', 1250),
(361, '', 1251),
(362, '', 1252),
(363, '', 1253),
(364, '', 1254),
(365, '', 1255),
(366, '', 1256),
(367, '', 1257),
(368, '', 1258),
(369, '', 1259),
(370, '', 1260),
(371, '', 1261),
(372, '', 1262),
(373, '', 1263),
(374, '', 1264),
(375, '', 1265),
(376, '', 1266),
(377, '', 1267),
(378, '', 1268),
(379, '', 1269),
(380, '', 1270),
(381, '', 1271),
(382, '', 1272),
(383, '', 1273),
(384, '', 1274),
(385, '', 1275),
(386, '', 1276),
(387, '', 1277),
(388, '', 1278),
(389, '', 1279),
(390, '', 1280),
(391, '', 1281),
(392, '', 1282),
(393, '', 1283),
(394, '', 1284),
(395, '', 1285),
(396, '', 1286),
(397, '', 1287),
(398, '', 1288),
(399, '', 1289),
(400, '', 1290),
(401, '', 1291),
(402, '', 1292),
(403, '', 1293),
(404, '', 1294),
(405, '', 1295),
(406, '', 1296),
(407, '', 1297),
(408, '', 1298),
(409, '', 1299),
(410, '', 1300),
(411, '', 1301),
(412, '', 1302),
(413, '', 1303),
(414, '', 1304),
(415, '', 1305),
(416, '', 1306),
(417, '', 1307),
(418, '', 1308),
(419, '', 1309),
(420, '', 1310),
(421, '', 1311),
(422, '', 1312),
(423, '', 1313),
(424, '', 1314),
(425, '', 1315),
(426, '', 1316),
(427, '', 1317),
(428, '', 1318),
(429, '', 1319),
(430, '', 1320),
(431, '', 1321),
(432, '', 1322),
(433, '', 1323),
(434, '', 1324),
(435, '', 1325),
(436, '', 1326),
(437, '', 1327),
(438, '', 1328),
(439, '', 1329),
(440, '', 1330),
(441, '', 1331),
(442, '', 1332),
(443, '', 1333),
(444, '', 1334),
(445, '', 1335),
(446, '', 1336),
(447, '', 1337),
(448, '', 1338),
(449, '', 1339),
(450, '', 1340),
(451, '', 1341),
(452, '', 1342),
(453, '', 1343),
(454, '', 1344),
(455, '', 1345),
(456, '', 1346),
(457, '', 1347),
(458, '', 1348),
(459, '', 1349),
(460, '', 1350),
(461, '', 1351),
(462, '', 1352),
(463, '', 1353),
(464, '', 1354),
(465, '', 1355),
(466, '', 1356),
(467, '', 1357),
(468, '', 1358),
(469, '', 1359),
(470, '', 1360),
(471, '', 1361),
(472, '', 1362),
(473, '', 1363),
(474, '', 1364),
(475, '', 1365),
(476, '', 1366),
(477, '', 1367),
(478, '', 1368),
(479, '', 1369),
(480, '', 1370),
(481, '', 1371),
(482, '', 1372),
(483, '', 1373),
(484, '', 1374),
(485, '', 1375),
(486, '', 1376),
(487, '', 1377),
(488, '', 1378),
(489, '', 1379),
(490, '', 1380),
(491, '', 1381),
(492, '', 1382),
(493, '', 1383),
(494, '', 1384),
(495, '', 1385),
(496, '', 1386),
(497, '', 1387),
(498, '', 1388),
(499, '', 1389),
(500, '', 1390),
(501, '', 1391),
(502, '', 1392),
(503, '', 1393),
(504, '', 1394),
(505, '', 1395),
(506, '', 1396),
(507, '', 1397),
(508, '', 1398),
(509, '', 1399),
(510, '', 1400),
(511, '', 1401),
(512, '', 1402),
(513, '', 1403),
(514, '', 1404),
(515, '', 1405),
(516, '', 1406),
(517, '', 1407),
(518, '', 1408),
(519, '', 1409),
(520, '', 1410),
(521, '', 1411),
(522, '', 1412),
(523, '', 1413),
(524, '', 1414),
(525, '', 1415),
(526, '', 1416),
(527, '', 1417),
(528, '', 1418),
(529, '', 1419),
(530, '', 1420),
(531, '', 1421),
(532, '', 1422),
(533, '', 1423),
(534, '', 1424),
(535, '', 1425),
(536, '', 1426),
(537, '', 1427),
(538, '', 1428),
(539, '', 1429),
(540, '', 1430),
(541, '', 1431),
(542, '', 1432),
(543, '', 1433),
(544, '', 1434),
(545, '', 1435),
(546, '', 1436),
(547, '', 1437),
(548, '', 1438),
(549, '', 1439),
(550, '', 1440),
(551, '', 1441),
(552, '', 1442),
(553, '', 1443),
(554, '', 1444),
(555, '', 1445),
(556, '', 1446),
(557, '', 1447),
(558, '', 1448),
(559, '', 1449),
(560, '', 1450),
(561, '', 1451),
(562, '', 1452),
(563, '', 1453),
(564, '', 1454),
(565, '', 1455),
(566, '', 1456),
(567, '', 1457),
(568, '', 1458),
(569, '', 1459),
(570, '', 1460),
(571, '', 1461),
(572, '', 1462),
(573, '', 1463),
(574, '', 1464),
(575, '', 1465),
(576, '', 1466),
(577, '', 1467),
(578, '', 1468),
(579, '', 1469),
(580, '', 1470),
(581, '', 1471),
(582, '', 1472),
(583, '', 1473),
(584, '', 1474),
(585, '', 1475),
(586, '', 1476),
(587, '', 1477),
(588, '', 1478),
(589, '', 1479),
(590, '', 1480),
(591, '', 1481),
(592, '', 1482),
(593, '', 1483),
(594, '', 1484),
(595, '', 1485),
(596, '', 1486),
(597, '', 1487),
(598, '', 1488),
(599, '', 1489),
(600, '', 1490),
(601, '', 1491),
(602, '', 1492),
(603, '', 1493),
(604, '', 1494),
(605, '', 1495),
(606, '', 1496),
(607, '', 1497),
(608, '', 1498),
(609, '', 1499),
(610, '', 1500),
(611, '', 1501),
(612, '', 1502),
(613, '', 1503),
(614, '', 1504),
(615, '', 1505),
(616, '', 1506),
(617, '', 1507),
(618, '', 1508),
(619, '', 1509),
(620, '', 1510),
(621, '', 1511),
(622, '', 1512),
(623, '', 1513),
(624, '', 1514),
(625, '', 1515),
(626, '', 1516),
(627, '', 1517),
(628, '', 1518),
(629, '', 1519),
(630, '', 1520),
(631, '', 1521),
(632, '', 1522),
(633, '', 1523),
(634, '', 1524),
(635, '', 1525),
(636, '', 1526),
(637, '', 1527),
(638, '', 1528),
(639, '', 1529),
(640, '', 1530),
(641, '', 1531),
(642, '', 1532),
(643, '', 1533),
(644, '', 1534),
(645, '', 1535),
(646, '', 1536),
(647, '', 1537),
(648, '', 1538),
(649, '', 1539),
(650, '', 1540),
(651, '', 1541),
(652, '', 1542),
(653, '', 1543),
(654, '', 1544),
(655, '', 1545),
(656, '', 1546),
(657, '', 1547),
(658, '', 1548),
(659, '', 1549),
(660, '', 1550),
(661, '', 1551),
(662, '', 1552),
(663, '', 1553),
(664, '', 1554),
(665, '', 1555),
(666, '', 1556),
(667, '', 1557),
(668, '', 1558),
(669, '', 1559),
(670, '', 1560),
(671, '', 1561),
(672, '', 1562),
(673, '', 1563),
(674, '', 1564),
(675, '', 1565),
(676, '', 1566),
(677, '', 1567),
(678, '', 1568),
(679, '', 1569),
(680, '', 1570),
(681, '', 1571),
(682, '', 1572),
(683, '', 1573),
(684, '', 1574),
(685, '', 1575),
(686, '', 1576),
(687, '', 1577),
(688, '', 1578),
(689, '', 1579),
(690, '', 1580),
(691, '', 1581),
(692, '', 1582),
(693, '', 1583),
(694, '', 1584),
(695, '', 1585),
(696, '', 1586),
(697, '', 1587),
(698, '', 1588),
(699, '', 1589),
(700, '', 1590),
(701, '', 1591),
(702, '', 1592),
(703, '', 1593),
(704, '', 1594),
(705, '', 1595),
(706, '', 1596),
(707, '', 1597),
(708, '', 1598),
(709, '', 1599),
(710, '', 1600),
(711, '', 1601),
(712, '', 1602),
(713, '', 1603),
(714, '', 1604),
(715, '', 1605),
(716, '', 1606),
(717, '', 1607),
(718, '', 1608),
(719, '', 1609),
(720, '', 1610),
(721, '', 1611),
(722, '', 1612),
(723, '', 1613),
(724, '', 1614),
(725, '', 1615),
(726, '', 1616),
(727, '', 1617),
(728, '', 1618),
(729, '', 1619),
(730, '', 1620),
(731, '', 1621),
(732, '', 1622),
(733, '', 1623),
(734, '', 1624),
(735, '', 1625),
(736, '', 1626),
(737, '', 1627),
(738, '', 1628),
(739, '', 1629),
(740, '', 1630),
(741, '', 1631),
(742, '', 1632),
(743, '', 1633),
(744, '', 1634),
(745, '', 1635),
(746, '', 1636),
(747, '', 1637),
(748, '', 1638),
(749, '', 1639),
(750, '', 1640),
(751, '', 1641),
(752, '', 1642),
(753, '', 1643),
(754, '', 1644),
(755, '', 1645),
(756, '', 1646),
(757, '', 1647),
(758, '', 1648),
(759, '', 1649),
(760, '', 1650),
(761, '', 1651),
(762, '', 1652),
(763, '', 1653),
(764, '', 1654),
(765, '', 1655),
(766, '', 1656),
(767, '', 1657),
(768, '', 1658),
(769, '', 1659),
(770, '', 1660),
(771, '', 1661),
(772, '', 1662),
(773, '', 1663),
(774, '', 1664);

-- --------------------------------------------------------

--
-- Table structure for table `purpose`
--

CREATE TABLE IF NOT EXISTS `purpose` (
`purpose_id` int(11) NOT NULL,
  `purpose_desc` text
) ENGINE=InnoDB AUTO_INCREMENT=139 DEFAULT CHARSET=latin1;

--
-- Dumping data for table `purpose`
--

INSERT INTO `purpose` (`purpose_id`, `purpose_desc`) VALUES
(1, 'Accommodation/Board and Lodging'),
(2, 'Construction'),
(3, 'Corrective Maintenance\r\n'),
(4, 'Feeding/Medical Mission\r\n'),
(5, 'Housekeeping'),
(6, 'Hydration'),
(7, 'Inventory, Preservation, and Tagging'),
(8, 'Office Supplies'),
(9, 'Employee Protection (PPE)'),
(10, 'PMS (1000 R-Hrs)'),
(11, 'PMS (1500 R-Hrs)'),
(12, 'PMS (2000 R-Hrs)'),
(13, 'PMS (3000 R-Hrs)'),
(14, 'PMS (4000 R-Hrs)'),
(15, 'PMS (500 R-Hrs)'),
(16, 'PMS (8000 R-Hrs)'),
(17, 'Reconditioning'),
(18, 'Renovation'),
(19, 'Replacement'),
(20, 'Running Units Consumables'),
(21, 'Security Monitoring'),
(22, 'Testing/Sampling'),
(23, 'Tree Planting'),
(24, 'First Aid Treatment/Medication'),
(25, 'Training on Oil Spill Contingency Planning'),
(26, 'Fabrication of Office Partition'),
(27, 'HFO Fuel Piping Insulation'),
(28, 'HFO Settling and Service Tanks Insulation'),
(29, 'Storage Area Enclosure'),
(31, 'Pipe & Cable Trench Enclosure'),
(32, 'Power House Enclosure - Phase 2'),
(33, 'Supply of Power and Lighting'),
(34, 'Replacement of Cooler Plate and Gasket for Lube Oil Cooler'),
(35, 'Assembling of lube oil cooler plate'),
(36, 'Generator Sliding Tools for Sulzer'),
(37, 'Cylinder Head Hydraulic Tensioning Tool.'),
(38, 'Equipment NGCP Requirements'),
(39, 'Refuel for Heavy Equipment'),
(40, 'Installation of Microwave Radio Equipment'),
(41, 'Staff House Use'),
(42, 'Repair and Maintenance'),
(43, 'Pest Control'),
(44, 'Fire Protection System'),
(45, 'Fabrication of Generator Sliding Tools'),
(46, 'Insullation Works Equipment'),
(47, 'Portable Maintenance Equipment'),
(48, 'Repainting Works'),
(49, 'Adopt An Estero Program of EMB-DENR'),
(50, 'Working Clothes'),
(51, 'Material Recovery'),
(52, 'Power House Enclosure - Phase 1'),
(53, 'Support in Lifting & Sliding of Stator housing'),
(54, 'Station Service No. 2'),
(55, 'Leadership Training'),
(56, 'Water Treatment'),
(57, 'HFO Sludge Basin Cleaning'),
(58, 'Painting Works'),
(59, 'Removal & Transfer of Mechanical Barracks'),
(60, 'Construction of Cantilever Rip-Rap Wall at Main Drain Canal for Protection of Transmission Line Concrete Take Off Pole Foundation'),
(61, 'EIC Consumables'),
(62, 'Refill Hydraulic Oil'),
(63, 'Installation of Pippings'),
(64, 'Fabrication of Platform and Ladder'),
(65, 'Additional Sludge Recovery Storage'),
(66, 'Purifier House Enclosure - North Side'),
(67, 'Body Base Effective Grounding Installation'),
(68, 'Lightings'),
(69, 'Safekeeping of Tools'),
(70, 'Installation and Fabrication'),
(71, 'Installation of Covers for Plant Equipment'),
(72, 'Excess Materials'),
(73, 'Online Monitoring & Alarm'),
(74, 'Electrical Hand Tools for Personal Accountability'),
(75, 'Inventory Beginning Balance'),
(76, 'Waste Heat Recovery Boilers Removal'),
(77, 'Auto Start/Stop of Deep Well Pump Refill to Raw Water Tank'),
(78, 'RTD Wire Jacket Overall Insulation (Insertion of RTD sensors to coil winding for insulation)'),
(79, 'Microwave Antenna Support Structure'),
(80, 'Ventilation of Working Area'),
(81, 'Oil Drain Line (New Installation)'),
(82, 'Back filling/ Ground Preparation/ Canal Rip-rapping(1 side only)'),
(83, 'For Spare Unit on 125 VDC Battery, Bank for Generator'),
(84, '5MW Generator Exciter Contingency Parts'),
(85, 'Fuel For Rental of 0.3 cubic meter Bucket Backhoe'),
(86, 'CV Converted to Warehouse Phase 1'),
(87, 'Anti-Condensate Heater'),
(88, 'Temporary Christmas Decoration'),
(89, 'Sounding Activities'),
(90, 'Ready Spare for 3 Units Sulzer Engines (Speed Sensor Generator)'),
(91, 'Plant Decorations'),
(92, '40MVA Power Transformer, 6.6kV Additional Bus Support (Prevention of Bushing Oil Leak and Crack from Bus Movement)'),
(93, 'Pipe Segment Connecting Plates'),
(94, 'Progen Consumables'),
(95, 'DG4 & DG5 Generator: Correction of Erroneous RTD Probe Sensor Stator Winding Monitoring from PT50 to PT100'),
(96, 'Installation of Solar Powered / AC Powered Navigation Warning Light Flashing (As per Insurance requirement)'),
(97, 'Operations & Maintenance Consumables'),
(98, 'HFO Fuel Piping Insulation and Cladding'),
(99, 'Steel Pole for Microwave Antenna'),
(100, 'Grounding Installation for Microwave Antenna'),
(101, 'For Shells(Waste Heat Recovery Boilers Removal)'),
(102, 'Installation of Air Terminal'),
(103, 'Construction of Sounding Port Platform'),
(104, 'Fabrication of Battery Rack for 125Vdc Battery (100Ah)'),
(105, 'CV Converted to Warehouse Phase - 1 (Foundation)'),
(106, '40MVA Power Transformer Secondary Bus Framing/Support'),
(107, 'Personal Protective Equipment'),
(108, 'Grounding System Lay-out / Installation'),
(109, 'Fabrication of Guying Equalizer Bodies'),
(110, 'Replacement Materials for Riser Pipes and Consumables for Cleaning of Pump'),
(111, 'Repair of Left Bank Condition Canal'),
(112, 'Fabrication of Microwave Antenna Ladder'),
(113, 'Installation of Breaker'),
(114, 'Contingency Parts'),
(115, 'Threading of Lifting Tool'),
(116, 'Fabrication of Anchor Bolts'),
(117, 'Fabrication'),
(118, 'Christmas Prizes'),
(119, 'Additional Replacement Riser Pipes and Adapter'),
(120, 'Christmas Lantern Lightnings, Use for Christmas Party and Plant Light decor for Spirit of Christmas'),
(121, 'For Adjustment/Correction of Item Name'),
(122, 'Cover For MOCB Units'),
(123, 'Insulation of HFO Settling & Service Tanks'),
(124, 'Common Washing Area'),
(125, 'Fabrication of Lifting Frame for 4 Units Generator'),
(126, 'Additional Padlock for Reconditioning Equipment Tool Cabinet'),
(127, 'Uninterrupted Power Supply'),
(128, 'Installation of Protection Relay'),
(129, 'Installation of 5 Units Flood Lights Inside Power Plant Area'),
(130, 'Replacement and Spare of Damaged Mechanical Seal'),
(131, 'Renovation of All Electrical Outlet and Lan Cable'),
(132, 'Microwave Radio Equipment for NGCP Requirements'),
(133, 'Replacement of Damaged and Worn-out Parts'),
(134, 'Identification, Pre-Cleaning & Tagging of Spare Parts for PIELSTICK Engine, at CV Area (Additional )'),
(135, 'Re-Insulation of Jacket Water Motor in 4 Termination'),
(136, 'Microwave DC Supply Termination'),
(137, 'Suction of Header Line'),
(138, 'Lubricant Consumable for Plant Equipment ( Barring Gear, Lube Oil & Heavy Fuel Oil Purifier )');

-- --------------------------------------------------------

--
-- Table structure for table `rack`
--

CREATE TABLE IF NOT EXISTS `rack` (
`rack_id` int(11) NOT NULL,
  `rack_name` varchar(200) DEFAULT NULL
) ENGINE=InnoDB AUTO_INCREMENT=146 DEFAULT CHARSET=latin1;

--
-- Dumping data for table `rack`
--

INSERT INTO `rack` (`rack_id`, `rack_name`) VALUES
(1, 'Rack - A1'),
(2, 'Rack - A2'),
(3, 'Rack - A3'),
(4, 'Rack - A4'),
(5, 'Rack - B1'),
(6, 'Rack - B2'),
(7, 'Rack - B3'),
(8, 'Rack - B4'),
(9, 'Rack - C1'),
(10, 'Rack - C2'),
(11, 'Rack - C3'),
(12, 'Rack - C4'),
(13, 'Rack - D1'),
(14, 'Rack - D2'),
(15, 'Rack - D3'),
(16, 'Rack - E1'),
(17, 'Rack - E2'),
(18, 'Rack - E3'),
(19, 'Rack - E4'),
(20, 'Rack - F1'),
(21, 'Rack - F2'),
(22, 'Rack - F3'),
(23, 'Rack - G1'),
(24, 'Rack - G2'),
(25, 'Rack - G3'),
(26, 'Rack - H1'),
(27, 'Rack - H2'),
(28, 'Rack - H3'),
(29, 'Rack - I1'),
(30, 'Rack - I2'),
(31, 'Rack - I3'),
(32, 'Rack - J1'),
(33, 'Rack - J2'),
(34, 'Rack - J3'),
(35, 'Rack - K1'),
(36, 'Rack - K2'),
(37, 'Rack - K3'),
(38, 'Rack - K4'),
(39, 'Rack - L1'),
(40, 'Rack - L2'),
(41, 'Rack - M1'),
(42, 'Rack - M2'),
(43, 'Rack - M3'),
(44, 'Rack - M4'),
(45, 'Rack - M5'),
(46, 'Rack - N1'),
(47, 'Rack - N2'),
(48, 'Rack - N3'),
(49, 'Rack - N4'),
(50, 'Rack - O1'),
(51, 'Rack - O2'),
(52, 'Rack - O3'),
(53, 'Rack - P1'),
(54, 'Rack - P2'),
(55, 'Rack - P3'),
(56, 'Rack - Q1'),
(57, 'Rack - Q2'),
(58, 'Rack - Q3'),
(59, 'Rack - Q4'),
(60, 'Rack - Q5'),
(61, 'Rack - R1'),
(62, 'Rack - R2'),
(63, 'Rack - R3'),
(64, 'Container beside Rack 3'),
(65, 'Container beside Rack 5'),
(66, 'Oring B0x #1'),
(67, 'Oring Box # 5'),
(68, 'Oring Box 4'),
(69, 'Oring Box 7'),
(70, 'Oring Box# 2'),
(71, 'Oring Box# 3'),
(72, 'Oring Box# 8'),
(73, 'Oring Box# 9'),
(74, 'Oring Box#3'),
(75, 'Oring Drawer 1'),
(76, 'Oring Drawer 2'),
(77, 'Oring Drawer 3'),
(78, 'Oring Drawer 4'),
(79, 'Oring Drawer 5'),
(80, 'Oring Drawer2'),
(81, 'Rack 1'),
(82, 'Rack 1/Drawer 2'),
(83, 'Rack 10-A'),
(84, 'Rack 10-B'),
(85, 'Rack 10-C'),
(86, 'Rack 11-A'),
(87, 'Rack 11-B'),
(88, 'Rack 1-A'),
(89, 'Rack 1-B'),
(90, 'Rack 1-B Drawer 1'),
(91, 'Rack 1-B Drawer 2'),
(92, 'Rack 1-B/ Drawer 2'),
(93, 'Rack 1-B/Drawer 1'),
(94, 'Rack 1-B/Drawer 2'),
(95, 'Rack 1-B/Drawer 3'),
(96, 'Rack 1-B/Drawer 4'),
(97, 'Rack 1-B/Drawer 5'),
(98, 'Rack 1-C'),
(99, 'Rack 1-C Drawer 6'),
(100, 'Rack 1-C/Drawer 5'),
(101, 'Rack 1-C/Drawer 6'),
(102, 'Rack 1-D'),
(103, 'Rack 2-A'),
(104, 'Rack 2-B'),
(105, 'Rack 2-C'),
(106, 'Rack 2-D'),
(107, 'Rack 3-A'),
(108, 'Rack 3-B'),
(109, 'Rack 3-C'),
(110, 'Rack 3-D'),
(111, 'Rack 4-A'),
(112, 'Rack 4-B'),
(113, 'Rack 4-C'),
(114, 'Rack 4-D'),
(115, 'Rack 4-D'),
(116, 'Rack 5-A'),
(117, 'Rack 5-B'),
(118, 'Rack 5-C'),
(119, 'Rack 5-D'),
(120, 'Rack 6-A/C'),
(121, 'Rack 6-C'),
(122, 'Rack 6-D'),
(123, 'Rack 7-A'),
(124, 'Rack 7-B'),
(125, 'Rack 7-C'),
(126, 'Rack 7-D'),
(127, 'Rack 8-A'),
(128, 'Rack 8-B'),
(129, 'Rack 8-C'),
(130, 'Rack 8-D'),
(131, 'Rack 8-E'),
(132, 'Rack 9-A'),
(133, 'Rack 9-B'),
(134, 'Rack 9-C'),
(135, 'Rack1-A'),
(136, 'Rack1-B'),
(137, 'Valve Rack'),
(138, 'Warehouse Extension'),
(139, 'R 4-D'),
(140, 'R 4-C'),
(141, 'BOX SEM'),
(142, 'beside rack 1'),
(143, 'R 4-B'),
(144, 'R 4-B/Drawer'),
(145, 'R 4-C  Drawer');

-- --------------------------------------------------------

--
-- Table structure for table `receive_details`
--

CREATE TABLE IF NOT EXISTS `receive_details` (
`rd_id` int(11) NOT NULL,
  `receive_id` int(11) NOT NULL DEFAULT '0',
  `pr_no` varchar(50) DEFAULT NULL,
  `department_id` int(11) NOT NULL DEFAULT '0',
  `enduse_id` int(11) NOT NULL DEFAULT '0',
  `purpose_id` int(11) NOT NULL DEFAULT '0',
  `closed` int(11) NOT NULL DEFAULT '0',
  `close_remarks` text,
  `inspected_by` int(11) NOT NULL DEFAULT '0'
) ENGINE=InnoDB AUTO_INCREMENT=158 DEFAULT CHARSET=latin1;

--
-- Dumping data for table `receive_details`
--

INSERT INTO `receive_details` (`rd_id`, `receive_id`, `pr_no`, `department_id`, `enduse_id`, `purpose_id`, `closed`, `close_remarks`, `inspected_by`) VALUES
(1, 1, 'test', 13, 17, 19, 0, NULL, 71),
(2, 2, 'begbal 31519', 23, 117, 75, 0, NULL, 98),
(3, 3, 'begbal', 23, 117, 75, 0, NULL, 98),
(4, 5, 'begbal', 23, 117, 75, 0, NULL, 98),
(5, 8, 'begbal', 23, 117, 75, 0, NULL, 98),
(8, 15, 'begbal', 23, 117, 75, 0, NULL, 98),
(9, 16, 'begbal', 23, 117, 75, 0, NULL, 98),
(10, 17, 'begbal', 23, 117, 75, 0, NULL, 98),
(11, 19, 'begbal', 23, 117, 75, 0, NULL, 98),
(12, 20, 'begbal', 23, 117, 75, 0, NULL, 98),
(13, 21, 'begbal', 23, 117, 75, 0, NULL, 98),
(14, 22, 'begbal', 23, 117, 75, 0, NULL, 98),
(15, 23, 'begbal', 23, 117, 75, 0, NULL, 98),
(16, 24, 'begbal', 23, 117, 75, 0, NULL, 98),
(17, 25, 'begbal', 23, 117, 75, 0, NULL, 98),
(18, 26, 'begbal', 23, 117, 75, 0, NULL, 98),
(19, 27, 'begbal', 23, 117, 75, 0, NULL, 98),
(20, 28, 'begbal', 23, 117, 75, 0, NULL, 98),
(21, 29, 'begbal', 23, 117, 75, 0, NULL, 98),
(22, 30, 'begbal', 23, 117, 75, 0, NULL, 98),
(23, 31, 'begbal', 23, 117, 75, 0, NULL, 98),
(24, 32, 'begbal', 23, 117, 75, 0, NULL, 98),
(25, 33, 'begbal', 23, 117, 75, 0, NULL, 98),
(26, 34, 'begbal', 23, 117, 75, 0, NULL, 98),
(27, 36, 'begbal', 23, 117, 75, 0, NULL, 98),
(28, 37, 'begbal', 23, 117, 75, 0, NULL, 98),
(29, 38, 'begbal', 23, 117, 75, 0, NULL, 98),
(30, 40, 'begbal', 23, 117, 75, 0, NULL, 98),
(31, 41, 'begbal', 23, 117, 75, 0, NULL, 98),
(32, 42, 'begbal', 23, 117, 75, 0, NULL, 98),
(33, 43, 'begbal', 23, 117, 75, 0, NULL, 98),
(34, 44, 'begbal', 23, 117, 75, 0, NULL, 98),
(35, 45, 'begbal', 23, 117, 75, 0, NULL, 98),
(36, 46, 'begbal', 23, 117, 75, 0, NULL, 98),
(37, 47, 'begbal', 23, 117, 75, 0, NULL, 98),
(38, 48, 'begbal', 23, 117, 75, 0, NULL, 98),
(39, 49, 'begbal', 23, 117, 75, 0, NULL, 98),
(40, 50, 'begbal', 23, 117, 75, 0, NULL, 98),
(41, 51, 'begbal', 23, 117, 75, 0, NULL, 98),
(42, 52, 'begbal', 23, 117, 75, 0, NULL, 98),
(43, 53, 'begbal', 23, 117, 75, 0, NULL, 98),
(45, 55, 'begbal', 23, 117, 75, 0, NULL, 98),
(46, 56, 'begbal', 23, 117, 75, 0, NULL, 98),
(47, 57, 'begbal', 23, 117, 75, 0, NULL, 98),
(49, 59, 'begbal', 23, 117, 75, 0, NULL, 98),
(50, 60, 'begbal', 23, 117, 75, 0, NULL, 98),
(51, 61, 'begbal', 23, 117, 75, 0, NULL, 98),
(52, 62, 'begbal', 23, 117, 75, 0, NULL, 98),
(53, 64, 'begbal', 23, 117, 75, 0, NULL, 98),
(54, 65, 'begbal', 23, 117, 75, 0, NULL, 98),
(55, 66, 'begbal', 23, 117, 75, 0, NULL, 98),
(56, 67, 'begbal', 23, 117, 75, 0, NULL, 98),
(57, 68, 'begbal', 23, 117, 75, 0, NULL, 98),
(58, 69, 'begbal', 23, 117, 75, 0, NULL, 98),
(60, 71, 'begbal', 23, 117, 75, 0, NULL, 98),
(61, 72, 'begbal', 23, 117, 75, 0, NULL, 98),
(62, 73, 'begbal', 23, 117, 75, 0, NULL, 98),
(63, 74, 'begbal', 23, 117, 75, 0, NULL, 98),
(64, 75, 'begbal', 23, 117, 75, 0, NULL, 98),
(65, 76, 'begbal', 23, 117, 75, 0, NULL, 98),
(66, 77, 'begbal', 23, 117, 75, 0, NULL, 98),
(67, 78, 'begbal', 23, 117, 75, 0, NULL, 98),
(68, 79, 'begbal', 23, 117, 75, 0, NULL, 98),
(69, 80, 'begbal', 23, 117, 75, 0, NULL, 98),
(70, 81, 'begbal', 23, 117, 75, 0, NULL, 98),
(71, 82, 'begbal', 23, 117, 75, 0, NULL, 98),
(72, 83, 'begbal', 23, 117, 75, 0, NULL, 98),
(73, 84, 'begbal', 23, 117, 75, 0, NULL, 98),
(74, 86, 'begbal', 23, 117, 75, 0, NULL, 98),
(75, 87, 'begbal', 23, 117, 75, 0, NULL, 98),
(76, 88, 'begbal', 23, 117, 75, 0, NULL, 98),
(77, 89, 'begbal', 23, 117, 75, 0, NULL, 98),
(78, 90, 'begbal', 23, 117, 75, 0, NULL, 98),
(79, 91, 'begbal', 23, 117, 75, 0, NULL, 98),
(80, 92, 'begbal', 23, 117, 75, 0, NULL, 98),
(81, 93, 'begbal', 23, 117, 75, 0, NULL, 98),
(82, 94, 'begbal', 23, 117, 75, 0, NULL, 98),
(83, 95, 'begbal', 23, 117, 75, 0, NULL, 98),
(84, 96, 'begbal', 23, 117, 75, 0, NULL, 98),
(85, 97, 'begbal', 23, 117, 75, 0, NULL, 98),
(86, 98, 'begbal', 23, 117, 75, 0, NULL, 98),
(87, 99, 'begbal', 23, 117, 75, 0, NULL, 98),
(88, 100, 'begbal', 23, 117, 75, 0, NULL, 98),
(89, 101, 'begbal', 23, 117, 75, 0, NULL, 98),
(90, 102, 'begbal', 23, 117, 75, 0, NULL, 98),
(91, 103, 'begbal', 23, 117, 75, 0, NULL, 98),
(92, 104, 'begbal', 23, 117, 75, 0, NULL, 98),
(93, 105, 'begbal', 23, 117, 75, 0, NULL, 98),
(94, 106, 'begbal', 23, 117, 75, 0, NULL, 98),
(95, 107, 'begbal', 23, 117, 75, 0, NULL, 98),
(96, 108, 'begbal', 23, 117, 75, 0, NULL, 98),
(97, 109, 'begbal', 23, 117, 75, 0, NULL, 98),
(98, 110, 'begbal', 23, 117, 75, 0, NULL, 98),
(99, 111, 'begbal', 23, 117, 75, 0, NULL, 98),
(100, 113, 'begbal', 23, 117, 75, 0, NULL, 98),
(101, 114, 'begbal', 23, 117, 75, 0, NULL, 98),
(102, 115, 'begbal', 23, 117, 75, 0, NULL, 98),
(103, 116, 'begbal', 23, 117, 75, 0, NULL, 98),
(104, 117, 'begbal', 23, 117, 75, 0, NULL, 98),
(105, 118, 'begbal', 23, 117, 75, 0, NULL, 98),
(106, 120, 'begbal', 23, 117, 75, 0, NULL, 98),
(107, 122, 'begbal', 23, 117, 75, 0, NULL, 98),
(108, 123, 'begbal', 23, 117, 75, 0, NULL, 98),
(109, 124, 'begbal', 23, 117, 75, 0, NULL, 98),
(110, 126, 'begbal', 23, 117, 75, 0, NULL, 98),
(111, 127, 'begbal', 23, 117, 75, 0, NULL, 98),
(112, 128, 'begbal', 23, 117, 75, 0, NULL, 98),
(113, 129, 'begbal', 23, 117, 75, 0, NULL, 98),
(114, 130, 'begbal', 23, 117, 75, 0, NULL, 98),
(115, 132, 'begbal', 23, 117, 75, 0, NULL, 98),
(116, 133, 'begbal', 23, 117, 75, 0, NULL, 98),
(117, 134, 'begbal', 23, 117, 75, 0, NULL, 98),
(118, 135, 'begbal', 23, 117, 75, 0, NULL, 98),
(119, 137, 'begbal', 23, 117, 75, 0, NULL, 98),
(120, 138, 'begbal', 23, 117, 75, 0, NULL, 98),
(121, 140, 'begbal', 23, 117, 75, 0, NULL, 98),
(122, 141, 'begbal', 23, 117, 75, 0, NULL, 98),
(123, 142, 'begbal', 23, 117, 75, 0, NULL, 98),
(124, 143, 'begbal', 23, 117, 75, 0, NULL, 98),
(125, 144, 'begbal', 23, 117, 75, 0, NULL, 98),
(126, 145, 'begbal', 23, 117, 75, 0, NULL, 98),
(127, 146, 'begbal', 23, 117, 75, 0, NULL, 98),
(128, 147, 'begbal', 23, 117, 75, 0, NULL, 98),
(129, 148, 'begbal', 23, 117, 75, 0, NULL, 98),
(130, 149, 'begbal', 23, 117, 75, 0, NULL, 98),
(131, 150, 'begbal', 23, 117, 75, 0, NULL, 98),
(132, 151, 'begbal', 23, 117, 75, 0, NULL, 98),
(133, 152, 'begbal', 23, 117, 75, 0, NULL, 98),
(134, 153, 'begbal', 23, 117, 75, 0, NULL, 98),
(135, 154, 'begbal', 23, 117, 75, 0, NULL, 98),
(136, 155, 'begbal', 23, 117, 75, 0, NULL, 98),
(137, 156, 'begbal', 23, 117, 75, 0, NULL, 98),
(138, 157, 'begbal', 23, 117, 75, 0, NULL, 98),
(139, 158, 'begbal', 23, 117, 75, 0, NULL, 98),
(140, 159, 'begbal', 23, 117, 75, 0, NULL, 98),
(141, 161, 'begbal', 23, 117, 75, 0, NULL, 98),
(142, 162, 'begbal', 23, 117, 75, 0, NULL, 98),
(143, 163, 'begbal', 23, 117, 75, 0, NULL, 98),
(144, 165, 'begbal', 23, 117, 75, 0, NULL, 98),
(145, 166, 'begbal', 23, 117, 75, 0, NULL, 98),
(146, 168, 'begbal', 23, 117, 75, 0, NULL, 98),
(147, 169, 'begbal', 23, 117, 75, 0, NULL, 98),
(148, 170, 'begbal', 23, 117, 75, 0, NULL, 98),
(149, 171, 'begbal', 23, 117, 75, 0, NULL, 98),
(150, 172, 'begbal', 23, 117, 75, 0, NULL, 98),
(151, 173, 'begbal', 23, 117, 75, 0, NULL, 98),
(152, 174, 'begbal', 23, 117, 75, 0, NULL, 98),
(153, 175, 'begbal', 23, 117, 75, 0, NULL, 98),
(154, 176, 'begbal', 23, 117, 75, 0, NULL, 98),
(155, 177, '1000', 1, 122, 106, 0, NULL, 75),
(156, 178, '1000', 1, 122, 106, 0, NULL, 0),
(157, 179, '1000', 1, 122, 106, 0, NULL, 0);

-- --------------------------------------------------------

--
-- Table structure for table `receive_head`
--

CREATE TABLE IF NOT EXISTS `receive_head` (
`receive_id` int(11) NOT NULL,
  `mrecf_no` varchar(50) DEFAULT NULL,
  `create_date` varchar(20) DEFAULT NULL,
  `receive_date` varchar(20) DEFAULT NULL,
  `dr_no` varchar(50) DEFAULT NULL,
  `jo_no` varchar(50) DEFAULT NULL,
  `po_no` varchar(50) DEFAULT NULL,
  `si_no` varchar(50) DEFAULT NULL,
  `user_id` int(20) NOT NULL DEFAULT '0',
  `pcf` int(11) DEFAULT '0',
  `saved` int(11) DEFAULT '0',
  `delivered_by` text,
  `received_by` int(11) NOT NULL DEFAULT '0',
  `acknowledged_by` int(11) NOT NULL DEFAULT '0',
  `noted_by` int(11) NOT NULL DEFAULT '0'
) ENGINE=InnoDB AUTO_INCREMENT=180 DEFAULT CHARSET=latin1;

--
-- Dumping data for table `receive_head`
--

INSERT INTO `receive_head` (`receive_id`, `mrecf_no`, `create_date`, `receive_date`, `dr_no`, `jo_no`, `po_no`, `si_no`, `user_id`, `pcf`, `saved`, `delivered_by`, `received_by`, `acknowledged_by`, `noted_by`) VALUES
(1, 'MrecF-2019-03-0001', '2019-03-13 11:20:58', '2019-03-13', 'test', NULL, 'test', 'test', 6, NULL, 1, NULL, 0, 0, 0),
(2, 'MrecF-2019-03-0002', '2019-03-29 09:33:04', '2019-03-29', 'begbal', NULL, '', '', 7, NULL, 0, NULL, 0, 0, 0),
(3, 'MrecF-2019-03-0003', '2019-03-29 09:42:08', '2019-03-29', 'begbal', NULL, '', '', 7, NULL, 1, NULL, 0, 0, 0),
(4, 'MrecF-2019-03-0004', '2019-03-29 09:44:28', '2019-03-29', 'begbal31519', NULL, '', '', 7, NULL, 0, NULL, 0, 0, 0),
(5, 'MrecF-2019-03-0005', '2019-03-29 09:49:23', '2019-03-29', 'begbal31519', NULL, '', '', 7, NULL, 1, NULL, 0, 0, 0),
(6, 'MrecF-2019-03-0006', '2019-03-29 09:54:57', '2019-03-29', 'begbal31519', NULL, '', '', 7, NULL, 0, NULL, 0, 0, 0),
(7, 'MrecF-2019-03-0007', '2019-03-29 10:00:02', '2019-03-29', 'begbal31519', NULL, '', '', 7, NULL, 0, NULL, 0, 0, 0),
(8, 'MrecF-2019-03-0008', '2019-03-29 10:02:22', '2019-03-29', 'begbal31519', NULL, '', '', 7, NULL, 1, NULL, 0, 0, 0),
(9, 'MrecF-2019-03-0009', '2019-03-29 10:04:43', '2019-03-29', 'begbal31519', NULL, '', '', 7, NULL, 0, NULL, 0, 0, 0),
(12, 'MrecF-2019-03-0012', '2019-03-29 11:02:48', '2019-03-29', 'begbal31519', NULL, '', '', 7, NULL, 0, NULL, 0, 0, 0),
(13, 'MrecF-2019-03-0013', '2019-03-29 14:26:09', '2019-03-29', 'begbal31519', NULL, '', '', 7, NULL, 0, NULL, 0, 0, 0),
(14, 'MrecF-2019-03-0014', '2019-03-29 16:49:17', '2019-03-29', 'begbal31519', NULL, '', '', 7, NULL, 0, NULL, 0, 0, 0),
(15, 'MrecF-2019-04-0001', '2019-04-01 09:20:45', '2019-04-01', 'begbal31519', NULL, '', '', 7, NULL, 1, NULL, 0, 0, 0),
(16, 'MrecF-2019-04-0002', '2019-04-01 09:32:01', '2019-04-01', 'begbal31519', NULL, '', '', 7, NULL, 1, NULL, 0, 0, 0),
(17, 'MrecF-2019-04-0003', '2019-04-01 09:37:18', '2019-04-01', 'begbal31519', NULL, '', '', 7, NULL, 0, NULL, 0, 0, 0),
(18, 'MrecF-2019-04-0004', '2019-04-01 09:39:03', '2019-04-01', 'begbal31519', NULL, '', '', 7, NULL, 0, NULL, 0, 0, 0),
(19, 'MrecF-2019-04-0005', '2019-04-01 09:40:57', '2019-04-01', 'begbal31519', NULL, '', '', 7, NULL, 1, NULL, 0, 0, 0),
(20, 'MrecF-2019-04-0006', '2019-04-01 09:46:22', '2019-04-01', 'begbal31519', NULL, '', '', 7, NULL, 1, NULL, 0, 0, 0),
(21, 'MrecF-2019-04-0007', '2019-04-01 09:51:21', '2019-04-01', 'begbal31519', NULL, '', '', 7, NULL, 1, NULL, 0, 0, 0),
(22, 'MrecF-2019-04-0008', '2019-04-01 10:01:06', '2019-04-01', 'begbal31519', NULL, '', '', 7, NULL, 1, NULL, 0, 0, 0),
(23, 'MrecF-2019-04-0009', '2019-04-01 10:46:31', '2019-04-01', 'begbal31519', NULL, '', '', 7, NULL, 0, NULL, 0, 0, 0),
(24, 'MrecF-2019-04-0010', '2019-04-01 10:48:52', '2019-04-01', 'begbal31519', NULL, '', '', 7, NULL, 1, NULL, 0, 0, 0),
(25, 'MrecF-2019-04-0011', '2019-04-01 10:54:56', '2019-04-01', 'begbal31519', NULL, '', '', 7, NULL, 1, NULL, 0, 0, 0),
(26, 'MrecF-2019-04-0012', '2019-04-01 11:00:40', '2019-04-01', 'begbal31519', NULL, '', '', 7, NULL, 1, NULL, 0, 0, 0),
(27, 'MrecF-2019-04-0013', '2019-04-01 11:08:14', '2019-04-01', 'begbal31519', NULL, '', '', 7, NULL, 1, NULL, 0, 0, 0),
(28, 'MrecF-2019-04-0014', '2019-04-01 11:13:04', '2019-04-01', 'begbal31519', NULL, '', '', 7, NULL, 1, NULL, 0, 0, 0),
(29, 'MrecF-2019-04-0015', '2019-04-01 11:17:54', '2019-04-01', 'begbal31519', NULL, '', '', 7, NULL, 1, NULL, 0, 0, 0),
(30, 'MrecF-2019-04-0016', '2019-04-01 11:24:21', '2019-04-01', 'begbal31519', NULL, '', '', 7, NULL, 1, NULL, 0, 0, 0),
(31, 'MrecF-2019-04-0017', '2019-04-01 11:34:54', '2019-04-01', 'begbal31519', NULL, '', '', 7, NULL, 1, NULL, 0, 0, 0),
(32, 'MrecF-2019-04-0018', '2019-04-01 11:49:58', '2019-04-01', 'begbal31519', NULL, '', '', 7, NULL, 1, NULL, 0, 0, 0),
(33, 'MrecF-2019-04-0019', '2019-04-01 11:57:23', '2019-04-01', 'begbal31519', NULL, '', '', 7, NULL, 1, NULL, 0, 0, 0),
(34, 'MrecF-2019-04-0020', '2019-04-01 12:02:43', '2019-04-01', 'begbal31519', NULL, '', '', 7, NULL, 1, NULL, 0, 0, 0),
(35, 'MrecF-2019-04-0021', '2019-04-01 12:08:13', '2019-04-01', 'begbal31519', NULL, '', '', 7, NULL, 0, NULL, 0, 0, 0),
(36, 'MrecF-2019-04-0022', '2019-04-01 12:14:44', '2019-04-01', 'begbal31519', NULL, '', '', 7, NULL, 1, NULL, 0, 0, 0),
(37, 'MrecF-2019-04-0023', '2019-04-01 13:23:07', '2019-04-01', 'begbal31519', NULL, '', '', 7, NULL, 1, NULL, 0, 0, 0),
(38, 'MrecF-2019-04-0024', '2019-04-01 13:27:22', '2019-04-01', 'begbal31519', NULL, '', '', 7, NULL, 1, NULL, 0, 0, 0),
(39, 'MrecF-2019-04-0025', '2019-04-01 13:34:50', '2019-04-01', 'begbal3', NULL, '', '', 7, NULL, 0, NULL, 0, 0, 0),
(40, 'MrecF-2019-04-0026', '2019-04-01 13:41:03', '2019-04-01', 'begbal31519', NULL, '', '', 7, NULL, 1, NULL, 0, 0, 0),
(41, 'MrecF-2019-04-0027', '2019-04-01 13:46:27', '2019-04-01', 'begbal31519', NULL, '', '', 7, NULL, 1, NULL, 0, 0, 0),
(42, 'MrecF-2019-04-0028', '2019-04-01 13:50:44', '2019-04-01', 'begbal31519', NULL, '', '', 7, NULL, 1, NULL, 0, 0, 0),
(43, 'MrecF-2019-04-0029', '2019-04-01 13:55:09', '2019-04-01', 'begbal31519', NULL, '', '', 7, NULL, 1, NULL, 0, 0, 0),
(44, 'MrecF-2019-04-0030', '2019-04-01 13:59:44', '2019-04-01', 'begbal31519', NULL, '', '', 7, NULL, 1, NULL, 0, 0, 0),
(45, 'MrecF-2019-04-0031', '2019-04-01 14:06:26', '2019-04-01', 'begbal31519', NULL, '', '', 7, NULL, 1, NULL, 0, 0, 0),
(46, 'MrecF-2019-04-0032', '2019-04-01 14:13:47', '2019-04-01', 'begbal31519', NULL, '', '', 7, NULL, 1, NULL, 0, 0, 0),
(47, 'MrecF-2019-04-0033', '2019-04-01 14:18:08', '2019-04-01', 'begbal31519', NULL, '', '', 7, NULL, 1, NULL, 0, 0, 0),
(48, 'MrecF-2019-04-0034', '2019-04-01 14:21:19', '2019-04-01', 'begbal31519', NULL, '', '', 7, NULL, 1, NULL, 0, 0, 0),
(49, 'MrecF-2019-04-0035', '2019-04-01 14:25:27', '2019-04-01', 'begbal31519', NULL, '', '', 7, NULL, 1, NULL, 0, 0, 0),
(50, 'MrecF-2019-04-0036', '2019-04-01 14:33:20', '2019-04-01', 'begbal31519', NULL, '', '', 7, NULL, 1, NULL, 0, 0, 0),
(51, 'MrecF-2019-04-0037', '2019-04-01 14:38:21', '2019-04-01', 'begbal31519', NULL, '', '', 7, NULL, 1, NULL, 0, 0, 0),
(52, 'MrecF-2019-04-0038', '2019-04-01 14:47:09', '2019-04-01', 'begbal31519', NULL, '', '', 7, NULL, 1, NULL, 0, 0, 0),
(53, 'MrecF-2019-04-0039', '2019-04-01 15:00:53', '2019-04-01', 'begbal31519', NULL, '', '', 7, NULL, 1, NULL, 0, 0, 0),
(55, 'MrecF-2019-04-0041', '2019-04-01 15:32:51', '2019-04-01', 'begbal31519', NULL, '', '', 7, NULL, 1, NULL, 0, 0, 0),
(56, 'MrecF-2019-04-0042', '2019-04-01 15:37:27', '2019-04-01', 'begbal31519', NULL, '', '', 7, NULL, 1, NULL, 0, 0, 0),
(57, 'MrecF-2019-04-0043', '2019-04-01 15:42:40', '2019-04-01', 'begbal31519', NULL, '', '', 7, NULL, 1, NULL, 0, 0, 0),
(59, 'MrecF-2019-04-0045', '2019-04-01 15:55:50', '2019-04-01', 'begbal31519', NULL, '', '', 7, NULL, 1, NULL, 0, 0, 0),
(60, 'MrecF-2019-04-0046', '2019-04-01 16:02:08', '2019-04-01', 'begbal31519', NULL, '', '', 7, NULL, 1, NULL, 0, 0, 0),
(61, 'MrecF-2019-04-0047', '2019-04-01 16:07:02', '2019-04-01', 'begbal31519', NULL, '', '', 7, NULL, 1, NULL, 0, 0, 0),
(62, 'MrecF-2019-04-0048', '2019-04-01 16:17:35', '2019-04-01', 'begbal31519', NULL, '', '', 7, NULL, 1, NULL, 0, 0, 0),
(63, 'MrecF-2019-04-0049', '2019-04-02 09:03:28', '2019-04-02', 'begbal31519', NULL, '', '', 7, NULL, 0, NULL, 0, 0, 0),
(64, 'MrecF-2019-04-0050', '2019-04-02 09:05:25', '2019-04-02', 'begbal31519', NULL, '', '', 7, NULL, 1, NULL, 0, 0, 0),
(65, 'MrecF-2019-04-0051', '2019-04-02 09:14:37', '2019-04-02', 'begbal31519', NULL, '', '', 7, NULL, 1, NULL, 0, 0, 0),
(66, 'MrecF-2019-04-0052', '2019-04-02 09:19:47', '2019-04-02', 'begbal31519', NULL, '', '', 7, NULL, 1, NULL, 0, 0, 0),
(67, 'MrecF-2019-04-0053', '2019-04-02 09:25:34', '2019-04-02', 'begbal31519', NULL, '', '', 7, NULL, 1, NULL, 0, 0, 0),
(68, 'MrecF-2019-04-0054', '2019-04-02 09:31:38', '2019-04-02', 'begbal31519', NULL, '', '', 7, NULL, 1, NULL, 0, 0, 0),
(69, 'MrecF-2019-04-0055', '2019-04-02 09:37:14', '2019-04-02', 'begbal31519', NULL, '', '', 7, NULL, 1, NULL, 0, 0, 0),
(72, 'MrecF-2019-04-0058', '2019-04-02 09:48:46', '2019-04-02', 'begbal31519', NULL, '', '', 7, NULL, 1, NULL, 0, 0, 0),
(73, 'MrecF-2019-04-0059', '2019-04-02 11:09:07', '2019-04-02', 'begbal31519', NULL, '', '', 7, NULL, 1, NULL, 0, 0, 0),
(74, 'MrecF-2019-04-0060', '2019-04-02 11:17:20', '2019-04-02', 'begbal31519', NULL, '', '', 7, NULL, 1, NULL, 0, 0, 0),
(75, 'MrecF-2019-04-0061', '2019-04-02 11:24:46', '2019-04-02', 'begbal31519', NULL, '', '', 7, NULL, 1, NULL, 0, 0, 0),
(76, 'MrecF-2019-04-0062', '2019-04-02 11:33:27', '2019-04-02', 'begbal31519', NULL, '', '', 7, NULL, 1, NULL, 0, 0, 0),
(77, 'MrecF-2019-04-0063', '2019-04-02 13:47:00', '2019-04-02', 'begbal31519', NULL, '', '', 7, NULL, 0, NULL, 0, 0, 0),
(78, 'MrecF-2019-04-0064', '2019-04-02 13:50:06', '2019-04-02', 'begbal31519', NULL, '', '', 7, NULL, 1, NULL, 0, 0, 0),
(79, 'MrecF-2019-04-0065', '2019-04-02 13:54:39', '2019-04-02', 'begbal31519', NULL, '', '', 7, NULL, 1, NULL, 0, 0, 0),
(80, 'MrecF-2019-04-0066', '2019-04-02 14:56:33', '2019-04-02', 'begbal31519', NULL, '', '', 7, NULL, 1, NULL, 0, 0, 0),
(81, 'MrecF-2019-04-0067', '2019-04-02 15:00:38', '2019-04-02', 'begbal31519', NULL, '', '', 7, NULL, 1, NULL, 0, 0, 0),
(82, 'MrecF-2019-04-0068', '2019-04-02 15:05:09', '2019-04-02', 'begbal31519', NULL, '', '', 7, NULL, 1, NULL, 0, 0, 0),
(83, 'MrecF-2019-04-0069', '2019-04-02 15:30:04', '2019-04-02', 'begbal31519', NULL, '', '', 7, NULL, 1, NULL, 0, 0, 0),
(84, 'MrecF-2019-04-0070', '2019-04-02 15:35:20', '2019-04-02', 'begbal31519', NULL, '', '', 7, NULL, 1, NULL, 0, 0, 0),
(85, 'MrecF-2019-04-0071', '2019-04-02 15:40:33', '2019-04-02', 'begbal31519', NULL, '', '', 7, NULL, 0, NULL, 0, 0, 0),
(86, 'MrecF-2019-04-0072', '2019-04-02 15:42:32', '2019-04-02', 'begbal31519', NULL, '', '', 7, NULL, 1, NULL, 0, 0, 0),
(87, 'MrecF-2019-04-0073', '2019-04-02 15:46:32', '2019-04-02', 'begbal31519', NULL, '', '', 7, NULL, 1, NULL, 0, 0, 0),
(88, 'MrecF-2019-04-0074', '2019-04-02 15:50:15', '2019-04-02', 'begbal31519', NULL, '', '', 7, NULL, 1, NULL, 0, 0, 0),
(89, 'MrecF-2019-04-0075', '2019-04-02 15:54:03', '2019-04-02', 'begbal31519', NULL, '', '', 7, NULL, 1, NULL, 0, 0, 0),
(90, 'MrecF-2019-04-0076', '2019-04-02 15:57:43', '2019-04-02', 'begbal31519', NULL, '', '', 7, NULL, 1, NULL, 0, 0, 0),
(91, 'MrecF-2019-04-0077', '2019-04-02 16:03:18', '2019-04-02', 'begbal31519', NULL, '', '', 7, NULL, 1, NULL, 0, 0, 0),
(92, 'MrecF-2019-04-0078', '2019-04-02 16:08:54', '2019-04-02', 'begbal31519', NULL, '', '', 7, NULL, 1, NULL, 0, 0, 0),
(93, 'MrecF-2019-04-0079', '2019-04-02 16:14:18', '2019-04-02', 'begbal31519', NULL, '', '', 7, NULL, 1, NULL, 0, 0, 0),
(94, 'MrecF-2019-04-0080', '2019-04-02 16:17:46', '2019-04-02', 'begbal31519', NULL, '', '', 7, NULL, 1, NULL, 0, 0, 0),
(95, 'MrecF-2019-04-0081', '2019-04-02 16:21:36', '2019-04-02', 'begbal31519', NULL, '', '', 7, NULL, 1, NULL, 0, 0, 0),
(96, 'MrecF-2019-04-0082', '2019-04-02 16:25:38', '2019-04-02', 'begbal31519', NULL, '', '', 7, NULL, 1, NULL, 0, 0, 0),
(97, 'MrecF-2019-04-0083', '2019-04-02 16:30:46', '2019-04-02', 'begbal31519', NULL, '', '', 7, NULL, 1, NULL, 0, 0, 0),
(98, 'MrecF-2019-04-0084', '2019-04-02 16:42:19', '2019-04-02', 'begbal31519', NULL, '', '', 7, NULL, 1, NULL, 0, 0, 0),
(99, 'MrecF-2019-04-0085', '2019-04-02 16:46:38', '2019-04-02', 'begbal31519', NULL, '', '', 7, NULL, 1, NULL, 0, 0, 0),
(100, 'MrecF-2019-04-0086', '2019-04-02 16:49:34', '2019-04-02', 'begbal31519', NULL, '', '', 7, NULL, 1, NULL, 0, 0, 0),
(101, 'MrecF-2019-04-0087', '2019-04-02 16:53:53', '2019-04-02', 'begbal31519', NULL, '', '', 7, NULL, 1, NULL, 0, 0, 0),
(102, 'MrecF-2019-04-0088', '2019-04-02 16:58:44', '2019-04-02', 'begbal31519', NULL, '', '', 7, NULL, 1, NULL, 0, 0, 0),
(103, 'MrecF-2019-04-0089', '2019-04-03 09:15:06', '2019-04-03', 'begbal31519', NULL, '', '', 7, NULL, 1, NULL, 0, 0, 0),
(104, 'MrecF-2019-04-0090', '2019-04-03 09:21:25', '2019-04-03', 'begbal31519', NULL, '', '', 7, NULL, 1, NULL, 0, 0, 0),
(105, 'MrecF-2019-04-0091', '2019-04-03 09:28:49', '2019-04-03', 'begbal31519', NULL, '', '', 7, NULL, 1, NULL, 0, 0, 0),
(106, 'MrecF-2019-04-0092', '2019-04-03 09:33:07', '2019-04-03', 'begbal31519', NULL, '', '', 7, NULL, 1, NULL, 0, 0, 0),
(107, 'MrecF-2019-04-0093', '2019-04-03 09:41:36', '2019-04-03', 'begbal31519', NULL, '', '', 7, NULL, 1, NULL, 0, 0, 0),
(108, 'MrecF-2019-04-0094', '2019-04-03 09:47:56', '2019-04-03', 'begbal31519', NULL, '', '', 7, NULL, 1, NULL, 0, 0, 0),
(109, 'MrecF-2019-04-0095', '2019-04-03 09:59:47', '2019-04-03', 'begbal31519', NULL, '', '', 7, NULL, 1, NULL, 0, 0, 0),
(110, 'MrecF-2019-04-0096', '2019-04-03 10:04:11', '2019-04-03', 'begbal31519', NULL, '', '', 7, NULL, 1, NULL, 0, 0, 0),
(111, 'MrecF-2019-04-0097', '2019-04-03 10:53:05', '2019-04-03', 'begbal31519', NULL, '', '', 7, NULL, 0, NULL, 0, 0, 0),
(112, 'MrecF-2019-04-0098', '2019-04-03 10:55:01', '2019-04-03', 'begbal31519', NULL, '', '', 7, NULL, 0, NULL, 0, 0, 0),
(113, 'MrecF-2019-04-0099', '2019-04-03 10:57:32', '2019-04-03', 'begbal31519', NULL, '', '', 7, NULL, 1, NULL, 0, 0, 0),
(114, 'MrecF-2019-04-0100', '2019-04-03 11:05:05', '2019-04-03', 'begbal31519', NULL, '', '', 7, NULL, 1, NULL, 0, 0, 0),
(115, 'MrecF-2019-04-0101', '2019-04-03 11:08:23', '2019-04-03', 'begbal31519', NULL, '', '', 7, NULL, 1, NULL, 0, 0, 0),
(116, 'MrecF-2019-04-0102', '2019-04-03 11:12:40', '2019-04-03', 'begbal31519', NULL, '', '', 7, NULL, 1, NULL, 0, 0, 0),
(117, 'MrecF-2019-04-0103', '2019-04-03 11:19:43', '2019-04-03', 'begbal31519', NULL, '', '', 7, NULL, 1, NULL, 0, 0, 0),
(118, 'MrecF-2019-04-0104', '2019-04-03 11:23:22', '2019-04-03', 'begbal31519', NULL, '', '', 7, NULL, 1, NULL, 0, 0, 0),
(119, 'MrecF-2019-04-0105', '2019-04-03 11:28:33', '2019-04-03', 'begbal31519', NULL, '', '', 7, NULL, 0, NULL, 0, 0, 0),
(120, 'MrecF-2019-04-0106', '2019-04-03 11:29:31', '2019-04-03', 'begbal31519', NULL, '', '', 7, NULL, 1, NULL, 0, 0, 0),
(121, 'MrecF-2019-04-0107', '2019-04-03 11:34:37', '2019-04-03', 'begbal31519', NULL, '', '', 7, NULL, 0, NULL, 0, 0, 0),
(122, 'MrecF-2019-04-0108', '2019-04-06 09:36:01', '2019-04-06', 'begbal31519', NULL, '', '', 7, NULL, 1, NULL, 0, 0, 0),
(123, 'MrecF-2019-04-0109', '2019-04-06 09:41:03', '2019-04-06', 'begbal31519', NULL, '', '', 7, NULL, 1, NULL, 0, 0, 0),
(124, 'MrecF-2019-04-0110', '2019-04-06 09:46:36', '2019-04-06', 'begbal31519', NULL, '', '', 7, NULL, 1, NULL, 0, 0, 0),
(125, 'MrecF-2019-04-0111', '2019-04-06 09:54:38', '2019-04-06', 'begbal31519', NULL, '', '', 7, NULL, 0, NULL, 0, 0, 0),
(126, 'MrecF-2019-04-0112', '2019-04-06 09:55:57', '2019-04-06', 'begbal31519', NULL, '', '', 7, NULL, 1, NULL, 0, 0, 0),
(127, 'MrecF-2019-04-0113', '2019-04-06 10:02:34', '2019-04-06', 'begbal31519', NULL, '', '', 7, NULL, 1, NULL, 0, 0, 0),
(128, 'MrecF-2019-04-0114', '2019-04-06 10:36:24', '2019-04-06', 'begbal31519', NULL, '', '', 7, NULL, 1, NULL, 0, 0, 0),
(129, 'MrecF-2019-04-0115', '2019-04-06 10:43:05', '2019-04-06', 'begbal31519', NULL, '', '', 7, NULL, 1, NULL, 0, 0, 0),
(130, 'MrecF-2019-04-0116', '2019-04-06 10:52:44', '2019-04-06', 'begbal31519', NULL, '', '', 7, NULL, 1, NULL, 0, 0, 0),
(131, 'MrecF-2019-04-0117', '2019-04-06 11:01:35', '2019-04-06', 'begbal31519', NULL, '', '', 7, NULL, 0, NULL, 0, 0, 0),
(132, 'MrecF-2019-04-0118', '2019-04-06 11:02:57', '2019-04-06', 'begbal31519', NULL, '', '', 7, NULL, 1, NULL, 0, 0, 0),
(133, 'MrecF-2019-04-0119', '2019-04-06 11:06:40', '2019-04-06', 'begbal31519', NULL, '', '', 7, NULL, 1, NULL, 0, 0, 0),
(134, 'MrecF-2019-04-0120', '2019-04-06 11:10:52', '2019-04-06', 'begbal31519', NULL, '', '', 7, NULL, 1, NULL, 0, 0, 0),
(135, 'MrecF-2019-04-0121', '2019-04-06 11:14:48', '2019-04-06', 'begbal31519', NULL, '', '', 7, NULL, 1, NULL, 0, 0, 0),
(136, 'MrecF-2019-04-0122', '2019-04-06 11:18:48', '2019-04-06', 'begbal31519', NULL, '', '', 7, NULL, 0, NULL, 0, 0, 0),
(137, 'MrecF-2019-04-0123', '2019-04-06 11:20:37', '2019-04-06', 'begbal31519', NULL, '', '', 7, NULL, 1, NULL, 0, 0, 0),
(138, 'MrecF-2019-04-0124', '2019-04-06 11:23:39', '2019-04-06', 'begbal31519', NULL, '', '', 7, NULL, 1, NULL, 0, 0, 0),
(139, 'MrecF-2019-04-0125', '2019-04-06 11:35:19', '2019-04-06', 'begbal31519', NULL, '', '', 7, NULL, 0, NULL, 0, 0, 0),
(140, 'MrecF-2019-04-0126', '2019-04-06 11:40:09', '2019-04-06', 'begbal31519', NULL, '', '', 7, NULL, 1, NULL, 0, 0, 0),
(141, 'MrecF-2019-04-0127', '2019-04-06 11:45:26', '2019-04-06', 'begbal31519', NULL, '', '', 7, NULL, 1, NULL, 0, 0, 0),
(142, 'MrecF-2019-04-0128', '2019-04-06 11:49:57', '2019-04-06', 'begbal31519', NULL, '', '', 7, NULL, 1, NULL, 0, 0, 0),
(143, 'MrecF-2019-04-0129', '2019-04-06 11:54:07', '2019-04-06', 'begbal31519', NULL, '', '', 7, NULL, 1, NULL, 0, 0, 0),
(144, 'MrecF-2019-04-0130', '2019-04-06 12:01:40', '2019-04-06', 'begbal31519', NULL, '', '', 7, NULL, 1, NULL, 0, 0, 0),
(145, 'MrecF-2019-04-0131', '2019-04-06 12:05:10', '2019-04-06', 'begbal31519', NULL, '', '', 7, NULL, 1, NULL, 0, 0, 0),
(146, 'MrecF-2019-04-0132', '2019-04-06 13:15:46', '2019-04-06', 'begbal31519', NULL, '', '', 7, NULL, 1, NULL, 0, 0, 0),
(147, 'MrecF-2019-04-0133', '2019-04-06 13:34:46', '2019-04-06', 'begbal31519', NULL, '', '', 7, NULL, 1, NULL, 0, 0, 0),
(148, 'MrecF-2019-04-0134', '2019-04-06 13:40:26', '2019-04-06', 'begbal31519', NULL, '', '', 7, NULL, 1, NULL, 0, 0, 0),
(149, 'MrecF-2019-04-0135', '2019-04-06 13:50:31', '2019-04-06', 'begbal31519', NULL, '', '', 7, NULL, 1, NULL, 0, 0, 0),
(150, 'MrecF-2019-04-0136', '2019-04-08 09:35:43', '2019-04-08', 'begbal31519', NULL, '', '', 7, NULL, 1, NULL, 0, 0, 0),
(151, 'MrecF-2019-04-0137', '2019-04-08 09:44:08', '2019-04-08', 'begbal31519', NULL, '', '', 7, NULL, 1, NULL, 0, 0, 0),
(152, 'MrecF-2019-04-0138', '2019-04-08 09:50:40', '2019-04-08', 'begbal31519', NULL, '', '', 7, NULL, 1, NULL, 0, 0, 0),
(153, 'MrecF-2019-04-0139', '2019-04-08 09:59:51', '2019-04-08', 'begbal31519', NULL, '', '', 7, NULL, 1, NULL, 0, 0, 0),
(154, 'MrecF-2019-04-0140', '2019-04-08 10:03:55', '2019-04-08', 'begbal31519', NULL, '', '', 7, NULL, 1, NULL, 0, 0, 0),
(155, 'MrecF-2019-04-0141', '2019-04-08 11:04:53', '2019-04-08', 'begbal31519', NULL, '', '', 7, NULL, 1, NULL, 0, 0, 0),
(156, 'MrecF-2019-04-0142', '2019-04-08 11:08:36', '2019-04-08', 'begbal31519', NULL, '', '', 7, NULL, 1, NULL, 0, 0, 0),
(157, 'MrecF-2019-04-0143', '2019-04-08 11:11:46', '2019-04-08', 'begbal31519', NULL, '', '', 7, NULL, 1, NULL, 0, 0, 0),
(158, 'MrecF-2019-04-0144', '2019-04-08 11:22:12', '2019-04-08', 'begbal31519', NULL, '', '', 7, NULL, 1, NULL, 0, 0, 0),
(159, 'MrecF-2019-04-0145', '2019-04-08 11:29:36', '2019-04-08', 'begbal31519', NULL, '', '', 7, NULL, 1, NULL, 0, 0, 0),
(160, 'MrecF-2019-04-0146', '2019-04-08 11:36:53', '2019-04-08', 'begbal3', NULL, '', '', 7, NULL, 0, NULL, 0, 0, 0),
(161, 'MrecF-2019-04-0147', '2019-04-08 11:37:30', '2019-04-08', 'begbal31519', NULL, '', '', 7, NULL, 1, NULL, 0, 0, 0),
(162, 'MrecF-2019-04-0148', '2019-04-08 11:40:26', '2019-04-08', 'begbal31519', NULL, '', '', 7, NULL, 1, NULL, 0, 0, 0),
(163, 'MrecF-2019-04-0149', '2019-04-08 11:43:56', '2019-04-08', 'begbal31519', NULL, '', '', 7, NULL, 1, NULL, 0, 0, 0),
(164, 'MrecF-2019-04-0150', '2019-04-08 11:46:53', '2019-04-08', 'begbal31519', NULL, '', '', 7, NULL, 0, NULL, 0, 0, 0),
(165, 'MrecF-2019-04-0151', '2019-04-08 11:49:41', '2019-04-08', 'begbal31519', NULL, '', '', 7, NULL, 1, NULL, 0, 0, 0),
(166, 'MrecF-2019-04-0152', '2019-04-08 11:53:03', '2019-04-08', 'begbal31519', NULL, '', '', 7, NULL, 1, NULL, 0, 0, 0),
(167, 'MrecF-2019-04-0153', '2019-04-08 11:56:19', '2019-04-08', 'begbal3', NULL, '', '', 7, NULL, 0, NULL, 0, 0, 0),
(168, 'MrecF-2019-04-0154', '2019-04-08 11:58:19', '2019-04-08', 'begbal31519', NULL, '', '', 7, NULL, 1, NULL, 0, 0, 0),
(169, 'MrecF-2019-04-0155', '2019-04-08 12:01:43', '2019-04-08', 'begbal31519', NULL, '', '', 7, NULL, 1, NULL, 0, 0, 0),
(170, 'MrecF-2019-04-0156', '2019-04-08 12:06:07', '2019-04-08', 'begbal31519', NULL, '', '', 7, NULL, 1, NULL, 0, 0, 0),
(171, 'MrecF-2019-04-0157', '2019-04-08 13:53:58', '2019-04-08', 'begbal31519', NULL, '', '', 7, NULL, 1, NULL, 0, 0, 0),
(172, 'MrecF-2019-04-0158', '2019-04-08 14:33:26', '2019-04-08', 'begbal31519', NULL, '', '', 7, NULL, 1, NULL, 0, 0, 0),
(173, 'MrecF-2019-04-0159', '2019-04-08 16:57:48', '2019-04-08', 'begbal31519', NULL, '', '', 7, NULL, 1, NULL, 0, 0, 0),
(174, 'MrecF-2019-04-0160', '2019-04-08 17:02:22', '2019-04-08', 'begbal31519', NULL, '', '', 7, NULL, 1, NULL, 0, 0, 0),
(175, 'MrecF-2019-04-0161', '2019-04-08 17:13:19', '2019-04-08', 'begbal31519', NULL, '', '', 7, NULL, 1, NULL, 0, 0, 0),
(176, 'MrecF-2019-04-0162', '2019-04-08 17:18:21', '2019-04-08', 'begbal31519', NULL, '', '', 7, NULL, 1, NULL, 0, 0, 0),
(177, 'MrecF-2019-06-0001', '2019-06-13 16:50:11', '2019-06-13', '23', NULL, '123', '123', 1, NULL, 1, NULL, 0, 0, 0),
(178, 'MrecF-2019-06-0002', '2019-06-13 16:51:29', '2019-06-13', '23', NULL, '123', '123', 1, NULL, 1, NULL, 0, 0, 0),
(179, 'MrecF-2019-06-0003', '2019-06-13 16:52:27', '2019-06-13', '23', NULL, '123', '123', 1, NULL, 1, NULL, 0, 0, 0);

-- --------------------------------------------------------

--
-- Table structure for table `receive_items`
--

CREATE TABLE IF NOT EXISTS `receive_items` (
`ri_id` int(11) NOT NULL,
  `rd_id` int(11) NOT NULL DEFAULT '0',
  `receive_id` int(11) NOT NULL DEFAULT '0',
  `po_no` varchar(50) DEFAULT NULL,
  `supplier_id` int(11) NOT NULL DEFAULT '0',
  `item_id` int(11) NOT NULL DEFAULT '0',
  `brand_id` int(11) NOT NULL DEFAULT '0',
  `catalog_no` varchar(50) DEFAULT NULL,
  `nkk_no` varchar(100) DEFAULT NULL,
  `semt_no` varchar(100) DEFAULT NULL,
  `serial_id` int(11) NOT NULL DEFAULT '0',
  `item_cost` decimal(10,2) NOT NULL DEFAULT '0.00',
  `expected_qty` decimal(10,2) NOT NULL DEFAULT '0.00',
  `received_qty` decimal(10,2) NOT NULL DEFAULT '0.00',
  `remarks` text,
  `inspected_by` int(11) NOT NULL DEFAULT '0',
  `local_mnl` int(11) NOT NULL DEFAULT '0'
) ENGINE=InnoDB AUTO_INCREMENT=158 DEFAULT CHARSET=latin1;

--
-- Dumping data for table `receive_items`
--

INSERT INTO `receive_items` (`ri_id`, `rd_id`, `receive_id`, `po_no`, `supplier_id`, `item_id`, `brand_id`, `catalog_no`, `nkk_no`, `semt_no`, `serial_id`, `item_cost`, `expected_qty`, `received_qty`, `remarks`, `inspected_by`, `local_mnl`) VALUES
(1, 1, 1, 'test', 334, 136, 568, 'test', NULL, NULL, 5, '10.00', '10.00', '10.00', 'test', 0, 0),
(2, 2, 2, '', 270, 8, 570, '', NULL, NULL, 6, '0.00', '17.00', '17.00', '', 0, 1),
(3, 3, 3, '', 270, 8, 571, '', NULL, NULL, 7, '0.00', '17.00', '17.00', '', 0, 1),
(4, 4, 5, '', 270, 402, 572, '', NULL, NULL, 8, '0.00', '34.00', '34.00', '', 0, 1),
(5, 5, 8, '', 270, 10, 573, '', NULL, NULL, 9, '0.00', '35.00', '35.00', '', 0, 1),
(8, 8, 15, '', 336, 361, 577, '', NULL, NULL, 12, '0.00', '35.00', '35.00', '', 0, 1),
(9, 9, 16, '', 336, 362, 91, 'PF 16-103', NULL, NULL, 13, '0.00', '54.00', '54.00', '', 0, 1),
(10, 10, 17, '', 336, 361, 91, 'PF 16-15', NULL, NULL, 14, '0.00', '35.00', '35.00', '', 0, 1),
(11, 11, 19, '', 336, 361, 91, 'PF 16-15', NULL, NULL, 15, '0.00', '35.00', '35.00', '', 0, 1),
(12, 12, 20, '', 336, 359, 91, 'PF 16-5', NULL, NULL, 16, '0.00', '5.00', '5.00', '', 0, 1),
(13, 13, 21, '', 336, 363, 91, 'PF 16-113', NULL, NULL, 17, '0.00', '57.00', '57.00', '', 0, 1),
(14, 14, 22, '', 336, 364, 91, 'PF 16-120', NULL, NULL, 18, '0.00', '508.00', '508.00', '', 0, 1),
(15, 15, 23, '', 336, 391, 91, 'PF 15-HSG', NULL, NULL, 19, '0.00', '5.00', '5.00', '', 0, 1),
(16, 16, 24, '', 336, 391, 91, 'PF 15-HSG', NULL, NULL, 20, '0.00', '5.00', '5.00', '', 0, 1),
(17, 17, 25, '', 336, 375, 91, 'PF 20-175', NULL, NULL, 21, '0.00', '92.00', '92.00', '', 0, 1),
(18, 18, 26, '', 336, 385, 91, 'PF 32-18', NULL, NULL, 22, '0.00', '21.00', '21.00', '', 0, 1),
(19, 19, 27, '', 336, 384, 91, 'PF 30-31', NULL, NULL, 23, '0.00', '36.00', '36.00', '', 0, 1),
(20, 20, 28, '', 336, 315, 91, 'PF 54-118', NULL, NULL, 24, '0.00', '6.00', '6.00', '', 0, 1),
(21, 21, 29, '', 336, 390, 91, 'PF 15-63', NULL, NULL, 25, '0.00', '65.00', '65.00', '', 0, 1),
(22, 22, 30, '', 336, 366, 91, 'PF 17-118', NULL, NULL, 26, '0.00', '10.00', '10.00', '', 0, 1),
(23, 23, 31, '', 336, 311, 91, 'PF 54-111', NULL, NULL, 27, '0.00', '3.00', '3.00', '', 0, 1),
(24, 24, 32, '', 336, 316, 91, 'PF 54-121', NULL, NULL, 28, '0.00', '4.00', '4.00', '', 0, 1),
(25, 25, 33, '', 336, 313, 91, 'PF 54-116', NULL, NULL, 29, '0.00', '4.00', '4.00', '', 0, 1),
(26, 26, 34, '', 336, 313, 91, 'PF 54-116', NULL, NULL, 30, '0.00', '4.00', '4.00', '', 0, 1),
(27, 27, 36, '', 336, 4435, 91, 'PF 54-116', NULL, NULL, 31, '0.00', '4.00', '4.00', '', 0, 1),
(28, 28, 37, '', 336, 318, 91, 'PF 54-210', NULL, NULL, 32, '0.00', '4.00', '4.00', '', 0, 1),
(29, 29, 38, '', 336, 324, 91, 'PF 65-8', NULL, NULL, 33, '0.00', '1.00', '1.00', '', 0, 1),
(30, 30, 40, '', 336, 325, 91, 'PF 65-12', NULL, NULL, 34, '0.00', '5.00', '5.00', '', 0, 1),
(31, 31, 41, '', 336, 326, 91, 'PF 71-14', NULL, NULL, 35, '0.00', '8.00', '8.00', '', 0, 1),
(32, 32, 42, '', 336, 327, 91, 'PF 71-17', NULL, NULL, 36, '0.00', '19.00', '19.00', '', 0, 1),
(33, 33, 43, '', 336, 351, 91, 'PF 1-16', NULL, NULL, 37, '0.00', '21.00', '21.00', '', 0, 1),
(34, 34, 44, '', 336, 353, 91, 'PF 1-24A', NULL, NULL, 38, '0.00', '15.00', '15.00', '', 0, 1),
(35, 35, 45, '', 336, 355, 91, 'PF 5-106', NULL, NULL, 39, '0.00', '90.00', '90.00', '', 0, 1),
(36, 36, 46, '', 336, 356, 91, 'PF 8-9A', NULL, NULL, 40, '0.00', '106.00', '106.00', '', 0, 1),
(37, 37, 47, '', 336, 357, 91, 'PF 8-9B', NULL, NULL, 41, '0.00', '25.00', '25.00', '', 0, 1),
(38, 38, 48, '', 336, 352, 91, 'PF 1-18', NULL, NULL, 42, '0.00', '9.00', '9.00', '', 0, 1),
(39, 39, 49, '', 336, 389, 91, 'PF 15-43', NULL, NULL, 43, '0.00', '30.00', '30.00', '', 0, 1),
(40, 40, 50, '', 336, 368, 91, 'PF 18-14', NULL, NULL, 44, '0.00', '70.00', '70.00', '', 0, 1),
(41, 41, 51, '', 336, 370, 91, 'PF 18-62', NULL, NULL, 45, '0.00', '106.00', '106.00', '', 0, 1),
(42, 42, 52, '', 336, 379, 91, 'PF 30-2', NULL, NULL, 46, '0.00', '35.00', '35.00', '', 0, 1),
(43, 43, 53, '', 336, 380, 91, 'PF 30-8', NULL, NULL, 47, '0.00', '57.00', '57.00', '', 0, 1),
(45, 45, 55, '', 336, 381, 91, 'PF 30-10', NULL, NULL, 49, '0.00', '54.00', '54.00', '', 0, 1),
(46, 46, 56, '', 336, 379, 91, 'PF 30-2', NULL, NULL, 50, '0.00', '35.00', '35.00', '', 0, 1),
(47, 47, 57, '', 336, 309, 91, 'PF 52-31', NULL, NULL, 51, '0.00', '43.00', '43.00', '', 0, 1),
(49, 49, 59, '', 336, 317, 91, 'PF 54-129', NULL, '00.001.12.025.5', 53, '0.00', '16.00', '16.00', '', 0, 1),
(50, 50, 60, '', 336, 438, 91, 'PF 54-122', NULL, NULL, 54, '0.00', '3.00', '3.00', '', 0, 1),
(51, 51, 61, '', 336, 371, 91, 'PF 30-9', NULL, NULL, 55, '0.00', '212.00', '212.00', '', 0, 1),
(52, 52, 62, '', 336, 383, 91, 'PF 30-25', NULL, NULL, 56, '0.00', '30.00', '30.00', '', 0, 1),
(53, 53, 64, '', 336, 306, 91, 'PF 32-942', NULL, NULL, 57, '0.00', '38.00', '38.00', '', 0, 1),
(54, 54, 65, '', 336, 308, 91, 'PF 40-16B', NULL, NULL, 58, '0.00', '71.00', '71.00', '', 0, 1),
(55, 55, 66, '', 336, 307, 91, 'PF 40-16A', NULL, NULL, 59, '0.00', '21.00', '21.00', '', 0, 1),
(56, 56, 67, '', 336, 378, 91, 'PF 30-inlet', NULL, NULL, 60, '0.00', '59.00', '59.00', '', 0, 1),
(57, 57, 68, '', 336, 319, 91, 'PF 59-9A', NULL, NULL, 61, '0.00', '1.00', '1.00', '', 0, 1),
(58, 58, 69, '', 336, 323, 91, 'PF 62-17', NULL, NULL, 62, '0.00', '4.00', '4.00', '', 0, 1),
(61, 61, 72, '', 336, 332, 91, 'PF 82-7', '082Q007', '02.082.0007.00', 65, '0.00', '36.00', '36.00', '', 0, 1),
(62, 62, 73, '', 336, 328, 91, 'PF 73-17', NULL, NULL, 66, '0.00', '27.00', '27.00', '', 0, 1),
(63, 63, 74, '', 336, 329, 91, 'PF 73-22', NULL, NULL, 67, '0.00', '5.00', '5.00', '', 0, 1),
(64, 64, 75, '', 336, 330, 91, 'PF 73-37', NULL, NULL, 68, '0.00', '3.00', '3.00', '', 0, 1),
(65, 65, 76, '', 336, 373, 91, 'PF 20-47', NULL, NULL, 69, '0.00', '90.00', '90.00', '', 0, 1),
(66, 66, 77, '', 336, 365, 91, 'PF 17-110', NULL, NULL, 70, '0.00', '25.00', '25.00', '', 0, 1),
(67, 67, 78, '', 336, 365, 91, 'PF 17-110', NULL, NULL, 71, '0.00', '25.00', '25.00', '', 0, 1),
(68, 68, 79, '', 336, 374, 91, 'PF 20-174', NULL, NULL, 72, '0.00', '18.00', '18.00', '', 0, 1),
(69, 69, 80, '', 336, 320, 91, 'PF 59-14A', NULL, NULL, 73, '0.00', '2.00', '2.00', '', 0, 1),
(70, 70, 81, '', 336, 331, 91, 'PF 75-91', NULL, NULL, 74, '0.00', '1.00', '1.00', '', 0, 1),
(71, 71, 82, '', 336, 305, 91, 'PF 32-51', NULL, NULL, 75, '0.00', '7.00', '7.00', '', 0, 1),
(72, 72, 83, '', 336, 377, 91, 'PF 22-7', NULL, NULL, 76, '0.00', '9.00', '9.00', '', 0, 1),
(73, 73, 84, '', 336, 9, 91, 'PF 5-22', NULL, NULL, 77, '0.00', '18.00', '18.00', '', 0, 1),
(74, 74, 86, '', 336, 387, 91, 'PF 32-117A', NULL, NULL, 78, '0.00', '34.00', '34.00', '', 0, 1),
(75, 75, 87, '', 336, 388, 91, 'PF 32-117B', NULL, NULL, 79, '0.00', '58.00', '58.00', '', 0, 1),
(76, 76, 88, '', 336, 3490, 91, 'PF 32-140', NULL, NULL, 80, '0.00', '40.00', '40.00', '', 0, 1),
(77, 77, 89, '', 336, 314, 91, 'PF 54-117', NULL, NULL, 81, '0.00', '5.00', '5.00', '', 0, 1),
(78, 78, 90, '', 336, 367, 91, 'PF 17-216', NULL, NULL, 82, '0.00', '46.00', '46.00', '', 0, 1),
(79, 79, 91, '', 336, 396, 91, 'PF 19-7', NULL, NULL, 83, '0.00', '21.00', '21.00', '', 0, 1),
(80, 80, 92, '', 336, 372, 91, 'PF 20-13', NULL, NULL, 84, '0.00', '30.00', '30.00', '', 0, 1),
(81, 81, 93, '', 336, 321, 91, 'PF 60-14', NULL, NULL, 85, '0.00', '45.00', '45.00', '', 0, 1),
(82, 82, 94, '', 336, 360, 91, 'PF 16-6', NULL, NULL, 86, '0.00', '47.00', '47.00', '', 0, 1),
(83, 83, 95, '', 336, 394, 91, 'PF 19-6A', NULL, NULL, 87, '0.00', '32.00', '32.00', '', 0, 1),
(84, 84, 96, '', 336, 395, 91, 'PF 19-6B', NULL, NULL, 88, '0.00', '13.00', '13.00', '', 0, 1),
(85, 85, 97, '', 336, 310, 91, 'PF 54-32', NULL, NULL, 89, '0.00', '4.00', '4.00', '', 0, 1),
(86, 86, 98, '', 336, 312, 91, 'PF 54-112', NULL, NULL, 90, '0.00', '8.00', '8.00', '', 0, 1),
(87, 87, 99, '', 336, 347, 91, 'PF 103-37', NULL, NULL, 91, '0.00', '26.00', '26.00', '', 0, 1),
(88, 88, 100, '', 336, 346, 91, 'PF 103-35', NULL, NULL, 92, '0.00', '25.00', '25.00', '', 0, 1),
(89, 89, 101, '', 336, 349, 91, 'PF 136-421', NULL, NULL, 93, '0.00', '14.00', '14.00', '', 0, 1),
(90, 90, 102, '', 336, 1510, 91, 'PF 96-14', NULL, NULL, 94, '0.00', '11.00', '11.00', '', 0, 1),
(91, 91, 103, '', 336, 333, 91, 'PF 96-5', NULL, NULL, 95, '0.00', '6.00', '6.00', '', 0, 1),
(92, 92, 104, '', 336, 382, 91, 'PF 30-18', NULL, NULL, 96, '0.00', '3.00', '3.00', '', 0, 1),
(93, 93, 105, '', 336, 350, 91, 'PF 142-280', NULL, NULL, 97, '0.00', '20.00', '20.00', '', 0, 1),
(94, 94, 106, '', 336, 334, 91, 'PF 96-317', NULL, NULL, 98, '0.00', '54.00', '54.00', '', 0, 1),
(95, 95, 107, '', 336, 338, 91, 'PF 102-67', NULL, NULL, 99, '0.00', '8.00', '8.00', '', 0, 1),
(96, 96, 108, '', 336, 343, 91, 'PF 102-205', NULL, NULL, 100, '0.00', '1.00', '1.00', '', 0, 1),
(97, 97, 109, '', 336, 344, 91, 'PF 102-214', NULL, NULL, 101, '0.00', '31.00', '31.00', '', 0, 1),
(98, 98, 110, '', 336, 345, 91, 'PF 102-308', NULL, NULL, 102, '0.00', '1.00', '1.00', '', 0, 1),
(99, 99, 111, '', 336, 335, 91, 'PF 102-52', NULL, NULL, 103, '0.00', '21.00', '21.00', '', 0, 0),
(100, 100, 113, '', 336, 335, 91, 'PF 102-52', NULL, NULL, 104, '0.00', '21.00', '21.00', '', 0, 1),
(101, 101, 114, '', 336, 337, 91, 'PF 102-56', NULL, NULL, 105, '0.00', '77.00', '77.00', '', 0, 1),
(102, 102, 115, '', 336, 340, 91, 'PF 102-87', NULL, NULL, 106, '0.00', '48.00', '48.00', '', 0, 1),
(103, 103, 116, '', 336, 342, 91, 'PF 102-118', NULL, NULL, 107, '0.00', '30.00', '30.00', '', 0, 1),
(104, 104, 117, '', 336, 339, 91, 'PF 102-84', NULL, NULL, 108, '0.00', '63.00', '63.00', '', 0, 1),
(105, 105, 118, '', 336, 341, 91, 'PF 102-89', NULL, NULL, 109, '0.00', '74.00', '74.00', '', 0, 1),
(106, 106, 120, '', 336, 348, 91, 'PF 125-50', NULL, NULL, 110, '0.00', '12.00', '12.00', '', 0, 1),
(107, 107, 122, '', 336, 256, 91, 'PF 1-7', NULL, NULL, 111, '0.00', '20.00', '20.00', '', 0, 1),
(108, 108, 123, '', 336, 257, 91, 'PF 3-216', NULL, NULL, 112, '0.00', '17.00', '17.00', '', 0, 1),
(109, 109, 124, '', 336, 258, 91, 'PF 15-5', NULL, NULL, 113, '0.00', '5.00', '5.00', '', 0, 1),
(110, 110, 126, '', 336, 259, 91, 'PF 15-204', NULL, NULL, 114, '0.00', '3.00', '3.00', '', 0, 1),
(111, 111, 127, '', 336, 245, 91, 'PF 1-10', NULL, NULL, 115, '0.00', '11.00', '11.00', '', 0, 1),
(112, 112, 128, '', 336, 354, 91, 'PF 1-24B', NULL, NULL, 116, '0.00', '89.00', '89.00', '', 0, 1),
(113, 113, 129, '', 336, 253, 91, 'PF 5-13', NULL, NULL, 117, '0.00', '349.00', '349.00', '', 0, 1),
(114, 114, 130, '', 336, 3455, 91, 'PF 1-8/9/12/13', NULL, NULL, 118, '0.00', '8.00', '8.00', '', 0, 1),
(115, 115, 132, '', 336, 3456, 91, 'PF Jackbolt Assy.', NULL, NULL, 119, '0.00', '2.00', '2.00', '', 0, 1),
(116, 116, 133, '', 336, 248, 91, 'PF 1-13', NULL, NULL, 120, '0.00', '5.00', '5.00', '', 0, 1),
(117, 117, 134, '', 336, 244, 91, 'PF 1-9', NULL, NULL, 121, '0.00', '1.00', '1.00', '', 0, 1),
(118, 118, 135, '', 336, 249, 91, 'PF 1-23', NULL, NULL, 122, '0.00', '14.00', '14.00', '', 0, 1),
(119, 119, 137, '', 336, 246, 91, 'PF 1-11', NULL, NULL, 123, '0.00', '10.00', '10.00', '', 0, 1),
(120, 120, 138, '', 336, 247, 91, 'PF 1-12', NULL, NULL, 124, '0.00', '3.00', '3.00', '', 0, 1),
(121, 121, 140, '', 336, 243, 91, 'PF 1-8', NULL, NULL, 125, '0.00', '1.00', '1.00', '', 0, 1),
(122, 122, 141, '', 336, 237, 91, 'PF 10-31A', NULL, NULL, 126, '0.00', '36.00', '36.00', '', 0, 1),
(123, 123, 142, '', 336, 241, 91, 'PF 16-3A', NULL, NULL, 127, '0.00', '26.00', '26.00', '', 0, 1),
(124, 124, 143, '', 336, 3113, 91, 'PF 16-3B', NULL, NULL, 128, '0.00', '40.00', '40.00', '', 0, 1),
(125, 125, 144, '', 336, 240, 91, 'PF 10-31D', NULL, NULL, 129, '0.00', '16.00', '16.00', '', 0, 1),
(126, 126, 145, '', 336, 238, 91, 'PF 10-31B', NULL, NULL, 130, '0.00', '35.00', '35.00', '', 0, 1),
(127, 127, 146, '', 336, 239, 91, 'PF 10-31C', NULL, NULL, 131, '0.00', '21.00', '21.00', '', 0, 1),
(128, 128, 147, '', 336, 234, 91, 'PF 10-30A', NULL, NULL, 132, '0.00', '64.00', '64.00', '', 0, 1),
(129, 129, 148, '', 336, 236, 91, 'PF 10-30C', NULL, NULL, 133, '0.00', '1.00', '1.00', '', 0, 1),
(130, 130, 149, '', 336, 235, 91, 'PF 10-30B', NULL, NULL, 134, '0.00', '104.00', '104.00', '', 0, 1),
(131, 131, 150, '', 336, 255, 91, 'PF 30-7', NULL, NULL, 135, '0.00', '115.00', '115.00', '', 0, 1),
(132, 132, 151, '', 336, 223, 91, 'PF 8-4', NULL, NULL, 136, '0.00', '194.00', '194.00', '', 0, 1),
(133, 133, 152, '', 336, 222, 91, 'PF 3-5', NULL, NULL, 137, '0.00', '174.00', '174.00', '', 0, 1),
(134, 134, 153, '', 336, 224, 91, 'PF 10-Seat A', NULL, NULL, 138, '0.00', '22.00', '22.00', '', 0, 1),
(135, 135, 154, '', 336, 227, 91, 'PF 10-25B', NULL, NULL, 139, '0.00', '73.00', '73.00', '', 0, 1),
(136, 136, 155, '', 336, 226, 91, 'PF 10-25A', NULL, NULL, 140, '0.00', '111.00', '111.00', '', 0, 1),
(137, 137, 156, '', 336, 231, 91, 'PF 10-27A', NULL, NULL, 141, '0.00', '93.00', '93.00', '', 0, 1),
(138, 138, 157, '', 336, 232, 91, 'PF 10-27B', NULL, NULL, 142, '0.00', '9.00', '9.00', '', 0, 1),
(139, 139, 158, '', 336, 233, 91, 'PF 10-27C', NULL, NULL, 143, '0.00', '35.00', '35.00', '', 0, 1),
(140, 140, 159, '', 336, 225, 91, 'PF 5-4', NULL, NULL, 144, '0.00', '106.00', '106.00', '', 0, 1),
(141, 141, 161, '', 336, 242, 91, 'PF 32-59', NULL, NULL, 145, '0.00', '140.00', '140.00', '', 0, 1),
(142, 142, 162, '', 336, 230, 91, 'PF 10-26C', NULL, NULL, 146, '0.00', '113.00', '113.00', '', 0, 1),
(143, 143, 163, '', 336, 229, 91, 'PF 10-26B', NULL, NULL, 147, '0.00', '163.00', '163.00', '', 0, 1),
(144, 144, 165, '', 336, 228, 91, 'PF 10-26A', NULL, NULL, 148, '0.00', '81.00', '81.00', '', 0, 1),
(145, 145, 166, '', 336, 254, 91, 'PF 10-35', NULL, NULL, 149, '0.00', '369.00', '369.00', '', 0, 1),
(146, 146, 168, '', 336, 251, 91, 'PF 5-5A', NULL, NULL, 150, '0.00', '70.00', '70.00', '', 0, 1),
(147, 147, 169, '', 336, 252, 91, 'PF 5-5B', NULL, NULL, 151, '0.00', '38.00', '38.00', '', 0, 1),
(148, 148, 170, '', 336, 250, 91, 'PF 3-7', NULL, NULL, 152, '0.00', '85.00', '85.00', '', 0, 1),
(149, 149, 171, '', 336, 358, 91, 'PF 16-4', NULL, NULL, 153, '0.00', '46.00', '46.00', '', 0, 1),
(150, 150, 172, '', 336, 3484, 91, 'PF 10 Seat B', NULL, NULL, 154, '0.00', '73.00', '73.00', '', 0, 1),
(151, 151, 173, '', 336, 393, 91, 'PF 15-39B', NULL, NULL, 155, '0.00', '5.00', '5.00', '', 0, 1),
(152, 152, 174, '', 336, 392, 91, 'PF 15-39A', NULL, NULL, 156, '0.00', '213.00', '213.00', '', 0, 1),
(153, 153, 175, '', 336, 369, 91, 'PF 18-61A', NULL, NULL, 157, '0.00', '24.00', '24.00', '', 0, 1),
(154, 154, 176, '', 336, 4436, 91, 'PF 18-61B', NULL, NULL, 158, '0.00', '35.00', '35.00', '', 0, 1),
(155, 155, 177, '123', 1, 2, 578, '12', '', '', 159, '200.00', '5.00', '2.00', '', 0, 1),
(156, 156, 178, '123', 1, 2, 578, '12', NULL, NULL, 159, '200.00', '3.00', '2.00', '', 0, 0),
(157, 157, 179, '123', 1, 2, 578, '12', NULL, NULL, 159, '200.00', '1.00', '1.00', '', 0, 0);

-- --------------------------------------------------------

--
-- Table structure for table `reminders`
--

CREATE TABLE IF NOT EXISTS `reminders` (
`reminder_id` int(11) NOT NULL,
  `reminder_date` varchar(20) DEFAULT NULL,
  `reminder_title` varchar(255) DEFAULT NULL,
  `notes` text,
  `remind_employee` int(11) NOT NULL DEFAULT '0',
  `user_id` int(11) NOT NULL DEFAULT '0',
  `done` int(11) NOT NULL DEFAULT '0',
  `date_done` varchar(25) DEFAULT NULL,
  `done_by` int(11) NOT NULL DEFAULT '0'
) ENGINE=InnoDB AUTO_INCREMENT=3 DEFAULT CHARSET=latin1;

--
-- Dumping data for table `reminders`
--

INSERT INTO `reminders` (`reminder_id`, `reminder_date`, `reminder_title`, `notes`, `remind_employee`, `user_id`, `done`, `date_done`, `done_by`) VALUES
(1, '2018-11-19', 'Inventory of Diesel', 'Correction of errors in the reports. PRs in the Issuance Report do not coincide with the PRs in the Receiving Report.', 31, 5, 1, '2018-11-20 14:38:14', 5),
(2, '2018-10-31', 'Stock allocation', '40 lengths, Bar, Steel, Deformed/Corrugated, 12mm x 6m x 20, under Material Restock to Warehouse form with series MRWF-2018-10-0003.', 69, 2, 1, '2019-02-20 11:31:18', 0);

-- --------------------------------------------------------

--
-- Table structure for table `request_head`
--

CREATE TABLE IF NOT EXISTS `request_head` (
`request_id` int(11) NOT NULL,
  `mreqf_no` varchar(50) DEFAULT NULL,
  `create_date` varchar(20) DEFAULT NULL,
  `request_date` varchar(20) DEFAULT NULL,
  `request_time` varchar(20) DEFAULT NULL,
  `type` varchar(100) DEFAULT NULL,
  `department_id` int(11) NOT NULL DEFAULT '0',
  `purpose_id` int(11) NOT NULL DEFAULT '0',
  `enduse_id` int(11) NOT NULL DEFAULT '0',
  `pr_no` varchar(50) DEFAULT NULL,
  `borrowfrom_pr` varchar(50) DEFAULT NULL,
  `remarks` text,
  `user_id` int(11) NOT NULL DEFAULT '0',
  `saved` int(11) NOT NULL DEFAULT '0',
  `requested_by` int(11) NOT NULL DEFAULT '0',
  `reviewed_by` int(11) NOT NULL DEFAULT '0',
  `approved_by` int(11) NOT NULL DEFAULT '0',
  `noted_by` int(11) DEFAULT '0'
) ENGINE=InnoDB AUTO_INCREMENT=5 DEFAULT CHARSET=latin1;

--
-- Dumping data for table `request_head`
--

INSERT INTO `request_head` (`request_id`, `mreqf_no`, `create_date`, `request_date`, `request_time`, `type`, `department_id`, `purpose_id`, `enduse_id`, `pr_no`, `borrowfrom_pr`, `remarks`, `user_id`, `saved`, `requested_by`, `reviewed_by`, `approved_by`, `noted_by`) VALUES
(1, 'MreqF-2019-03-0001', '2019-03-12 11:20:35', '2019-03-12', '11:19', 'Warehouse Stocks', 13, 0, 17, '', NULL, 'test', 6, 1, 0, 0, 0, 0),
(2, 'MreqF-2019-04-0001', '2019-04-08 15:02:33', '2019-03-25', '14:59', 'Warehouse Stocks', 13, 17, 13, '', NULL, 'Cylinder #1', 7, 0, 0, 0, 0, 0),
(3, 'MreqF-2019-04-0002', '2019-04-08 15:04:11', '2019-03-25', '15:03', 'Warehouse Stocks', 13, 17, 13, '', NULL, 'Cylinder #1', 7, 1, 0, 0, 0, 0),
(4, 'MreqF-2019-04-0003', '2019-04-08 15:26:15', '2019-03-25', '15:24', 'Warehouse Stocks', 13, 17, 13, '', NULL, 'Cylinder #1', 7, 1, 51, 10, 87, 66);

-- --------------------------------------------------------

--
-- Table structure for table `request_items`
--

CREATE TABLE IF NOT EXISTS `request_items` (
`rq_id` int(11) NOT NULL,
  `request_id` int(11) NOT NULL DEFAULT '0',
  `item_id` int(11) NOT NULL DEFAULT '0',
  `supplier_id` int(11) NOT NULL DEFAULT '0',
  `catalog_no` varchar(50) DEFAULT NULL,
  `brand_id` int(11) NOT NULL DEFAULT '0',
  `si_id` int(11) NOT NULL DEFAULT '0',
  `quantity` decimal(10,2) NOT NULL DEFAULT '0.00',
  `unit_id` int(11) NOT NULL,
  `unit_cost` decimal(10,2) NOT NULL DEFAULT '0.00',
  `total_cost` decimal(10,2) NOT NULL DEFAULT '0.00',
  `pn_no` varchar(50) NOT NULL,
  `borrowfrom_pr` varchar(50) DEFAULT NULL,
  `replenished` int(11) NOT NULL DEFAULT '0'
) ENGINE=InnoDB AUTO_INCREMENT=7 DEFAULT CHARSET=latin1;

--
-- Dumping data for table `request_items`
--

INSERT INTO `request_items` (`rq_id`, `request_id`, `item_id`, `supplier_id`, `catalog_no`, `brand_id`, `si_id`, `quantity`, `unit_id`, `unit_cost`, `total_cost`, `pn_no`, `borrowfrom_pr`, `replenished`) VALUES
(1, 1, 136, 334, 'test', 568, 7, '1.00', 21, '10.00', '10.00', 'PRO-PF 1-3', '', 0),
(2, 3, 402, 270, '', 572, 9, '1.00', 0, '0.00', '0.00', '', '', 0),
(3, 4, 402, 270, '', 572, 9, '1.00', 21, '0.00', '0.00', 'PF 5-20', '', 0),
(4, 4, 8, 270, '', 571, 8, '1.00', 21, '0.00', '0.00', '005Q023', '', 0),
(5, 4, 9, 336, 'PF 5-22', 91, 80, '2.00', 21, '0.00', '0.00', 'PRO-PF 5-22', '', 0),
(6, 4, 10, 270, '', 573, 10, '2.00', 21, '0.00', '0.00', 'PRO-PF 5-23', '', 0);

-- --------------------------------------------------------

--
-- Table structure for table `restock`
--

CREATE TABLE IF NOT EXISTS `restock` (
`restock_id` int(11) NOT NULL,
  `restock_date` varchar(20) DEFAULT NULL,
  `pr_no` varchar(50) DEFAULT NULL,
  `serial_no` varchar(50) DEFAULT NULL,
  `item_id` int(11) NOT NULL DEFAULT '0',
  `supplier_id` int(11) NOT NULL DEFAULT '0',
  `brand_id` int(11) NOT NULL DEFAULT '0',
  `catalog_no` varchar(100) DEFAULT NULL,
  `quantity` decimal(10,2) NOT NULL DEFAULT '0.00',
  `returned_by` int(11) NOT NULL DEFAULT '0',
  `received_by` int(11) NOT NULL DEFAULT '0',
  `acknowledge_by` int(11) NOT NULL DEFAULT '0',
  `user_id` int(11) NOT NULL DEFAULT '0',
  `department_id` int(11) NOT NULL,
  `purpose_id` int(11) NOT NULL,
  `enduse_id` int(11) NOT NULL,
  `reason` text,
  `noted_by` int(11) NOT NULL,
  `remarks` text NOT NULL,
  `mrwf_no` varchar(255) DEFAULT NULL
) ENGINE=InnoDB DEFAULT CHARSET=latin1;

-- --------------------------------------------------------

--
-- Table structure for table `restock_details`
--

CREATE TABLE IF NOT EXISTS `restock_details` (
`rdetails_id` int(11) NOT NULL,
  `rhead_id` int(11) NOT NULL,
  `serial_id` int(11) NOT NULL,
  `item_id` int(11) NOT NULL,
  `supplier_id` int(11) NOT NULL,
  `brand_id` int(11) NOT NULL,
  `user_id` int(11) NOT NULL,
  `catalog_no` varchar(100) NOT NULL,
  `quantity` decimal(10,2) NOT NULL DEFAULT '0.00',
  `reason` text NOT NULL,
  `remarks` text NOT NULL
) ENGINE=InnoDB DEFAULT CHARSET=latin1;

-- --------------------------------------------------------

--
-- Table structure for table `restock_head`
--

CREATE TABLE IF NOT EXISTS `restock_head` (
`rhead_id` int(11) NOT NULL,
  `department_id` int(11) NOT NULL,
  `purpose_id` int(11) NOT NULL,
  `enduse_id` int(11) NOT NULL,
  `returned_by` int(11) NOT NULL,
  `noted_by` int(11) NOT NULL,
  `acknowledge_by` int(11) NOT NULL,
  `received_by` int(11) NOT NULL,
  `pr_no` varchar(50) DEFAULT NULL,
  `mrwf_no` varchar(255) DEFAULT NULL,
  `saved` int(11) NOT NULL,
  `restock_date` varchar(100) DEFAULT NULL
) ENGINE=InnoDB DEFAULT CHARSET=latin1;

-- --------------------------------------------------------

--
-- Table structure for table `serial_number`
--

CREATE TABLE IF NOT EXISTS `serial_number` (
`serial_id` int(11) NOT NULL,
  `si_id` int(11) NOT NULL DEFAULT '0',
  `serial_no` varchar(100) DEFAULT NULL
) ENGINE=InnoDB AUTO_INCREMENT=160 DEFAULT CHARSET=latin1;

--
-- Dumping data for table `serial_number`
--

INSERT INTO `serial_number` (`serial_id`, `si_id`, `serial_no`) VALUES
(1, 1, 'sn1001'),
(2, 2, 'sn1002'),
(3, 3, 'sn1003'),
(4, 4, 'sd34234df'),
(5, 7, ''),
(6, 0, ''),
(7, 8, ''),
(8, 9, ''),
(9, 10, ''),
(10, 11, ''),
(11, 13, ''),
(12, 14, ''),
(13, 16, ''),
(14, 0, ''),
(15, 17, ''),
(16, 18, ''),
(17, 19, ''),
(18, 20, ''),
(19, 0, ''),
(20, 21, ''),
(21, 22, ''),
(22, 23, ''),
(23, 24, ''),
(24, 25, ''),
(25, 26, ''),
(26, 27, ''),
(27, 28, ''),
(28, 29, ''),
(29, 30, ''),
(30, 32, ''),
(31, 33, ''),
(32, 34, ''),
(33, 35, ''),
(34, 36, ''),
(35, 37, ''),
(36, 38, ''),
(37, 39, ''),
(38, 40, ''),
(39, 41, ''),
(40, 42, ''),
(41, 43, ''),
(42, 44, ''),
(43, 45, ''),
(44, 46, ''),
(45, 47, ''),
(46, 49, ''),
(47, 50, ''),
(48, 52, ''),
(49, 51, ''),
(50, 53, ''),
(51, 54, ''),
(52, 56, ''),
(53, 57, ''),
(54, 58, ''),
(55, 59, ''),
(56, 60, ''),
(57, 62, ''),
(58, 63, ''),
(59, 64, ''),
(60, 65, ''),
(61, 66, ''),
(62, 67, ''),
(63, 68, ''),
(64, 68, ''),
(65, 69, ''),
(66, 70, ''),
(67, 71, ''),
(68, 72, ''),
(69, 73, ''),
(70, 0, ''),
(71, 74, ''),
(72, 75, ''),
(73, 76, ''),
(74, 77, ''),
(75, 78, ''),
(76, 79, ''),
(77, 80, ''),
(78, 81, ''),
(79, 82, ''),
(80, 83, ''),
(81, 84, ''),
(82, 85, ''),
(83, 86, ''),
(84, 87, ''),
(85, 88, ''),
(86, 89, ''),
(87, 90, ''),
(88, 91, ''),
(89, 92, ''),
(90, 93, ''),
(91, 94, ''),
(92, 95, ''),
(93, 96, ''),
(94, 97, ''),
(95, 98, ''),
(96, 99, ''),
(97, 100, ''),
(98, 101, ''),
(99, 102, ''),
(100, 103, ''),
(101, 104, ''),
(102, 105, ''),
(103, 0, ''),
(104, 106, ''),
(105, 107, ''),
(106, 108, ''),
(107, 109, ''),
(108, 110, ''),
(109, 111, ''),
(110, 112, ''),
(111, 115, ''),
(112, 116, ''),
(113, 117, ''),
(114, 118, ''),
(115, 119, ''),
(116, 120, ''),
(117, 122, ''),
(118, 124, ''),
(119, 125, ''),
(120, 126, ''),
(121, 127, ''),
(122, 128, ''),
(123, 129, ''),
(124, 130, ''),
(125, 131, ''),
(126, 132, ''),
(127, 133, ''),
(128, 134, ''),
(129, 135, ''),
(130, 136, ''),
(131, 137, ''),
(132, 138, ''),
(133, 139, ''),
(134, 140, ''),
(135, 142, ''),
(136, 143, ''),
(137, 144, ''),
(138, 145, ''),
(139, 146, ''),
(140, 147, ''),
(141, 148, ''),
(142, 149, ''),
(143, 150, ''),
(144, 151, ''),
(145, 152, ''),
(146, 153, ''),
(147, 154, ''),
(148, 155, ''),
(149, 156, ''),
(150, 157, ''),
(151, 158, ''),
(152, 159, ''),
(153, 160, ''),
(154, 161, ''),
(155, 164, ''),
(156, 165, ''),
(157, 166, ''),
(158, 167, ''),
(159, 219, '');

-- --------------------------------------------------------

--
-- Table structure for table `signatories`
--

CREATE TABLE IF NOT EXISTS `signatories` (
`signatory_id` int(11) NOT NULL,
  `employee_id` int(11) NOT NULL DEFAULT '0',
  `requested` int(11) NOT NULL DEFAULT '0',
  `acknowledged` int(11) NOT NULL DEFAULT '0',
  `noted` int(11) NOT NULL DEFAULT '0',
  `inspected` int(11) NOT NULL DEFAULT '0',
  `delivered` int(11) NOT NULL DEFAULT '0',
  `reviewed` int(11) NOT NULL DEFAULT '0',
  `received` int(11) NOT NULL DEFAULT '0',
  `released` int(11) NOT NULL DEFAULT '0',
  `approved` int(11) NOT NULL DEFAULT '0'
) ENGINE=InnoDB AUTO_INCREMENT=102 DEFAULT CHARSET=latin1;

--
-- Dumping data for table `signatories`
--

INSERT INTO `signatories` (`signatory_id`, `employee_id`, `requested`, `acknowledged`, `noted`, `inspected`, `delivered`, `reviewed`, `received`, `released`, `approved`) VALUES
(1, 75, 1, 0, 0, 1, 0, 0, 1, 0, 0),
(2, 92, 1, 0, 0, 1, 0, 0, 1, 0, 0),
(3, 48, 1, 0, 0, 1, 0, 1, 1, 0, 0),
(4, 79, 1, 0, 0, 1, 0, 0, 1, 0, 0),
(5, 22, 1, 0, 0, 1, 0, 0, 1, 0, 0),
(6, 93, 1, 0, 0, 1, 1, 0, 1, 0, 0),
(7, 45, 1, 0, 0, 1, 0, 0, 1, 0, 0),
(8, 68, 1, 0, 0, 1, 1, 0, 1, 0, 0),
(9, 20, 1, 0, 0, 1, 0, 0, 1, 0, 0),
(10, 63, 1, 1, 0, 1, 0, 0, 1, 0, 0),
(11, 64, 1, 0, 0, 1, 0, 0, 1, 0, 0),
(12, 67, 1, 0, 0, 1, 0, 0, 1, 0, 0),
(13, 21, 1, 0, 0, 1, 0, 0, 1, 0, 0),
(14, 89, 1, 0, 0, 1, 0, 0, 1, 0, 0),
(15, 5, 1, 0, 0, 1, 1, 0, 1, 0, 0),
(16, 69, 1, 0, 0, 1, 0, 0, 1, 0, 0),
(17, 41, 1, 0, 0, 1, 0, 0, 1, 0, 0),
(18, 17, 1, 0, 0, 1, 0, 0, 1, 0, 0),
(19, 24, 1, 0, 0, 1, 0, 0, 1, 0, 0),
(20, 76, 1, 0, 0, 1, 0, 0, 1, 0, 0),
(21, 25, 1, 0, 0, 1, 0, 0, 1, 0, 0),
(22, 8, 1, 0, 0, 1, 0, 0, 1, 0, 0),
(23, 29, 1, 0, 0, 1, 0, 0, 1, 0, 0),
(24, 74, 1, 0, 0, 1, 0, 0, 1, 0, 0),
(25, 38, 1, 0, 0, 1, 0, 0, 1, 0, 0),
(26, 96, 1, 0, 0, 1, 0, 0, 1, 0, 0),
(27, 13, 1, 0, 0, 1, 0, 0, 1, 0, 0),
(28, 95, 1, 0, 0, 1, 0, 0, 1, 0, 1),
(29, 66, 1, 0, 1, 1, 0, 0, 1, 0, 1),
(30, 56, 1, 0, 0, 1, 0, 0, 1, 0, 0),
(31, 44, 1, 0, 0, 1, 0, 0, 1, 0, 0),
(32, 78, 1, 0, 0, 1, 0, 0, 1, 0, 0),
(33, 19, 1, 0, 0, 1, 0, 0, 1, 0, 0),
(34, 46, 1, 0, 0, 1, 0, 0, 1, 0, 0),
(35, 51, 1, 0, 0, 1, 0, 0, 1, 0, 0),
(36, 28, 1, 0, 0, 1, 0, 0, 1, 0, 0),
(37, 77, 1, 0, 0, 1, 0, 0, 1, 0, 0),
(38, 72, 1, 0, 0, 1, 0, 0, 1, 0, 0),
(39, 87, 1, 0, 0, 1, 0, 0, 1, 0, 1),
(40, 9, 1, 0, 0, 1, 0, 0, 1, 0, 0),
(41, 36, 1, 0, 0, 1, 0, 0, 1, 0, 0),
(42, 32, 1, 0, 0, 1, 0, 0, 1, 0, 0),
(43, 12, 1, 0, 0, 1, 0, 0, 1, 0, 0),
(44, 14, 1, 0, 0, 1, 0, 0, 1, 0, 0),
(45, 60, 1, 0, 0, 1, 0, 0, 1, 0, 0),
(46, 97, 1, 0, 0, 1, 0, 0, 1, 0, 0),
(47, 11, 1, 0, 0, 1, 0, 0, 1, 0, 0),
(48, 49, 1, 0, 0, 1, 0, 0, 1, 0, 0),
(49, 70, 1, 0, 0, 1, 0, 0, 1, 0, 0),
(50, 40, 1, 0, 0, 1, 0, 0, 1, 0, 0),
(51, 3, 1, 0, 0, 1, 0, 0, 1, 0, 0),
(52, 80, 1, 0, 0, 1, 0, 0, 1, 0, 0),
(53, 57, 1, 0, 0, 1, 0, 0, 1, 0, 0),
(54, 61, 1, 0, 0, 1, 0, 0, 1, 0, 0),
(55, 58, 1, 0, 0, 1, 0, 0, 1, 0, 0),
(56, 90, 1, 0, 0, 1, 0, 0, 1, 0, 0),
(57, 88, 1, 0, 0, 1, 0, 0, 1, 0, 0),
(58, 4, 1, 0, 0, 1, 0, 0, 1, 0, 0),
(59, 35, 1, 0, 0, 1, 0, 0, 1, 0, 0),
(60, 84, 1, 0, 0, 1, 0, 0, 1, 0, 0),
(61, 62, 1, 0, 0, 1, 0, 0, 1, 0, 0),
(62, 23, 1, 0, 0, 1, 0, 0, 1, 0, 0),
(63, 1, 1, 0, 0, 1, 0, 0, 1, 0, 0),
(64, 34, 1, 0, 0, 1, 0, 0, 1, 0, 0),
(65, 82, 1, 0, 0, 1, 0, 0, 1, 0, 0),
(66, 39, 1, 0, 0, 1, 0, 0, 1, 0, 0),
(67, 53, 1, 0, 0, 1, 0, 0, 1, 0, 0),
(68, 6, 1, 0, 0, 1, 0, 0, 1, 0, 0),
(69, 26, 1, 0, 0, 1, 0, 0, 1, 0, 0),
(70, 59, 1, 0, 0, 1, 0, 0, 1, 0, 0),
(71, 98, 1, 0, 0, 1, 0, 0, 1, 1, 0),
(72, 10, 1, 1, 1, 1, 0, 1, 1, 0, 1),
(73, 65, 1, 0, 0, 1, 0, 0, 1, 0, 0),
(74, 18, 1, 0, 0, 1, 0, 0, 1, 0, 0),
(75, 81, 1, 0, 0, 1, 0, 0, 1, 0, 0),
(76, 91, 1, 0, 0, 1, 0, 0, 1, 0, 0),
(77, 50, 1, 0, 0, 1, 0, 0, 1, 0, 0),
(78, 43, 1, 0, 0, 1, 0, 0, 1, 0, 0),
(79, 42, 1, 0, 0, 1, 0, 0, 1, 0, 0),
(80, 16, 1, 0, 0, 1, 0, 0, 1, 0, 0),
(81, 7, 1, 0, 0, 1, 0, 0, 1, 0, 0),
(82, 47, 1, 0, 0, 1, 0, 0, 1, 0, 1),
(83, 2, 1, 0, 0, 1, 0, 0, 1, 0, 0),
(84, 73, 1, 0, 0, 1, 0, 0, 1, 0, 0),
(85, 71, 1, 0, 0, 1, 0, 0, 1, 1, 0),
(86, 86, 1, 0, 0, 1, 0, 0, 1, 0, 0),
(87, 83, 1, 0, 0, 1, 0, 0, 1, 0, 0),
(88, 30, 1, 0, 0, 1, 0, 0, 1, 0, 0),
(89, 85, 1, 0, 0, 1, 0, 0, 1, 0, 0),
(90, 52, 1, 0, 0, 1, 0, 0, 1, 0, 0),
(91, 55, 1, 0, 0, 1, 0, 0, 1, 0, 0),
(92, 94, 1, 0, 0, 1, 0, 0, 1, 0, 0),
(93, 31, 1, 0, 0, 1, 0, 0, 1, 0, 0),
(94, 33, 1, 0, 0, 1, 0, 0, 1, 0, 0),
(95, 37, 1, 0, 0, 1, 0, 0, 1, 0, 0),
(96, 54, 1, 0, 0, 1, 0, 0, 1, 0, 0),
(97, 15, 1, 0, 0, 1, 0, 0, 1, 0, 0),
(98, 27, 1, 0, 0, 1, 0, 0, 1, 0, 0),
(99, 99, 1, 0, 0, 1, 0, 0, 1, 0, 1),
(100, 100, 1, 0, 0, 1, 0, 0, 1, 0, 0),
(101, 101, 1, 0, 0, 1, 0, 0, 1, 0, 0);

-- --------------------------------------------------------

--
-- Table structure for table `supplier`
--

CREATE TABLE IF NOT EXISTS `supplier` (
`supplier_id` int(11) NOT NULL,
  `supplier_code` varchar(100) DEFAULT NULL,
  `supplier_name` varchar(255) DEFAULT NULL,
  `address` varchar(255) DEFAULT NULL,
  `contact_number` varchar(100) DEFAULT NULL,
  `terms` varchar(100) DEFAULT NULL,
  `active` int(11) NOT NULL
) ENGINE=InnoDB AUTO_INCREMENT=337 DEFAULT CHARSET=latin1;

--
-- Dumping data for table `supplier`
--

INSERT INTO `supplier` (`supplier_id`, `supplier_code`, `supplier_name`, `address`, `contact_number`, `terms`, `active`) VALUES
(1, 'sup_1001', '2GO Express', 'BREDCO, Port 2, Reclamation Area, Brgy. 10, Bacolod City', '(034) 704-1339', '', 1),
(2, 'sup_1002', '7RJ Brothers Sand & Gravel & Gen. Mdse.', 'Circumferential Road, Brgy. Villamonte, Bacolod City', '(034)458-0190/213-2249', 'COD-Actual Quantity (delivered to site)', 1),
(3, 'sup_1003', 'A.C. Parts Merchandising', 'Gonzaga Street - Tifanny Bldg, Brgy. 24, Bacolod City', '(034) 433-2512', '', 1),
(4, 'sup_1004', 'A-1 Gas Corporation', 'Alijis, Bacolod City', '434-0708; 433-3637; 433-3638; 432-2079', 'COD', 1),
(5, 'sup_1005', 'AA Electrical Supply', 'C & L Bldg., Lacson-Luzuriaga St., BC', '435-3811; 432-3712; 708-1212', 'COD', 1),
(6, 'sup_1006', 'Ablao Enterprises', 'Bago City', '461-0376', 'COD ', 1),
(7, 'sup_1007', 'Abomar Equipment Sales Corporation', 'Lacson Ext., Cor. Goldenfield Sts. Liroville Subd, Singcang, Bacolod City', '433-1687; 432-3673', '', 1),
(8, 'sup_1008', 'Ace Hardware Philippines, Inc. - Bacolod Branch', 'G/F Sm City Bacolod Bldg. A, Poblacion Reclamation Area, Bacolod City', '(034) 468 0135', 'COD', 1),
(9, 'sup_1009', 'Ace Rubber Manufacturing and Marketing Corp.', 'Galo Street, Bacolod City', '(034)433-2145', 'COD', 1),
(10, 'sup_1010', 'Agro Star Industrial Trading Corp', 'Lacson-Luzuriaga, Bacolod City', '441-3624', '', 1),
(11, 'sup_1011', 'AIC Marketing', 'Lopez Jaena St., Shopping, Bacolod City', '433-8921', 'COD', 1),
(12, 'sup_1012', 'Almark Chemical Corporation', 'Alijis Road, Bacolod City', '433-2864/432-3778', 'COD', 1),
(13, 'sup_1013', 'AMT Computer Solutions', 'Door #5, Prudentialife Building, Luzuriaga St, Bacolod City', '435-1207; 213-3607', '7 days', 1),
(14, 'sup_1014', 'Andreas Hollow Blocks Enterprises', 'Brgy. Bata, Bacolod City', '(034) 476-1207', '30 days', 1),
(15, 'sup_1015', 'Ang Bata Hardware', 'Carlos Hilado Highway, Bata, Bacolod City', '(034) 441-3141', '', 1),
(16, 'sup_1016', 'Ang Design Studios , Inc.', 'Hilado Street, Barangay 17, Bacolod City', '(034) 435 0463', 'COD', 1),
(17, 'sup_1017', 'Anilthone Motor Parts & General Merchandise', 'Lacson Street - Bacolod North Terminal, Banago, Bacolod City', '(034) 434-7539', '', 1),
(18, 'sup_1018', 'A-one Industrial Hardware', 'Lopez Jaena St., Libertad, Bacolod', '435-7383; 432-0652; 476-1127', '', 1),
(19, 'sup_1019', 'Ap Cargo Logistics Network Corporation', 'Door 2, SYC Building, Lacson Street, Bacolod City', '(034) 432 3981', 'COD', 1),
(20, 'sup_1020', 'Apollo Machine Shop', 'Lacson, Bacolod', '434-9512', '', 1),
(21, 'sup_1021', 'Arising Builders Hardware and Construction Supply', 'Door #5 Dona Angela Bldg., Gonzaga St., Bacolod City', '435-4302', 'COD', 1),
(22, 'sup_1022', 'Arvin International Marketing Inc.', 'Bredco Port 4, Bacolod City', '434-7941', 'COD-Cash', 1),
(23, 'sup_1023', 'Asco Auto Supply', 'Gonzaga Street - Tiffany Building, Barangay 24, Bacolod City', '(034) 433-8963', 'COD', 1),
(24, 'sup_1024', 'Assistco Energy & Industrial Corp', 'First Ave., Bagumbayan, Taguig, Metro Manila/ Park Lane Bldg, Tindalo-Hilado Sts., Shopping, Bacolod City', '435-1605', '', 1),
(25, 'sup_1025', 'Atlantic Auto Parts', 'Gonzaga Street, Barangay 24, Bacolod City', '(034) 435-0136', 'COD', 1),
(26, 'sup_1026', 'Atlas Industrial Hardware Inc', '56 Lacson St, Bacolod City', '433-8170; 476-4708; 476-8161', 'COD', 1),
(27, 'sup_1027', 'Atom Chemical Company, Inc.', 'Mansilingan, Bacolod City', '(034)707-0826', 'COD', 1),
(28, 'sup_1028', 'Automation and Security Inc.', 'G/F Cineplex Building, Araneta St., Bacolod City', '(034) 704-1842 / 0977-732-5013', 'COD', 1),
(29, 'sup_1029', 'Ava Construction Supply', 'Cor. Yakal-Lopez Jaena Sts., Capitol Shopping Center, Bacolod City', '434-1822; 433-0263; 435-1901; 708-3757', 'COD', 1),
(30, 'sup_1030', 'B. Benedicto and Sons. Inc.', '99-101 Plaridel St. Cebu City', '(032) 254-4624(032) 255-0941/256-2218', 'COD', 1),
(31, 'sup_1031', 'B. A. Oriental Tire Supply', 'Liroville Subdivision - D Cruz Drive, Taculing, Bacolod City', '(34)433 0780', 'COD', 1),
(32, 'sup_1032', 'Bacolod Canvas And Upholstery Supply', 'Gonzaga St, Bacolod City', '(034) 434-3188', 'COD', 1),
(33, 'sup_1033', 'Bacolod Chemical Supply', 'Lopez Jaena, Bacolod City, Negros Occidental', '(34)433-3141', 'COD', 1),
(34, 'sup_1034', 'Bacolod China Mart', '70 Lacson St., Bacolod City', '434-7293/434-7670', '', 1),
(35, 'sup_1035', 'Bacolod Erd Enterprises', 'Rizal Street - Corner Lacson Street, Barangay 22, Bacolod City', '(034) 434-2272', '', 1),
(36, 'sup_1036', 'Bacolod General Parts Marketing', 'Lacson - Gonzaga Street, Barangay 24, Bacolod City', '(034) 433-1174', '', 1),
(37, 'sup_1037', 'Bacolod Global Parts Sales', 'Gonzaga Street - Jacman Building, Barangay 24, Bacolod City', '(034) 433-2091', '', 1),
(38, 'sup_1038', 'KLS Electrical Supply', 'Locsin-Gonzaga Sts. , Bacolod City', '433-3807', '', 1),
(39, 'sup_1039', 'Bacolod Integral Trading', 'Luzuriaga St., Bacolod City', '433-8170', 'COD', 1),
(40, 'sup_1040', 'Bacolod Kingston Hardware', 'Gonzaga, Bacolod City', '435-4734-36', '', 1),
(41, 'sup_1041', 'Bacolod Marjessie Trading', 'Cuadra Street, Barangay 21, Bacolod City', '(034) 456-2519', '', 1),
(42, 'sup_1042', 'Bacolod Marton Industrial Hardware Corp', 'Bonifacio St., Bacolod City', '434-2236-37; 435-0637', '', 1),
(43, 'sup_1043', 'Bacolod Mindanao Lumber and Plywood', 'BLMPC Bldg., Lopez Jaena-Malaspina Sts., Bacolod', '433-3610-12', '', 1),
(44, 'sup_1044', 'Bacolod National Trading', 'Luzuriaga St., Bacolod City', '433-2959', 'COD', 1),
(45, 'sup_1045', 'Bacolod Office Solutions Unlimited, Inc.', 'Lacson Street, Bacolod City', '433-9636', 'COD', 1),
(46, 'sup_1046', 'Bacolod Oxygen Acetylene Gas Corp.', 'Brgy. Alijis, Bacolod City', '434-1780', 'COD', 1),
(47, 'sup_1047', 'Bacolod Paint Marketing', 'Luzuriaga St., Bacolod City', '(034) 433-2063', 'COD', 1),
(48, 'sup_1048', 'Republic Hardware', 'Bonifacio St., Bacolod City', '434-8317; 434-5125; 433-9941', 'COD', 1),
(49, 'sup_1049', 'Bacolod Steel Center Corporation', '#22 LM Bldg., Gonzaga St., Bacolod City', '435-2721-25', 'COD', 1),
(50, 'sup_1050', 'Bacolod Sure Computer, Inc.', 'Capitol Shopping Center, Hilado St, Villamonte, Bacolod City', '(034) 435-1949', 'COD', 1),
(51, 'sup_1051', 'Bacolod Triumph Hardware', 'Narra Extension, Hervias Subd., Brgy. Villamonte, Bacolod City', '433-5551/55; 709-7777', '30 days PDC ', 1),
(52, 'sup_1052', 'Bacolod Truckers Parts Corporation', 'Gonzaga Street - Ralph Building, Barangay 24, Bacolod City', '(034) 433-3335', 'COD', 1),
(53, 'sup_1053', 'Bacolod Visayan Lumber', 'No. 2725 Lopez Jaena Bacolod', '433-8888', '', 1),
(54, 'sup_1054', 'Bangkal Movers Merchandising', 'Bangga Cory, Taculing, Bacolod City', '09164080028 / 0943-200-3145 / 0922-210-3206', 'COD', 1),
(55, 'sup_1055', 'BCG Computers', 'Lopez-Jaena St., Bacolod City', '(034) 434-2532/709-1888', 'COD', 1),
(56, 'sup_1056', 'Bearing Center & Machinery Inc.', 'Door #8 G/F GGG Bldg., Hilado Ext. Capitol Shopping Center, Bacolod City', '433-8370', 'COD', 1),
(57, 'sup_1057', 'Bens Machine Shop', 'Lopez Jaena St., Bacolod City', '433-8990', '', 1),
(58, 'sup_1058', 'Bright Summit Distribution Corporation', '2nd Flr. VCY Cntr. Bldg., Hilado Ext., Bacolod City', '(034) 433-7111', 'COD', 1),
(59, 'sup_1059', 'B-Seg Sand And Gravel', 'Prk. San Jose Circumferential Rd., Brgy. Alijis, Bacolod City', '(034) 457-1173 / 0929-6762-702', 'COD-Actual Quantity (delivered at site)', 1),
(60, 'sup_1060', 'C.Y. Ong Multi-Distributor', 'Door #4 Asian Realty Bldg., Lacson St., Bacolod City', '434-4360; 709-1159', 'COD', 1),
(61, 'sup_1061', 'Capitol Subdivision Inc.', 'Homesite Subd., Bacolod City', '433-9190', 'COD', 1),
(62, 'sup_1062', 'CAR-V Industrial Sales', 'No. 25 Valtram Bldg., Lacson-Gonzaga Sts., BC', '434-4661; 433-3835; 708-0210', 'COD', 1),
(63, 'sup_1063', 'Catcom Marketing', '5 Rosario Amapolo, Bacolod City', '(034) 434 8732', 'COD', 1),
(64, 'sup_1064', 'Cebu Bolt And Screw Sales', 'Door # 30-32 Gochan Bldg., Leon Kilat St., Cebu City', '(032) 412-3561', 'Advance Payment', 1),
(65, 'sup_1065', 'Central Gas Corporation (CEGASCO)', 'Km7 Natl South Rd., Brgy. Pahanocoy, Bacolod City', '444-1113/444-1109/444-1996/444-1348/444-1344 / 444-1348', 'COD', 1),
(66, 'sup_1066', 'Cezar Machine Shop', '92 Rizal Estanzuela St., Iloilo City', '(033) 337-1068', '', 1),
(67, 'sup_1067', 'Char Pete General Merchandise', 'Bago City', '473-0300', 'COD', 1),
(68, 'sup_1068', 'Cibba Paint Center, Inc.', 'CEJ Building, Lopez-Jaena StreetBacolod City', '(034) 433 9291', 'COD', 1),
(69, 'sup_1069', 'CLG Commercial Corporation', 'Narra Ext., Bacolod City', '433-5329/707-0474 / 0909-260-4184 / 0925-828-1156', 'COD', 1),
(70, 'sup_1070', 'ColorSteel System Corp.', 'EAC Building - Pacific Home Depot,Lacson - Mandalagan St.,Brgy. Banago, Sta. Clara Subd.,Bacolod City, Bacolod', '(034) 421 2267', 'COD', 1),
(71, 'sup_1071', 'CORDS Industrial Sales and Services', 'Dr. 1 SC Bldg. Libertad Ext., Mansilingan, Bacolod City', '446-2339', '', 1),
(72, 'sup_1072', 'Crismar Enterprises', 'Cuadra St.,  Brgy. 21, Bacolod City', '434-1210', 'COD', 1),
(73, 'sup_1073', 'Cro-Magnon Corporation', '45 Gochuico Bldg., Mabini Cor. Rosario St., Bacolod City', '433-3221; 434-1416', 'COD', 1),
(74, 'sup_1074', 'Crossworlds Trading and Engg Services', 'Door 3 Zerrudo Commercial Complex (former Lopez Arcade) E. Lopez St. Jaro, Iloilo', '', '', 1),
(75, 'sup_1075', 'CS Sales', 'LACSON STREET - CORNER LUZURIAGA STREET, BARANGAY 37, BACOLOD CITY', '(034) 434-5390', 'COD', 1),
(76, 'sup_1076', 'Daks Auto Supply', 'Lopues Mandalagan - Annex Building , Mandalagan, Bacolod City', '(0922)856 1591', 'COD', 1),
(77, 'sup_1077', 'DBO Auto Parts', 'Rizal Street - Door 5 Lizlop Building, Barangay 21, Bacolod City', '(034) 435-6304', 'COD', 1),
(78, 'sup_1078', 'Warlen Industrial Sales Corp. (Deka Sales)', ' Lot 20 Block 2, Lacson Extension, Alijis Road, Bacolod City', '(034) 435-1573', 'COD', 1),
(79, 'sup_1079', 'Philippine DFC Cargo Forwarding Corp.', 'LGV Building, Molave Street, Capitol Shopping Center, Bacolod City', '(034) 709-1128', 'COD', 1),
(80, 'sup_1080', 'Direct Electrix Equipment Corporation', '#28 Ramylu Drive, Tangub, Bacolod City', '(034) 444-2023 / (032) 948-0221 / (032) 942-2871 / 0916-600-3244 / 0922-853-5384', 'COD', 1),
(81, 'sup_1081', 'DMC Industrial Supplies', 'Mabini St., Bacolod City', '(034) 441-3621 / 0943-283-1688', 'COD', 1),
(82, 'sup_1082', 'DY Home Builders, Inc.', 'No. 2725 Lopez Jaena Bacolod', '433-2222', '', 1),
(83, 'sup_1083', 'Dynasty Management & Devt Corporation', 'Araneta St., Brgy. Singcang, Bacolod City', '', '', 1),
(84, 'sup_1084', 'Dynasty Paint Center', 'Lopez-Jaena Taal Sts., Bacolod city', '(034) 435-4777', 'COD', 1),
(85, 'sup_1085', 'Dypo Auto Parts', 'Lacson Street - Door 2 Jr Building, Barangay 21, Bacolod City', '(034) 707-7055', 'COD', 1),
(86, 'sup_1086', 'Ebara Benguet, Inc', 'Door 3 Eusebio Arcade, Lacson St., Brgy 40, Bacolod City', '435-8162', 'COD', 1),
(87, 'sup_1087', 'Eduard Metal Industries', '23rd St, Bacolod City', '432-0490', '', 1),
(88, 'sup_1088', 'Enigma Technologies Inc.', '2F Terra Dolce Center, Hilado Ext., Bacolod City', '(034) 435 8144', 'COD', 1),
(89, 'sup_1089', 'Far Eastern Hardware & Furniture Enterprises, Inc.', '38 Quezon St. Iloilo City', '(033) 335-0891 ; 337-2654 ; 337-2222 ; 337-5321 ; 508-4196', '', 1),
(90, 'sup_1090', 'Federal Johnson Engineering Works', 'Circumferential Rd, Bacolod City', '441-2110; 441-0306', 'COD', 1),
(91, 'sup_1091', 'FGV Enterprises', 'Luzuriaga Street - Door 1 Lucias Building, Barangay 25, Bacolod City', '(034) 433-2672', 'COD', 1),
(92, 'sup_1092', 'Fil-Power Group and Marketing Corp', 'St Anthony Bldg Lopez Jaena St, Bacolod City', '434-7957; 707-8035', 'COD', 1),
(93, 'sup_1093', 'Firbon Multi Sales', 'Cuadra Street - Door 3 Rgr Building, Barangay 21, Bacolod City', '(0920)479 5919', 'COD', 1),
(94, 'sup_1094', 'Francis New Tractor Parts', 'Lacson - Cuadra Street, Barangay 24, Bacolod City', '(034) 433-1456', '', 1),
(95, 'sup_1095', 'Fuman Industries Inc.', 'Brgy. Banago, Bacolod City', '435-0973', '', 1),
(96, 'sup_1096', 'Gini GTB Industrial Network Inc./AsiaPhil', 'Room 209, 2nd Floor Boston Finance and Investment Corp Bldg., Bacolod City', '(034) 435-6269 / 0998-844-3078', 'COD', 1),
(97, 'sup_1097', 'GLE Sand and Gravel Enterprises', 'GSIS Corner Medel Road Tangub Highway, Bacolod City', '444-1644', 'COD', 1),
(98, 'sup_1098', 'Golden Gate Hardware', 'Gonzaga-Lacson Sts., Bacolod City', '433-0995/434-6848', '7 days', 1),
(99, 'sup_1099', 'Golden Jal Marketing', 'Cokins Bldg, Bacolod City', '433-0698; 435-0061', '', 1),
(100, 'sup_1100', 'Golden Tower Commercial', 'Dr. 3, Emerald Bldg., Lacson St., Bacolod City', '476-8043 fax', '', 1),
(101, 'sup_1101', 'Good Hope Enterprises', 'Bonifacio St., Bacolod City', '434-8588-89', 'COD', 1),
(102, 'sup_1102', 'Greenlane Hardware and Construction Supply Inc', 'Lacson St., Bacolod City', '432-1119', '', 1),
(103, 'sup_1103', 'Highway Tire Supply', 'Lacson Street, Barangay 38, Bacolod City', '(034) 433-1257', 'COD', 1),
(104, 'sup_1104', 'HRA Paint Center', 'Dr # JQ Center Bldg., Lopez Jaena St., Bacolod City', '(034) 435-6684', 'COD', 1),
(105, 'sup_1105', 'Ideal System Komponents', 'Room 4B/4F Villa Angela Metro Plaza Bldg., Araneta St. BC', '433-4224', '', 1),
(106, 'sup_1106', 'IEC Computers', '(034) 433 9472/708-4322', '', 'COD', 1),
(107, 'sup_1107', 'Iloilo City Hardware, Inc.', '105-107 Iznart St., Iloilo City', '(033) 337-2952; 337-2969 ; 338-1455; 337-5553', '', 1),
(108, 'sup_1108', 'Iloilo National Hardware', '', '(033) 337-0449; 509-8985 ; 337-2841 ; 509-7785', '', 1),
(109, 'sup_1109', 'Innovative Controls Incorporated', 'Rm. 1-10 JDI Bldg., Galo St., Bacolod City', '(034) 708-1727 / 0908-8162189', 'COD', 1),
(110, 'sup_1110', 'Inovadis, Inc.', 'Rizal St, Brgy 22, Bacolod City', '435-4634-35', '', 1),
(111, 'sup_1111', 'Integrated Power and Control Provider, Inc.', 'Unit #5 East Plaza Commercial Bldg, Suntal Phase II, Circumferential Rd., Brgy Taculing, BC', '446-7612', '15 days PDC', 1),
(112, 'sup_1112', 'Intrax Industrial Sales/ U2 Machine Shop', 'Lot 1 Blk 4 Along Murcia Rd, Hermelinda Homes, Mansilingan, BC', '446-3268', '', 1),
(113, 'sup_1113', 'ISO Industrial Sales', 'Luzuriaga St., Bacolod City', '432-3007', '', 1),
(114, 'sup_1114', 'J. T. Oil Philippines', 'Bacolod City', '(034) 435-2666', 'COD', 1),
(115, 'sup_1115', 'Jast Marketing Co.', '#6 GGG Bldg., Capitol Shopping, Bacolod City', '434-0043', '30 days', 1),
(116, 'sup_1116', 'Johnson Parts Center & General Merchandise', '6th Street Lacson - Gensoli Building, Barangay 24, Bacolod City', '(034) 433-5708', '', 1),
(117, 'sup_1117', 'Jojo 4 Wheel Parts Supply', 'Gonzaga Street - Door 1 Suntal Invst Building, Barangay 24, Bacolod City', '(034) 435-0626', '', 1),
(118, 'sup_1118', 'KARL-GELSON INDUSTRIAL SALES', 'Araneta St., Bacolod City', '432-6318', 'COD', 1),
(119, 'sup_1119', 'Kemras Industrial Supply', 'Blk. 5, Lot 11 NHA ACCO Housing, Circumferential Road, Brgy. Alijis, Bacolod City', '(034) 446-3162 / 0906-1464-064 / 0936-927-9953', '30 days', 1),
(120, 'sup_1120', 'KLP Easy Electrical', 'Libertad extension, 6100 Bacolod City, Negros Occidental, Philippines', '', '', 1),
(121, 'sup_1121', 'Kuntel Construction', 'Rooms 3-6, 2nd Floor, Villa Angela Arcade, Burgos Extension, Bacolod City', '434-7866', 'COD', 1),
(122, 'sup_1122', 'Leeleng Commercial, Inc.', 'Bacolod City', '446-1084', '', 1),
(123, 'sup_1123', 'Liberty First Enterprises', 'T. Gensoli Bldg., Lacson St., Bacolod City', '435-1530; 435-0533', '', 1),
(124, 'sup_1124', 'Linde Corporation', 'Bago City', '213-4596/213-4594', 'COD', 1),
(125, 'sup_1125', 'Linton Incorporated', 'For Additional Lightning in Powerhouse DG Area', '(02) 733-8800 ; 733-8810 ; 734-1059 ; 733-8817', '', 1),
(126, 'sup_1126', 'LMS Electrical Supply', 'Gonzaga Street, Bacolod City', '435-0424/434 8423', 'COD', 1),
(127, 'sup_1127', 'Loc-Seal Industrial Corporation', 'Rm. 209 2F, DB Bldg., Cor. Gonzaga-Locsin Sts., Bacolod City', '709-9519', 'COD', 1),
(128, 'sup_1128', 'Luis Paint Center', 'Gonzaga, Bacolod City', '435-0301', 'COD', 1),
(129, 'sup_1129', 'Luvimar Enterprises', 'Rizal Street corner Gatuslao Street (beside LLC), Bacolod City', '(034) 476-3612', 'COD', 1),
(130, 'sup_1130', 'Lyfline Marketing', 'Galo Hilado, Bacolod City', '(034) 434 6543/(34)434-2582', 'COD', 1),
(131, 'sup_1131', 'Macjils Refrigeration And Airconditioning Repair Shop', 'Prk. Sto. Rosario, lacson St., Bacolod City', '(034) 707-0639 / 0919-637-0637', 'COD', 1),
(132, 'sup_1132', 'MB United Commercial', 'Yakal St., Villamonte, Bacolod City', '435-3131; 434-7283; 709-1053', 'COD', 1),
(133, 'sup_1133', 'Metro Pacific Construction Supply, Inc.', 'No. 47 Mabini Street, Iloilo City', '(033) 338-1316 ; 337-1210 ; 337-3762; 337-0815', '', 1),
(134, 'sup_1134', 'MF Computer Solution', '434-6544', '0917-301-7762; 0999-994-6579', '', 1),
(135, 'sup_1135', 'MGNR Hardware & Construction Supply', '2780 Hilado Ext., Brgy Villamonte, Bacolod City', '435-3790', '', 1),
(136, 'sup_1136', 'Micro Valley', 'Reclamation Area, Bacolod City', '(034) 704-4317', 'COD-Cash', 1),
(137, 'sup_1137', 'MILCO MALCOLM MARKETING', 'MABINI STREET - SAN SEBASTIAN STREET, BARANGAY 32, BACOLOD CITY', '(034) 433-3429', '', 1),
(138, 'sup_1138', 'Milco Malcolm Mktg', 'M & M Aceron Bldg II, Mabini-San Sebastian Sts., BC', '433-3429; 434-2918; 434-3986', 'COD', 1),
(139, 'sup_1139', 'Mirola Hardware', 'Poblacion Sur, Ivisan, Capiz', '(036) 632-0104; 632-0028 ; 632-0108', '', 1),
(140, 'sup_1140', 'Negros Bolts & General Mdse', '2879 Burgos Ext., BS Aquino Drive, Bacolod City', '435-2260; 708-1183', '', 1),
(141, 'sup_1141', 'Negros International Auto Parts', 'Rizal Street - Corner Lacson Street - Sgo Building, Barangay 21, Bacolod City', '(034) 435-1416', '', 1),
(142, 'sup_1142', 'Negros Marketing', 'Cuadra St., Bacolod City', '(034) 435-4708', 'COD', 1),
(143, 'sup_1143', 'Negros Metal Corporation', 'Brgy. Alijis, Bacolod City', '(034) 433-7398', 'COD', 1),
(144, 'sup_1144', 'Negros Pioneer Enterprises', 'Gonzaga - Lacson Street, Barangay 24, Bacolod City', '(034) 433-2088', 'COD', 1),
(145, 'sup_1145', 'Netmax Solutions', 'Silay City', '(034) 213-6120 / 0949-883-2535/0923-141-2611', 'COD', 1),
(146, 'sup_1146', 'New Colomatic Motor Parts', 'Gonzaga Street - Lm Building, Barangay 25, Bacolod City', '(034) 434-5955', '', 1),
(147, 'sup_1147', 'New Yutek Hardware and Industrial Supply Corporation', 'Zulueta St., Cebu City, Cebu', '(032) 255-5406', 'COD', 1),
(148, 'sup_1148', 'Newbridge Electrical Enterprises', 'Lacson Ext., Cor LT Vista St. Singcang, Bacolod City', '433-9298; 433-2365; 434- 2185', 'COD', 1),
(149, 'sup_1149', 'Nikko Industrial Parts Center', 'Lacson Street - Door 3 Tmg Building , Barangay 25, Bacolod City', '(034) 708-0210/(034) 433-7908/(034) 433-3835', 'COD', 1),
(150, 'sup_1150', 'Nippon Engineering Works', 'Corner-Mabini Ledesma Sts., Iloilo City', '(033) 338-1122', '', 1),
(151, 'sup_1151', 'Northern Iloilo Lumber & Hardware', '24 Ledesma, Iloilo City', '(033) 337-4749', '', 1),
(152, 'sup_1152', 'NS Java Industrial Supply', 'Room 1-11 JDI Bldg, Galo St., Bacolod City', '433-0668', '', 1),
(153, 'sup_1153', 'Octagon Computer Superstore', 'SM City Bacolod, Rizal St., Reclamation Area, Bacolod City', '(034) 468-0205', 'COD', 1),
(154, 'sup_1154', 'Panay Negros Steel Corporation', 'Door 2, Torres Bldg, No. 61 Burgos, Bacolod City', '434-8272', '', 1),
(155, 'sup_1155', 'Philippine DFC Cargo Forwarding Corp.', 'Siment Warehouse, Zuellig Ave., Reclemation Area, Mandaue City', '0917-629-3024', 'Freight Collect', 1),
(156, 'sup_1156', 'Pins Auto Supply', 'Gonzaga Street - Purok Masinadyahon, Barangay 24, Bacolod City', '(034) 434-9349', '', 1),
(157, 'sup_1157', 'Platinum Construction Supply', 'Bugnay Road, Villamonte, Bacolod City', '(034) 433-1886', '', 1),
(158, 'sup_1158', 'Power Steel Specialist', '1714 Ma. Clara St., Sampaloc, Manila', '(02) 731-0000', '', 1),
(159, 'sup_1159', 'Power Systems, Inc', 'AU & Sons Bldg., Sto. Nino, Bacolod City', '433-4293', '', 1),
(160, 'sup_1160', 'Prism Import-Export, Inc.', 'C.L. Montelibano Avenue, Bacolod City', '(034) 433-6045/708-4443/433-5327', '15 days', 1),
(161, 'sup_1161', 'Procolors T-Shirts Printing', 'Lacson St., Bacolod City', '(034) 434 3403', 'COD', 1),
(162, 'sup_1162', 'Ravson Enterprises', 'Atrium Bldg., Gonzaga St., Bacolod City', '434-8929', 'COD', 1),
(163, 'sup_1163', 'Rc Fishing Supply', 'Gonzaga St, Bacolod City', '(034) 434 8299', 'COD', 1),
(164, 'sup_1164', 'Richard and Zachary Woodcraft', 'Victorina Heights, Libertad Ext., Brgy. Mansilingan', '431-5866/213-3858/0928-337-7568, 0927-325-4497, 0922-562-1005', 'COD', 1),
(165, 'sup_1165', 'RTH Marketing', 'Door 1, St. Francis Bldg., Lizares Ave.,Bacolod City', '433-1199; 433-8152', '', 1),
(166, 'sup_1166', 'Sam Parts Marketing', 'Cuadra Street, Barangay 24, Bacolod City', '(034) 434-6119', '', 1),
(167, 'sup_1167', 'SGS Hardware Corporation', 'Gatuslao Bacolod City', '435-3023-25', 'COD', 1),
(168, 'sup_1168', 'Sian Marketing', 'Luzuriaga-Lacson Sts., Bacolod City', '431-1375', '', 1),
(169, 'sup_1169', 'Sian Marketing', 'Luzuriaga-Lacson Sts., Bacolod City', '431-1375', '', 1),
(170, 'sup_1170', 'Silicon Valley', 'SM Bacolod City', '(034) 431-3251', 'COD', 1),
(171, 'sup_1171', 'Silver Horizon Trading Co. Inc.', 'Julio Las Pias St., Brgy. Villamonte, Bacolod City', '476-2590/09284495903/09296291246', 'COD', 1),
(172, 'sup_1172', 'Simplex Industrial Corp.', 'Tiffany bldg., Door 8, Gonzaga St., Bacolod City', '(0932)878-8882, (0925)868-8882', 'COD', 1),
(173, 'sup_1173', 'SKT Saturn Network, Inc.', 'SKT Compound, Rizal St., Bacolod City', '433-2494', '', 1),
(174, 'sup_1174', 'Sol Glass And Grills', 'Rosario Heights, Libertad Ext., Brgy. Taculing, Bacolod City', '(034) 213-3935 / 0917-5039-183', 'COD', 1),
(175, 'sup_1175', 'Specialized Bolt Center and Industrial Supply Inc.', '11 V. Sotto, Cebu City, Cebu', '(032) 2531345 / 253-1535', 'COD', 1),
(176, 'sup_1176', 'State Motor Parts Company', 'Gonzaga Street, Barangay 24, Bacolod City', '(034) 433-1683', '', 1),
(177, 'sup_1177', 'Sugarland Hardware Corp.', 'Lacson St., Bacolod City', '434-5390; 434-4549; 708-8850', 'COD', 1),
(178, 'sup_1178', 'Sunrise Marketing', 'Bldg./Street: Hilado Extension\r\nMunicipality: Bacolod City ', '434-5746', 'COD', 1),
(179, 'sup_1179', 'Svtec Industrial Enterprises', 'Gonzaga-Lacson St., Bacolod City', '(034) 707-7496', 'COD', 1),
(180, 'sup_1180', 'Technomart', '(034) 431-5994', '9322065585', 'COD', 1),
(181, 'sup_1181', 'Teranova Computers', '709 - 7737', '0999-817-4815 / 0942-009-1433', 'COD', 1),
(182, 'sup_1182', 'Tingson Builders Mart', '3 Gonzaga, Bacolod City', '434-1046; 707-5507', '', 1),
(183, 'sup_1183', 'Alpha Titan Hardware', '888 Chinatown Square, Gatuslao St.', '435-7496; 476-4106', '', 1),
(184, 'sup_1184', 'TMVG Multi-Sales, Inc.', 'Dr. 2, Genito Bldg., Lopez Jaena St., Bacolod City', '(034) 708-1819 / 434-7471 / 435-6003 / 476-4355 / 435-0905', 'COD', 1),
(185, 'sup_1185', 'Tokoname Enterprises', 'Hernaez St., Bacolod City', '433-3610/707-1844', 'COD/7 days', 1),
(186, 'sup_1186', 'Tri-con Marketing Center Inc.', 'Capitol Shopping Ctr, Bacolod City', '435-0889', '', 1),
(187, 'sup_1187', 'Triumph Machinery Corporation', 'Bacolod City', '441-0298', '', 1),
(188, 'sup_1188', 'U.S. Commercial', 'Gatuslao Street - Purok Bagong Silang, Barangay 13, Bacolod City', '(034) 433-1174', '', 1),
(189, 'sup_1189', 'Unikel Industrial Supplies and Safety Equipments', 'Door 2 G/F Malayan Bldg, 3rd St Lacson, Bacolod City', '476-3191; 435-8677', '', 1),
(190, 'sup_1190', 'Union Galvasteel Corp', 'Soliman Bldg, Bacolod', '435-7175', '', 1),
(191, 'sup_1191', 'United Bearing Industrial Corp', 'AP Bldg Lacson St, Bacolod City', '435-4541; 435-4497', '', 1),
(192, 'sup_1192', 'United Steel Technology International Corp.', 'Door 2, Goldbest Warehouse, Guzman St., Hibao-an, Mandurriao, Iloilo City', '(033) 333-7663', '', 1),
(193, 'sup_1193', 'US Commercial Inc (Uy Sian Commercial)', 'Gov V M Gatuslao, Bacolod City', '434-8989; 433-8017', '', 1),
(194, 'sup_1194', 'VCY Sales Corporation', 'Kamagong St., Brgy. Villamonte, Bacolod City', '433-7112/709-7778', 'COD', 1),
(195, 'sup_1195', 'Vendor 1', 'Vendor 1 address', '1111', '', 1),
(196, 'sup_1196', 'Visayan Construction Supply', 'Lacson St., Bacolod City', '434-7277 / 434-7278', 'COD', 1),
(197, 'sup_1197', 'Vosco Trading ', 'Cuadra St., Bacolod City', '(034) 435-8515', 'COD', 1),
(198, 'sup_1198', 'Wellmix Aggregates Inc', 'Ralph Townhouse, Bacolod City', '(034) 434-4704', '', 1),
(199, 'sup_1199', 'Western Hardware', 'EH Bldg., Lacson-San Sebastian Sts., Bacolod City', '434-5305-06', '', 1),
(200, 'sup_1200', 'Westlake Furnishings Inc.', 'Araneta St.,  Bacolod City', '(034) 433-9489/433-9498', 'COD', 1),
(201, 'sup_1201', 'Yousave Electrical Supply', 'Door #s 1-2 Sunstar Bldg., Hilado Ext., Bacolod City', '709-0594', '30 days PDC/COD', 1),
(202, 'sup_1202', 'Alta-Weld, Inc. / Alta (Far East) Welding Materials, Inc.', 'Sun Valley Drive KM. 15 West Service Road, South Superhighway, Paraaque City', '(02) 823-4032 / 824-2966 / 824-2988 / 0917-636-1187 / 0922-625-6397', 'COD', 1),
(203, 'sup_1203', 'Chokie Heavy Equipment Parts Center', 'AGPA Bldg. Lacson St., Bacolod City', '(034) 431-5303 / 0925-866-2081 / 0942-072-6467', 'COD', 1),
(204, 'sup_1204', 'Hydrauking Industrial Corp.', 'Door # 4 Ching Store, Zone 2 Tablon, Cagayan De Oro', '0928-828-2878 / 0905-228-4345', 'COD', 1),
(205, 'sup_1205', 'Ionic Impact One Nation Industrial Corporation', '6-D Pearl St., Golden Acres Subd. Las Pias City', '(02) 800-9104 / 806-2048 / 805-2959 / 0977-824-5812', 'COD', 1),
(206, 'sup_1206', 'Cebu Champion Hardware and Electric Depot, Inc.', 'Pres. Quirino St, Cebu City, Cebu', '(032) 234 4342 / 231-7139 / 0917-632-6505', 'Advance Payment(Bank to Bank)', 1),
(207, 'sup_1207', 'FH Commercial Inc.', 'FH Building, #22 Anonas Rd., Potrero, Malabon City, 1475', '(02) 362-2265 / 330-2019 / 330-2021 / 366-8598 / 361-4235 / 364-3352 / 0918-922-0974', 'COD', 1),
(208, 'sup_1208', 'A & M Medcare Products Distributors', ' Door 4 & 5, Estban Building, 5 Lacson St, Barangay 17, Bacolod City', '(034) 433 5728', 'COD', 1),
(209, 'sup_1209', 'Archi Glass & Aluminum Supply', 'P Hernaez St Ext, Bacolod City', '(034) 433 7116', '50% Downpayment, 50% upon completion', 1),
(210, 'sup_1210', 'Bacolod Electrical Supply', 'Gonzaga Corner Lacson St., Bacolod City', '(034) 434-0526', 'COD', 1),
(211, 'sup_1211', 'Morse Hydraulics System Corp.', 'DMC Bldg., Narra Ext. Bacolod City', '(034) 433-1538 / 0917-633-9634', 'COD', 1),
(212, 'sup_1212', 'JHM Industrial Supplies', 'Gov. Rafael Lacson St., Zone 12 Talisay City, Negros Occidental', '0949-846-7820 / 0923-568-3661', 'COD', 1),
(213, 'sup_1213', 'Negros GT Group', '159-161 Lacson St., Bacolod City', '(034) 434-6154', 'COD', 1),
(214, 'sup_1214', 'Powersteel Hardware', 'Coastal Road, Brgy. Banuyao, Lapaz, Iloilo City', '(033) 330-3792 | (033) 329-4484', 'Advance Payment (Bank to Bank)', 1),
(215, 'sup_1215', 'Propmech Corporation', 'J. king Warehouse, M. Sanchez St., Alang-alang, Mandaue City, Cebu', '(032) 344-0738', 'COD', 1),
(216, 'sup_1216', 'Assistco Energy & Industrial Corporation', 'Door # 2 Parklane Building, Cor. Rizal-Tindalo Sts., Shopping Center, Bacolod City', '(034) 435-1605', 'COD', 1),
(217, 'sup_1217', 'Joules Enterprise & Engineering Services', 'Jees bldg., Blk. 6 Lot 10 Doa Juana Cor. R. A. Canlas St., Springside, Pandan, Angeles City', '(045) 458-0848: 0918-940-7243: 0917-919-5258', 'COD', 1),
(218, 'sup_1218', 'Nexus Industrial Prime Solutions Corp.', 'Unit B, Roselindees Building, Galo-Hilado St., Bacolod City', '(034) 435-0560 / 0928-5079-9741', 'COD', 1),
(219, 'sup_1219', 'AGEC Engineering Supplies', 'American Packing Ind., Mandalagan, Bacolod City', '0947-776-8124 / 0916-300-8019', 'COD', 1),
(220, 'sup_1220', 'Sealand Industrial Supply', 'Plazamart, Araneta St., Bacolod City', '0932-9034-564', 'COD', 1),
(221, 'sup_1221', 'EFRC Industrial Services & Trading Corp.', '252 Dr. Jose Fabella St., Plainview, Mandaluyong City', '(02) 533-6673 / 0917-324-9530 / 0917-599-3366 / 0918-939-7962', 'COD', 1),
(222, 'sup_1222', 'New Interlock Sales & Services', 'Door # 3 NGS Bldg., M. J. Cuenco Avenue, Mabolo Cebu 6000', '(032) 2315-906 to 907; 412-8431; 412-8278 to 79', 'COD', 1),
(223, 'sup_1223', 'Fil Generators And Services Company', 'Door # 7, East Plaza Bldg., Circumferential Road, Brgy. Taculing, Bacolod City', '(034) 446-2674 / 0917-140-4763', 'COD', 1),
(224, 'sup_1224', 'Acster Marketing', '128 Araneta St., Singcang, Bacolod City', '(034) 458-4077 / 0927-291-2209', 'COD', 1),
(225, 'sup_1225', 'Mandaue Atlas Steel Fabrication Corp.', 'Plaridel St, Paknaan, Mandaue City, Cebu', '(032) 505-1806 / 316-2364', 'COD', 1),
(226, 'sup_1226', 'YKG Industrial Sales Corp.', '7-9 M. C. Briones St., Cebu City, 6000', '(032) 255-0870 to 73', 'COD', 1),
(227, 'sup_1227', 'Worldwide Steel Group, Inc.', 'Sacris Road Ext., Mandaue Cebu 6014', '(032) 346-0959; 345-0458: 344-0660', 'COD', 1),
(228, 'sup_1228', 'Tokyu Hardware & Industrial Supply', '1175-9 Highway 77, Talamban 6000 Cebu City', '(032) 345-1500 / 345-0498 / 416-0088', 'COD', 1),
(229, 'sup_1229', 'CJ KARR Industrial Sales And Services', 'Dr # 2, E & R Bldg, Hernaez Ext., Prk. Kabukiran, Taculing, Bacolod City', '(034) 709-0130 / 446-3843', 'COD', 1),
(230, 'sup_1230', 'Goldensteel Construction Supply', 'G/Floor, Casals Building, Pagsabungan Mandaue City', '(032) 405-3262 / 0998-5394-560 / 0942-356-6747 / 0910-613-2888', 'Advance Payment-Bank to Bank Transaction', 1),
(231, 'sup_1231', 'RJ Spring Rubber & Metal Parts Manufacturing Corp.', '#171National Road, Ortigas Ext., Brgy. Delapaz, Antipolo City, Rizal', '(02) 658-1951; 384-9315; 473-0433; 215-3069', 'COD', 1),
(232, 'sup_1232', 'Moldex Products Inc.', 'Moldex Building., Ligaya St., Cor. West Ave., Quezon City', '(032) 373-8888 / 373-4009 / 0917-863-9237', 'COD', 1),
(233, 'sup_1233', 'Gibrosen Fire Safety Products', 'Door # 2 Triple Es Siasat Bldg., Burgos Ext., 4th Road, Villamonte, B. C.', '(034) 434-2881', 'COD', 1),
(234, 'sup_1234', 'Phil-Nippon Kyoei Corp.', 'S705 Royal Plaza Twin Towers 648 Remedios St., Malate, Manila', '(02) 400-5778 / 328-3270', 'COD', 1),
(235, 'sup_1235', 'Able Machine Industries', '618 Ylac Ave., Villamonte, Bacolod City', '(034) 435-5960', '30 days PDC', 1),
(236, 'sup_1236', 'First Pilipinas Power and Automation, Inc.', 'Unit 1609 Cityland Tower 2 H. V. Dela Costa St., Salcedo Village, Makati City 1227 Philippines', '(02) 666-1843 / 892-1914 / 0922-881-4382/0927-311-5672', 'COD', 1),
(237, 'sup_1237', 'LP Solutions', '3/F Leeleng Bldg., 718 Shaw Blvd., Mandaluyong City, Phil, 1552 ', '(02) 723-7767 to 70 / 0999-855-3875', 'COD', 1),
(238, 'sup_1238', 'Starlube Corporation', 'Camia Street, Espinos Village 1, Circumferential Road, Bacolod City', '(034) 446-2420 / 446-2174', 'COD', 1),
(239, 'sup_1239', 'Berpa-Flex Technologies', 'St. Michael Subdivision, Alicante, E. B.Magalona, Negros Occidental', '0908-1092-386 / 0917-4631-769', 'COD', 1),
(240, 'sup_1240', 'Filtertech General Trading', 'N & N Bldg., Cortes Ave. Maguikay, Mandaue City', '(032) 505-8490 / 0922-2266-86 / 0920-2593-077', 'COD', 1),
(241, 'sup_1241', 'Compresstech Resources, Inc.', 'CRI Bldg., 665 Pres. E. Quirino Ave., Malate Manila', '(02) 567-4389 to 95 to 98 / 0922-8063885', 'COD', 1),
(242, 'sup_1242', 'Access Frontier Technologies, Inc.', 'Unit # 207 Grand Arcade Bldg., AC Cortez., Mandaue City 6014, Cebu, Philippines', '(032) 420-2429, 420-7818, 239-2629', 'COD', 1),
(243, 'sup_1243', 'Flex-a-Seal Industrial Supply', 'Blk. 2, Lot 29 Eufemia Compound Circumferential Rd., Taculing, Bacolod City', '(034) 458-3290 / 213-5221 / 0939-955-3716 / 0998-9896-690 / 0922-8051-480', 'COD', 1),
(244, 'sup_1244', 'AVK Philippines Inc.', '70 Wes Ave. West Triangle Quezon City', '(02) 376-6400 to 01 - 02-376-6399', 'COD', 1),
(245, 'sup_1245', 'Bernabe Construction & Industrial Corp.', 'Roosevelt Avenue, Quezon City', '(02) 292-3401 / (02) 292-1540 / (02) 293-7625', 'COD', 1),
(246, 'sup_1246', 'Gold Tools Enterprises', 'Unit 18, 46 D.Tuazon St., Corner E. Rodriguez Sr. Ave., Dona Josefa, Metro Manila, Quezon City', '415-6201 / 244-9577', '', 1),
(247, 'sup_1247', 'Sum-ag Petron Gas Station', '', '', '', 1),
(248, 'sup_1248', 'Marhil Spring', '', '', '', 1),
(249, 'sup_1249', '88 Electronics Supply', '', '', '', 1),
(250, 'sup_1250', 'DMs Oil Purifier Services and Supply', 'No. 11-A Esteban St. Mandaluyong City', '654-1521 / 0998-284-0757', '', 1),
(251, 'sup_1251', 'Alex Lumber Yard', '', '', '', 1),
(252, 'sup_1252', 'Nalco', '', '', '', 1),
(253, 'sup_1253', 'Jbee Department Store', '', '', '', 1),
(254, 'sup_1254', 'RS Components Corporation', '', '', '', 1),
(255, 'sup_1255', 'Llamado Enterprises', '', '', '', 1),
(256, 'sup_1256', 'K-Mart', '', '', '', 1),
(257, 'sup_1257', 'Enerpro Marketing Inc.', '', '', '', 1),
(258, 'sup_1258', 'Fluid Energy Philippines Inc.', 'Unit 1 & 2, Ground Floor AVJ Building No. 99 Fourth St. Corner C-3 Road, Caloocan City', '3195991 / 3517124 / 4422244 / 3656592 to 93', '', 1),
(259, 'sup_1259', 'A-One Industrial Sales', 'Door 4 & 5 ACFC  Bldg.,Lopez Jaena St, Bacolod City', '435-7383', '', 1),
(260, '', 'Precious V. Sanchez', '', '', '', 1),
(261, 'sup_1260', 'CTMJ Gases Supply', '99 Honey Bed Alijis, Bacolod City', '479 2455 / 707 0059', '', 1),
(262, 'sup_1261', 'Pos Gasul Negros Occidental INC.', 'Araneta St.,Brgy. Singcang, Bacolod City', '034 435- 1798 / 434- 0088 & 707- 3030', '', 1),
(263, 'sup_1262', 'Center for Reliability Excellence Laboratories Corporation', '718 Shaw Blvd, Mandaluyong, 1550 Metro Manila', '(02) 726 8244', '', 1),
(264, 'sup_1263', 'KJ Fairmart Inc.', 'Adela Bldg., Araneta St. Sum-ag, Bacolod City', '', '', 1),
(265, 'sup_1266', 'T5 Sum -ag Enterprises, Inc', 'San Luis Village, San Juan St., Sum-ag, Bacolod City', '034 444-0491', '', 1),
(266, 'sup_1264', 'Delixi Electric', '', '', '', 1),
(267, '', 'Donated by Sir RCT', '', '', '', 1),
(268, '', 'William Soltes', '', '', '', 1),
(269, 'sup_1265', 'CMC 417 Enterprises Corporation', 'Margarita St., Libertad, Brgy.40, Bacolod City', '704-8077 / 702-8402 / 09173008402', 'cash', 1),
(270, '', 'Warehouse', '', '', '', 1),
(271, 'sup_1267', 'Doods Sack Trading', 'Lopez Jaena-San Sevastian Sts., Bacolod City', '09075156093 / 09274228433', '', 1),
(272, 'sup_1268', 'Luzanta Native Products', 'Stall III-3 Bldg., North Public Market Brgy.19, Bacolod City', '', '', 1),
(273, 'sup_1269', 'I.E. Creative Computers', '062, SM City, Reclamation Area, Bacolod City', '433-9472 / 708IECC', '', 1),
(274, 'sup_1270', 'Pacific Ads Creative Outdoor', '', '', '', 1),
(275, 'sup_1271', 'Ametros Inc', '', '', '', 1),
(276, 'sup_1272', 'PC Gilmore Computer Center', '', '', '', 1),
(277, 'sup_1273', 'Montreiec Incorporated', '', '', '', 1),
(278, 'sup_1274', 'New China Mart', '70 Lacson St., Bacolod City', '034 434-7293 / 434-7670', '', 1),
(279, 'sup_1275', 'Zemarc Corporation', '', '', '', 1),
(280, 'sup_1276', 'New Kapitan Parts Center & Co., Inc.', 'EGA Towers, #36 Gonzaga, 25, Bacolod City, Neg. Occ', '434-1912 ; 432-3212 ; 432-1293 ; 709-1858', '', 1),
(281, 'sup_1277', 'National Book Store', '', '', '', 1),
(282, 'sup_1278', 'South Gas Petron', '', '', '', 1),
(283, 'sup_1279', '7-Eleven, LLARC Convenience Store', 'Araneta Ave. Cor Sum-ag-Abuanan Rd., Brgy. Sum-ag, Bacolod City', '', '', 1),
(284, 'sup_1280', 'Negros Grace Pharmacy', '', '', '', 1),
(285, 'sup_1281', 'F.G. Cycle Parts & Hardware', 'Araneta St., Bago City', '4610-148', '', 1),
(286, '', 'Borrowing', '', '', '', 1),
(287, 'sup_1282', 'Samson Merchandising, Inc.', '#90 Lacson St., Brgy.38, Bacolod City', '433-1208 / 435-1892', '', 1),
(288, 'sup_1283', 'Insuflex Industries, Inc.', '#9 Gregorio Del Pilar St., San Francisco Del Monte, Quezon City', '374-3953 / 372-1585 / 372-1613 / 415-3902', '', 1),
(289, 'sup_1284', 'All-Technik and Components, Incorporated', 'All-Technik bldg., Lot 11, Block 36, San Antonio Valley 1, Sucat, Paraaque City', '829-4849 to 50 / 825-2533 / 0923-7014027', '', 1),
(290, 'sup_1285', 'Speed Controls Enterprises', '2479 Decena st., San Roque, Brgy. 94, Pasay City', '09156273548 / 09296075797', '', 1),
(291, 'sup_1286', 'Vencio Auto Supply', 'Dr.#2 Ang Building, Brgy.25, Bacolod City', '435-8248 / 435-8870', '', 1),
(292, 'sup_1287', 'Platinum International Supply & Services, Inc.', 'Unit 217 & 218, Cityland Dela Rosa Condominium, 7648 Dela Rosa St., Brgy. Pio del Pilar, Makati City', '813-1380 / 813-1492 / 813-1384', '', 1),
(293, 'sup_1288', 'Prince Hypermart Bago', 'H. Yulo St., Brgy. Pob, Bago City', '', '', 1),
(294, 'sup_1289', 'MTG Gasoline Service Station', '', '', '', 1),
(295, 'sup_1290', 'Citi Hardware Bacolod', 'Bacolod city', '432-3493', '', 1),
(296, 'sup_1291', 'GC & C, Inc.', 'Carlos Hilado Highway, Ceircumfrrential Road, Bacolod City', '034 441-2409', '', 1),
(297, 'sup_1292', 'GC Appliance Centrum', 'Lacson St., Bacolod City', '434-6993', '', 1),
(298, 'sup_1294', 'Upshaw Industrial Corporation', 'Rm. 201, VAG Building, Ortigas Avenue, San Jaun City, Metro Manila', '721-5451', '', 1),
(299, 'sup_1295', 'Poweredge Solutions Phils., Inc', '', '', '', 1),
(300, 'sup_1296', 'Powerex, Inc', '173 Pavillion Lane Youngwood, PA 15697', '724-925-7272', '', 1),
(301, 'sup_1297', 'Stellite Commercial, Inc', '17 Calbayog St., Brgy. Highway Hills, Mandaluyong City', '531-4681', '', 1),
(302, 'sup_1298', 'Savemore Market', 'Bacolod City', '', '', 1),
(303, 'sup_1299', 'JPEL Construction Supply & Services', 'Crossing High school, Brgy. Lag-asan, Bago city', '0929-350-0395', '', 1),
(304, 'sup_1300', 'Heatwave Industrial Sales', 'No.488 HIS Bldg., P. Sevilla(Lakambini) St., Ave. Grace Park, Caloocan City', '02-244-5386 / 09175326737', '', 1),
(305, 'sup_1301', 'Noris Automation Far East Pte Ltd', 'nO.42. Toh Guan Road East #01-80, Entrepreneur Hub, Singapore, 608583', '65 6267 8536 Ext 111', '', 1),
(306, 'SUP_1302', 'Sum-ag Mansfort Merchandise', 'Araneta St., Sum-ag, Bacolod City', '444-2047', '', 1),
(307, 'sup_1303', 'Alpha Pacific Electric Co., Inc', 'Unit 113 Madison Manor, Condominium Complex, Manhattan, Bldg., Manila Doctors Villages Las Pias City', '800-0870 / 805-3485', '', 1),
(308, 'sup_1304', 'Virgon Repair, Welding Shop and Lathe Works', 'Calumangan, Bago City', '0919-6566243 / 09298977281', '', 1),
(309, 'sup_1305', 'Portalloy Industrial Supply Corporation', '1011-1013 Oroquieta St., Sta.Cruz, Metro Manila', '734-8137 / 734-8141 / 734-7143', '', 1),
(310, 'sup_1306', 'Nationware Marketing Services, Inc', 'G/Flr NH08 Bldg.128 Porvinir St. Near Cor. F.B. Harrison St., Pasay City', '526-8701 loc 116 / 0942-4768727 / 0956-8851213', '', 1),
(311, 'sup_1307', 'Columbia Wire & Cable Corporation', '75 Howmart Road, Baesa, Barrio Kangkong, Quezon City', '340-5235 / 361-6151', '', 1),
(312, 'sup_1308', 'MAC Alpha Omega Industrial Sales Inc', '16 R. Baetiong Drive, Balintawak, Quezon City', '(02) 282-4920 / (02) 410-3450 / (02) 929-4607 / (02) 5460700 / 09171388899', '', 1),
(313, 'sup_1309', 'Marsteel Construction Supply', '#29 Aurora Blvd. Cor. S.Veloso St., San Juan City', '726-8818 / 723-1156', '', 1),
(314, 'sup_1310', 'CCM Hardware', 'Sum-ag, Bacolod City', '', '', 1),
(315, 'sup_1311', 'Bacolod Plastic Supply', '5 Hilado St., Bacolod City', '0340434-0067', '', 1),
(316, 'sup_1312', 'The Hunter Motor Co.', 'Gonzaga St., Bacolod City', '433-3673 / 433-3674', '', 1),
(317, 'sup_1313', 'Safegear Industrial Sales Ltd. Co.', '1686 SAn Lazaro St., Sta.Cruz, Manila', '(02) 523-7297 / (02) 311-6440 / (02) 493-5166', '', 1),
(318, 'sup_1314', 'Negros Megabright Corporation', 'C & L Bldg., Luzuriaga-Lacson St., Bacolod City', '(034) 435-0375 / (034) 435-0851', '', 1),
(319, 'sup_1315', 'Your Daily Mktg.', 'Hi-Way, Tangub, Bacolod City', '', '', 1),
(320, 'sup_1317', 'GPM Trading & Engineering Services', 'Lot 888H, National Highway, Alijis, Bacolod City', '(034) 435-0742 / 707-3814', '', 1),
(321, 'sup_1318', 'Crown Agri-Trading Corp.', 'D-47 Narra Ave., Capitol Shopping Center, Bacolod City', '434-5322 / 434-3050 / 434-8509', '', 1),
(322, 'sup_1319', 'Dalian Hivolt Power System Co., Ltd', '', '', '', 1),
(323, 'sup_1320', 'Golden Hope Mktg.', 'Bacolod city', '', '', 1),
(324, 'sup_1321', 'SKG Shopping Plaza', 'Bacolod City', '', '', 1),
(325, 'sup_1322', 'Bacolod Standard Radio', 'Gonzaga St., Bacolod City', '', '', 1),
(326, 'sup_1323', 'Joel Glass Ware Store', 'Blk. 341 Central Public Market, Bacolod City', '', '', 1),
(327, 'sup_1324', 'Ebara Pumps Philippines, Inc', 'Canlubang Industrial Estate, Cabuyao, Laguna', '(02)871-9098 / 049-549-5028', '', 1),
(328, 'sup_1325', 'Armak Abraisive Products, Inc', '2205 Angelinao Paco Manila', '(02) 521-383', '', 1),
(329, 'sup_1326', 'L & J General Merchandise', 'Bago City', '', '', 1),
(330, 'sup_1327', 'Gilbilt Industrial Marketing', '', '', '', 1),
(331, 'sup_1328', 'Ken-tool Hardware Corporation', '1167 La Torre St., J.A Santos Ave., Manila', '252-0861 / 252-0871', '', 1),
(332, 'sup_1329', 'Excelsior Sevenfold Trade Corp', '#22 Datsun St., Fairview Park Subd., Fairview, Quezon City', '428-2539 / 428-2536 / 0917-5773218', '', 1),
(333, 'sup_1330', 'TGA Chemical Enterprises', 'Tower Bldg., 61 Burgos Ave., Bacolod City', '034 432-1899', '', 1),
(334, '', 'NKK', '', '', '', 1),
(335, '', 'SEMT', '', '', '', 1),
(336, 'PRO2019', 'Progen', '', '', '', 1);

-- --------------------------------------------------------

--
-- Table structure for table `supplier_items`
--

CREATE TABLE IF NOT EXISTS `supplier_items` (
`si_id` int(11) NOT NULL,
  `item_id` int(11) NOT NULL DEFAULT '0',
  `supplier_id` int(11) NOT NULL DEFAULT '0',
  `catalog_no` varchar(100) DEFAULT NULL,
  `nkk_no` varchar(100) DEFAULT NULL,
  `semt_no` varchar(100) DEFAULT NULL,
  `brand_id` int(11) NOT NULL DEFAULT '0',
  `serial_id` int(11) NOT NULL DEFAULT '0',
  `item_cost` decimal(10,2) NOT NULL DEFAULT '0.00',
  `quantity` decimal(10,2) NOT NULL DEFAULT '0.00'
) ENGINE=InnoDB AUTO_INCREMENT=220 DEFAULT CHARSET=latin1;

--
-- Dumping data for table `supplier_items`
--

INSERT INTO `supplier_items` (`si_id`, `item_id`, `supplier_id`, `catalog_no`, `nkk_no`, `semt_no`, `brand_id`, `serial_id`, `item_cost`, `quantity`) VALUES
(1, 1, 2, 'cat1001', NULL, NULL, 11, 0, '10.00', '15.00'),
(4, 15, 1, 'ACD', NULL, NULL, 59, 0, '370.00', '14.00'),
(5, 7, 334, '015Q901', NULL, NULL, 568, 0, '0.00', '0.00'),
(6, 7, 335, '02.015.009300', NULL, NULL, 569, 0, '0.00', '0.00'),
(7, 136, 334, 'test', NULL, NULL, 568, 0, '10.00', '10.00'),
(8, 8, 270, '', NULL, NULL, 571, 0, '0.00', '17.00'),
(9, 402, 270, '', NULL, NULL, 572, 0, '0.00', '34.00'),
(10, 10, 270, '', NULL, NULL, 573, 0, '0.00', '35.00'),
(16, 362, 336, 'PF 16-103', '016Q103', 'N/A', 91, 0, '0.00', '54.00'),
(17, 361, 336, 'PF 16-15', '016Q015', '00.002.10.020.8', 91, 0, '0.00', '35.00'),
(18, 359, 336, 'PF 16-5', '016Q005', '00.210.05.040.3', 91, 0, '0.00', '5.00'),
(19, 363, 336, 'PF 16-113', '016Q113', '02.016.0113.00', 91, 0, '0.00', '57.00'),
(20, 364, 336, 'PF 16-120', '016Q120', '02.016.0077.00', 91, 0, '0.00', '508.00'),
(21, 391, 336, 'PF 15-HSG', 'N/A', 'N/A', 91, 0, '0.00', '5.00'),
(22, 375, 336, 'PF 20-175', '020Q175', '99.050.01.018.1', 91, 0, '0.00', '92.00'),
(23, 385, 336, 'PF 32-18', '032Q018', '01.032.0018.00', 91, 0, '0.00', '21.00'),
(24, 384, 336, 'PF 30-31', '030Q031', '99.001.10.12.04', 91, 0, '0.00', '36.00'),
(25, 315, 336, 'PF 54-118', 'N/A', '02.054.0118.00', 91, 0, '0.00', '6.00'),
(26, 390, 336, 'PF 15-63', '015Q063', '00.235.06.012.1', 91, 0, '0.00', '65.00'),
(27, 366, 336, 'PF 17-118', '017Q118', 'N/A', 91, 0, '0.00', '10.00'),
(28, 311, 336, 'PF 54-111', 'N/A', '02.434.0005.00', 91, 0, '0.00', '3.00'),
(29, 316, 336, 'PF 54-121', 'N/A', '02-454-0001.00', 91, 0, '0.00', '4.00'),
(33, 4435, 336, 'PF 54-116', 'N/A', '02.054.0116.00', 91, 0, '0.00', '4.00'),
(34, 318, 336, 'PF 54-210', 'N/A', '02.054.0210.00', 91, 0, '0.00', '4.00'),
(35, 324, 336, 'PF 65-8', '065Q008', '02.065.000800', 91, 0, '0.00', '1.00'),
(36, 325, 336, 'PF 65-12', '065Q012', '00.651.14.19.40', 91, 0, '0.00', '5.00'),
(37, 326, 336, 'PF 71-14', '071Q014', '00.015.18.080.8', 91, 0, '0.00', '8.00'),
(38, 327, 336, 'PF 71-17', '071Q017', '00.105.18.10.05', 91, 0, '0.00', '19.00'),
(39, 351, 336, 'PF 1-16', '001Q016', '00.201.01.0092', 91, 0, '0.00', '21.00'),
(40, 353, 336, 'PF 1-24A', '001Q024', '02.001.012400', 91, 0, '0.00', '15.00'),
(41, 355, 336, 'PF 5-106', '005Q006', '02.005.0006.00', 91, 0, '0.00', '90.00'),
(42, 356, 336, 'PF 8-9A', '008Q009', '00.235.10.020.1', 91, 0, '0.00', '106.00'),
(43, 357, 336, 'PF 8-9B', '008Q009', '00.235.10.020.1', 91, 0, '0.00', '25.00'),
(44, 352, 336, 'PF 1-18', '001Q018', '00.140.12.02.10', 91, 0, '0.00', '9.00'),
(45, 389, 336, 'PF 15-43', '015Q043', '02.015.004300', 91, 0, '0.00', '30.00'),
(46, 368, 336, 'PF 18-14', '018Q014', '00.210.04.036.3', 91, 0, '0.00', '70.00'),
(47, 370, 336, 'PF 18-62', '018Q062', '00.140.12.01.10', 91, 0, '0.00', '106.00'),
(50, 380, 336, 'PF 30-8', '030Q008', '02.030.015200', 91, 0, '0.00', '57.00'),
(51, 381, 336, 'PF 30-10', '030Q010', '02.030.001000', 91, 0, '0.00', '54.00'),
(53, 379, 336, 'PF 30-2', '030Q002', '00.225.08.028.5', 91, 0, '0.00', '35.00'),
(54, 309, 336, 'PF 52-31', 'N/A', 'N/A', 91, 0, '0.00', '43.00'),
(57, 317, 336, 'PF 54-129', 'N/A', '00.001.12.025.5', 91, 53, '0.00', '16.00'),
(58, 438, 336, 'PF 54-122', 'N/A', '02.054.0122.00', 91, 0, '0.00', '3.00'),
(59, 371, 336, 'PF 30-9', '030Q009', '02.030.000900', 91, 0, '0.00', '212.00'),
(60, 383, 336, 'PF 30-25', '030Q025', '99.016.05.10.49', 91, 0, '0.00', '30.00'),
(62, 306, 336, 'PF 32-942', '032Q942', '02.032.0090.00', 91, 0, '0.00', '38.00'),
(63, 308, 336, 'PF 40-16B', '040Q016', 'N/A', 91, 0, '0.00', '71.00'),
(64, 307, 336, 'PF 40-16A', '040Q016', 'N/A', 91, 0, '0.00', '21.00'),
(65, 378, 336, 'PF 30-inlet', 'N/A', 'N/A', 91, 0, '0.00', '59.00'),
(66, 319, 336, 'PF 59-9A', '059Q009', '02.059.0009.00', 91, 0, '0.00', '1.00'),
(67, 323, 336, 'PF 62-17', 'N/A', '02.135.0056.00', 91, 0, '0.00', '4.00'),
(69, 332, 336, 'PF 82-7', '082Q007', '02.082.0007.00', 91, 65, '0.00', '36.00'),
(70, 328, 336, 'PF 73-17', '073Q017', '00.210.04.036.3', 91, 0, '0.00', '27.00'),
(71, 329, 336, 'PF 73-22', 'N/A', 'N/A', 91, 0, '0.00', '5.00'),
(72, 330, 336, 'PF 73-37', '073Q037', '00.235.06.025.1', 91, 0, '0.00', '3.00'),
(73, 373, 336, 'PF 20-47', '020Q047', 'N/A', 91, 0, '0.00', '90.00'),
(74, 365, 336, 'PF 17-110', '017Q110', 'N/A', 91, 0, '0.00', '25.00'),
(75, 374, 336, 'PF 20-174', '020Q174', '02.020.016900', 91, 0, '0.00', '18.00'),
(76, 320, 336, 'PF 59-14A', '059Q014', '02.059.0014.00', 91, 0, '0.00', '2.00'),
(77, 331, 336, 'PF 75-91', '075Q091', '00.652.29.53.63', 91, 0, '0.00', '1.00'),
(78, 305, 336, 'PF 32-51', '032Q051', '02.032.0061.00', 91, 0, '0.00', '7.00'),
(79, 377, 336, 'PF 22-7', '022Q007', '02.022.0007.00', 91, 0, '0.00', '9.00'),
(80, 9, 336, 'PF 5-22', '005Q022', '02.005.012200', 91, 0, '0.00', '18.00'),
(81, 387, 336, 'PF 32-117A', '032Q117', '00.216.10.065.5', 91, 0, '0.00', '34.00'),
(82, 388, 336, 'PF 32-117B', '032Q117', '00.216.10.065.5', 91, 0, '0.00', '58.00'),
(83, 3490, 336, 'PF 32-140', 'N/A', 'N/A', 91, 0, '0.00', '40.00'),
(84, 314, 336, 'PF 54-117', 'N/A', '00.225.05.026.5', 91, 0, '0.00', '5.00'),
(85, 367, 336, 'PF 17-216', '017Q216', 'N/A', 91, 0, '0.00', '46.00'),
(86, 396, 336, 'PF 19-7', '019Q007', '01.019.001400', 91, 0, '0.00', '21.00'),
(87, 372, 336, 'PF 20-13', '020Q013', '00.040.08.010.5', 91, 0, '0.00', '30.00'),
(88, 321, 336, 'PF 60-14', 'N/A', '00.157.001600', 91, 0, '0.00', '45.00'),
(89, 360, 336, 'PF 16-6', '016Q006', '02.016.0006.00', 91, 0, '0.00', '47.00'),
(90, 394, 336, 'PF 19-6A', '019Q006', '01.019.001300', 91, 0, '0.00', '32.00'),
(91, 395, 336, 'PF 19-6B', '019Q006', '01.019.001300', 91, 0, '0.00', '13.00'),
(92, 310, 336, 'PF 54-32', 'N/A', '00.001.10.010.5', 91, 0, '0.00', '4.00'),
(93, 312, 336, 'PF 54-112', 'N/A', '02.054.0112.00', 91, 0, '0.00', '8.00'),
(94, 347, 336, 'PF 103-37', '103Q037', '00.658.03.012.1', 91, 0, '0.00', '26.00'),
(95, 346, 336, 'PF 103-35', '103Q035', '00.658.06.022.1', 91, 0, '0.00', '25.00'),
(96, 349, 336, 'PF 136-421', '136Q421', 'N/A', 91, 0, '0.00', '14.00'),
(97, 1510, 336, 'PF 96-14', '096Q014', '00.140.16.02.10', 91, 0, '0.00', '11.00'),
(98, 333, 336, 'PF 96-5', '096Q005', '02.096.0005.00', 91, 0, '0.00', '6.00'),
(99, 382, 336, 'PF 30-18', '030Q018', '02.030.001100', 91, 0, '0.00', '3.00'),
(100, 350, 336, 'PF 142-280', '142Q280', '00.022.12.030.0', 91, 0, '0.00', '20.00'),
(101, 334, 336, 'PF 96-317', '096Q317', '00.140.18.02.10', 91, 0, '0.00', '54.00'),
(102, 338, 336, 'PF 102-67', '102Q067', '02.102.0067.00', 91, 0, '0.00', '8.00'),
(103, 343, 336, 'PF 102-205', '102Q205', '00.001.12.055.5', 91, 0, '0.00', '1.00'),
(104, 344, 336, 'PF 102-214', '102Q214', '00.200.01.0052', 91, 0, '0.00', '31.00'),
(105, 345, 336, 'PF 102-308', '102Q308', 'N/A', 91, 0, '0.00', '1.00'),
(106, 335, 336, 'PF 102-52', '102Q052', 'N/A', 91, 0, '0.00', '21.00'),
(107, 337, 336, 'PF 102-56', '102Q056', '01.102.0056.00', 91, 0, '0.00', '77.00'),
(108, 340, 336, 'PF 102-87', '102Q087', '02.102.0087.00', 91, 0, '0.00', '48.00'),
(109, 342, 336, 'PF 102-118', '102Q118', '01.102.0118.00', 91, 0, '0.00', '30.00'),
(110, 339, 336, 'PF 102-84', 'N/A', 'N/A', 91, 0, '0.00', '63.00'),
(111, 341, 336, 'PF 102-89', '102Q089', '00.210.04.045.3', 91, 0, '0.00', '74.00'),
(112, 348, 336, 'PF 125-50', '125Q050', '00.115.12.00.08', 91, 0, '0.00', '12.00'),
(113, 10, 336, 'PF 5-23', '005Q023', '02.005.002300', 91, 0, '0.00', '0.00'),
(114, 8, 270, 'PF 5-21', '005Q023', '02.005.013300', 91, 0, '0.00', '0.00'),
(115, 256, 336, 'PF 1-7', '001Q007', '52.001.005000', 91, 0, '0.00', '20.00'),
(116, 257, 336, 'PF 3-216', '003Q216', '02.003.041600', 91, 0, '0.00', '17.00'),
(117, 258, 336, 'PF 15-5', '015Q005', '02.015.002500', 91, 0, '0.00', '5.00'),
(118, 259, 336, 'PF 15-204', '015Q204', '02.015.012400', 91, 0, '0.00', '3.00'),
(119, 245, 336, 'PF 1-10', '001Q010', '02.001.041000', 91, 0, '0.00', '11.00'),
(120, 354, 336, 'PF 1-24B', '001Q024', '02.001.012400', 91, 0, '0.00', '89.00'),
(121, 253, 336, 'PF 5-13', '005Q013', '02.005.011300', 0, 0, '0.00', '0.00'),
(122, 253, 336, 'PF 5-13', NULL, NULL, 91, 0, '0.00', '349.00'),
(124, 3455, 336, 'PF 1-8/9/12/13', 'N/A', 'N/A', 91, 0, '0.00', '8.00'),
(125, 3456, 336, 'PF Jackbolt Assy.', 'N/A', 'N/A', 91, 0, '0.00', '2.00'),
(126, 248, 336, 'PF 1-13', '001Q013', '02.001.011300', 91, 0, '0.00', '5.00'),
(127, 244, 336, 'PF 1-9', '001Q009', '02.001.040900', 91, 0, '0.00', '1.00'),
(128, 249, 336, 'PF 1-23', '001Q023', '02.001.041200', 91, 0, '0.00', '14.00'),
(129, 246, 336, 'PF 1-11', '001Q011', '02.001.001100', 91, 0, '0.00', '10.00'),
(130, 247, 336, 'PF 1-12', '001Q012', '02.001.021200', 91, 0, '0.00', '3.00'),
(131, 243, 336, 'PF 1-8', '001Q008', '02.001.020800', 91, 0, '0.00', '1.00'),
(132, 237, 336, 'PF 10-31A', '010Q031', '02.010.005600', 91, 0, '0.00', '36.00'),
(133, 241, 336, 'PF 16-3A', '016Q003', '01.016.0003.00', 91, 0, '0.00', '26.00'),
(134, 3113, 336, 'PF 16-3B', '016Q003', '01.016.0003.00', 91, 0, '0.00', '40.00'),
(135, 240, 336, 'PF 10-31D', '010Q031', '02.010.005600', 91, 0, '0.00', '16.00'),
(136, 238, 336, 'PF 10-31B', '010Q031', '02.010.005600', 91, 0, '0.00', '35.00'),
(137, 239, 336, 'PF 10-31C', '010Q031', '02.010.005600', 91, 0, '0.00', '21.00'),
(138, 234, 336, 'PF 10-30A', '010Q030', '02.010.013000', 91, 0, '0.00', '64.00'),
(139, 236, 336, 'PF 10-30C', NULL, NULL, 91, 0, '0.00', '1.00'),
(140, 235, 336, 'PF 10-30B', '010Q030', '02.010.013000', 91, 0, '0.00', '104.00'),
(141, 255, 336, 'PF 30-7', '030Q007', '02.030.008500', 0, 0, '0.00', '0.00'),
(142, 255, 336, 'PF 30-7', NULL, NULL, 91, 0, '0.00', '115.00'),
(143, 223, 336, 'PF 8-4', '008Q004', '52.008.000200', 91, 0, '0.00', '194.00'),
(144, 222, 336, 'PF 3-5', '003Q005', '52.003.000100', 91, 0, '0.00', '174.00'),
(145, 224, 336, 'PF 10-Seat A', 'N/A', 'N/A', 91, 0, '0.00', '22.00'),
(146, 227, 336, 'PF 10-25B', '010Q025', '02.010.005400', 91, 0, '0.00', '73.00'),
(147, 226, 336, 'PF 10-25A', '010Q025', '02.010.005400', 91, 0, '0.00', '111.00'),
(148, 231, 336, 'PF 10-27A', '010Q027', '00.082.16.060.8', 91, 0, '0.00', '93.00'),
(149, 232, 336, 'PF 10-27B', '010Q027', '00.082.16.060.8', 91, 0, '0.00', '9.00'),
(150, 233, 336, 'PF 10-27C', '010Q027', '00.082.16.060.8', 91, 0, '0.00', '35.00'),
(151, 225, 336, 'PF 5-4', '005Q004', '02.005.0024.00', 91, 0, '0.00', '106.00'),
(152, 242, 336, 'PF 32-59', '032Q059', '01.032.0059.00', 91, 0, '0.00', '140.00'),
(153, 230, 336, 'PF 10-26C', '010Q026', '00.082.16.110.8', 91, 0, '0.00', '113.00'),
(154, 229, 336, 'PF 10-26B', '010Q026', '00.082.16.110.8', 91, 0, '0.00', '163.00'),
(155, 228, 336, 'PF 10-26A', '010Q026', '00.082.16.110.8', 91, 0, '0.00', '81.00'),
(156, 254, 336, 'PF 10-35', '010Q035', '00.115.16.00.08', 91, 0, '0.00', '369.00'),
(157, 251, 336, 'PF 5-5A', '005Q005', '02.005.0005.00', 91, 0, '0.00', '70.00'),
(158, 252, 336, 'PF 5-5B', '005Q005', '02.005.0005.00', 91, 0, '0.00', '38.00'),
(159, 250, 336, 'PF 3-7', '003Q007', '00.235.24.035.2', 91, 0, '0.00', '85.00'),
(160, 358, 336, 'PF 16-4', '016Q004', '01.016.0004.00', 91, 0, '0.00', '46.00'),
(161, 3484, 336, 'PF 10 Seat B', 'N/A', 'N/A', 91, 0, '0.00', '73.00'),
(164, 393, 336, 'PF 15-39B', '015Q039', '99.526.014009', 91, 0, '0.00', '5.00'),
(165, 392, 336, 'PF 15-39A', '015Q039', '99.526.014009', 91, 0, '0.00', '213.00'),
(166, 369, 336, 'PF 18-61A', '018Q061', '00.105.16.10.05', 91, 0, '0.00', '24.00'),
(167, 4436, 336, 'PF 18-61B', '018Q061', '00.105.16.10.05', 91, 0, '0.00', '35.00'),
(168, 673, 336, 'PF 20-166', '020Q166', '00.100.16.01.05', 91, 0, '0.00', '0.00'),
(169, 497, 0, 'PF 1-21', '001Q021', '00.660.14.21.61', 91, 0, '0.00', '0.00'),
(170, 499, 0, 'PF 1-25', '001Q025', '00.235.10.018.2', 91, 0, '0.00', '0.00'),
(171, 4439, 0, 'PF 3-3', '003Q003', 'N/A', 91, 0, '0.00', '0.00'),
(172, 4440, 0, 'PF 3-4', '003Q004', 'N/A', 91, 0, '0.00', '0.00'),
(173, 506, 0, 'PF 1-1', '005Q001', 'N/A', 91, 0, '0.00', '0.00'),
(174, 511, 0, 'PF 5-15', '005Q015', '00.201.01.0062', 91, 0, '0.00', '0.00'),
(175, 485, 0, 'PF 8-5', '008Q005', '00.653.505.6.68', 91, 0, '0.00', '0.00'),
(176, 521, 0, 'PF 8-6', '008Q006', '00.653.444.8.71', 91, 0, '0.00', '0.00'),
(177, 523, 0, 'PF 8-11', '008Q011', '02.008.001100', 91, 0, '0.00', '0.00'),
(178, 685, 0, 'PF 20-343', '020Q343', 'N/A', 91, 0, '0.00', '0.00'),
(179, 772, 0, 'PF 30-21', '030Q021', 'N/A', 91, 0, '0.00', '0.00'),
(180, 4441, 0, 'PF 32-117', '032Q117', '00.216.10.065.5', 91, 0, '0.00', '0.00'),
(181, 799, 0, 'PF 32-24', '032Q024', '02.032.0024.00', 91, 0, '0.00', '0.00'),
(182, 4442, 0, 'PF 32-244', '032Q244', 'N/A', 91, 0, '0.00', '0.00'),
(183, 4443, 0, 'PF 32-249', '032Q249', '02.032.0249.00', 91, 0, '0.00', '0.00'),
(184, 4444, 0, 'PF 32-254', '032Q254', '02.032.0254.00', 91, 0, '0.00', '0.00'),
(185, 4445, 0, 'PF 32-943', '032Q943', 'N/A', 91, 0, '0.00', '0.00'),
(186, 4446, 0, 'PF 40-16', '040Q016', 'N/A', 91, 0, '0.00', '0.00'),
(187, 858, 0, 'PF 42-7', '042Q007', '02.042.0007.00', 91, 0, '0.00', '0.00'),
(188, 674, 0, 'PF 20-167', '020Q167', '00.100.16.02.05', 91, 0, '0.00', '0.00'),
(189, 531, 0, 'PF 10-22', '010Q022', '00.651.09.14.40', 91, 0, '0.00', '0.00'),
(190, 4447, 0, 'PF 10-25', '010Q025', '02.010.005400', 91, 0, '0.00', '0.00'),
(191, 4448, 0, 'PF 10-26', '010Q026', 'N/A', 91, 0, '0.00', '0.00'),
(192, 4449, 0, 'PF 10-27', '010Q027', 'N/A', 91, 0, '0.00', '0.00'),
(193, 4450, 0, 'PF 10-30', '010Q030', '02.010.01300', 91, 0, '0.00', '0.00'),
(194, 289, 0, 'PF 10-47', '010Q047', '02.010.004700', 91, 0, '0.00', '0.00'),
(195, 536, 0, 'PF 10-51', '010Q051', '00.651.36.45.40', 91, 0, '0.00', '0.00'),
(196, 634, 0, 'PF 19-22', '019Q022', '00.006.12.050.8', 91, 0, '0.00', '0.00'),
(197, 496, 0, 'PF 1-20', '001Q020', '02.001.012000', 91, 0, '0.00', '0.00'),
(198, 4451, 0, 'PF 30-14', '030Q014', '00652.32.53.68', 91, 0, '0.00', '0.00'),
(199, 4452, 0, 'PF 40-119', '040Q119', '00.652.48.53.63', 91, 0, '0.00', '0.00'),
(200, 1238, 0, 'PF 71-24', '071Q024', '99.350.08.0000', 91, 0, '0.00', '0.00'),
(201, 1270, 0, 'PF 73-9', '073Q009', '00.145.10.00.37', 91, 0, '0.00', '0.00'),
(202, 557, 0, 'PF 15-20', '015Q020', 'N/A', 91, 0, '0.00', '0.00'),
(203, 558, 0, 'PF 15-28', '015Q028', '00.653.115.5.68', 91, 0, '0.00', '0.00'),
(204, 4454, 0, 'PF 10-25', '010Q025', '02.010.005400', 91, 0, '0.00', '0.00'),
(205, 4455, 0, 'PF 10-31', '010Q030', '02.010.01300', 91, 0, '0.00', '0.00'),
(206, 4456, 0, 'PF 1-14', '001Q014', '00.652.21.35.63', 91, 0, '0.00', '0.00'),
(207, 4457, 336, 'PF 20-934/234', '020Q934/020Q234', '02.020.0234.00', 91, 0, '0.00', '0.00'),
(208, 4459, 0, 'PF 136-691/693', '136Q691/136Q693', 'N/A', 91, 0, '0.00', '0.00'),
(209, 4462, 0, 'PF 136-920', '136Q920', 'N/A', 91, 0, '0.00', '0.00'),
(210, 4463, 0, 'PF 136-940', '136Q940', 'N/A', 91, 0, '0.00', '0.00'),
(211, 4464, 0, 'PF 136-960', '136Q960', 'N/A', 91, 0, '0.00', '0.00'),
(212, 4465, 0, 'PF 136-970', '136Q970', 'N/A', 91, 0, '0.00', '0.00'),
(213, 4466, 0, 'PF 136-980', '136Q980', 'N/A', 91, 0, '0.00', '0.00'),
(214, 4467, 0, 'PF 136-992', '136Q992', 'N/A', 91, 0, '0.00', '0.00'),
(215, 4468, 0, 'PF 136-993', '136Q993', 'N/A', 91, 0, '0.00', '0.00'),
(216, 4469, 0, 'PF 136-994', '136Q994', 'N/A', 91, 0, '0.00', '0.00'),
(217, 1271, 0, 'PF 73-10A', '073Q010', '', 91, 0, '0.00', '0.00'),
(218, 4458, 0, 'PF 73-10B', '073Q010', '', 91, 0, '0.00', '0.00'),
(219, 2, 1, '12', '', '', 578, 0, '200.00', '5.00');

-- --------------------------------------------------------

--
-- Table structure for table `uom`
--

CREATE TABLE IF NOT EXISTS `uom` (
`unit_id` int(11) NOT NULL,
  `unit_name` varchar(100) DEFAULT NULL
) ENGINE=InnoDB AUTO_INCREMENT=33 DEFAULT CHARSET=latin1;

--
-- Dumping data for table `uom`
--

INSERT INTO `uom` (`unit_id`, `unit_name`) VALUES
(1, 'bag/s'),
(2, 'bar/s'),
(3, 'bot/s'),
(4, 'box/s'),
(5, 'can/s'),
(6, 'cart/s'),
(7, 'cont/s'),
(8, 'cu.m'),
(9, 'cyl/s'),
(10, 'drum/s'),
(11, 'feet'),
(12, 'gal/s'),
(13, 'kg/s'),
(14, 'lgth/s'),
(15, 'ltr/s'),
(16, 'mtr/s'),
(17, 'pack/s'),
(18, 'pad/s'),
(19, 'pail/s'),
(20, 'pair/s'),
(21, 'pc/s'),
(22, 'ream/s'),
(23, 'roll/s'),
(24, 'sack/s'),
(25, 'set/s'),
(26, 'sht/s'),
(27, 'tab/s'),
(28, 'tube/s'),
(29, 'unit/s'),
(30, 'grm/s'),
(31, 'assy/s'),
(32, 'lot');

-- --------------------------------------------------------

--
-- Table structure for table `users`
--

CREATE TABLE IF NOT EXISTS `users` (
`user_id` int(11) NOT NULL,
  `username` varchar(100) DEFAULT NULL,
  `fullname` varchar(100) DEFAULT NULL,
  `password` varchar(255) DEFAULT NULL
) ENGINE=InnoDB AUTO_INCREMENT=9 DEFAULT CHARSET=latin1;

--
-- Dumping data for table `users`
--

INSERT INTO `users` (`user_id`, `username`, `fullname`, `password`) VALUES
(1, 'admin', 'admin', 'ca62ab99242eec2ab2c244c0fff42760'),
(2, 'donna7.cenpri', 'Donna Gellada', '3281ad555247749992c46062cf848cd7'),
(3, 'ping.cenpri', 'Felipe Globert III', '827ccb0eea8a706c4c34a16891f84e7b'),
(4, 'sjardinico', 'Stephen Jardinico', 'acc135145313cc369244d762e32b94f5'),
(5, 'merry', 'Merry Michelle Dato', '7468359b321b6448fce4dca7e2c82e25'),
(6, 'renz', 'Roan Renz Liao', '166226ad3db3f45e6b2894b711786636'),
(7, 'melaquino', 'Melinda G. Aquino', '7987de3f86dbaf20ce4bae996e910273'),
(8, 'bacolod', 'Admin Bacolod', '1d5cd4339480281dae2d7a8d86457df2');

-- --------------------------------------------------------

--
-- Table structure for table `warehouse`
--

CREATE TABLE IF NOT EXISTS `warehouse` (
`warehouse_id` int(11) NOT NULL,
  `warehouse_name` varchar(255) DEFAULT NULL
) ENGINE=InnoDB AUTO_INCREMENT=5 DEFAULT CHARSET=latin1;

--
-- Dumping data for table `warehouse`
--

INSERT INTO `warehouse` (`warehouse_id`, `warehouse_name`) VALUES
(1, 'CENPRI'),
(2, 'PROGEN'),
(3, 'CV Access Area Bay 1'),
(4, 'CV Access Area Bay 2');

--
-- Indexes for dumped tables
--

--
-- Indexes for table `access_rights`
--
ALTER TABLE `access_rights`
 ADD PRIMARY KEY (`access_id`);

--
-- Indexes for table `assembly_bank`
--
ALTER TABLE `assembly_bank`
 ADD PRIMARY KEY (`bank_id`);

--
-- Indexes for table `assembly_condition`
--
ALTER TABLE `assembly_condition`
 ADD PRIMARY KEY (`condition_id`);

--
-- Indexes for table `assembly_details`
--
ALTER TABLE `assembly_details`
 ADD PRIMARY KEY (`ad_id`);

--
-- Indexes for table `assembly_engine`
--
ALTER TABLE `assembly_engine`
 ADD PRIMARY KEY (`engine_id`);

--
-- Indexes for table `assembly_head`
--
ALTER TABLE `assembly_head`
 ADD PRIMARY KEY (`assembly_id`);

--
-- Indexes for table `assembly_inventory`
--
ALTER TABLE `assembly_inventory`
 ADD PRIMARY KEY (`ass_inv_id`);

--
-- Indexes for table `assembly_issuance_detail`
--
ALTER TABLE `assembly_issuance_detail`
 ADD PRIMARY KEY (`aii_id`);

--
-- Indexes for table `assembly_issuance_head`
--
ALTER TABLE `assembly_issuance_head`
 ADD PRIMARY KEY (`issuance_id`);

--
-- Indexes for table `assembly_receive_details`
--
ALTER TABLE `assembly_receive_details`
 ADD PRIMARY KEY (`ass_rec_det_id`);

--
-- Indexes for table `assembly_receive_head`
--
ALTER TABLE `assembly_receive_head`
 ADD PRIMARY KEY (`ass_rec_id`);

--
-- Indexes for table `bank_details`
--
ALTER TABLE `bank_details`
 ADD PRIMARY KEY (`bd_id`);

--
-- Indexes for table `bank_header`
--
ALTER TABLE `bank_header`
 ADD PRIMARY KEY (`bh_id`);

--
-- Indexes for table `bin`
--
ALTER TABLE `bin`
 ADD PRIMARY KEY (`bin_id`);

--
-- Indexes for table `brand`
--
ALTER TABLE `brand`
 ADD PRIMARY KEY (`brand_id`);

--
-- Indexes for table `department`
--
ALTER TABLE `department`
 ADD PRIMARY KEY (`department_id`);

--
-- Indexes for table `employees`
--
ALTER TABLE `employees`
 ADD PRIMARY KEY (`employee_id`);

--
-- Indexes for table `enduse`
--
ALTER TABLE `enduse`
 ADD PRIMARY KEY (`enduse_id`);

--
-- Indexes for table `group`
--
ALTER TABLE `group`
 ADD PRIMARY KEY (`group_id`);

--
-- Indexes for table `issuance_details`
--
ALTER TABLE `issuance_details`
 ADD PRIMARY KEY (`is_id`);

--
-- Indexes for table `issuance_head`
--
ALTER TABLE `issuance_head`
 ADD PRIMARY KEY (`issuance_id`), ADD UNIQUE KEY `mif_no` (`mif_no`);

--
-- Indexes for table `items`
--
ALTER TABLE `items`
 ADD PRIMARY KEY (`item_id`);

--
-- Indexes for table `item_categories`
--
ALTER TABLE `item_categories`
 ADD PRIMARY KEY (`cat_id`);

--
-- Indexes for table `item_subcat`
--
ALTER TABLE `item_subcat`
 ADD PRIMARY KEY (`subcat_id`);

--
-- Indexes for table `location`
--
ALTER TABLE `location`
 ADD PRIMARY KEY (`location_id`);

--
-- Indexes for table `pn_series`
--
ALTER TABLE `pn_series`
 ADD PRIMARY KEY (`pn_id`);

--
-- Indexes for table `purpose`
--
ALTER TABLE `purpose`
 ADD PRIMARY KEY (`purpose_id`);

--
-- Indexes for table `rack`
--
ALTER TABLE `rack`
 ADD PRIMARY KEY (`rack_id`);

--
-- Indexes for table `receive_details`
--
ALTER TABLE `receive_details`
 ADD PRIMARY KEY (`rd_id`);

--
-- Indexes for table `receive_head`
--
ALTER TABLE `receive_head`
 ADD PRIMARY KEY (`receive_id`), ADD UNIQUE KEY `mrecf_no` (`mrecf_no`);

--
-- Indexes for table `receive_items`
--
ALTER TABLE `receive_items`
 ADD PRIMARY KEY (`ri_id`);

--
-- Indexes for table `reminders`
--
ALTER TABLE `reminders`
 ADD PRIMARY KEY (`reminder_id`);

--
-- Indexes for table `request_head`
--
ALTER TABLE `request_head`
 ADD PRIMARY KEY (`request_id`), ADD UNIQUE KEY `mreqf_no` (`mreqf_no`);

--
-- Indexes for table `request_items`
--
ALTER TABLE `request_items`
 ADD PRIMARY KEY (`rq_id`);

--
-- Indexes for table `restock`
--
ALTER TABLE `restock`
 ADD PRIMARY KEY (`restock_id`);

--
-- Indexes for table `restock_details`
--
ALTER TABLE `restock_details`
 ADD PRIMARY KEY (`rdetails_id`);

--
-- Indexes for table `restock_head`
--
ALTER TABLE `restock_head`
 ADD PRIMARY KEY (`rhead_id`);

--
-- Indexes for table `serial_number`
--
ALTER TABLE `serial_number`
 ADD PRIMARY KEY (`serial_id`);

--
-- Indexes for table `signatories`
--
ALTER TABLE `signatories`
 ADD PRIMARY KEY (`signatory_id`);

--
-- Indexes for table `supplier`
--
ALTER TABLE `supplier`
 ADD PRIMARY KEY (`supplier_id`);

--
-- Indexes for table `supplier_items`
--
ALTER TABLE `supplier_items`
 ADD PRIMARY KEY (`si_id`), ADD KEY `item_id` (`item_id`);

--
-- Indexes for table `uom`
--
ALTER TABLE `uom`
 ADD PRIMARY KEY (`unit_id`);

--
-- Indexes for table `users`
--
ALTER TABLE `users`
 ADD PRIMARY KEY (`user_id`);

--
-- Indexes for table `warehouse`
--
ALTER TABLE `warehouse`
 ADD PRIMARY KEY (`warehouse_id`);

--
-- AUTO_INCREMENT for dumped tables
--

--
-- AUTO_INCREMENT for table `access_rights`
--
ALTER TABLE `access_rights`
MODIFY `access_id` int(11) NOT NULL AUTO_INCREMENT,AUTO_INCREMENT=9;
--
-- AUTO_INCREMENT for table `assembly_bank`
--
ALTER TABLE `assembly_bank`
MODIFY `bank_id` int(11) NOT NULL AUTO_INCREMENT,AUTO_INCREMENT=20;
--
-- AUTO_INCREMENT for table `assembly_condition`
--
ALTER TABLE `assembly_condition`
MODIFY `condition_id` int(11) NOT NULL AUTO_INCREMENT;
--
-- AUTO_INCREMENT for table `assembly_details`
--
ALTER TABLE `assembly_details`
MODIFY `ad_id` int(11) NOT NULL AUTO_INCREMENT,AUTO_INCREMENT=2369;
--
-- AUTO_INCREMENT for table `assembly_engine`
--
ALTER TABLE `assembly_engine`
MODIFY `engine_id` int(11) NOT NULL AUTO_INCREMENT,AUTO_INCREMENT=6;
--
-- AUTO_INCREMENT for table `assembly_head`
--
ALTER TABLE `assembly_head`
MODIFY `assembly_id` int(11) NOT NULL AUTO_INCREMENT,AUTO_INCREMENT=168;
--
-- AUTO_INCREMENT for table `assembly_inventory`
--
ALTER TABLE `assembly_inventory`
MODIFY `ass_inv_id` int(11) NOT NULL AUTO_INCREMENT,AUTO_INCREMENT=1972;
--
-- AUTO_INCREMENT for table `assembly_issuance_detail`
--
ALTER TABLE `assembly_issuance_detail`
MODIFY `aii_id` int(11) NOT NULL AUTO_INCREMENT;
--
-- AUTO_INCREMENT for table `assembly_issuance_head`
--
ALTER TABLE `assembly_issuance_head`
MODIFY `issuance_id` int(11) NOT NULL AUTO_INCREMENT;
--
-- AUTO_INCREMENT for table `assembly_receive_details`
--
ALTER TABLE `assembly_receive_details`
MODIFY `ass_rec_det_id` int(11) NOT NULL AUTO_INCREMENT;
--
-- AUTO_INCREMENT for table `assembly_receive_head`
--
ALTER TABLE `assembly_receive_head`
MODIFY `ass_rec_id` int(11) NOT NULL AUTO_INCREMENT,AUTO_INCREMENT=4;
--
-- AUTO_INCREMENT for table `bank_details`
--
ALTER TABLE `bank_details`
MODIFY `bd_id` int(11) NOT NULL AUTO_INCREMENT,AUTO_INCREMENT=44;
--
-- AUTO_INCREMENT for table `bank_header`
--
ALTER TABLE `bank_header`
MODIFY `bh_id` int(11) NOT NULL AUTO_INCREMENT,AUTO_INCREMENT=9;
--
-- AUTO_INCREMENT for table `bin`
--
ALTER TABLE `bin`
MODIFY `bin_id` int(11) NOT NULL AUTO_INCREMENT,AUTO_INCREMENT=1137;
--
-- AUTO_INCREMENT for table `brand`
--
ALTER TABLE `brand`
MODIFY `brand_id` int(11) NOT NULL AUTO_INCREMENT,AUTO_INCREMENT=579;
--
-- AUTO_INCREMENT for table `department`
--
ALTER TABLE `department`
MODIFY `department_id` int(11) NOT NULL AUTO_INCREMENT,AUTO_INCREMENT=24;
--
-- AUTO_INCREMENT for table `employees`
--
ALTER TABLE `employees`
MODIFY `employee_id` int(11) NOT NULL AUTO_INCREMENT,AUTO_INCREMENT=103;
--
-- AUTO_INCREMENT for table `enduse`
--
ALTER TABLE `enduse`
MODIFY `enduse_id` int(11) NOT NULL AUTO_INCREMENT,AUTO_INCREMENT=154;
--
-- AUTO_INCREMENT for table `group`
--
ALTER TABLE `group`
MODIFY `group_id` int(11) NOT NULL AUTO_INCREMENT,AUTO_INCREMENT=144;
--
-- AUTO_INCREMENT for table `issuance_details`
--
ALTER TABLE `issuance_details`
MODIFY `is_id` int(11) NOT NULL AUTO_INCREMENT,AUTO_INCREMENT=5;
--
-- AUTO_INCREMENT for table `issuance_head`
--
ALTER TABLE `issuance_head`
MODIFY `issuance_id` int(11) NOT NULL AUTO_INCREMENT,AUTO_INCREMENT=2;
--
-- AUTO_INCREMENT for table `items`
--
ALTER TABLE `items`
MODIFY `item_id` int(11) NOT NULL AUTO_INCREMENT,AUTO_INCREMENT=5737;
--
-- AUTO_INCREMENT for table `item_categories`
--
ALTER TABLE `item_categories`
MODIFY `cat_id` int(11) NOT NULL AUTO_INCREMENT,AUTO_INCREMENT=143;
--
-- AUTO_INCREMENT for table `item_subcat`
--
ALTER TABLE `item_subcat`
MODIFY `subcat_id` int(11) NOT NULL AUTO_INCREMENT,AUTO_INCREMENT=41;
--
-- AUTO_INCREMENT for table `location`
--
ALTER TABLE `location`
MODIFY `location_id` int(11) NOT NULL AUTO_INCREMENT,AUTO_INCREMENT=100;
--
-- AUTO_INCREMENT for table `pn_series`
--
ALTER TABLE `pn_series`
MODIFY `pn_id` int(11) NOT NULL AUTO_INCREMENT,AUTO_INCREMENT=775;
--
-- AUTO_INCREMENT for table `purpose`
--
ALTER TABLE `purpose`
MODIFY `purpose_id` int(11) NOT NULL AUTO_INCREMENT,AUTO_INCREMENT=139;
--
-- AUTO_INCREMENT for table `rack`
--
ALTER TABLE `rack`
MODIFY `rack_id` int(11) NOT NULL AUTO_INCREMENT,AUTO_INCREMENT=146;
--
-- AUTO_INCREMENT for table `receive_details`
--
ALTER TABLE `receive_details`
MODIFY `rd_id` int(11) NOT NULL AUTO_INCREMENT,AUTO_INCREMENT=158;
--
-- AUTO_INCREMENT for table `receive_head`
--
ALTER TABLE `receive_head`
MODIFY `receive_id` int(11) NOT NULL AUTO_INCREMENT,AUTO_INCREMENT=180;
--
-- AUTO_INCREMENT for table `receive_items`
--
ALTER TABLE `receive_items`
MODIFY `ri_id` int(11) NOT NULL AUTO_INCREMENT,AUTO_INCREMENT=158;
--
-- AUTO_INCREMENT for table `reminders`
--
ALTER TABLE `reminders`
MODIFY `reminder_id` int(11) NOT NULL AUTO_INCREMENT,AUTO_INCREMENT=3;
--
-- AUTO_INCREMENT for table `request_head`
--
ALTER TABLE `request_head`
MODIFY `request_id` int(11) NOT NULL AUTO_INCREMENT,AUTO_INCREMENT=5;
--
-- AUTO_INCREMENT for table `request_items`
--
ALTER TABLE `request_items`
MODIFY `rq_id` int(11) NOT NULL AUTO_INCREMENT,AUTO_INCREMENT=7;
--
-- AUTO_INCREMENT for table `restock`
--
ALTER TABLE `restock`
MODIFY `restock_id` int(11) NOT NULL AUTO_INCREMENT;
--
-- AUTO_INCREMENT for table `restock_details`
--
ALTER TABLE `restock_details`
MODIFY `rdetails_id` int(11) NOT NULL AUTO_INCREMENT;
--
-- AUTO_INCREMENT for table `restock_head`
--
ALTER TABLE `restock_head`
MODIFY `rhead_id` int(11) NOT NULL AUTO_INCREMENT;
--
-- AUTO_INCREMENT for table `serial_number`
--
ALTER TABLE `serial_number`
MODIFY `serial_id` int(11) NOT NULL AUTO_INCREMENT,AUTO_INCREMENT=160;
--
-- AUTO_INCREMENT for table `signatories`
--
ALTER TABLE `signatories`
MODIFY `signatory_id` int(11) NOT NULL AUTO_INCREMENT,AUTO_INCREMENT=102;
--
-- AUTO_INCREMENT for table `supplier`
--
ALTER TABLE `supplier`
MODIFY `supplier_id` int(11) NOT NULL AUTO_INCREMENT,AUTO_INCREMENT=337;
--
-- AUTO_INCREMENT for table `supplier_items`
--
ALTER TABLE `supplier_items`
MODIFY `si_id` int(11) NOT NULL AUTO_INCREMENT,AUTO_INCREMENT=220;
--
-- AUTO_INCREMENT for table `uom`
--
ALTER TABLE `uom`
MODIFY `unit_id` int(11) NOT NULL AUTO_INCREMENT,AUTO_INCREMENT=33;
--
-- AUTO_INCREMENT for table `users`
--
ALTER TABLE `users`
MODIFY `user_id` int(11) NOT NULL AUTO_INCREMENT,AUTO_INCREMENT=9;
--
-- AUTO_INCREMENT for table `warehouse`
--
ALTER TABLE `warehouse`
MODIFY `warehouse_id` int(11) NOT NULL AUTO_INCREMENT,AUTO_INCREMENT=5;
/*!40101 SET CHARACTER_SET_CLIENT=@OLD_CHARACTER_SET_CLIENT */;
/*!40101 SET CHARACTER_SET_RESULTS=@OLD_CHARACTER_SET_RESULTS */;
/*!40101 SET COLLATION_CONNECTION=@OLD_COLLATION_CONNECTION */;
